티커	종목명	CIK	유니버스	종합판정	종합판정사유	현재가	EPS(FY)	EPS기준연도	배당수익률(%)	현금및현금성자산	유가증권성자산	현금성자산합계	장기부채	단기위험부채	주주지분	총부채	주주지분비중	부채비중	주주대부채배수	주당순현금(린치식)	주당순현금(보수형)	순현금차감PER(린치식)	순현금차감PER(보수형)	연간이익증가율(1년,%)	연간이익증가율(3년CAGR,%)	연간이익증가율(5년CAGR,%)	그레이엄적정PER(1년)	그레이엄적정PER(3년)	그레이엄적정PER(5년)	그레이엄내재가치(1년)	그레이엄내재가치(3년)	그레이엄내재가치(5년)	그레이엄괴리율(1년,%)	그레이엄괴리율(3년,%)	그레이엄괴리율(5년,%)	그레이엄사용기준	그레이엄적정PER(선택)	그레이엄내재가치(선택)	그레이엄괴리율(선택,%)	배당감안점수(1년)	배당감안점수(3년)	배당감안점수(5년)	주당잉여현금흐름	잉여현금흐름수익률(%)	배당감안점수기준	배당감안점수	배당감안점수판정	사용연성장률기준	사용연성장률(%)	린치PER배수	린치PER판정	하드필터통과	하드필터사유	발행주식수	3M수익률(보조,%)	6M수익률(보조,%)	12M수익률(보조,%)	52주고점대비(보조,%)	50일이평(보조)	200일이평(보조)	50일선상회(보조)	200일선상회(보조)	추세판정(보조)	비고
BRK-B	BERKSHIRE HATHAWAY INC	0001067983	S&P 500	제외	PEG=매우 유망, PEGY=판정불가	506.7200012207031	3035.0	2013		31583000000.0		31583000000.0			717419000000.0	502473000000.0	58.81004220045709	41.18995779954291	1.4277762188217078	19217.429611745007	19217.429611745007	-6.164978454867975	-6.164978454867975	10.08342401160682	4.546670945333653		28.66684802321364	17.593341890667304		87003.88375045339	53395.79263817527		17070.011750248366	10437.534044352557		3년	17.593341890667304	53395.79263817527	10437.534044352555				15237.402157404884	3007.0654642993254	판정불가		판정불가	3년	4.546670945333653	-1.35593240174885	매우 유망	N	순현금차감PER<=0/불가	1643456.0	4.763481825547822	2.6642611385108594		-4.287707759853365	503.50379821777346	492.44649948120116	Y	Y	강한 상승추세	
CVNA	CARVANA CO.	0001690820	S&P 500	제외	PEG=매우 유망, PEGY=판정불가	73.41000366210938	8.45	2025		2327000000.0		2327000000.0	4830000000.0	211000000.0	3441000000.0	8998000000.0	27.662995417638076	72.33700458236193	0.3824183151811514	-11.160306228458557	-12.101107113078916	10.008320697108632	10.11965807990394	431.4465408805031			871.3930817610062			7363.271540880502			9930.338065057282			1년	871.3930817610062	7363.271540880502	9930.338065057282				3.9638482769075742	5.399602341871994	판정불가		판정불가	1년	431.4465408805031	0.0231971281463596	매우 유망	N	주당순현금<=0	224277000.0	9.159856746631046	18.602177476239024		-23.283517829294198	69.21259963989257	73.1206799697876	Y	Y	상승전환	단기위험부채 존재
BXP	BXP, Inc.	0001037540	S&P 500	제외	PEG=매우 유망, PEGY=안심	64.29000091552734	1.74	2025	4.26	1478206000.0		1478206000.0	3300000000.0	750000000.0	5147190000.0	18473924000.0	21.790631889757613	78.20936811024238	0.2786192040196766	-11.467271777376329	-16.188142431814892	43.538662467186015	46.251806521461056	1833.3333333333333	-31.442996126467893	-20.67539892344771	3675.1666666666665	-54.385992252935786	-32.85079784689542	6394.79	-94.63162652010827	-57.16038825359803	9846.787850263552	-247.19493727251265	-188.9102308906526	1년	3675.1666666666665	6394.79	9846.787850263552	42.206012523197764	-0.6243415526821713	-0.3770303907663581			1년	42.20601252319776	안심	1년	1833.3333333333333	0.0237483613457378	매우 유망	N	주당순현금<=0 | FCF<=0	158869000.0	-1.8173524441034483	23.279001024811265		-18.548079732730503	68.54239990234375	63.531150093078615	N	Y	중립/개선	단기위험부채 존재
SNDK	Sandisk Corp	0002023554	S&P 500	보류	PEG=매우 유망, PEGY=판정불가	1764.1700439453125	73.76	2026		4762000000.0		4762000000.0	0.0	0.0	15736000000.0	6771000000.0	69.91602612520549	30.083973874794506	2.324028946979767	30.72258064516129	30.72258064516129	23.50118578226886	23.50118578226886	751.5901060070672			1511.6802120141344			111501.53243816257			6220.339290469156			1년	1511.6802120141344	111501.53243816257	6220.339290469156				74.15483870967742	4.203383849769991	판정불가		판정불가	1년	751.5901060070672	0.031268620481345	매우 유망	Y		155000000.0	7.359898791650754	169.1622390887423		-24.446679060157926	1537.4717944335937	1019.0239984130859	Y	Y	강한 상승추세	
EQT	EQT Corp	0000033213	S&P 500	제외	PEG=매우 유망, PEGY=안심	54.630001068115234	3.31	2025	1.2	110795000.0		110795000.0	7293209000.0	53650000.0	23752677000.0	14432726000.0	62.20355196984565	37.79644803015435	1.6457512600183777	-11.665122125911742	-11.75225631255918	20.028738125083677	20.055062652771728	635.5555555555555	-8.914070517873663		1279.611111111111	-9.328141035747326		4235.512777777778	-30.876146828323648		7653.089318992953	-156.5186641490741		1년	1279.611111111111	4235.512777777778	7653.089318992953	31.79209551689594	-0.3851501013043194		4.608492213143376	8.435826694195544	1년	31.79209551689594	안심	1년	635.5555555555555	0.0315137487982085	매우 유망	N	주당순현금<=0	615717000.0	3.8395750509955695	-14.413286070851171		-19.57897714899198	52.76739990234375	56.109800052642825	Y	N	중립/개선	단기위험부채 존재
BKNG	Booking Holdings Inc.	0001075531	S&P 500	매우 유망	PEG=매우 유망, PEGY=안심	173.42999267578125	165.57	2025	93.0	17203000000.0	0.0	17203000000.0	16856000000.0	1880000000.0	-5578000000.0	34842000000.0	-19.060962274466924	119.06096227446692	-0.1600941392572183	10.631453169521125	-46.96835074604002	0.9832610950429432	1.331149021089698	-4.1229949620707655	29.43673092572357	158.29965811243966	0.2540100758584689	67.37346185144713	325.0993162248793	42.05644825988669	11155.024078744102	53826.693787353266	-75.75018737473562	6332.004007287173	30936.554264278613	3년	67.37346185144713	11155.024078744102	6332.004007287173	90.39003524699368	124.52107740556563	255.57774977506287	278.4092649897362	160.53120956431596	3년	124.52107740556563	안심	3년	29.436730925723566	0.0334025234501739	매우 유망	Y		32639000.0	7.961898241240273	0.3083850316367487		-22.238886864532425	194.04739959716798	185.7122701263428	N	N	중립/개선	단기위험부채 존재
AIG	AMERICAN INTERNATIONAL GROUP, INC.	0000005272	S&P 500	제외	PEG=매우 유망, PEGY=안심	75.02999877929688	5.43	2025	2.68	1345000000.0	13230000000.0	14575000000.0	9191000000.0	250000000.0	41139000000.0	120092000000.0	25.51556462466895	74.48443537533105	0.3425623688505479	9.439817854436424	9.001490502354494	12.079223006419973	12.159946275679996	350.2304147465438	-25.267844119025785		708.9608294930875	-42.03568823805157		3849.6573041474653	-228.25378713262		5030.824159375711	-404.2167011144913		1년	708.9608294930875	3849.6573041474653	5030.824159375711	29.21631751967621	-1.869974923637108				1년	29.21631751967621	안심	1년	350.2304147465438	0.0344893604262254	매우 유망	N	FCF<=0	570349988.0	0.12009118622726689	-3.7706841033440908		-13.350269139040549	77.86499969482422	77.35604991912842	N	N	중립/개선	단기위험부채 존재
EXE	EXPAND ENERGY Corp	0000895126	S&P 500	제외	PEG=매우 유망, PEGY=안심	96.62000274658203	7.57	2025	2.34	616000000.0	0.0	616000000.0	5009000000.0	0.0	18578000000.0	9709000000.0	65.67681267013116	34.323187329868844	1.9134823359769286	-18.27599118026376	-18.27599118026376	15.177806331155322	15.177806331155322	266.3736263736264	-39.005602482843		541.2472527472528	-69.51120496568599		4097.241703296704	-526.199821590243		4140.5729526246005	-644.6075415360693		1년	541.2472527472528	4097.241703296704	4140.5729526246005	17.704378387148132	-2.415737932271537		7.650705162873903	7.918345006613602	1년	17.704378387148132	안심	1년	266.3736263736264	0.0569793884544197	매우 유망	N	주당순현금<=0	240370000.0	9.101180454138525	-11.014918845812737		-21.376838451900294	93.21289993286133	100.88067497253418	Y	N	중립/개선	
SOLV	Solventum Corp	0001964738	S&P 500	제외	PEG=매우 유망, PEGY=판정불가	90.02999877929688	8.88	2025		878000000.0		878000000.0	5035000000.0	0.0	5049000000.0	9245000000.0	35.322512942493354	64.67748705750664	0.5461330448891293	-23.713633770678836	-23.713633770678836	12.808967629501769	12.808967629501769	221.73913043478265			451.9782608695653			4013.5669565217404			4358.032890082292			1년	451.9782608695653	4013.5669565217404	4358.032890082292				-0.05704506560182544	-0.06336228632154932	판정불가		판정불가	1년	221.73913043478265	0.0577659324467726	매우 유망	N	주당순현금<=0 | FCF<=0	175300000.0	11.230536278363745	33.141075306814585		-2.607100387775274	84.46099975585938	77.51859994888305	Y	Y	강한 상승추세	
CMCSA	COMCAST CORP	0001166691	S&P 500	매우 유망	PEG=매우 유망, PEGY=안심	24.59000015258789	5.39	2025	5.01	9481000000.0	14000000.0	9495000000.0		2781000000.0	96903000000.0					2.559989215421947	1.8101914262604475	4.087200544928747	4.226309596721232	30.193236714975846	64.538600212299	49.1602769351271	68.88647342995169	137.577200424598	106.8205538702542	371.2980917874396	741.5411102885832	575.7627853606701	1409.9556302701512	2915.6206005982567	2241.45092227694	3년	137.577200424598	741.5411102885832	2915.6206005982567	8.613043653719114	17.016194690664847	13.253638117253546	5.9026691830682125	24.004347891177243	3년	17.016194690664847	안심	3년	64.538600212299	0.0633295505555426	매우 유망	Y		3709000000.0	2.586570116787512	-19.561660457748697		-24.291870384383607	24.9146000289917	26.915121955871584	N	N	중립/개선	단기위험부채 존재
PGR	PROGRESSIVE CORP/OH/	0000080661	S&P 500	매우 유망	PEG=매우 유망, PEGY=안심	215.5	19.23	2025	19.0	138000000.0	10005000000.0	10143000000.0	2707900000.0	0.0	30323000000.0	92716000000.0	24.645031250253986	75.35496874974602	0.3270525044221062	12.642577792892364	12.642577792892364	10.5490079150862	10.5490079150862	33.541666666666664	153.53179173781882	14.762613935523516	75.58333333333333	315.56358347563764	38.025227871047036	1453.4675	6068.287710236512	731.2251319602345	574.4628770301624	2715.9107704113744	239.31560647806708	3년	315.56358347563764	6068.287710236512	2715.9107704113744	4.980721134119779	16.35526232671416	3.200548734752526	29.246726747151843	13.571566936033339	3년	16.35526232671416	안심	3년	153.53179173781882	0.0687089481317354	매우 유망	Y		588100000.0	5.533791978763825	7.096709418878411		-13.384245435411202	217.2303988647461	210.51419982910156	N	Y	상승전환	
COHR	COHERENT CORP.	0000820318	S&P 500	제외	PEG=매우 유망, PEGY=판정불가	303.4800109863281	4.12	2026		1162018000.0	825000000.0	1987018000.0	3214308000.0	7916000.0	10903495000.0	7061652000.0	60.69248974138648	39.307510258613526	1.5440430935990614	-6.281328849923486	-6.321843316085513	75.18479122239117	75.19462483068291	892.3076923076924			1793.1153846153848			7387.635384615385			2334.3070769653427			1년	1793.1153846153848	7387.635384615385	2334.3070769653427				-5.237784499480518	-1.7259075754140794	판정불가		판정불가	1년	892.3076923076924	0.0842588177492314	매우 유망	N	주당순현금<=0 | FCF<=0	195387000.0	-14.457248249757448	20.711191506205907		-28.909086515819038	303.79020141601563	278.05675056457517	N	Y	중립/개선	단기위험부채 존재
T	AT&T INC.	0000732717	S&P 500	제외	PEG=매우 유망, PEGY=안심	25.149999618530273	3.04	2025	4.34	18234000000.0	1890000000.0	20124000000.0	61300000000.0	0.0	126491000000.0	279032000000.0	31.19206555485139	68.80793444514862	0.4533207660770091	-5.73561777406324	-5.73561777406324	10.159742563353129	10.159742563353129	104.02684563758389			216.55369127516778			658.3232214765101			2517.5874014386222			1년	216.55369127516778	658.3232214765101	2517.5874014386222	10.666298379298542			2.7353391837303245	10.876100299082921	1년	10.666298379298542	안심	1년	104.02684563758389	0.0976646220606204	매우 유망	N	주당순현금<=0	7179000000.0	8.358468809055086	-7.400589985913997		-15.09115831888279	23.65520004272461	25.14374994277954	Y	Y	상승전환	
MOS	MOSAIC CO	0001285785	S&P 500	제외	PEG=매우 유망, PEGY=불리(<1)	26.209999084472656	1.7	2025	3.32	276600000.0		276600000.0	3834100000.0	759900000.0	12084900000.0					-11.155534650360615	-13.538413295703982	21.979725726372514	23.38141904716273	209.09090909090904	-44.713769482781785	-0.5780734258513109	426.6818181818181	-80.92753896556357	7.343853148297378	725.3590909090907	-137.57681624145806	12.484550352105542	2667.489951340015	-624.9020261239208	-52.36722324228678	1년	426.6818181818181	725.3590909090907	2667.489951340015	9.663947209134026	-1.8832705193002115	0.12474798859108469	-1.6763875823142051	-6.395984894586783	5년	0.1247479885910846	불리(<1)	1년	209.09090909090904	0.105120427386999	매우 유망	N	주당순현금<=0 | FCF<=0	318900000.0	32.24015887001814	-10.085765257398826		-27.052605449889022	22.88740005493164	24.536500034332274	Y	Y	상승전환	단기위험부채 존재
GPN	GLOBAL PAYMENTS INC	0001123360	S&P 500	제외	PEG=매우 유망, PEGY=안심	87.0199966430664	5.78	2025	1.12	8336402000.0		8336402000.0	9090364000.0	35137000.0	22888767000.0	29559003000.0	43.641068056849704	56.3589319431503	0.7743416447435659	-3.1154424647119106	-3.2606318799378533	15.594366627643305	15.619485903633953	-6.168831168831167	143.56933796914083	56.79044787371208	-3.8376623376623336	295.63867593828166	122.08089574742417	-22.18168831168829	1708.791546923268	705.6275774201117	-125.49033459823247	1863.6768706534087	710.8798030806806	3년	295.63867593828166	1708.791546923268	1863.6768706534092	-0.3237599377637673	9.278308085476056	3.7135492102037224	10.570125780965919	12.146777969116512	3년	9.278308085476056	안심	3년	143.56933796914083	0.1086190606450745	매우 유망	N	주당순현금<=0	242008000.0	39.29885535879771	19.450924455377994		-8.23579567350665	85.35079971313476	75.8308500289917	Y	Y	강한 상승추세	단기위험부채 존재
AIZ	ASSURANT, INC.	0001267238	S&P 500	매우 유망	PEG=매우 유망, PEGY=안심	280.44000244140625	16.93	2025	1.25	1834100000.0	402500000.0	2236600000.0	2006900000.0	0.0	5871600000.0	30418000000.0	16.17984215863498	83.82015784136502	0.19303044250115065	4.496282384855581	4.496282384855581	16.29909746347021	16.29909746347021	17.08160442600276	137.11065981498948	49.9928022766621	42.66320885200552	282.72131962997895	108.4856045533242	722.2881258644534	4786.471941335543	1836.6612850877787	157.5553129284274	1606.7721793133292	554.9212912203998	3년	282.72131962997895	4786.471941335543	1606.7721793133292	1.1247005833965857	8.488854068459037	3.143904280068774	31.288018127789123	11.15676003972589	3년	8.488854068459037	안심	3년	137.11065981498948	0.118875494330371	매우 유망	Y		51086649.0	8.976453886781366	29.413939266638778		-7.006666568169551	281.24920043945315	246.38209976196288	N	Y	상승전환	
TTD	Trade Desk, Inc.	0001671933	S&P 500	보류	PEG=매우 유망, PEGY=판정불가	13.880000114440918	0.9	2025		658175000.0	644882000.0	1303057000.0			2484391000.0	3668829000.0	40.37546195325375	59.62453804674625	0.6771618410124866	2.6401668723191727	2.6401668723191727	12.488703602357495	12.488703602357495	15.384615384615383	101.50381586419562	-28.890526663955164	39.26923076923077	211.50763172839123	-49.28105332791033	35.34230769230769	190.35686855555213	-44.352947995119294	154.62757493450692	1271.4471684874309	-419.54573220049156	3년	211.50763172839123	190.35686855555213	1271.4471684874309				1.6122143405646023	11.615376997635867	판정불가		판정불가	3년	101.50381586419562	0.1230367892677693	매우 유망	Y		493551000.0	-28.045622313743312	-49.120235465259164		-74.35802726666341	16.396200122833253	24.768425097465514	N	N	주의	
DASH	DoorDash, Inc.	0001792789	S&P 500	보류	PEG=매우 유망, PEGY=판정불가	197.2449951171875	2.13	2025		4378000000.0	1128000000.0	5506000000.0			10033000000.0	9613000000.0	51.0689198819098	48.9310801180902	1.0436908353271612	12.52257292704339	12.52257292704339	86.72414187330709	86.72414187330709	634.4827586206897			1277.4655172413793			2721.0015517241377			1279.5034698383765			1년	1277.4655172413793	2721.0015517241377	1279.5034698383765				4.944437621393449	2.5067493441118	판정불가		판정불가	1년	634.4827586206897	0.1366847888220601	매우 유망	Y		439686000.0	30.62582458091887	16.382464060409973		-29.99041600267589	204.22630065917969	188.40395011901856	N	Y	상승전환	
EIX	EDISON INTERNATIONAL	0000827052	S&P 500	제외	PEG=매우 유망, PEGY=안심	57.439998626708984	11.55	2025	5.92	158000000.0	10000000.0	168000000.0	36070000000.0	2390000000.0	17579000000.0	74767000000.0	19.03601671972798	80.96398328027202	0.2351170971150374	-93.01036269430051	-99.20207253886011	13.026005309178311	13.562084083599055	248.9425981873112	93.26535131289802	52.72616154177432	506.3851963746224	195.03070262579604	113.95232308354863	5848.7490181268895	2252.6046153279444	1316.1493316149867	10082.362740181688	3821.6655104175215	2191.3463841954053	3년	195.03070262579604	2252.6046153279444	3821.6655104175215	19.56567590278282	7.614410478015896	4.502236883048972	-1.8523316062176165	-3.224811369261249	3년	7.614410478015896	안심	3년	93.26535131289802	0.139666072403213	매우 유망	N	주당순현금<=0 | FCF<=0	386000000.0	-19.664337585022395	-19.6980293485843		-28.539436937755703	71.86400024414063	68.4914999961853	N	N	주의	단기위험부채 존재
APA	APA Corp	0001841666	S&P 500	제외	PEG=매우 유망, PEGY=안심	44.84000015258789	3.99	2025	2.3	516000000.0		516000000.0			6093000000.0					1.4373259052924792	1.4373259052924792	10.877863219873536	10.877863219873536	75.77092511013217	-28.726114714581406		160.04185022026434	-48.95222942916281		638.5669823788547	-195.31939542235963		1324.1012047409652	-535.591870556867		1년	160.04185022026434	638.5669823788547	1324.1012047409652	7.177046036716005	-2.429347950092043				1년	7.177046036716005	안심	1년	75.77092511013217	0.1435624971460053	매우 유망	N	FCF<=0	359000000.0	18.000000401547076	36.00242187565081		0.0	38.28120006561279	33.77165008544922	Y	Y	강한 상승추세	
PODD	INSULET CORP	0001145197	S&P 500	제외	PEG=매우 유망, PEGY=판정불가	137.9199981689453	3.48	2025		907200000.0	0.0	907200000.0	1374300000.0	18400000.0	1515200000.0	1675200000.0	47.492477432296894	52.50752256770311	0.9044890162368673	-6.49778816459394	-6.753748991458698	41.49936388894806	41.57291585069081	-39.7923875432526	267.70008870907657	103.38356182130251	-71.0847750865052	543.9001774181531	215.26712364260501	-247.3750173010381	1892.7726174151728	749.1295902762654	-279.36123882340524	1272.369955440848	443.1624131539053	3년	543.9001774181531	1892.7726174151728	1272.369955440848				5.2541524079793005	3.8095653115824573	판정불가		판정불가	3년	267.70008870907657	0.1550218533324714	매우 유망	N	주당순현금<=0	71886000.0	-8.486502538085972	-42.24939538599586		-60.18015821632696	153.60679931640624	208.20320083618165	N	N	주의	단기위험부채 존재
MCHP	MICROCHIP TECHNOLOGY INC	0000827054	S&P 500	제외	PEG=매우 유망, PEGY=안심	73.01000213623047	0.22	2026	2.48	240300000.0	0.0	240300000.0	5496400000.0	0.0	6432400000.0					-9.64068231841526	-9.64068231841526	375.6849293392988	375.6849293392988	2300.0	-62.033647476478926	-29.795234328396646	4608.5	-115.56729495295785	-51.09046865679329	1013.87	-25.424804889650726	-11.239903104494525	1288.6727439182985	-134.82372845601373	-115.39501818329194	1년	4608.5	1013.87	1288.6727439182985	6.128752633354962	-0.15852019292126893	-0.07270782561449775	1.5975788701393985	2.1881643930902124	1년	6.128752633354962	안심	1년	2300.0	0.163341273625782	매우 유망	N	주당순현금<=0	545200000.0	-16.949153572042274	10.974313908238752		-29.061403580300272	79.25160018920899	77.60300016403198	N	N	판정불가	
ACGL	ARCH CAPITAL GROUP LTD.	0000947484	S&P 500	제외	PEG=매우 유망, PEGY=안심	96.11499786376953	11.6	2025	5.202101764686972	993000000.0		993000000.0			24206000000.0	55035000000.0	30.54731767645537	69.45268232354464	0.4398291996002544	2.641660015961692	2.641660015961692	8.05804636619033	8.05804636619033	3.663985701519215	45.06349306453876	17.271170538952106	15.827971403038429	98.62698612907752	43.04234107790421	183.60446827524578	1144.0730390972992	499.29115650368885	91.02582568381384	1090.3168751237693	419.47268126808774	3년	98.62698612907752	1144.0730390972992	1090.3168751237693	1.1002775441211416	6.237938148398892	2.7889231809252983			3년	6.237938148398892	안심	3년	45.06349306453876	0.1788153961933178	매우 유망	N	FCF<=0	375900000.0	5.262293761526404	1.3764374420211167		-9.734227241165028	99.98929962158203	96.14392475128174	N	N	중립/개선	
UAL	United Airlines Holdings, Inc.	0000100517	S&P 500	제외	PEG=매우 유망, PEGY=안심	107.12000274658203	10.2	2025	2.007094795438289	5942000000.0	6298000000.0	12240000000.0	17170000000.0	4096000000.0	15282000000.0					-15.007610350076103	-27.476407914764078	11.973295401633152	13.19572653542609	7.936507936507938	65.99631084110487		24.373015873015873	140.49262168220974		248.6047619047619	1433.0247411585392		132.08061569312676	1237.7751161458627		3년	140.49262168220974	1433.0247411585392	1237.7751161458627	0.8304817010185788	5.679589733271555				3년	5.679589733271555	안심	3년	65.99631084110487	0.1814237076139073	매우 유망	N	주당순현금<=0 | FCF<=0	328500000.0	4.222615313125844	18.129689442080753		-21.298947714180493	120.48219970703126	108.44834983825683	N	N	중립/개선	단기위험부채 존재
PSX	Phillips 66	0001534701	S&P 500	제외	PEG=매우 유망, PEGY=안심	260.7799987792969	10.79	2025	1.9211596071215795	1116000000.0		1116000000.0	1100000000.0	0.0	29093000000.0	43439000000.0	40.110571885512606	59.889428114487394	0.6697437786321048	0.03921059274162915	0.03921059274162915	24.16504061043144	24.16504061043144	116.2324649298597	-22.599870532058443		240.9649298597194	-36.699741064116886		2600.011593186372	-395.99020608182116		897.0134233288389	-251.84838098605687		1년	240.9649298597194	2600.011593186372	897.0134233288389	4.889444484772657	-0.855728374650874				1년	4.889444484772657	안심	1년	116.2324649298597	0.2079026769759532	매우 유망	N	FCF<=0	408053000.0	43.506491870739964	53.85250665445243		0.0	217.78820098876952	173.624750289917	Y	Y	강한 상승추세	
DAL	DELTA AIR LINES, INC.	0000027904	S&P 500	제외	PEG=매우 유망, PEGY=안심	78.75	7.66	2025	1.09	4310000000.0	0.0	4310000000.0	11936000000.0	1372000000.0	20853000000.0					-11.660550458715596	-13.758409785932722	11.802943924114306	12.076815898946831	43.71482176360225	54.92464741024845		95.9296435272045	118.34929482049691		734.8210694183865	906.5555983250064		833.1061198963639	1051.1817121587385		3년	118.34929482049691	906.5555983250064	1051.1817121587383	3.79607173021153	4.745820006465192				3년	4.745820006465192	안심	3년	54.924647410248454	0.2148933945074717	매우 유망	N	주당순현금<=0 | FCF<=0	654000000.0	2.9815597527146354	33.158608070232745		-15.919285798769723	86.01299957275391	74.41314979553222	N	Y	상승전환	단기위험부채 존재
EOG	EOG RESOURCES INC	0000821189	S&P 500	제외	PEG=매우 유망, PEGY=안심	147.00999450683594	9.12	2025	2.81	3396000000.0		3396000000.0	7909000000.0	27000000.0	29833000000.0					-8.265567765567766	-8.315018315018316	17.025829196535494	17.03125140590507	-18.93333333333334	-11.640253534777134	73.5055490536587	-29.36666666666668	-14.780507069554268	155.5110981073174	-267.8240000000001	-134.79822447433492	1418.2612147387345	-282.1808108342908	-191.6932382227025	864.7379550597735	5년	155.5110981073174	1418.2612147387345	864.7379550597735	-0.9469925456913548	-0.5186386773205713	4.482339636602709			5년	4.482339636602709	안심	5년	73.5055490536587	0.2316264474687036	매우 유망	N	주당순현금<=0 | FCF<=0	546000000.0	4.797544757700911	10.942570825668518		-3.946428242068889	142.08880004882812	129.06599983215332	Y	Y	강한 상승추세	단기위험부채 존재
POOL	POOL CORP	0000945841	S&P 500	제외	PEG=매우 유망, PEGY=안심	177.9199981689453	10.85	2025	2.93	16358000.0		16358000.0	1186424000.0	13029000.0	1185229000.0	2440897000.0	32.68581952199124	67.31418047800877	0.48557108308953634	-31.379156833297575	-31.72857219480798	19.290244700667547	19.322448881451916	-3.982300884955761	81.32295304049583	49.55892924246974	0.5353982300884779	171.14590608099167	107.61785848493948	5.809070796459984	1856.9330809787596	1167.6537645615933	-96.73500963565436	943.6899168667338	556.2802251452581	3년	171.14590608099167	1856.9330809787596	943.6899168667338	-0.05455093500806372	4.367645633732175	2.721008989619159	8.300686547951084	4.665403908148146	3년	4.367645633732175	안심	3년	81.32295304049583	0.2372054134711723	매우 유망	N	주당순현금<=0	37288000.0	-6.3036501443875625	-15.629744855223848		-46.05215137829713	196.25380096435546	214.94720031738282	N	N	주의	단기위험부채 존재
GEV	GE Vernova Inc.	0001996810	S&P 500	제외	PEG=매우 유망, PEGY=안심	951.0399780273438	17.69	2025	21.0	8848000000.0		8848000000.0		63000000.0	11178000000.0	50720000000.0	18.058741801027498	81.9412581989725	0.22038643533123028	32.05797101449275	31.829710144927535	51.94923725341158	51.96214063778498	217.02508960573476			442.5501792114695			7828.712670250897			723.1738781885161			1년	442.5501792114695	7828.712670250897	723.1738781885161	4.581878429602993					1년	4.581878429602993	안심	1년	217.02508960573476	0.2393697306969749	매우 유망	N	FCF<=0	276000000.0	9.681803338959206	12.197245400275847		-19.050781379471648	1010.8902026367188	889.9805490112304	N	Y	상승전환	단기위험부채 존재
PRU	PRUDENTIAL FINANCIAL INC	0001137774	S&P 500	제외	PEG=매우 유망, PEGY=안심	117.58999633789062	9.99	2025	4.69	19712000000.0	7800000000.0	27512000000.0	18856000000.0		32438000000.0	738159000000.0	4.209463571750215	95.79053642824978	0.043944461830039326	24.47271699180096	24.47271699180096	9.321048983592558	9.321048983592558	33.2		37.53520846738611	74.9		83.57041693477223	748.2510000000001		834.8684651783745	536.3219859705819		609.9825590430414	5년	83.57041693477223	834.8684651783745	609.9825590430414	4.064993121127905		4.530091896492909			5년	4.530091896492909	안심	5년	37.53520846738611	0.2483281527979658	매우 유망	N	FCF<=0	353700000.0	11.809449829022345	23.857165909030996		-6.025734101357849	119.4825993347168	108.14330013275146	N	Y	상승전환	
PYPL	PayPal Holdings, Inc.	0001633917	S&P 500	매우 유망	PEG=매우 유망, PEGY=안심	52.16999816894531	5.41	2025	1.05	8049000000.0	2373000000.0	10422000000.0	9987000000.0		20256000000.0	59917000000.0	25.26536365110449	74.7346363488955	0.3380676602633643	0.4493801652892562	0.4493801652892562	9.560188170731248	9.560188170731248	35.58897243107769	37.30414865193261	32.59424256515169	79.67794486215539	83.10829730386523	73.68848513030338	431.05768170426063	449.6158884139109	398.6547045549413	726.2558881224032	761.8284535067303	664.145521462265	3년	83.10829730386523	449.6158884139109	761.8284535067303	3.832453062299423	4.011861269567349	3.5192029659159183	5.74793388429752	11.017699992404893	3년	4.011861269567349	안심	3년	37.304148651932614	0.2562768087789068	매우 유망	Y		968000000.0	28.18181128008772	14.483209388458063		-31.472481214882663	55.35709999084472	50.943350086212156	N	Y	상승전환	
EG	EVEREST GROUP, LTD.	0001095073	S&P 500	제외	PEG=매우 유망, PEGY=안심	367.8699951171875	37.8	2025	2.16	656095000.0	331000000.0	987095000.0		50000000.0	15461000000.0	47054000000.0	24.73166440054387	75.26833559945612	0.32857992944276787	23.728245192307693	22.526322115384616	9.104279098541795	9.136076005338701	18.942731277533024	35.51207914489844	88.45989078523058	46.38546255506605	79.52415828979689	185.41978157046117	1753.3704845814966	3006.013183354322	7008.867743363432	376.62775106813166	717.140082978699	1805.256703833839	3년	79.52415828979689	3006.013183354322	717.140082978699	2.317891515530646	4.1378431765050205	9.953549293073067			3년	4.1378431765050205	안심	3년	35.51207914489844	0.2563713338606277	매우 유망	N	FCF<=0	41600000.0	9.306197729974519	14.430130193330193		-7.73263510055645	373.8441986083984	343.35394912719727	N	Y	상승전환	단기위험부채 존재
FCX	FREEPORT-MCMORAN INC	0000831259	S&P 500	제외	PEG=매우 유망, PEGY=안심	76.2300033569336	2.9	2021	78.0	3824000000.0		3824000000.0	8913000000.0	466000000.0	18899000000.0	27401000000.0	40.81857451403887	59.18142548596113	0.6897193533082734	-3.5266805266805266	-3.8496188496188495	27.502304787453145	27.61366282984567	607.3170731707318	106.36118797315696		1223.1341463414635	221.22237594631395		3547.089024390244	641.5448902443104		4553.140322953448	741.5910560050603		3년	221.22237594631395	641.5448902443104	741.5910560050603	24.91853240908671	6.70348137721405				3년	6.70348137721405	안심	3년	106.36118797315697	0.2585746296327009	매우 유망	N	주당순현금<=0 | FCF<=0	1443000000.0	22.793171888729802	23.87065684573262		-4.605180999285463	67.01100051879882	61.292300090789794	Y	Y	강한 상승추세	단기위험부채 존재
LULU	lululemon athletica inc.	0001397187	S&P 500	보류	PEG=매우 유망, PEGY=판정불가	99.72000122070312	13.26	2025		881320000.0		881320000.0		0.0	4961840000.0	3494903000.0	58.673179497118454	41.326820502881546	1.4197361128477672	7.4018208082776225	7.4018208082776225	6.962155385552451	6.962155385552451	-9.426229508196727	25.676965842053367	24.12698368466455	-10.352459016393453	59.85393168410673	56.7539673693291	-137.27360655737718	793.6631341312552	752.5576073173038	-237.65905021757808	695.8916209544537	654.6706759978091	3년	59.85393168410673	793.6631341312552	695.8916209544537				7.740744784492895	7.762479632707644	판정불가		판정불가	3년	25.676965842053367	0.27114400620302	매우 유망	Y		119068000.0	-16.152357718977196	-38.743162765891135		-53.80767140762538	117.82280044555664	152.13454956054687	N	N	주의	
APP	AppLovin Corp	0001751008	S&P 500	제외	PEG=매우 유망, PEGY=판정불가	305.05999755859375	9.75	2025		2487096000.0		2487096000.0	3512987000.0	0.0	2134671000.0	5124939000.0	29.404761412803165	70.59523858719683	0.41652612840855274	-2.9999444395707227	-2.9999444395707227	31.595891486991224	31.595891486991224	115.23178807947019			238.96357615894038			2329.8948675496686			663.749716841245			1년	238.96357615894038	2329.8948675496686	663.749716841245				11.598438459513993	3.802018800346397	판정불가		판정불가	1년	115.23178807947019	0.2741942307204411	매우 유망	N	주당순현금<=0	341970000.0	-38.119195350690596	-33.89099805208642		-58.41602948324287	386.4113995361328	483.8469259643555	N	N	주의	
INCY	INCYTE CORP	0000879169	S&P 500	보류	PEG=매우 유망, PEGY=판정불가	126.01000213623047	6.41	2025		3097817000.0	284870000.0	3382687000.0	316153000.0	689118000.0	5167478000.0	1790495000.0	74.26700276071782	25.732997239282184	2.8860611171770936	15.279192825112107	11.845620328849028	17.274697240424082	17.810355976190554	4173.333333333333	61.56160063417288	56.62815181550294	8355.166666666666	131.62320126834578	121.75630363100588	53556.61833333333	843.7047201300965	780.4579062747476	42401.87875993591	569.5537701983055	519.3618705211893	3년	131.62320126834578	843.7047201300965	569.5537701983055				6.800189337319382	5.396547275642167	판정불가		판정불가	3년	61.56160063417288	0.2806083185373657	매우 유망	Y		200700000.0	19.5654263839073	33.118526580693455		-3.0170020476584347	121.24699996948242	104.94625003814697	Y	Y	강한 상승추세	단기위험부채 존재
NXPI	NXP Semiconductors N.V.	0001413447	S&P 500	제외	PEG=매우 유망, PEGY=안심	223.32000732421875	7.95	2025	1.81	3267000000.0		3267000000.0	10972000000.0	307000000.0	10056000000.0					-30.295166534948553	-31.502254935497444	31.90127973071287	32.053114749649836	-18.293936279547793	-9.000664080454257	113.31378642177046	-28.087872559095587	-9.501328160908514	235.12757284354092	-223.29858684480993	-75.53555887922269	1869.2642041061504	-199.9904081682311	-133.82391026414362	737.0339167114255	5년	235.12757284354092	1869.2642041061504	737.0339167114255	-0.5167170852922847	-0.2254036245928863	3.608751353975789	9.526955031042224	4.2660553101320975	5년	3.608751353975789	안심	5년	113.31378642177046	0.2815304363051786	매우 유망	N	주당순현금<=0	254331000.0	-21.79576648217475	11.732632601147586		-32.87041262805902	248.10940032958985	244.04110008239746	N	N	판정불가	단기위험부채 존재
UHS	UNIVERSAL HEALTH SERVICES INC	0000352915	S&P 500	제외	PEG=매우 유망, PEGY=안심	175.77999877929688	23.1	2025	47.0	137797000.0		137797000.0	4004393000.0	748158000.0	7275792000.0					-59.98256337066799	-71.58874996121746	10.206171521643501	10.708603841580706	37.336504161712256	36.21405696848752	45.03135209620262	83.17300832342451	80.92811393697504	98.56270419240523	1921.2964922711064	1869.4394319441235	2276.798466844561	993.012006834417	963.5108914133772	1195.254569721114	3년	80.92811393697504	1869.4394319441235	963.5108914133771	8.26328501170746	8.153307711125704	9.017225695358762	13.174350780304676	7.494795125608075	3년	8.153307711125704	안심	3년	36.21405696848752	0.2818290016643159	매우 유망	N	주당순현금<=0	64462000.0	21.37825568933014	-5.616412374005819		-28.012120545562023	164.3879998779297	185.48505027770997	Y	N	중립/개선	단기위험부채 존재
NOC	NORTHROP GRUMMAN CORP /DE/	0001133421	S&P 500	제외	PEG=매우 유망, PEGY=안심	515.5700073242188	29.08	2025	1.91	4403000000.0	250000000.0	4653000000.0	15162000000.0	534000000.0	16674000000.0	34703000000.0	32.45421102828114	67.54578897171886	0.4804771921735873	-73.08066759388039	-76.7941585535466	20.242457872011666	20.370157010927283	2.6111503175723305	-2.5984458859345416	71.32693092917182	13.722300635144661	3.3031082281309168	151.15386185834365	399.0445024700067	96.05438727404706	4395.554302840633	-22.601296273802518	-81.36928333504808	752.5620653639897	5년	151.15386185834365	4395.554302840633	752.5620653639897	0.22334986917885705	-0.034009994749028216	3.6179860860885484	22.99721835883171	4.460542318624403	5년	3.617986086088549	안심	5년	71.32693092917182	0.2837982457441296	매우 유망	N	주당순현금<=0	143800000.0	-4.9009493131490505	-29.680295087892773		-32.87023850772933	544.5205993652344	602.416600036621	N	N	주의	단기위험부채 존재
DHI	HORTON D R INC /DE/	0000882184	S&P 500	매우 유망	PEG=매우 유망, PEGY=안심	138.92999267578125	11.57	2025	1.3	2985400000.0		2985400000.0			24190400000.0	10729000000.0	69.27495890536493	30.725041094635074	2.254674247366949	9.633430138754436	9.633430138754436	11.175156658342852	11.175156658342852	-19.316596931659692	-11.176320062438394	38.872760394269434	-30.133193863319384	-13.852640124876789	86.24552078853887	-348.6410529986053	-160.27504624482447	997.8606755233948	-350.94729099441	-215.3638916679826	618.2471231047184	5년	86.24552078853887	997.8606755233948	618.2471231047184	-1.6122008382056405	-0.8837746408740671	3.594827493024746	10.595353339787028	7.626397393191575	5년	3.594827493024746	안심	5년	38.872760394269434	0.2874803987418983	매우 유망	Y		309900000.0	-5.302987991309638	-2.6214379625457473		-23.24733611848462	148.255	149.8417999267578	N	N	주의	
CPB	CAMPBELL'S Co	0000016732	S&P 500	제외	PEG=매우 유망, PEGY=안심	21.8799991607666	2.01	2025	4.6	132000000.0		132000000.0	2244000000.0	332000000.0	3902000000.0	10992000000.0	26.19846918222103	73.80153081777897	0.3549854439592431	-7.04	-8.146666666666667	14.388059283963484	14.938639715140932	6.3492063492063435	-7.137412911717755	48.32269407146974	21.19841269841269	-5.77482582343551	105.14538814293948	42.6088095238095	-11.607399905105373	211.34223016730834	94.73862503711645	-153.05027582413624	865.9151657842368	5년	105.14538814293948	211.34223016730834	865.9151657842368	0.7609925795489327	-0.17635546682420766	3.678237142826889	2.35	10.740402605745182	5년	3.678237142826889	안심	5년	48.32269407146974	0.2977495266030367	매우 유망	N	주당순현금<=0	300000000.0	-4.370629530943104	-4.620755660913334		-35.18957272337647	22.673599853515626	24.011999921798704	N	N	주의	단기위험부채 존재
DIS	Walt Disney Co	0001744489	S&P 500	제외	PEG=매우 유망, PEGY=안심	104.18000030517578	6.85	2025	1.43	5695000000.0		5695000000.0	35315000000.0	6711000000.0	109869000000.0					-16.35560463832137	-20.06129210381005	17.596438677882798	18.13741495021691	151.8382352941176	58.50904212609996		312.1764705882352	125.51808425219991		2138.408823529411	859.7988771275693		1952.609730529222	725.301281060616		3년	125.51808425219991	859.7988771275693	725.301281060616	8.710184947069006	3.4063166543715546		5.564329099944782	5.341072263049647	3년	3.4063166543715546	안심	3년	58.509042126099956	0.300747338162853	매우 유망	N	주당순현금<=0	1811000000.0	5.648514005018179	3.2609782291909806		-11.018108408038362	101.44620056152344	103.9545002746582	Y	Y	상승전환	단기위험부채 존재
NVR	NVR INC	0000906163	S&P 500	매우 유망	PEG=매우 유망, PEGY=안심	6187.2998046875	436.55	2025	0.01326911618826051	2809782000.0		2809782000.0	600115000.0		3864869000.0	1992061000.0	65.98796639194937	34.012033608050636	1.9401358693333186	719.9716008227812	719.9716008227812	12.52394503233242	12.52394503233242	-13.842783556020443	-3.895748108815445	41.51016978111202	-19.185567112040886	0.7085037823691112	91.52033956222404	-8375.45932276145	309.2973261932355	39953.2042358889	-235.36533846987987	-95.00109359564392	545.7292437263238	5년	91.52033956222404	39953.2042358889	545.7292437263238	-1.10424585896291	-0.3100044740378522	3.315523885652753	357.3721703051348	5.775898721351591	5년	3.315523885652753	안심	5년	41.51016978111202	0.301707872995284	매우 유망	Y		3069103.0	-1.867398678605492	-6.407746309515582		-27.489582012439783	6389.683603515625	6798.444448242188	N	N	주의	
IBM	INTERNATIONAL BUSINESS MACHINES CORP	0000051143	S&P 500	제외	PEG=매우 유망, PEGY=안심	239.94000244140625	11.17	2025	2.91	13587000000.0	608000000.0	14195000000.0	54836000000.0	6424000000.0	32648000000.0	119139000000.0	21.509088393604195	78.49091160639581	0.2740328523825112	-42.839739881982034	-49.61128804767315	25.316001998512828	25.922228333847755	73.71695178849146	83.76390990316042	12.386209881346621	155.9339035769829	176.02781980632085	33.27241976269325	1741.7817029548992	1966.230747236604	371.65292874928355	625.923849809181	719.4676699300112	54.8941089304364	3년	176.02781980632085	1966.230747236604	719.4676699300112	3.0268188394436395	3.4236807971595207	0.6042111184161381	12.756736597321586	5.316636020472161	3년	3.4236807971595207	안심	3년	83.76390990316042	0.3022304239114518	매우 유망	N	주당순현금<=0	948675228.0	-11.90335756124693	-3.5882158761550653		-27.120859449422973	239.7983984375	261.79079948425294	Y	N	주의	단기위험부채 존재
STE	STERIS plc	0001757898	S&P 500	제외	PEG=매우 유망, PEGY=안심	215.08999633789062	7.93	2026	1.18	220531000.0		220531000.0	1812800000.0	118900000.0	7183600000.0	3540000000.0	66.98869782535716	33.01130217464284	2.029265536723164	-16.13241134751773	-17.33707193515704	29.157932873317577	29.30984467503754	27.903225806451605	94.9679101546837	50.70740889939833	64.3064516129032	198.4358203093674	109.91481779879666	509.9501612903224	1573.5960550532834	871.6245051444575	137.0868798980442	631.5989036427707	305.23711933826957	3년	198.4358203093674	1573.5960550532834	631.5989036427707	0.9974378476282749	3.2974871906186687	1.7795297466673468	9.852077001013171	4.580444078643379	3년	3.2974871906186687	안심	3년	94.9679101546837	0.307029319965293	매우 유망	N	주당순현금<=0	98700000.0	3.3589572462088046	-2.9158233468216332		-19.936720184416366	225.4160009765625	232.49240043640137	N	N	중립/개선	단기위험부채 존재
HIG	HARTFORD INSURANCE GROUP, INC.	0000874766	S&P 500	제외	PEG=매우 유망, PEGY=안심	136.55999755859375	13.32	2025	1.77	177000000.0	1843000000.0	2020000000.0	4371000000.0	0.0	18979000000.0	67018000000.0	22.06937451306441	77.93062548693558	0.2831925751290698	-8.205933682373473	-8.205933682373473	10.868313156228771	10.868313156228771	28.69565217391305	34.78299680616526	55.39512065939527	65.8913043478261	78.06599361233052	119.29024131879054	877.6721739130436	1039.8390349162426	1588.94601436629	542.7007832483748	661.4521481446857	1063.5515837531568	3년	78.06599361233052	1039.8390349162426	661.4521481446857	2.8031628952881977	3.3632631191912488	5.259796974715731	20.080279232111693	14.704364082531457	3년	3.3632631191912488	안심	3년	34.78299680616526	0.3124605167517472	매우 유망	N	주당순현금<=0	286500000.0	5.647534706781809	1.1855296125753423		-6.2602935033670315	139.20260009765624	136.27304977416992	N	Y	상승전환	
AWK	American Water Works Company, Inc.	0001410636	S&P 500	제외	PEG=매우 유망, PEGY=안심	140.3300018310547	5.69	2025	2.55	98000000.0		98000000.0	5212881000.0	1588000000.0	10837000000.0					-26.230158974358975	-34.373748717948715	29.272435993921555	30.703646845167558	366.3934426229509	91.51777276233976	48.04865146769342	741.2868852459018	191.5355455246795	104.59730293538684	4217.922377049182	1089.8372540354264	595.1586537023511	2905.716754801442	676.6245562709371	324.11362213111863	3년	191.5355455246795	1089.8372540354264	676.6245562709371	12.6037833919788	3.213527319074948	1.7285425605918232	-5.471794871794872	-3.899233806312099	3년	3.213527319074948	안심	3년	91.51777276233975	0.3198552052827861	매우 유망	N	주당순현금<=0 | FCF<=0	195000000.0	10.967897237858715	4.458840000336206		-3.5068356608504936	135.41580108642577	131.64955039978028	Y	Y	강한 상승추세	단기위험부채 존재
CAH	CARDINAL HEALTH INC	0000721371	S&P 500	매우 유망	PEG=매우 유망, PEGY=안심	240.0	7.23	2026	86.0	4856000000.0	200000000.0	5056000000.0	2502000000.0	855000000.0	-2883000000.0					10.776371308016877	7.168776371308017	31.704512958780512	32.203488745323924	12.093023255813957	93.36569678851458	28.29655427495148	32.686046511627914	195.23139357702917	65.09310854990295	236.32011627906982	1411.522975561921	470.62317481579834	-1.533284883720909	488.1345731508004	96.09298950658265	3년	195.23139357702917	1411.522975561921	488.1345731508004	3.093976664563373	5.657418457167611	3.6050563029796434	19.09282700421941	7.95534458509142	3년	5.657418457167611	안심	3년	93.36569678851458	0.3395734627311286	매우 유망	Y		237000000.0	10.957002595404997	11.410269260042227		-3.4632559387046125	234.35220031738282	216.0871501159668	Y	Y	강한 상승추세	단기위험부채 존재
WDC	WESTERN DIGITAL CORP	0000106040	S&P 500	매우 유망	PEG=매우 유망, PEGY=안심	482.2799987792969	24.28	2026	13.0	1579000000.0	24000000.0	1603000000.0	0.0	255000000.0	8864000000.0	4997000000.0	63.94921001370753	36.05078998629247	1.7738643185911547	4.185378590078329	3.519582245430809	19.69088221537144	19.718303811114748	3137.3333333333335		55.622865998828615	6283.166666666667		119.74573199765723	152555.28666666668		2907.4263729031177	31532.09899908781		502.8502903421519	5년	119.74573199765723	2907.4263729031177	502.8502903421519	159.98944581944966		3.485007184962949	9.167101827676241	1.9007841608358573	5년	3.485007184962949	안심	5년	55.622865998828615	0.3540069692882441	매우 유망	Y		383000000.0	-1.5935843655150217	79.41296944291369		-35.37113069668562	501.40399841308596	376.07834869384766	N	Y	중립/개선	단기위험부채 존재
DECK	DECKERS OUTDOOR CORP	0000910521	S&P 500	보류	PEG=매우 유망, PEGY=판정불가	80.2300033569336	7.02	2026		1907249000.0	26120000.0	1933369000.0		0.0	2499638000.0					13.259963650080588	13.259963650080588	9.539891696132907	9.539891696132907	10.90047393364928	26.59610321922323	42.853544612930364	30.30094786729856	61.69220643844646	94.20708922586073	212.71265402843588	433.0792891978941	661.3337663655423	165.12856179514662	439.7971719771426	724.2973185771266	3년	61.69220643844646	433.0792891978941	439.7971719771426				7.526024484757039	9.380561099162197	판정불가		판정불가	3년	26.59610321922323	0.3586950921907096	매우 유망	Y		145805000.0	-27.83773777953603	-21.894468065131502		-33.66131822611471	96.32760040283203	102.53170001983642	N	N	주의	
EXC	EXELON CORP	0001109357	S&P 500	제외	PEG=매우 유망, PEGY=안심	43.70000076293945	1.74	2021	3.82	626000000.0		626000000.0	35272000000.0	612000000.0	28798000000.0	87772000000.0	24.704469417517373	75.29553058248263	0.32810007747345393	-34.23517786561265	-34.8399209486166	44.79033254514489	45.13788604112417	-13.432835820895514	121.5523810846817	51.225599028568624	-18.365671641791028	251.6047621693634	110.95119805713725	-31.95626865671639	437.7922861746923	193.0550846194188	-173.12647162198098	901.8129943511802	341.77364130195286	3년	251.6047621693634	437.7922861746923	901.8129943511802	-0.21461854098106065	2.7990946697776105	1.2289616062369548	-2.2480237154150196	-5.144218938598956	3년	2.7990946697776105	안심	3년	121.5523810846817	0.3684858506715791	매우 유망	N	주당순현금<=0 | FCF<=0	1012000000.0	-4.187677750170038	-10.524159241584453		-13.10399688331123	45.64879997253418	45.915950012207034	N	N	주의	단기위험부채 존재
TMUS	T-Mobile US, Inc.	0001283699	S&P 500	제외	PEG=매우 유망, PEGY=안심	177.33999633789062	9.72	2025	2.25	5598000000.0	0.0	5598000000.0	81147000000.0	5135000000.0	59203000000.0	6830508000.0	89.65599707348578	10.344002926514218	8.66743732676984	-66.79390530320666	-71.33382911069539	25.11665654743799	25.583726898002674	0.6211180124223654	67.7257264346652	74.54322774580642	9.74223602484473	143.9514528693304	157.58645549161284	94.6945341614908	1399.2081218898916	1531.7403473784768	-46.60283291025519	688.9974911378384	763.7309005352696	3년	143.9514528693304	1399.2081218898916	688.9974911378384	0.11431131396807001	2.786028717735643	3.057462190509575	15.90962588427648	8.971256463749693	3년	2.786028717735643	안심	3년	67.7257264346652	0.3708584295757676	매우 유망	N	주당순현금<=0	1131076251.0	-4.424686919340582	-16.913420956985714		-26.63412401029659	181.465400390625	194.264400100708	N	N	주의	단기위험부채 존재
LDOS	Leidos Holdings, Inc.	0001336920	S&P 500	제외	PEG=매우 유망, PEGY=안심	128.13999938964844	11.14	2025	1.33	1108000000.0		1108000000.0	1331000000.0	18000000.0	4916000000.0	8531000000.0	36.55834015021938	63.44165984978062	0.5762513187199625	-1.7153846153846153	-1.853846153846154	11.656677199733666	11.669106422216748	20.824295010845983	30.95874508346872	20.63678102465594	50.148590021691966	70.41749016693744	49.77356204931188	558.6552928416485	784.4508404596831	554.4774812293343	335.9726045751632	512.1826472578036	332.71225524457645	3년	70.41749016693744	784.4508404596831	512.1826472578036	1.9005669138159003	2.7699784878838765	1.884480512607644	12.53076923076923	9.77896776217833	3년	2.7699784878838765	안심	3년	30.95874508346872	0.3765229232743698	매우 유망	N	주당순현금<=0	130000000.0	5.300350742739002	-26.088710273635495		-35.78551870209071	124.07919998168946	152.54355003356935	Y	N	중립/개선	단기위험부채 존재
BSX	BOSTON SCIENTIFIC CORP	0000885725	S&P 500	제외	PEG=매우 유망, PEGY=판정불가	44.959999084472656	1.94	2025		1965000000.0		1965000000.0	3815000000.0	250000000.0	24233000000.0					-1.2378721980595517	-1.405152224824356	23.81333571264547	23.899562530565472	55.199999999999996	62.7532758644933		118.89999999999999	134.0065517289866		230.66599999999997	259.97271035423404		413.0471634721687	478.2311291105386		3년	134.0065517289866	259.97271035423404	478.2311291105386				2.4476413516226163	5.444042263043398	판정불가		판정불가	3년	62.753275864493304	0.3794755793158424	매우 유망	N	주당순현금<=0	1494500000.0	-6.992141202825975	-35.43012945865702		-57.27454371357269	46.93039993286133	66.23074998855591	N	N	주의	단기위험부채 존재
EPAM	EPAM Systems, Inc.	0001352010	S&P 500	보류	PEG=매우 유망, PEGY=판정불가	114.68000030517578	6.72	2025		1296077000.0	1690000.0	1297767000.0	25034000.0	2861000.0	3677226000.0	1224328000.0	75.02163599544144	24.978364004558554	3.0034647578099984	22.633204701865452	22.58232710330233	13.697439821921181	13.705010893135931	-14.285714285714288	-1.770708271929189	35.70732296450074	-20.071428571428577	4.958583456141622	79.91464592900148	-134.88000000000002	33.3216808252717	537.0264206428899	-217.61423059039925	-70.94377333746151	368.2825420420343	5년	79.91464592900148	537.0264206428899	368.2825420420343				10.895577330037522	9.500852198328586	판정불가		판정불가	5년	35.70732296450074	0.3836031011212688	매우 유망	Y		56233000.0	23.258812528705562	-19.22805764465033		-48.20234712436603	99.85	137.6452000427246	Y	N	중립/개선	단기위험부채 존재
CF	CF Industries Holdings, Inc.	0001324404	S&P 500	제외	PEG=매우 유망, PEGY=안심	138.11000061035156	8.97	2025	1.5205271093472152	287000000.0	3100000.0	290100000.0	3215000000.0	0.0	4838000000.0					-18.032675709001232	-18.032675709001232	17.407210292012575	17.407210292012575	33.08605341246291	-18.18627213243168	43.58035462807208	74.67210682492582	-27.872544264863357	95.66070925614416	669.8087982195847	-250.01672205582435	858.0765620276131	384.9821122724559	-281.02723984571844	521.2993687897348	5년	95.66070925614416	858.0765620276131	521.2993687897348	1.9880601165420289	-0.9574047043443635	2.5909310556278027	11.109741060419235	8.044124981045393	5년	2.5909310556278027	안심	5년	43.58035462807208	0.3994279174772892	매우 유망	N	주당순현금<=0	162200000.0	26.404903816631432	14.967122091082885		-0.8329170866111291	122.41200057983399	108.63925010681152	Y	Y	강한 상승추세	
TECH	BIO-TECHNE Corp	0000842023	S&P 500	보류	PEG=매우 유망, PEGY=불리(<1)	72.25	1.16	2026	44.0	264712000.0	1072000.0	265784000.0		12500000.0	2108221000.0					1.6927946805597132	1.6131814099828672	60.82517699951749	60.89380912932511	152.17391304347825	-12.974116606482456	-19.679629541091302	312.8478260869565	-17.44823321296491	-30.859259082182604	362.9034782608695	-20.239950527039294	-35.796740535331814	402.288551226117	-128.0137723557637	-149.54566164059767	1년	312.8478260869565	362.9034782608695	402.288551226117	3.2252090782248684	0.5100829117811473	0.3998405209589711	1.676483513683929	2.3203924064829464	3년	0.5100829117811473	불리(<1)	1년	152.17391304347825	0.3997083059968292	매우 유망	Y		157009000.0	37.61904761904762	34.74450100564444		-0.3173335351557949	71.89940002441406	61.14604995727539	Y	Y	강한 상승추세	단기위험부채 존재
CBOE	Cboe Global Markets, Inc.	0001374310	S&P 500	매우 유망	PEG=매우 유망, PEGY=안심	291.8699951171875	10.42	2025	1.17	2216500000.0	36100000.0	2252600000.0	1442900000.0	304700000.0	5138300000.0	4167000000.0	55.21906870278228	44.78093129721771	1.2330933525317975	7.704091341579448	4.804947668886775	27.271199978465265	27.54942873784076	44.521497919556175	68.19298103960483	66.67733196826208	97.54299583911235	144.88596207920966	141.85466393652416	1016.3980166435507	1509.7117248653647	1478.1255982185817	248.23655519487744	417.2548566560282	406.4328718082534	3년	144.88596207920966	1509.7117248653647	417.2548566560282	1.6754487501700153	2.5434517400912826	2.48787482845778	16.0	5.481892715137062	3년	2.5434517400912826	안심	3년	68.19298103960483	0.3999121253054887	매우 유망	Y		105100000.0	-3.058984942816023	2.7711250412632005		-20.406330678711914	286.47000091552735	285.639250869751	Y	Y	강한 상승추세	단기위험부채 존재
FSLR	FIRST SOLAR, INC.	0001274494	S&P 500	보류	PEG=매우 유망, PEGY=판정불가	203.10000610351562	14.21	2025		2803514000.0	509032000.0	3312546000.0	282593000.0	0.0	9537993000.0	3783317000.0	71.59951236027088	28.40048763972913	2.5210663024007767	28.17591154672345	28.17591154672345	12.309929243968485	12.309929243968485	18.21963394342763		30.670348455238837	44.93926788685526		69.84069691047767	638.5869966722133		992.4363030978878	214.41997906525887		388.64415227642326	5년	69.84069691047767	992.4363030978878	388.64415227642326				11.040200117168974	5.435844305953406	판정불가		판정불가	5년	30.670348455238837	0.4013625493017772	매우 유망	Y		107537000.0	-18.522083434667845	1.4232240217306513		-36.182244743592896	217.94460083007812	230.15865112304687	N	N	판정불가	
AOS	SMITH A O CORP	0000091142	S&P 500	제외	PEG=매우 유망, PEGY=안심	57.83000183105469	3.85	2025	2.45	174500000.0	18700000.0	193200000.0	112700000.0	42300000.0	1858000000.0	1284800000.0	59.119256713758425	40.88074328624157	1.4461394769613947	0.5672415936205122	0.2691755139913486	14.873444217515368	14.95086397845801		36.61380704310213	39.07395391564303		81.72761408620426	86.64790783128606		314.6513142318864	333.59444515045135		444.0970158553907	476.85359603656667	3년	81.72761408620426	314.6513142318864	444.0970158553907		2.6264129862469607	2.7918183111039814			3년	2.6264129862469607	안심	3년	36.61380704310213	0.4062250123295348	매우 유망	N	FCF<=0	141914840.0	1.066061861828227	-15.093229609712399		-28.13470740177356	61.18860015869141	65.14744987487794	N	N	중립/개선	단기위험부채 존재
ECL	ECOLAB INC.	0000031462	S&P 500	제외	PEG=매우 유망, PEGY=안심	272.2099914550781	7.28	2025	1.05	646200000.0		646200000.0	6613200000.0	74400000.0	9770800000.0	14891800000.0	39.61788294826985	60.382117051730155	0.6561194751473965	-20.922159887798035	-21.18302945301543	40.26540540424123	40.30123913572714	338.5542168674699	98.55590630677445	47.57731615945522	685.6084337349398	205.6118126135489	103.65463231891044	4991.229397590362	1496.853995826636	754.605723281668	1733.5952221702514	449.88943933516737	177.21455749951707	3년	205.6118126135489	1496.853995826636	449.88943933516737	8.434143738478262	2.4737340977146296	1.2076698513591326	6.677068723702665	2.4529109633378607	3년	2.4737340977146296	안심	3년	98.55590630677445	0.4085539559537641	매우 유망	N	주당순현금<=0	285200000.0	5.922410132325573	-1.729244962065657		-11.720452061967856	278.5665997314453	273.02804962158206	N	N	중립/개선	단기위험부채 존재
EXPE	Expedia Group, Inc.	0001324424	S&P 500	매우 유망	PEG=매우 유망, PEGY=안심	272.6000061035156	9.81	2025	70.0	5413000000.0	320000000.0	5733000000.0	4469000000.0	1692000000.0	1284000000.0					9.579894348317076	-3.243824985031415	26.811428313475897	28.118637215957904	9.608938547486048	65.34957812135467		27.717877094972096	139.19915624270934		271.91237430167627	1365.5437227409786		-0.25224937140252424	400.9331225849036		3년	139.19915624270934	1365.5437227409786	400.9331225849036	2.9692166197454384	5.048204688644864		23.570784353849767	8.646655842296322	3년	5.048204688644864	안심	3년	65.34957812135467	0.4102769915926139	매우 유망	Y		131943000.0	24.50899929832151	18.341653518781985		-19.617845021494496	295.10860046386716	259.02954956054685	N	Y	상승전환	단기위험부채 존재
NDSN	NORDSON CORP	0000072331	S&P 500	제외	PEG=매우 유망, PEGY=불리(<1)	313.94000244140625	8.51	2025	1.19	108442000.0	279000.0	108721000.0	1681254000.0	315000000.0	3043571000.0					-27.6290146883126	-33.16348654157003	40.13736981547813	40.7877190344273	4.9321824907521625	-1.1482071165261345	93.96062427456746	18.364364981504323	6.2035857669477315	196.42124854913493	156.2807459926018	52.79251487672519	1671.5448251531382	-50.21954998494655	-83.18388403319886	432.44085244126074	5년	196.42124854913493	1671.5448251531382	432.44085244126074	0.152530734298172	0.0010412461919153738	2.3706243012932706	11.615626537353293	3.6999510884316926	3년	0.0010412461919153	불리(<1)	5년	93.96062427456746	0.4271722343839536	매우 유망	N	주당순현금<=0	56916000.0	12.696986103037823	14.706419540705372		-6.2025721567000485	305.40839904785156	280.06130027770996	Y	Y	강한 상승추세	단기위험부채 존재
RCL	ROYAL CARIBBEAN CRUISES LTD	0000884887	S&P 500	제외	PEG=매우 유망, PEGY=안심	259.760009765625	15.61	2025	2.27	825000000.0		825000000.0	7856962000.0	0.0	10037000000.0	31374000000.0	24.237521431503705	75.76247856849629	0.3199145789507235	-25.66409489051095	-25.66409489051095	18.284696006158615	18.284696006158615	42.68738574040219			93.87477148080438			1465.3851828153563			464.13040026351126			1년	93.87477148080438	1465.3851828153563	464.13040026351126	2.458743953154033			4.510948905109489	1.7365832828461956	1년	2.458743953154033	안심	1년	42.68738574040219	0.4283395595447007	매우 유망	N	주당순현금<=0	274000000.0	-3.3379231399501164	-9.339655268090208		-25.83159591775669	294.9963995361328	287.93299987792966	N	N	주의	
CRM	Salesforce, Inc.	0001108524	S&P 500	제외	PEG=매우 유망, PEGY=안심	244.16000366210938	7.8	2025	71.0	7327000000.0	57139000.0	7384139000.0	10439000000.0	4000000000.0	59142000000.0	53163000000.0	52.66194737545078	47.33805262454922	1.1124654364877828	-3.19546129707113	-7.379561715481172	31.712239097330833	32.248662227896226	85.7142857142857	74.02472751880647	12.233911375838758	179.9285714285714	156.54945503761294	32.96782275167752	1403.4428571428568	1221.085749293381	257.14901746308465	474.80456917303604	400.1170261216204	5.319877787580074	3년	156.54945503761294	1221.085749293381	400.1170261216204	4.94176034789912	4.573146887348392	2.6246620782713643	15.064853556485355	6.170074267091451	3년	4.573146887348392	안심	3년	74.02472751880647	0.4284006190941281	매우 유망	N	주당순현금<=0	956000000.0	42.85046002678412	25.77138902844911		-8.289826996758876	195.19	200.90605056762695	Y	Y	상승전환	단기위험부채 존재
TRV	TRAVELERS COMPANIES, INC.	0000086312	S&P 500	제외	PEG=매우 유망, PEGY=안심	366.8500061035156	27.43	2025	1.37	842000000.0		842000000.0	5861000000.0	100000000.0	32894000000.0	110814000000.0	22.88947031480502	77.11052968519499	0.29683974949013664	-22.051845342706503	-22.491212653778557	14.177974897784255	14.193992663408466	27.759664648346536	32.58155699339016	40.000996302713745	64.01932929669307	73.66311398678032	88.50199260542749	1756.0502026082909	2020.579216657384	2427.609657166876	378.6834328449701	450.79165409287975	561.7444777912493	3년	73.66311398678032	2020.579216657384	450.79165409287975	2.0545716054906364	2.394669001614337	2.9179764106635027			3년	2.394669001614337	안심	3년	32.58155699339016	0.4351533875640304	매우 유망	N	주당순현금<=0 | FCF<=0	227600000.0	20.92893717619837	22.528394649985085		-7.645635925647499	364.6083996582031	313.22414947509765	Y	Y	강한 상승추세	단기위험부채 존재
AMCR	Amcor plc	0001748790	S&P 500	제외	PEG=매우 유망, PEGY=안심	43.130001068115234	2.38	2026	5.86	1115000000.0		1115000000.0	5314400000.0	135000000.0	11790000000.0	25294000000.0	31.79268687304498	68.20731312695501	0.46611844706254446	-9.054333764553688	-9.345407503234153	21.926191106163415	22.04849099636529	643.75	50.01313255128406	31.642491466477107	1296.0	108.52626510256812	71.78498293295422	3084.48	258.2925109441121	170.84825938043105	7051.588044546253	498.8697068107895	296.123939599747	3년	108.52626510256812	258.2925109441121	498.8697068107895	29.62712478673032	2.5482370504185843	1.7103969989541514	3.9215178956446746	9.092320423204765	3년	2.5482370504185843	안심	3년	50.01313255128406	0.4384086736354704	매우 유망	N	주당순현금<=0	463800000.0	12.994506515867021	1.4823554543887951		-14.729142928510852	45.36200019836426	42.767299842834475	N	Y	상승전환	단기위험부채 존재
AES	AES CORP	0000874761	S&P 500	제외	PEG=매우 유망, PEGY=안심	14.819999694824219	1.26	2025	4.75	1382000000.0	174000000.0	1556000000.0			4063000000.0					2.179271708683473	2.179271708683473	10.032323798524402	10.032323798524402	-46.61016949152542		21.802033073406225	-84.72033898305084		52.10406614681245	-106.74762711864406		65.65112334498369	-820.2943948502572		342.99004518813774	5년	52.10406614681245	65.65112334498369	342.99004518813774	-4.172529748061201		2.646648334587408	-2.273109243697479	-15.33811936913431	5년	2.646648334587408	안심	5년	21.802033073406225	0.4601554251727868	매우 유망	N	FCF<=0	714000000.0	1.2986984203489982	4.1461712689216945		-14.236116285125211	14.747999954223634	14.602649974822999	Y	Y	강한 상승추세	
D	DOMINION ENERGY, INC	0000715957	S&P 500	제외	PEG=매우 유망, PEGY=안심	65.0999984741211	0.65	2025	4.03	250000000.0		250000000.0	30948000000.0	2457000000.0	29083000000.0	82440000000.0	26.07802874743326	73.92197125256673	0.3527777777777778	-35.89150005845902	-38.764176312405006	155.3715362039694	159.79103813311707	333.33333333333337	-15.82903888645284	-4.5403361201187264	675.1666666666667	-23.158077772905678	-0.5806722402374529	438.8583333333334	-15.05275055238869	-0.3774369561543444	574.1295600917575	-123.12250523073752	-100.57978028417986	1년	675.1666666666667	438.8583333333334	574.1295600917575	2.171332932503466	-0.07594080083602467	-0.003284617843056946	0.445457734128376	0.6842668887395701	1년	2.171332932503466	안심	1년	333.33333333333337	0.4661146086119082	매우 유망	N	주당순현금<=0	855300000.0	-2.501120642363741	4.645554464201518		-9.192361198022425	68.59940032958984	64.16440021514893	N	Y	중립/개선	단기위험부채 존재
SPG	SIMON PROPERTY GROUP INC.	0001063761	S&P 500	제외	PEG=매우 유망, PEGY=안심	204.52999877929688	9.35	2025	4.2	823147000.0	1000000000.0	1823147000.0	28430175000.0		5208268000.0	33901073000.0	13.317197034846483	86.68280296515351	0.1536313614616269	-81.57151298527937	-81.57151298527937	30.59909216733436	30.59909216733436	358.3333333333333	65.56992936260015		725.1666666666666	139.6398587252003		6780.3083333333325	1305.6326790806227		3215.0678989881535	538.35754504135		3년	139.6398587252003	1305.6326790806227	538.35754504135	11.847846052124082	2.28013069737677				3년	2.28013069737677	안심	3년	65.56992936260015	0.4666634914020131	매우 유망	N	주당순현금<=0 | FCF<=0	326180391.0	-3.8953144721457167	7.8972364494127145		-13.591042916650197	221.8079995727539	202.06395065307618	N	Y	중립/개선	
CCL	Carnival Corp Ltd.	0000815097	S&P 500	제외	PEG=매우 유망, PEGY=안심	22.700000762939453	2.02	2025	1.94	1928000000.0	0.0	1928000000.0	24037000000.0	0.0	12284000000.0					-15.769614835948644	-15.769614835948644	19.044364157865395	19.044364157865395	40.277777777777786			89.05555555555557			179.89222222222224			692.4767232427519			1년	89.05555555555557	179.89222222222224	692.4767232427519	2.2168121459881704			1.8594864479315263	8.19156997988902	1년	2.2168121459881704	안심	1년	40.277777777777786	0.4728255928849338	매우 유망	N	주당순현금<=0	1402000000.0	-12.658711185656802	-12.59144642615957		-33.2156527155447	26.58300006866455	27.75750008583069	N	N	주의	
FISV	FISERV INC	0000798354	S&P 500	제외	PEG=매우 유망, PEGY=판정불가	48.650001525878906	6.34	2025		798000000.0		798000000.0	3228000000.0	2000000.0	25792000000.0	54324000000.0	32.19331968645464	67.80668031354537	0.47478094396583465	-4.426229508196721	-4.429872495446266	8.371645273513506	8.372219877180628	17.843866171003718	17.481865339726866	35.26712030178827	44.187732342007436	43.46373067945373	79.03424060357654	280.1502230483271	275.56005250773666	501.07708542667524	475.8483335284252	466.41324535448393	929.9631443179546	3년	43.46373067945373	275.56005250773666	466.41324535448393				7.830601092896175	16.09578796977172	판정불가		판정불가	3년	17.481865339726866	0.4788759729483366	매우 유망	N	주당순현금<=0	549000000.0	-8.68993498403956	-16.837604229266823		-64.14885584379589	52.18640029907227	58.19790002822876	N	N	주의	단기위험부채 존재
NWSA	NEWS CORP	0001564708	S&P 500	매우 유망	PEG=매우 유망, PEGY=안심	29.610000610351562	1.03	2026	67.0	2095000000.0		2095000000.0	1989000000.0	0.0	8526000000.0					0.18982808022922637	0.18982808022922637	28.563274301089645	28.563274301089645	-21.37404580152672	58.22968332827563	12.961341039942953	-34.24809160305344	124.95936665655125	34.4226820798859	-35.27553435114504	128.7081476562478	35.45536254228248	-219.13385215808754	334.67796353658923	19.741174641811376	3년	124.95936665655125	128.7081476562478	334.67796353658923	1.5973642838535749	4.384290190550678	2.799445896750449	1.2034383954154728	4.064297097632462	3년	4.384290190550678	안심	3년	58.22968332827563	0.490527728616715	매우 유망	Y		558400000.0	9.788659118318343	22.153469017898786		-5.06572586294376	28.636199989318847	26.255100040435792	Y	Y	강한 상승추세	
EME	EMCOR Group, Inc.	0000105634	S&P 500	제외	PEG=헐값, PEGY=안심	754.2899780273438	28.19	2025	21.0	1111968000.0		1111968000.0	0.0		3673944000.0	5616418000.0	39.54575720515519	60.4542427948448	0.654143619652241	24.630614870271227	24.630614870271227	25.88362409212744	25.88362409212744	30.994423791821568	51.54328097260492	63.67289600664736	70.48884758364314	111.58656194520984	135.84579201329473	1987.0806133829	3145.6251812354653	3829.4928768547784	163.43722855493996	317.0312841040337	407.69504943839456	3년	111.58656194520984	3145.6251812354653	317.0312841040337	2.008776808330939	2.802670936434636	3.2712921384297498			3년	2.802670936434636	안심	3년	51.54328097260492	0.5021726130683163	헐값	N	FCF<=0	45145767.0	-2.8877836957734604	4.736313935191272		-20.07523411630795	777.5159973144531	760.7127493286133	N	N	판정불가	
CB	Chubb Ltd	0000896159	S&P 500	제외	PEG=헐값, PEGY=양호	337.6199951171875	25.68	2025	1.21	2012000000.0		2012000000.0	15728000000.0	1499000000.0	73757000000.0	192548000000.0	27.69643829443683	72.30356170556317	0.3830577310592683	-34.16075806677187	-37.89413341979688	14.4774436598115	14.622824319976027	13.12775330396476	26.95518164431085	26.943805197471637	34.75550660792952	62.41036328862171	62.38761039494327	892.5214096916301	1602.6981292518055	1602.1138349421433	164.35679835308244	374.7047427376186	374.53168002862253	3년	62.41036328862171	1602.6981292518055	374.70474273761863	0.9903511725461235	1.9454526853035305	1.9446668803571228			3년	1.9454526853035303	양호	3년	26.955181644310855	0.5370931589647477	헐값	N	주당순현금<=0 | FCF<=0	401513338.0	2.1295930881716885	4.6040354758797974		-7.119671219480739	347.7225988769531	326.76665069580076	N	Y	상승전환	단기위험부채 존재
NWS	NEWS CORP	0001564708	S&P 500	양호	PEG=헐값, PEGY=안심	33.08000183105469	1.03	2026	60.0	2095000000.0		2095000000.0	1989000000.0	0.0	8526000000.0					0.18982808022922637	0.18982808022922637	31.932207525073263	31.932207525073263	-21.37404580152672	58.22968332827563	12.961341039942953	-34.24809160305344	124.95936665655125	34.4226820798859	-35.27553435114504	128.7081476562478	35.45536254228248	-206.63703868972956	289.08144054399594	7.180654715072787	3년	124.95936665655125	128.7081476562478	289.08144054399594	1.2096236744091078	3.702521450652647	2.2848824649111243	1.2034383954154728	3.637963509076093	3년	3.702521450652647	안심	3년	58.22968332827563	0.548383671349409	헐값	Y		558400000.0	7.0550234285993385	20.597890860441616		-6.342009861618935	32.43399997711182	29.902650003433227	Y	Y	강한 상승추세	
BDX	BECTON DICKINSON & CO	0000010795	S&P 500	제외	PEG=헐값, PEGY=불리(<1)	179.8000030517578	5.82	2025	2.35	641000000.0		641000000.0	17621000000.0	752000000.0	25390000000.0					-58.854316503124686	-61.460820979588156	41.00589683073582	41.4537498335646	-0.6825938566552906	-0.3412995832631105	74.47134006583379	7.134812286689419	7.817400833473779	157.44268013166757	41.52460750853242	45.497272850817396	916.3163983663053	-76.90511301238465	-74.69562175829307	409.630913689435	5년	157.44268013166757	916.3163983663053	409.630913689435	0.04066259421730075	0.04898564772350682	1.8734217759688803	13.472716622358401	7.4931681833621	3년	0.0489856477235068	불리(<1)	5년	74.47134006583379	0.5506265469976234	헐값	N	주당순현금<=0	288509000.0	21.659118492313034	10.191827584378533		-6.354165077209473	170.95760040283204	160.08682907104492	Y	Y	강한 상승추세	단기위험부채 존재
WFC	WELLS FARGO & COMPANY/MN	0000072971	S&P 500	제외	PEG=헐값, PEGY=양호	89.66999816894531	6.26	2025	2.27	172593000000.0		172593000000.0	174712000000.0	18323000000.0	181117000000.0	1965593000000.0	8.436957017948396	91.5630429820516	0.09214369404042444	-0.6535484069950344	-6.304783641242328	14.428681561651812	15.331434793959687	16.573556797020476	25.8582131723802	72.48768573284212	41.64711359404095	60.21642634476039	153.47537146568425	260.71093109869634	376.95482891820006	960.7558253751833	190.74488281743518	320.3801010545217	971.4350897666396	3년	60.21642634476039	376.95482891820006	320.3801010545217	1.3059791164220027	1.9494652406175943	5.181186195939844			3년	1.9494652406175943	양호	3년	25.858213172380196	0.5579922118154493	헐값	N	주당순현금<=0 | FCF<=0	3242300000.0	9.393676751949842	16.63631812234323		-6.97167887047917	86.85419998168945	85.04155006408692	Y	Y	강한 상승추세	단기위험부채 존재
VICI	VICI PROPERTIES INC.	0001705696	S&P 500	제외	PEG=헐값, PEGY=안심	25.209999084472656	2.61	2025	7.28	563479000.0	44484000.0	607963000.0	16773241000.0		27797640000.0	18501581000.0	60.03910951331125	39.96089048668875	1.5024467368491374	-15.211615261302986	-15.211615261302986	15.487208561599864	15.487208561599864	1.9531249999999931	27.13904027900833	8.322953223006625	12.406249999999986	62.77808055801666	25.14590644601325	32.38031249999996	163.85079025642347	65.63081582409458	28.44233905563147	549.9436580993073	160.33644667808778	3년	62.77808055801666	163.85079025642347	549.9436580993073	0.5961774817763668	2.2224173027765284	1.007473565100282	2.359351998855903	9.358794464649844	3년	2.2224173027765284	안심	3년	27.13904027900833	0.5706616152369619	헐값	N	주당순현금<=0	1062693062.0	-11.26364230949105	-11.29486623224486		-23.974670686133592	26.30440010070801	27.817250032424926	N	N	주의	
SYF	Synchrony Financial	0001601712	S&P 500	제외	PEG=헐값, PEGY=양호	77.3499984741211	9.28	2025	1.73	14973000000.0		14973000000.0	15182000000.0		16766000000.0	102329000000.0	14.077837020865697	85.92216297913431	0.16384407157306335	-0.5589729874297941	-0.5589729874297941	8.395363304046432	8.395363304046432	8.538011695906416	14.698468785789576	32.527017334119954	25.576023391812832	37.89693757157915	73.55403466823991	237.34549707602307	351.6835806642545	682.5814417212663	206.8461561191	354.66527162494634	782.4582484634913	3년	37.89693757157915	351.6835806642545	354.66527162494634	1.2230574573178266	1.9568502506462484	4.080468717489404			3년	1.9568502506462484	양호	3년	14.698468785789576	0.5711726456951106	헐값	N	주당순현금<=0 | FCF<=0	373900000.0	11.198966631598072	18.61677589340609		-12.569235439300307	76.80740020751954	75.16250011444092	Y	Y	강한 상승추세	
CDW	CDW Corp	0001402057	S&P 500	제외	PEG=헐값, PEGY=불리(<1)	142.3699951171875	8.08	2025	1.74	618700000.0	0.0	618700000.0	4622300000.0	1007500000.0	2606100000.0	5981100000.0	30.34865846841811	69.65134153158189	0.4357225259567638	-30.307342922028766	-37.934140802422405	21.370957678120824	22.314868306882413	1.3801756587202048	-0.2054237502367883	37.39960471779868	11.26035131744041	8.089152499526424	83.29920943559736	90.98363864491851	65.36035219617351	673.0576122396267	-36.09352970053267	-54.09120289540353	372.7524305143229	5년	83.29920943559736	673.0576122396267	372.7524305143229	0.14600074108586067	0.07180662059586976	1.8314389699937994	8.236941710825132	5.785588251264001	3년	0.0718066205958697	불리(<1)	5년	37.39960471779868	0.571422020082214	헐값	N	주당순현금<=0	132100000.0	10.108268953557452	19.729199169601607		-16.630560663312778	140.2291995239258	131.8035500717163	Y	Y	강한 상승추세	단기위험부채 존재
GL	GLOBE LIFE INC.	0000320335	S&P 500	제외	PEG=헐값, PEGY=안심	169.82000732421875	14.07	2025	77.0	61710000.0	314711000.0	376421000.0	2320793000.0	304656000.0	5974579000.0	24839113000.0	19.389364312462135	80.61063568753787	0.24053109303862824	-23.56100803984325	-27.252689706410393	13.744208625732906	14.00658827509802	17.839195979899504	23.497404952300016	48.78096035818152	44.17839195979901	55.49480990460003	106.06192071636303	621.589974874372	780.8119753577224	1492.2912244792278	266.02870572702216	359.7879764938436	778.748769354461	3년	55.49480990460003	780.8119753577224	359.7879764938436	6.900302415545022	7.31198191827076	9.151560761576716	15.194269876451488	8.94727901373996	3년	7.31198191827076	안심	3년	23.497404952300016	0.5849245333105421	헐값	N	주당순현금<=0	82524992.0	4.49175662063086	20.448259243774913		-8.708739155018119	178.14399993896484	154.3720497894287	N	Y	상승전환	단기위험부채 존재
CINF	CINCINNATI FINANCIAL CORP	0000020286	S&P 500	양호	PEG=헐값, PEGY=양호	169.2100067138672	15.17	2025	2.22	1139000000.0	148000000.0	1287000000.0	790000000.0		15911000000.0	25091000000.0	38.80542412565241	61.19457587434759	0.6341317603921724	3.1515535827520607	3.1515535827520607	10.946503172782803	10.946503172782803	4.404679972470754		18.581314428449215	17.30935994494151		45.66262885689843	262.5829903647627		692.7020797591491	55.181714996790056		309.37418135707713	5년	45.66262885689843	692.7020797591491	309.37418135707713	0.6051868681628162		1.9002702598368804	19.60684844641725	11.587286607447677	5년	1.9002702598368804	양호	5년	18.581314428449215	0.5891134997437526	헐값	Y		157700000.0	1.6703804364767594	3.17683336211414		-11.883555804037194	176.67919952392577	167.3742497253418	N	Y	상승전환	
STLD	STEEL DYNAMICS INC	0001022671	S&P 500	제외	PEG=헐값, PEGY=양호	240.69000244140625	7.99	2025	88.0	769878000.0	0.0	769878000.0	4176508000.0	34655000.0	8957182000.0	7489369000.0	54.46237329638293	45.537626703617065	1.1959862039111706	-22.955109026710872	-23.188626991186222	32.99688503981441	33.02611131822183	-18.800813008130078	-27.445943360831997	55.10698446728479	-29.101626016260155	-46.39188672166399	118.71396893456958	-232.52199186991865	-370.67117490609525	948.5246117872109	-196.60641884223006	-254.00356107285003	294.085588169837	5년	118.71396893456958	948.5246117872109	294.085588169837	2.0971430154201953	1.8351446376257277	4.336984666722642	3.379349613217973	1.4040257505255724	3년	1.835144637625728	양호	5년	55.10698446728479	0.5987786368423693	헐값	N	주당순현금<=0	148404000.0	-10.304089689882767	30.62520873595098		-14.8783441332775	241.99039978027344	211.16635047912598	N	Y	중립/개선	단기위험부채 존재
AKAM	AKAMAI TECHNOLOGIES INC	0001086222	S&P 500	보류	PEG=헐값, PEGY=판정불가	110.75	3.07	2025		930231000.0	375005000.0	1305236000.0			4977371000.0	6502272000.0	43.35823857937046	56.64176142062954	0.7654818192779386	8.87776742414452	8.87776742414452	33.18313764685846	33.18313764685846	-6.116207951070342	55.27737277287406	35.18418669731969	-3.7324159021406835	119.05474554574812	78.86837339463938	-11.458516819571898	365.4980688254467	242.12590632154289	-110.34629058200622	230.02082963922956	118.62384317972268	3년	119.05474554574812	365.4980688254467	230.02082963922953				6.8763322745420785	6.208877900263728	판정불가		판정불가	3년	55.27737277287406	0.600302365729332	헐값	Y		147023000.0	-14.788028806790177	4.019910519607128		-31.270944259967195	115.75580001831055	109.79475006103516	N	Y	중립/개선	
BLDR	Builders FirstSource, Inc.	0001316835	S&P 500	제외	PEG=헐값, PEGY=판정불가	61.38999938964844	3.89	2025		181753000.0		181753000.0	353830000.0	30074000.0	4352251000.0	6885279000.0	38.72960517124315	61.27039482875686	0.632109606596915	-1.538847453989376	-1.8077927420364508	16.177081450806636	16.2462190569884	-57.064017660044144	-38.61797619693695	26.944391684631476	-105.62803532008829	-68.7359523938739	62.38878336926295	-410.89305739514344	-267.3828548121695	242.69236730643289	-769.3159496340182	-535.5479027049079	295.32883160014427	5년	62.38878336926295	242.69236730643289	295.32883160014427				7.630734560283307	12.429930992261907	판정불가		판정불가	5년	26.944391684631476	0.6003877036880261	헐값	N	주당순현금<=0	111822000.0	-17.729834990577764	-32.61991112019206		-58.11271805930189	72.03140083312988	89.76800050735474	N	N	주의	단기위험부채 존재
GE	GENERAL ELECTRIC CO	0000040545	S&P 500	양호	PEG=헐값, PEGY=안심	325.4200134277344	8.14	2025	56.00000000000001	43299000000.0		43299000000.0	20469000000.0	25000000.0	18677000000.0	111271000000.0	14.37267214578139	85.62732785421862	0.16785146174654672	21.376404494382022	21.35299625468165	37.35179470925704	37.35467041437994	365.14285714285717	61.56813006403801	69.60524644031413	738.7857142857143	131.636260128076	147.71049288062827	6013.715714285715	1071.5191574425387	1202.363412048314	1747.9858232877782	229.27266708520668	269.4804752121742	3년	131.636260128076	1071.5191574425387	229.27266708520668	11.275036726374053	3.1475898542272893	3.3627633536223334	6.709737827715355	2.0618700604919553	3년	3.1475898542272893	안심	3년	61.56813006403801	0.6066741781893787	헐값	Y		1068000000.0	2.105369192230677	0.08304460597221563		-14.637214105842244	355.56700134277344	321.6437005615234	N	Y	상승전환	단기위험부채 존재
TEL	TE Connectivity plc	0001385157	S&P 500	제외	PEG=헐값, PEGY=양호	204.67999267578125	6.16	2025	1.52	1255000000.0		1255000000.0	4842000000.0	500000000.0	9585000000.0	12351000000.0	43.695295404814004	56.304704595185996	0.7760505222249211	-11.996655518394649	-13.668896321070234	35.17478055100258	35.44624821377459	-40.36786060019361	-6.225079756818797	54.9338540505395	-72.23572120038722	-3.950159513637594	118.367708101079	-444.9720425943853	-24.33298260400758	729.1450819026467	-317.3988951129353	-111.88830539121216	256.23661715565555	5년	118.367708101079	729.1450819026467	256.23661715565555	-1.1044236805931213	-0.13376287451165605	1.6049525587994156	10.7123745819398	5.233718470426417	5년	1.6049525587994156	양호	5년	54.9338540505395	0.6403115375564502	헐값	N	주당순현금<=0	299000000.0	1.326729047416464	-0.2242403798556336		-17.799199728601913	205.85320037841797	215.94779998779296	N	N	중립/개선	단기위험부채 존재
AVY	Avery Dennison Corp	0000008818	S&P 500	제외	PEG=헐값, PEGY=불리(<1)	169.7899932861328	8.79	2025	2.34	202800000.0		202800000.0	954200000.0	250000000.0	2242100000.0					-9.596424010217113	-12.789272030651341	20.40801106898179	20.771247476312194	0.6872852233676829	-1.5437973187936491	30.981755136467836	9.874570446735365	5.412405362412701	70.46351027293568	86.79747422680386	47.57504313560764	619.3742552991046	-48.879511361702356	-71.980066542889	264.7884326465136	5년	70.46351027293568	619.3742552991046	264.7884326465136	0.148338082194049	0.039014222332351724	1.6327781783259463	9.098339719029374	5.358584179750044	3년	0.0390142223323517	불리(<1)	5년	30.981755136467836	0.6587106178810392	헐값	N	주당순현금<=0	78300000.0	8.790917740788128	-2.7325872703795273		-14.008611845843644	170.30899993896483	173.1048999786377	N	N	중립/개선	단기위험부채 존재
L	LOEWS CORP	0000060086	S&P 500	제외	PEG=헐값, PEGY=안심	108.68000030517578	7.97	2025	23.0	495000000.0	4628000000.0	5123000000.0	9191000000.0	10000000.0	18686000000.0	66707000000.0	21.882355696602765	78.11764430339724	0.2801205270811159	-19.45480631276901	-19.502630320420852	16.07714010262795	16.083140605470092	24.33697347893915	24.20001937499827	40.610600779906946	57.1739469578783	56.90003874999654	89.72120155981389	455.67635725429005	453.4933088374724	715.0779764317167	319.2826241946458	317.2739304049075	557.966483643506	3년	56.90003874999654	453.4933088374724	317.2739304049075	2.9443653023339333	2.9358467410060705	3.9565868291157846	12.91248206599713	11.88119435934726	3년	2.9358467410060705	안심	3년	24.20001937499827	0.6643441004529815	헐값	N	주당순현금<=0	209100000.0	0.5830608381530489	-0.09192726166873388		-8.97822536323809	113.55539978027343	108.86075000762939	N	N	중립/개선	단기위험부채 존재
PKG	PACKAGING CORP OF AMERICA	0000075677	S&P 500	제외	PEG=헐값, PEGY=양호	227.27999877929688	8.58	2025	2.59	529000000.0	71800000.0	600800000.0	3967300000.0	0.0	4598000000.0					-37.572544642857146	-37.572544642857146	30.868594804446857	30.868594804446857	-3.9193729003359428	-8.031890655223496	45.85079043342193	0.6612541993281145	-7.563781310446991	100.20158086684386	5.673561030235222	-64.89724364363519	859.7295638375202	-97.50371301447225	-128.55387363260877	278.26890551525014	5년	100.20158086684386	859.7295638375202	278.26890551525014	-0.04306554635083151	-0.17629214059460685	1.5692580352392218	8.131696428571429	3.5778319571656705	5년	1.5692580352392218	양호	5년	45.85079043342193	0.6732401887219347	헐값	N	주당순현금<=0	89600000.0	4.911373439634925	2.11159893502455		-11.711919649726521	241.89859924316406	223.5361001586914	N	Y	상승전환	
KVUE	Kenvue Inc.	0001944048	S&P 500	제외	PEG=헐값, PEGY=양호	17.75	0.76	2025	4.57	1062000000.0		1062000000.0	7687000000.0	700000000.0	10765000000.0	16311000000.0	39.75845767469345	60.24154232530654	0.6599840598369199	-3.4433471933471935	-3.807172557172557	27.885983149141044	28.364700733121783	40.74074074074073			89.98148148148147			68.38592592592592			285.2728221178925			1년	89.98148148148147	68.38592592592592	285.2728221178925	1.6248572086703141			0.895010395010395	5.042312084565606	1년	1.624857208670314	양호	1년	40.74074074074073	0.684474131842553	헐값	N	주당순현금<=0	1924000000.0	-1.6620457049360104	0.5665744115072924		-10.48915749727003	19.13819999694824	17.972699937820433	N	N	판정불가	단기위험부채 존재
META	Meta Platforms, Inc.	0001326801	S&P 500	양호	PEG=헐값, PEGY=안심	653.6900024414062	23.49	2025	34.0	35873000000.0	45719000000.0	81592000000.0	58744000000.0		217243000000.0	148778000000.0	59.35260545159977	40.64739454840023	1.4601822850152577	8.876456876456876	8.876456876456876	27.450555366749654	27.450555366749654	-1.550712489522217	39.8395285030712	18.41272352127048	5.398575020955565	88.1790570061424	45.32544704254096	126.81252724224622	2071.326049074285	1064.694751029287	-80.60050991010634	216.86671684411283	62.87456547489747	3년	88.1790570061424	2071.326049074285	216.86671684411283	1.1820994904089626	2.6899101863895853	1.9093502051604039	17.913364413364413	2.7403454766726503	3년	2.6899101863895853	안심	3년	39.8395285030712	0.68902811850882	헐값	Y		2574000000.0	14.485625556390769	-0.1786615362562083		-16.220441853071932	598.5779956054688	622.6858975219726	Y	Y	상승전환	
EFX	EQUIFAX INC	0000033185	S&P 500	제외	PEG=헐값, PEGY=보통	168.08999633789062	5.32	2025	1.31	180800000.0		180800000.0	4055300000.0		4604300000.0	7126000000.0	39.251340545425094	60.748659454574906	0.6461268593881561	-31.22078968573731	-31.22078968573731	37.46443346308796	37.46443346308796	9.917355371900834	-1.9860869276462576	54.21135723165227	28.33471074380167	4.527826144707484	116.92271446330454	150.74066115702487	24.088035089843817	622.0288409447802	-10.321456100213434	-85.66956058382999	270.0570256985384	5년	116.92271446330454	622.0288409447802	270.0570256985384	0.2996803723980679	-0.018046100398458612	1.4819750920924777			5년	1.4819750920924777	보통	5년	54.21135723165227	0.6910808984729435	헐값	N	주당순현금<=0 | FCF<=0	124100000.0	1.2224489998445165	-12.247458282487301		-35.92421570471668	178.63059997558594	187.43495025634766	N	N	중립/개선	
JBL	JABIL INC	0000898293	S&P 500	제외	PEG=헐값, PEGY=불리(<1)	311.3699951171875	5.92	2025	10.0	1933000000.0		1933000000.0	2386000000.0	2400000.0	1513000000.0	17026000000.0	8.161173741841523	91.83882625815848	0.08886409021496534	-4.084761045987376	-4.106402164111812	53.28627637891467	53.289931973192445	-47.00089525514772	-4.9779916366686106	76.05596028525254	-85.50179051029544	-1.455983273337221	160.61192057050508	-506.17059982094895	-8.619420978156349	950.8225697773901	-262.5624201941636	-102.76822465662188	205.36743574779504	5년	160.61192057050508	950.8225697773901	205.36743574779504	-0.6943794494484313	0.09424581157858111	1.6149741759644665	10.568079350766457	3.394058360308303	3년	0.0942458115785811	불리(<1)	5년	76.05596028525254	0.7006193358030223	헐값	N	주당순현금<=0	110900000.0	-11.63298670065438	21.8860044366723		-19.256802848676557	324.9480010986328	293.9479000854492	N	Y	중립/개선	단기위험부채 존재
TPR	TAPESTRY, INC.	0001116132	S&P 500	제외	PEG=헐값, PEGY=양호	113.70999908447266	7.27	2026	1.57	974700000.0	177300000.0	1152000000.0	2396600000.0	0.0	692100000.0	5999600000.0	10.342663299311086	89.65733670068892	0.11535769051270085	-5.921027592768792	-5.921027592768792	16.455436956979568	16.455436956979568	786.5853658536585	23.28234739020967	60.15373226239535	1581.670731707317	55.06469478041934	128.8074645247907	11498.746219512193	400.32033105364854	936.4302670952284	10012.343955758919	252.0537633249468	723.5249974802788	3년	55.06469478041934	400.32033105364854	252.0537633249468	47.89634987598203	1.5102818269233838	3.750962823033104	8.622740247383444	7.583097631526494	3년	1.5102818269233838	양호	3년	23.28234739020967	0.706777400112978	헐값	N	주당순현금<=0	210200000.0	-19.308827304873578	-21.805803523414134		-30.992838981159586	139.54400024414062	138.46745010375977	N	N	주의	
PTC	PTC INC.	0000857005	S&P 500	제외	PEG=헐값, PEGY=판정불가	128.88999938964844	6.08	2025		184415000.0		184415000.0	1172434000.0	25000000.0	3826229000.0	2790943000.0	57.82272245605827	42.177277543941734	1.3709448741876848	-8.180522781655448	-8.387515834968578	22.54449377817498	22.57853868825938	94.87179487179486	31.89223724402268	40.26105826759165	198.24358974358972	72.28447448804536	89.0221165351833	1205.3210256410255	439.4896048873158	541.2544685339145	835.1548074705233	240.9803762654161	319.93519365117197	3년	72.28447448804536	439.4896048873158	240.98037626541614				7.093138594268776	5.503249769460739	판정불가		판정불가	3년	31.89223724402268	0.7068959636063263	헐값	N	주당순현금<=0	120777000.0	-4.58247139287733	-19.00333347908435		-37.74332215156371	137.15900024414063	148.30405059814453	N	N	주의	단기위험부채 존재
IT	GARTNER INC	0000749251	S&P 500	제외	PEG=헐값, PEGY=보통	169.69000244140625	9.65	2025	0.7042253419806698	1722521000.0		1722521000.0	2976674000.0	5000000.0	319908000.0	7765492000.0	3.9566131545749132	96.04338684542509	0.041196101934043584	-16.588228291779643	-16.654361484028833	19.303443599293875	19.31029677983783	-39.6875	-1.0484370535091214	26.662227247373906	-70.875	6.403125892981757	61.82445449474781	-683.94375	61.79016486727396	596.6059858743164	-503.05482948894706	-63.5864435274494	251.58581960674064	5년	61.82445449474781	596.6059858743164	251.58581960674064	-2.0194984618933667	-0.017831622101926053	1.4176979588427243			5년	1.4176979588427243	보통	5년	26.662227247373906	0.7239996651515738	헐값	N	주당순현금<=0 | FCF<=0	75605000.0	9.541022806722733	5.798368406476873		-35.74538801375273	165.39820037841798	177.03749996185303	Y	N	중립/개선	단기위험부채 존재
ZBH	ZIMMER BIOMET HOLDINGS, INC.	0001136869	S&P 500	제외	PEG=헐값, PEGY=보통	94.61000061035156	3.55	2025	1.02	591900000.0	164600000.0	756500000.0	6932000000.0	500000.0	12697700000.0	10386000000.0	55.00721288181703	44.99278711818296	1.222578471018679	-31.07951685958732	-31.082033215903373	35.405497878856025	35.40620671162111	-19.864559819413092	47.77871617006642	17.426534933980655	-31.229119638826184	104.05743234013283	43.35306986796131	-110.86337471783294	369.40388480747157	153.90339803126264	-217.17934045304617	290.44908828280256	62.67138467222841	3년	104.05743234013283	369.40388480747157	290.44908828280256	-0.5322495360435805	1.3782807499851246	0.5210076411606354	7.411172622043281	7.833392425993075	3년	1.3782807499851246	보통	3년	47.77871617006642	0.741030750027514	헐값	N	주당순현금<=0	198700000.0	7.304074600371835	0.9388639943464394		-9.255708160517596	95.01860046386719	91.41610004425048	N	Y	상승전환	단기위험부채 존재
FE	FIRSTENERGY CORP	0001031296	S&P 500	제외	PEG=헐값, PEGY=양호	46.209999084472656	1.76	2025	4.0	57000000.0		57000000.0		325000000.0	12510000000.0	41978000000.0	22.95918367346939	77.04081632653062	0.2980132450331126	0.0986159169550173	-0.46366782006920415	26.19964952699866	26.519128923035147	3.529411764705886	35.33748646850903	-2.4264922046119075	15.558823529411772	79.17497293701805	3.647015590776185	27.38352941176472	139.34795236915178	6.4187474397660855	-40.7411167403246	201.5536791386241	-86.10961357512146	3년	79.17497293701805	139.34795236915178	201.55367913862406	0.2873859727377975	1.5014508658969605	0.06005835283279639			3년	1.5014508658969603	양호	3년	35.33748646850903	0.7414123681475324	헐값	N	FCF<=0	578000000.0	-0.4738342004245055	-8.766046017072071		-10.980544749941124	47.674399871826175	47.532799797058104	N	N	주의	단기위험부채 존재
UDR	UDR, Inc.	0000074208	S&P 500	제외	PEG=헐값, PEGY=보통	35.400001525878906	1.13	2025	4.79	1222000.0		1222000.0	5821369000.0		3288462000.0	6456911000.0	33.74382899453926	66.25617100546074	0.5092933757333808	-17.58071064149849	-17.58071064149849	46.88558598882956	46.88558598882956	334.6153846153846	63.19306474930446	41.38706836756314	677.7307692307692	134.8861294986089	91.27413673512628	765.8357692307691	152.42132633342806	103.13977451069269	2063.377785932892	330.568699896811	191.35528266938954	3년	134.8861294986089	152.42132633342806	330.568699896811	7.2390133866781055	1.4499779263823502	0.9848883701392742			3년	1.4499779263823502	보통	3년	63.19306474930446	0.7419419547830304	헐값	N	주당순현금<=0 | FCF<=0	331053000.0	-9.969476600635153	-1.830282369043279		-14.161008523036045	38.52859985351562	37.11840000152588	N	N	주의	
SYY	SYSCO CORP	0000096021	S&P 500	제외	PEG=헐값, PEGY=보통	81.56999969482422	3.66	2026	2.76	1786000000.0	18000000.0	1804000000.0	10588184000.0	8782000.0	2666000000.0					-18.27707233642588	-18.29534486455809	27.280620773565598	27.285613267590794	-1.8766756032171539	36.47073516767034	66.04148830392411	4.746648793565692	81.44147033534068	140.58297660784822	17.372734584450434	298.0757814273469	514.5336943847245	-78.7020538807814	265.42329599427524	530.7879076985859	3년	81.44147033534068	298.0757814273469	265.42329599427524	0.032379189759448965	1.4380440787360738	2.521991301993811			3년	1.4380440787360738	보통	3년	36.47073516767034	0.748014007618597	헐값	N	주당순현금<=0 | FCF<=0	480612203.0	3.857905199868461	-3.535948379962628		-10.519968826275116	83.00400024414063	79.45280014038086	N	Y	상승전환	단기위험부채 존재
NSC	NORFOLK SOUTHERN CORP	0000702165	S&P 500	제외	PEG=헐값, PEGY=보통	323.29998779296875	12.75	2025	1.65	1530000000.0	0.0	1530000000.0	9736000000.0	0.0	15547000000.0	29689000000.0	34.36864444247944	65.63135555752055	0.5236619623429553	-36.4225477141589	-36.4225477141589	28.213532196637463	28.213532196637463	10.19878997407087	-2.7909035954415184	37.019144491250344	28.89757994814174	2.918192809116963	82.53828898250069	368.4441443388072	37.20695831624128	1052.3631845268837	13.963550340356745	-88.49150642713063	225.50671953652665	5년	82.53828898250069	1052.3631845268837	225.50671953652665	0.41996832908015075	-0.04043816943904292	1.3705885608984116	9.573901464713716	2.9613058540678154	5년	1.3705885608984116	보통	5년	37.019144491250344	0.7621335550665107	헐값	N	주당순현금<=0	225300000.0	4.651537713357823	8.650353019749035		-8.408414717429702	335.59879699707034	309.37944931030273	N	Y	상승전환	
ROP	ROPER TECHNOLOGIES INC	0000882835	S&P 500	제외	PEG=헐값, PEGY=안심	390.3500061035156	14.2	2025	92.0	297400000.0		297400000.0	8595800000.0	705200000.0	19881500000.0	14695500000.0	57.49920467362698	42.50079532637302	1.3528971453846415	-76.69500924214418	-83.21256931608133	32.89049403842675	33.34947714222514	231.7757009345794	-7.702444377568895	42.57857188588412	472.0514018691588	-6.90488875513779	93.65714377176823	6703.129906542054	-98.04942032295662	1329.9314415591089	1617.210145185568	-125.11833451770336	240.7022981335445	5년	93.65714377176823	1329.9314415591089	240.7022981335445	9.844051006236164	2.5629762667579348	4.091716339944689			3년	2.5629762667579348	안심	5년	42.57857188588412	0.7724658808796447	헐값	N	주당순현금<=0 | FCF<=0	108200000.0	16.83627625632902	10.8161834218639		-24.9326911339393	386.3310028076172	375.58890090942384	Y	Y	강한 상승추세	단기위험부채 존재
INTU	INTUIT INC.	0000896878	S&P 500	제외	PEG=헐값, PEGY=보통	313.94000244140625	16.46	2026	1.73	4705000000.0	485000000.0	5190000000.0	6420000000.0	1249000000.0	18992000000.0	17794000000.0	51.62833686728647	48.371663132713536	1.0673260649657188	-4.44043321299639	-8.949458483754512	19.342675313147183	19.616613664955086	20.409656181419173	25.037201912000008	16.837325502259205	49.319312362838346	58.574403824000015	42.17465100451841	811.7958814923193	964.1346869430403	694.194755534373	158.5831289989344	207.10794401646424	121.12338349234024	3년	58.574403824000015	964.1346869430403	207.10794401646422	1.1446015519048127	1.3838417632852673	0.9599150687102227	31.27436823104693	9.961893351543813	3년	1.383841763285267	보통	3년	25.037201912000008	0.7725573880472837	헐값	N	주당순현금<=0	277000000.0	10.456688865336016	-28.72289845826128		-55.28493634249651	317.65900146484375	423.92705169677737	N	N	중립/개선	단기위험부채 존재
EXPD	EXPEDITORS INTERNATIONAL OF WASHINGTON INC	0000746515	S&P 500	제외	PEG=헐값, PEGY=안심	188.30999755859375	5.95	2025	87.0	1314285000.0	40000.0	1314325000.0			2355633000.0					9.646492818295915	9.646492818295915	30.02747978828535	30.02747978828535	4.020979020979029	-10.357841347469254	38.67934932316548	16.541958041958058	-12.215682694938508	85.85869864633096	98.42465034965045	-72.68331203488412	510.85925694566924	-47.73264742939362	-138.59769156030512	171.2863170138975	5년	85.85869864633096	510.85925694566924	171.2863170138975	3.031256024905864	2.5524006407767605	4.1854777760002655			3년	2.5524006407767605	안심	5년	38.67934932316548	0.7763181210057628	헐값	N	FCF<=0	136249000.0	14.3282070807782	33.73340020138438		-1.392890844167316	179.3316000366211	159.19494987487792	Y	Y	강한 상승추세	
TRGP	Targa Resources Corp.	0001389170	S&P 500	제외	PEG=헐값, PEGY=보통	291.3800048828125	8.49	2025	1.7	166100000.0		166100000.0	5632400000.0		3067900000.0					-25.201936376210234	-25.201936376210234	37.288803446292434	37.288803446292434	47.90940766550523			104.31881533101046			885.6667421602788			203.9559088882839			1년	104.31881533101046	885.6667421602788	203.9559088882839	1.3304102862125444			2.6929460580912865	0.9242041365104439	1년	1.3304102862125444	보통	1년	47.90940766550523	0.7783190246607948	헐값	N	주당순현금<=0	216900000.0	6.9127451923394645	23.19465568212793		-3.59635901313069	278.59340087890627	239.19544990539552	Y	Y	강한 상승추세	
TXT	TEXTRON INC	0000217346	S&P 500	제외	PEG=헐값, PEGY=양호	79.88999938964844	5.11	2025	10.0	1262000000.0		1262000000.0			7875000000.0	10254000000.0	43.43868939268575	56.561310607314255	0.7679929783499122	7.001076235174028	7.001076235174028	14.263977133948025	14.263977133948025	18.013856812933028			44.527713625866056			227.53661662817555			184.81238999440785			1년	44.527713625866056	227.53661662817555	184.81238999440785	1.9639583371358975					1년	1.9639583371358973	양호	1년	18.013856812933028	0.7918336024358326	헐값	N	FCF<=0	180258000.0	-12.526007020746977	-14.345446268880746		-20.720450480291486	87.4281999206543	90.04334995269775	N	N	주의	
ADBE	ADOBE INC.	0000796343	S&P 500	보류	PEG=헐값, PEGY=보통	254.86000061035156	16.7	2025	0.010201679328938982	5431000000.0	1164000000.0	6595000000.0	1000000000.0	0.0	11623000000.0	17873000000.0	39.40534309736913	60.59465690263086	0.650310524254462	13.103044496487119	13.103044496487119	14.476464437955956	14.476464437955956	35.11326860841424	18.24924207604421	29.19321269200992	78.72653721682848	44.99848415208843	66.88642538401984	1314.7331715210355	751.4746853398767	1117.0033039131313	415.8648545760207	194.8578370635672	338.2811352264285	3년	44.99848415208843	751.4746853398767	194.8578370635672	2.426246438712803	1.2613192836987583	2.0173029468970474	23.072599531615925	9.053048527175902	3년	1.2613192836987583	보통	3년	18.249242076044215	0.7932638724190751	헐값	Y		427000000.0	9.203871487758718	-6.88684791684715		-30.64278927315326	250.9069985961914	267.2824499511719	Y	N	중립/개선	
SW	Smurfit Westrock plc	0002005951	S&P 500	제외	PEG=헐값, PEGY=보통	42.20000076293945	1.33	2025	4.09	892000000.0		892000000.0	13223000000.0		18327000000.0	26803000000.0	40.60935076445823	59.39064923554177	0.6837667425288214	-23.44296577946768	-23.44296577946768	49.3556139416595	49.3556139416595	62.195121951219534			132.89024390243907			176.74402439024396			318.8246947745619			1년	132.89024390243907	176.74402439024396	318.8246947745619	1.3430107875787232					1년	1.3430107875787232	보통	1년	62.195121951219534	0.7935608516109955	헐값	N	주당순현금<=0 | FCF<=0	526000000.0	8.344030645289081	0.0		-18.59567778023473	46.57220008850098	42.510400009155276	N	N	중립/개선	
CLX	CLOROX CO /DE/	0000021076	S&P 500	제외	PEG=헐값, PEGY=양호	89.62000274658203	6.52	2025	5.46	167000000.0		167000000.0	2484000000.0	202000000.0	321000000.0	5079000000.0	5.944444444444445	94.05555555555556	0.06320141760189013	-18.64233588388166	-20.26760642705995	16.60465316418155	16.853927787368402	189.77777777777774	20.46094189649925	22.02423977466943	388.0555555555555	49.4218837929985	52.54847954933886	2530.122222222222	322.2306823303502	342.61608666168934	2723.166865299741	259.5521897511207	282.2986790465772	3년	49.4218837929985	322.2306823303502	259.5521897511207	11.758016011977395	1.5610649400623542	1.655213120256953	6.12292516514197	6.8320966051024685	3년	1.5610649400623542	양호	3년	20.46094189649925	0.8115292662564332	헐값	N	주당순현금<=0	124287000.0	-9.766408556229255	-20.089164933357594		-29.521862090598038	99.58760040283204	103.08270023345948	N	N	주의	단기위험부채 존재
VRT	Vertiv Holdings Co	0001674101	S&P 500	제외	PEG=헐값, PEGY=보통	262.8900146484375	3.41	2025	9.0	1728400000.0		1728400000.0	2892100000.0	20900000.0	3941300000.0	8271100000.0	32.27293570469359	67.7270642953064	0.4765146111158129	-2.9788598174833623	-3.032360006694845	77.96741186683896	77.98310107188631	166.40624999999997		95.30556878636357	341.31249999999994		199.11113757272713	1163.875625		678.9689791229996	342.7234052827945		158.2711176881267	5년	199.11113757272713	678.9689791229996	158.2711176881267	2.2497380097671758		1.3378098142401817	4.8477826951533824	1.8440345486823897	5년	1.3378098142401815	보통	5년	95.30556878636357	0.8180782388656667	헐값	N	주당순현금<=0	390652824.0	-6.43817909835972	-2.0017874158280935		-30.125187525779097	281.55359954833983	258.49390029907227	N	Y	중립/개선	단기위험부채 존재
DE	DEERE & CO	0000315189	S&P 500	제외	PEG=헐값, PEGY=안심	677.2100219726562	18.5	2025	95.0	8276000000.0		8276000000.0	32888000000.0		25950000000.0	79989000000.0	24.495228386146746	75.50477161385325	0.3244196076960582	-90.5852042694148	-90.5852042694148	41.50244466173357	41.50244466173357	-27.790788446526154	-7.374709270152346	50.57565655156788	-47.08157689305231	-6.249418540304692	109.65131310313576	-871.0091725214677	-115.6142429956368	2028.5492924080115	-228.61728921026457	-117.07213999268087	199.54507857090138	5년	109.65131310313576	2028.5492924080115	199.54507857090138	1.61940367853662	2.111328415567786	3.5076405194461415	22.447552447552447	3.3147106095926637	3년	2.111328415567786	안심	5년	50.57565655156788	0.8206012040479772	헐값	N	주당순현금<=0	271700000.0	20.91956731244453	14.000748606432033		-3.029908686294658	621.174599609375	570.2304992675781	Y	Y	강한 상승추세	
RL	RALPH LAUREN CORP	0001037038	S&P 500	제외	PEG=헐값, PEGY=보통	335.6099853515625	15.11	2026	1.15	1988000000.0	77000000.0	2065000000.0	1238900000.0	0.0	2841400000.0	4898100000.0	36.71296595387299	63.28703404612701	0.5801024887201159	13.260032102728731	13.260032102728731	21.333550843734862	21.333550843734862	30.146425495262708	25.853438682213326		68.79285099052541	60.20687736442665		1039.459978466839	909.7259169764867		209.72260178074572	171.0664034693482		3년	60.20687736442665	909.7259169764867	171.0664034693482	1.4670049878008795	1.2657732826574235				3년	1.2657732826574235	보통	3년	25.853438682213326	0.8251726629468419	헐값	N	FCF<=0	62300000.0	-10.843983773465416	-0.9854039637646195		-18.983709027987327	376.43280029296875	366.3380497741699	N	N	주의	
PCAR	PACCAR INC	0000075362	S&P 500	보류	PEG=헐값, PEGY=보통	121.87999725341797	4.51	2025	1.14	3435900000.0		3435900000.0			19264000000.0					6.5222095671981775	6.5222095671981775	25.578223433751617	25.578223433751617	-42.911392405063296	-7.777639865294905	30.977934086980994	-77.32278481012659	-7.05527973058981	70.45586817396199	-348.7257594936709	-31.81931158496004	317.75596546456853	-386.1222246080182	-126.1070826239026	160.71215345031317	5년	70.45586817396199	317.75596546456853	160.71215345031317	-1.6330841941877818	-0.25950355318799195	1.2556749365399607	6.971905846621109	5.720303580352756	5년	1.2556749365399609	보통	5년	30.977934086980994	0.8256917121048851	헐값	Y		526800000.0	6.921659388991164	3.1831987973304887		-11.815359718675678	127.88359970092773	120.08644985198974	N	Y	상승전환	
PFG	PRINCIPAL FINANCIAL GROUP INC	0001126328	S&P 500	제외	PEG=헐값, PEGY=보통	114.0199966430664	5.25	2025	2.92	4431000000.0		4431000000.0	3926300000.0	27700000.0	11883900000.0	328985200000.0	3.486352972446021	96.51364702755399	0.036122901577335394	2.236154186973859	2.113424900310146	21.292160467827152	21.315537474810714	-21.40718562874251	-34.694566556534845	25.297404962923697	-34.31437125748502	-60.88913311306969	59.09480992584739	-180.15044910179637	-319.6679488436159	310.2477521106988	-257.99899526900344	-380.3613035039104	172.09942224600573	5년	59.09480992584739	310.2477521106988	172.09942224600573	-0.86826255403612	-1.492312938583513	1.3252485582926503			5년	1.3252485582926503	보통	5년	25.297404962923697	0.84167370127621	헐값	N	FCF<=0	225700000.0	4.4043563766292815	29.274377084135274		-3.7887143804137935	112.47939971923829	99.19570003509521	Y	Y	강한 상승추세	단기위험부채 존재
BIIB	BIOGEN INC.	0000875045	S&P 500	제외	PEG=헐값, PEGY=판정불가	210.72999572753906	8.79	2025		2913700000.0	1134989000.0	4048689000.0	6286800000.0		14799400000.0	11182700000.0	56.95998398897702	43.04001601102298	1.3234192100297781	-15.214894629503739	-15.214894629503739	25.704765683395088	25.704765683395088	-21.37745974955278	-25.041283434599325	30.526946389639487	-34.25491949910556	-41.58256686919865	69.55389277927898	-301.1007423971379	-365.51076278025613	611.3787175298622	-242.88461467367117	-273.4498031560913	190.1242015495209	5년	69.55389277927898	611.3787175298622	190.1242015495209				13.941536369816452	6.615829095276024	판정불가		판정불가	5년	30.526946389639487	0.8420352745179585	헐값	N	주당순현금<=0	147100000.0	8.489492261137377	10.631037617706273		-6.137810839809765	209.33839965820312	191.47895027160644	Y	Y	강한 상승추세	
BA	BOEING CO	0000012927	S&P 500	제외	PEG=헐값, PEGY=보통	206.4199981689453	2.48	2025	3.9821723054528406	10921000000.0	18479000000.0	29400000000.0	53848000000.0	6109000000.0	5454000000.0	162778000000.0	3.2419515906605163	96.75804840933948	0.03350575630613473	-32.07136298045389	-40.08526826708645	96.16587143120935	99.39728485323862	113.50762527233115			235.5152505446623			584.0778213507625			182.95602486766887			1년	235.5152505446623	584.0778213507625	182.95602486766887	1.221741100342738			-2.462285189557917	-1.1928520547426076	1년	1.221741100342738	보통	1년	113.50762527233115	0.847219481514877	헐값	N	주당순현금<=0 | FCF<=0	762300000.0	-1.2344506368682673	-3.5871124314013736		-18.136028885375545	219.11499908447266	220.4557501220703	N	N	주의	단기위험부채 존재
DLTR	DOLLAR TREE, INC.	0000935703	S&P 500	제외	PEG=헐값, PEGY=판정불가	118.38999938964844	6.22	2025		717800000.0	0.0	717800000.0	2431700000.0	0.0	3754900000.0	9711300000.0	27.883887065393353	72.11611293460665	0.3866526623624026	-8.30780416868638	-8.30780416868638	20.369421793944504	20.369421793944504	136.22597553873032	-4.80407167954946	23.90309540249904	280.95195107746065	-1.1081433590989196	56.30619080499808	1747.5211357018052	-6.89265169359528	350.22450680708806	1376.0715809705475	-105.82198811481534	195.82271189513185	5년	56.30619080499808	350.22450680708806	195.82271189513185				9.05186621425109	7.645803075358872	판정불가		판정불가	5년	23.90309540249904	0.8521666943526864	헐값	N	주당순현금<=0	206300000.0	7.315083137371348	4.53863080763659		-16.160333007035945	127.22759887695312	117.31789966583251	N	Y	상승전환	
EBAY	EBAY INC	0001065088	S&P 500	제외	PEG=헐값, PEGY=보통	103.51000213623047	4.34	2025	1.19	1867000000.0	2625000000.0	4492000000.0	6973000000.0	750000000.0	4615000000.0	12995000000.0	26.20670073821692	73.79329926178308	0.3551365909965371	-5.301282051282051	-6.903846153846154	25.07172446716878	25.440978868681253	10.15228426395939		29.104348914704946	28.80456852791878		66.70869782940989	125.0118274111675		289.5157485796389	20.772702957380183		179.6983311802125	5년	66.70869782940989	289.5157485796389	179.6983311802125	0.4523934633539874		1.2083073485581397	3.0641025641025643	2.960199498469598	5년	1.2083073485581397	보통	5년	29.104348914704946	0.8614425473198376	헐값	N	주당순현금<=0	468000000.0	-2.7253091119961548	12.903579615702544		-12.987556377897459	109.11799987792969	98.88584999084473	N	Y	중립/개선	단기위험부채 존재
AMP	AMERIPRISE FINANCIAL INC	0000820027	S&P 500	제외	PEG=헐값, PEGY=보통	551.8800048828125	36.28	2025	1.22	2318000000.0		2318000000.0	2249000000.0		6549000000.0	184355000000.0	3.4305200519632906	96.5694799480367	0.03552385343494888	0.7026476578411406	0.7026476578411406	15.192319658902187	15.192319658902187	9.773071104387304	17.245791047295555	90.92651621947032	28.046142208774608	42.99158209459111	190.35303243894063	1017.5140393343428	1559.7345983917655	6906.008016884766	84.37233281361662	182.62205272737924	1151.3604326634745	3년	42.99158209459111	1559.7345983917655	182.62205272737924	0.723593983749923	1.2154688330610015	6.0653355306064505			3년	1.2154688330610015	보통	3년	17.245791047295555	0.8809291274165479	헐값	N	FCF<=0	98200000.0	22.471264227698427	22.452240318901207		-3.2943134566221777	539.6062036132812	488.6490010070801	Y	Y	강한 상승추세	
RJF	RAYMOND JAMES FINANCIAL INC	0000720005	S&P 500	보류	PEG=헐값, PEGY=보통	175.47000122070312	10.3	2025	1.22	11389000000.0		11389000000.0	1190836000.0		12503000000.0	75726000000.0	14.171077536864296	85.8289224631357	0.1651084171882841	49.36187802516941	49.36187802516941	12.243507106362497	12.243507106362497	6.185567010309293	13.848488040155704	12.055643508520287	20.871134020618584	36.19697608031141	32.611287017040574	214.97268041237143	372.82885362720754	335.89625627551794	22.51249724560185	112.4744121693314	91.42659938380775	3년	36.19697608031141	372.82885362720754	112.47441216933139	0.6048566759487479	1.230732984368929	1.0843007149170052	10.871248789932237	6.195502772156802	3년	1.230732984368929	보통	3년	13.848488040155704	0.8841042481215761	헐값	Y		206600000.0	16.52168503078204	18.30501116220693		-3.1515573936996777	173.38119995117188	160.53615020751954	Y	Y	강한 상승추세	
TROW	PRICE T ROWE GROUP INC	0001113169	S&P 500	양호	PEG=헐값, PEGY=양호	107.73999786376953	9.24	2025	4.75	3378200000.0		3378200000.0			10860100000.0	2288600000.0	82.59447702054196	17.405522979458045	4.745302805208424	15.334543803903768	15.334543803903768	10.000590266219238	10.000590266219238	0.9836065573770475	11.309540391033558	22.643785680119024	10.467213114754095	31.119080782067115	53.78757136023805	96.71704918032785	287.54030642630016	496.99715936859957	-10.231064509003895	166.88352712785166	361.2930844838342	3년	31.119080782067115	287.54030642630016	166.88352712785166	0.5733268141926047	1.6058592506565046	2.739216881292683	6.71448025419882	6.232114708865002	3년	1.6058592506565046	양호	3년	11.309540391033558	0.8842614218123237	헐값	Y		220300000.0	1.230853664227638	20.608973083346328		-11.45628074165389	114.3254005432129	103.74359981536865	N	Y	상승전환	
FIX	COMFORT SYSTEMS USA INC	0001035983	S&P 500	양호	PEG=헐값, PEGY=양호	1615.1400146484375	28.88	2025	22.0	981898000.0		981898000.0	139063000.0	500000.0	2448774000.0	3992395000.0	38.0175399838135	61.9824600161865	0.6133596500346283	23.80015813401858	23.786039025216727	55.10179558567933	55.10228447448826	97.80821917808218	61.78475841689988	89.88133018013103	204.11643835616437	132.06951683379975	188.26266036026206	5894.882739726027	3814.167646160137	5437.025631204368	264.97657703125805	136.1508978520574	236.6287493278302	3년	132.06951683379975	3814.167646160137	136.1508978520574	2.174306987724003	1.5205449754649212	2.03044799159337	29.126394261994182	1.803335562108158	3년	1.5205449754649212	양호	3년	61.78475841689988	0.8918347663330416	헐값	Y		35413000.0	-6.068111696878741	14.767080428823043		-21.842139306568377	1700.1419921875	1498.9195465087892	N	Y	중립/개선	단기위험부채 존재
GOOG	Alphabet Inc.	0001652044	S&P 500	양호	PEG=헐값, PEGY=양호	328.3800048828125	10.81	2025	26.0	30708000000.0	96135000000.0	126843000000.0	46547000000.0	0.0	415265000000.0	180016000000.0	69.75949173583568	30.24050826416432	2.306822726868723	6.565494685200327	6.565494685200327	29.77007494890029	29.77007494890029	34.45273631840798	33.33790189024399	-28.686657181224508	77.40547263681596	75.17580378048798	-48.873314362449015	836.7531592039805	812.6504388670751	-528.3205282580739	154.81245714171573	147.47257043165035	-260.8869359894837	3년	75.17580378048798	812.6504388670751	147.47257043165035	2.0306544885148536	1.9932063319321922	-0.09024690686322082	5.99067865903516	1.8243128600881244	3년	1.993206331932192	양호	3년	33.33790189024399	0.8929798595877508	헐값	Y		12230000000.0	-7.058757478888089	6.471691390336742		-17.707498533735333	346.08599975585935	335.21284942626954	N	N	판정불가	
FOX	Fox Corp	0001754301	S&P 500	제외	PEG=헐값, PEGY=안심	57.099998474121094	3.84	2026	100.0	4205000000.0		4205000000.0	6606000000.0	0.0	11628000000.0					-5.469248291571754	-5.469248291571754	16.294074678565845	16.294074678565845	-21.792260692464364	18.120452257112785	54.94321165488696	-35.08452138492873	44.74090451422557	118.38642330977392	-134.7245621181263	171.80507333462617	454.60386550953183	-335.9449487186699	200.8845497824169	696.153901327279	3년	44.74090451422557	171.80507333462617	200.8845497824169	4.799765611140506	7.24928874988496	9.509175249988765	3.343963553530752	5.8563286215258055	3년	7.24928874988496	안심	3년	18.120452257112785	0.8992090510417567	헐값	N	주당순현금<=0	439000000.0	-6.439456634085583	8.205415915853731		-15.732000186005891	54.767000122070314	56.95330003738403	Y	Y	중립/개선	
GOOGL	Alphabet Inc.	0001652044	S&P 500	양호	PEG=헐값, PEGY=양호	330.6499938964844	10.81	2025	26.0	30708000000.0	96135000000.0	126843000000.0	46547000000.0	0.0	415265000000.0	180016000000.0	69.75949173583568	30.24050826416432	2.306822726868723	6.565494685200327	6.565494685200327	29.980064681894913	29.980064681894913	34.45273631840798	33.33790189024399	-28.686657181224508	77.40547263681596	75.17580378048798	-48.873314362449015	836.7531592039805	812.6504388670751	-528.3205282580739	153.06311043391108	145.7736137510679	-259.7824098020318	3년	75.17580378048798	812.6504388670751	145.7736137510679	2.0164311504943364	1.979245292491927	-0.08961478935190528	5.99067865903516	1.811788528540135	3년	1.979245292491927	양호	3년	33.33790189024399	0.8992786882808688	헐값	Y		12230000000.0	-7.2198245226437034	7.1104570202388695		-17.875416545011724	348.12879821777346	336.40059936523437	N	N	판정불가	
BR	BROADRIDGE FINANCIAL SOLUTIONS, INC.	0001383312	S&P 500	제외	PEG=헐값, PEGY=보통	168.10000610351562	9.6	2026	2.59	402900000.0	900000.0	403800000.0	3254600000.0	400000000.0	2840500000.0	6104700000.0	31.754460492778254	68.24553950722175	0.46529723000311235	-24.345004269854826	-27.760888129803586	20.04635524722609	20.40217648263742	35.21126760563381	21.898526092374706	34.26713142263553	78.92253521126761	52.297052184749404	77.03426284527106	757.6563380281691	502.0517009735943	739.5289233146021	350.71761482364604	198.6625120432369	339.93390628385924	3년	52.297052184749404	502.0517009735943	198.66251204323686	1.8856927925022458	1.221594937851024	1.8385951445081585	10.917164816396243	6.494446412853475	3년	1.221594937851024	보통	3년	21.898526092374702	0.915420296446638	헐값	N	주당순현금<=0	117100000.0	14.791042953427969	-8.20226595356769		-34.03186513151828	162.30459991455078	176.5543000793457	Y	N	중립/개선	단기위험부채 존재
SMCI	Super Micro Computer, Inc.	0001375365	S&P 500	제외	PEG=헐값, PEGY=판정불가	38.93000030517578	3.26	2026		7521474000.0	23110000.0	7544584000.0	120179000.0	170123000.0	14479452000.0	15465851000.0	48.352998799177286	51.647001200822714	0.9362208390601978	10.646628369193	10.402671263128308	8.675880961957908	8.750714430075913	94.04761904761905	-34.17506232770905	9.298515353860616	196.5952380952381	-59.8501246554181	27.09703070772123	640.9004761904762	-195.11140637666298	88.3363201071712	1546.2894198982776	-601.1852166636709	126.91065865577914	5년	27.09703070772123	88.3363201071712	126.91065865577914				-9.997712763211482	-25.681255291134114	판정불가		판정불가	5년	9.298515353860616	0.9330393758349608	헐값	N	FCF<=0	697348000.0	33.00307378317741	22.459890481352616		-33.6571232060099	32.11479984283447	31.421049919128418	Y	Y	강한 상승추세	단기위험부채 존재
BBY	BEST BUY CO INC	0000764478	S&P 500	보류	PEG=헐값, PEGY=보통	88.02999877929688	5.04	2026	4.3	1738000000.0	0.0	1738000000.0	1144000000.0	110000000.0	2964000000.0					2.8005657708628005	2.281942479962282	16.910601787387712	17.01350323399496	17.757009345794387	-7.119053945313414		44.014018691588774	-5.738107890626829		221.83065420560743	-28.920063768759217		151.99438518881152	-132.85250956468343		1년	44.014018691588774	221.83065420560743	151.99438518881152	1.3043302434242745	-0.16670334863043876		5.931164545025931	6.73766287319413	1년	1.3043302434242745	보통	1년	17.757009345794387	0.9523338901318346	헐값	Y		212100000.0	16.380221429964802	39.39825281432834		-2.4814422810124026	84.46240005493163	71.61155012130737	Y	Y	강한 상승추세	단기위험부채 존재
DG	DOLLAR GENERAL CORP	0000029534	S&P 500	제외	PEG=헐값, PEGY=보통	124.56999969482422	6.85	2025	1.85	1138501000.0		1138501000.0	4172068000.0		8511962000.0	22451768000.0	27.490105358753613	72.50989464124639	0.3791221252598014	-13.738109902451837	-13.738109902451837	20.190964904711834	20.190964904711834	34.050880626223076	-13.760458357934102	21.193089282505095	76.60176125244615	-19.020916715868204	50.88617856501019	524.7220645792561	-130.2932795036972	348.5703231703198	321.2266724450011	-204.5944286930192	179.81883601529992	5년	50.88617856501019	348.5703231703198	179.81883601529992	1.7780666152237787	-0.589890498752471	1.141257458038951			5년	1.141257458038951	보통	5년	21.193089282505095	0.952714568204999	헐값	N	주당순현금<=0 | FCF<=0	220814000.0	13.286650356488261	-13.994750866866534		-20.270100284735015	123.12279998779297	126.34574954986573	Y	N	중립/개선	
XYZ	Block, Inc.	0001512673	S&P 500	보류	PEG=헐값, PEGY=판정불가	79.4000015258789	2.1	2025		6564092000.0	1081851000.0	7645943000.0	4109829000.0	455000.0	22204278000.0	17380005000.0	56.093672329495014	43.906327670504986	1.2775760421242686	5.677421737273577	5.676691210234443	35.105990375526346	35.10633824554498	-53.94736842105262		36.69521853880895	-99.39473684210525		81.8904370776179	-208.72894736842102		171.96991786299762	-362.8828001979192		116.58679415383553	5년	81.8904370776179	171.96991786299762	116.58679415383553				3.8929480860191576	4.90295719295462	판정불가		판정불가	5년	36.69521853880895	0.9566911377949192	헐값	Y		622838000.0	19.165548249825058	22.853171747086563		-6.423096106365178	80.4093992614746	68.98729976654053	N	Y	상승전환	단기위험부채 존재
JPM	JPMORGAN CHASE & CO	0000019617	S&P 500	제외	PEG=헐값, PEGY=보통	354.7099914550781	20.02	2025	1.7	278793000000.0		278793000000.0	267889000000.0	64776000000.0	362438000000.0	4062462000000.0	8.19087437004226	91.80912562995775	0.08921634220824712	3.9201869494876864	-19.367966924321408	17.5219682570225	18.685212706263712	1.3670886075949347	18.30758541328956	17.65495483894246	11.23417721518987	45.115170826579124	43.80990967788492	224.9082278481012	903.205719948114	877.074391751256	-36.59377145665081	154.63216196505124	147.2652061909376	3년	45.115170826579124	903.205719948114	154.63216196505124	0.1750424702639042	1.141857188633524	1.104610769465658			3년	1.141857188633524	보통	3년	18.307585413289562	0.9570878879692798	헐값	N	FCF<=0	2781500000.0	14.740885892259548	23.368810868384983		-2.867079640367576	350.7707995605469	318.8695007324219	Y	Y	강한 상승추세	단기위험부채 존재
MPC	Marathon Petroleum Corp	0001510295	S&P 500	보류	PEG=헐값, PEGY=보통	399.44000244140625	13.22	2025	1.01	3672000000.0	0.0	3672000000.0	3292000000.0	0.0	17314000000.0	59869000000.0	22.43240091730044	77.56759908269956	0.2891980824800815	1.2418300653594772	1.2418300653594772	30.120890497431677	30.120890497431677	31.150793650793656	-22.2431402744799		70.80158730158732	-35.9862805489598		935.9969841269844	-475.73862885724856		134.32730282548144	-219.1013984451982		1년	70.80158730158732	935.9969841269844	134.32730282548144	1.067723866050239	-0.7049306950699344		15.57843137254902	3.9000679144133077	1년	1.067723866050239	보통	1년	31.150793650793656	0.9669381408092717	헐값	Y		306000000.0	51.7168050339631	76.166531165339		0.0	327.65599822998047	243.683249130249	Y	Y	강한 상승추세	
JCI	Johnson Controls International plc	0000833444	S&P 500	제외	PEG=헐값, PEGY=보통	144.9199981689453	5.03	2025	1.09	379000000.0	100000000.0	479000000.0	9195000000.0	723000000.0	12927000000.0	8245000000.0	61.05705648970338	38.942943510296615	1.5678593086719224	-13.325179636141263	-14.430515211741325	31.46027391751224	31.680022540891972	99.60317460317462	31.9394360396549	43.04007850240077	207.70634920634924	72.3788720793098	94.58015700480153	1044.7629365079367	364.0657265589283	475.7381897341517	620.923923342843	151.21841785735225	228.27642543822287	3년	72.3788720793098	364.0657265589283	151.21841785735225	3.2006451967706537	1.0498775734202745	1.4027239120075154			3년	1.0498775734202743	보통	3년	31.9394360396549	0.9849977901442044	헐값	N	주당순현금<=0 | FCF<=0	654100000.0	3.9896652800249566	7.3560947267937715		-6.358229960686634	144.8147994995117	135.02929988861084	Y	Y	강한 상승추세	단기위험부채 존재
FOXA	Fox Corp	0001754301	S&P 500	제외	PEG=헐값, PEGY=안심	63.86000061035156	3.84	2026	89.0	4205000000.0		4205000000.0	6606000000.0	0.0	11628000000.0					-5.469248291571754	-5.469248291571754	18.054491901542534	18.054491901542534	-21.792260692464364	18.120452257112785	54.94321165488696	-35.08452138492873	44.74090451422557	118.38642330977392	-134.7245621181263	171.80507333462617	454.60386550953183	-310.9686201542061	169.0339362552041	611.8757612975055	3년	44.74090451422557	171.80507333462617	169.0339362552041	3.7224940847985626	5.933174571806181	7.972709087569991	3.343963553530752	5.236397622252298	3년	5.933174571806181	안심	3년	18.120452257112785	0.9963598946298728	헐값	N	주당순현금<=0	439000000.0	-6.088234396541825	10.656734748647079		-16.095125347212125	61.28239990234375	63.43289991378784	Y	Y	중립/개선	
C	CITIGROUP INC	0000831001	S&P 500	제외	PEG=헐값, PEGY=불리(<1)	137.8000030517578	6.99	2025	1.96	188105000000.0		188105000000.0	315827000000.0	51878000000.0	212291000000.0	2443380000000.0	7.993874241199306	92.00612575880069	0.08688415228085684	-68.18749666328546	-95.88382894666596	29.46888407940533	33.43116337602629	17.67676767676767	-0.047641741369786	29.48968947668986	43.85353535353534	8.404716517260429	67.47937895337972	306.53621212121203	58.7489684556504	471.6808588841243	122.45007643873329	-57.36649698506593	242.2937942221674	5년	67.47937895337972	471.6808588841243	242.2937942221674	0.6663559985459732	0.06489415253992219	1.0672168444501378	-39.58784902034061	-28.72848196198615	3년	0.0648941525399221	불리(<1)	5년	29.48968947668986	0.9992944857116596	헐값	N	주당순현금<=0 | FCF<=0	1873100000.0	3.313838661820956	26.202033126342595		-5.402619081562721	135.09280044555663	123.5622998046875	Y	Y	강한 상승추세	단기위험부채 존재
LMT	LOCKHEED MARTIN CORP	0000936468	S&P 500	제외	PEG=보통, PEGY=불리(<1)	524.4600219726562	21.49	2025	2.57	4121000000.0	3000000.0	4124000000.0	20532000000.0	0.0	6721000000.0	53119000000.0	11.231617647058824	88.76838235294117	0.1265272313108304	-70.26980728051392	-70.26980728051392	27.674724488281534	27.674724488281534	-3.6754818467055146	-0.2623064045820689	27.492062613344558	1.1490363065889708	7.975387190835862	63.484125226689116	24.69279022859698	171.39107073106265	1364.2738511215491	-95.29176883002069	-67.3204699022801	160.12923654125123	5년	63.484125226689116	1364.2738511215491	160.12923654125123	-0.03994554118049541	0.08338632590163962	1.0862642056680243	32.61241970021413	6.218285156902663	3년	0.0833863259016396	불리(<1)	5년	27.492062613344558	1.0066441677187332	보통	N	주당순현금<=0	233500000.0	-0.10666213434941119	-19.24799519139142		-22.497412071539657	555.9515991210938	557.4398013305664	N	N	주의	
DXCM	DEXCOM INC	0001093557	S&P 500	보류	PEG=보통, PEGY=판정불가	83.87999725341797	2.09	2025		917700000.0	1730000000.0	2647700000.0	4600000.0		2746000000.0	3593900000.0	43.31298600924305	56.68701399075695	0.7640724561061799	6.518125770653514	6.518125770653514	37.01524951328443	37.01524951328443	47.183098591549296	36.597938323358605	-16.208656508885298	102.86619718309859	81.69587664671721	-23.917313017770596	214.99035211267605	170.74438219163895	-49.987184207140544	156.307056690939	103.55792534874148	-159.59368841670255	3년	81.69587664671721	170.74438219163895	103.55792534874149				2.656473489519112	3.1669928189117402	판정불가		판정불가	3년	36.597938323358605	1.011402587387265	보통	Y		405500000.0	12.184032391816825	26.496758168779564		-9.161792744192688	81.7882000732422	71.14105001449585	Y	Y	강한 상승추세	
IEX	IDEX CORP /DE/	0000832101	S&P 500	제외	PEG=보통, PEGY=보통	225.10000610351562	6.41	2025	1.29	580000000.0		580000000.0	1820100000.0	0.0	4027500000.0	2900800000.0	58.131143281901764	41.868856718098236	1.3884100937672366	-16.46879150066401	-16.46879150066401	37.68623987584706	37.68623987584706	-3.4638554216867403	-5.969686551893727	37.169267564172536	1.5722891566265194	-3.439373103787453	82.83853512834507	10.07837349397599	-22.046381595277573	530.9950101726919	-95.52271291839001	-109.79403864837712	135.89293459570402	5년	82.83853512834507	530.9950101726919	135.89293459570402	-0.05768300124523578	-0.12417493937602718	1.0205121999666755	8.191235059760956	3.638931513841938	5년	1.0205121999666755	보통	5년	37.169267564172536	1.0139085956101226	보통	N	주당순현금<=0	75300000.0	4.941727787186778	15.744555249206371		-6.411108388089648	228.70820220947266	206.5380004119873	N	Y	상승전환	
PEG	PUBLIC SERVICE ENTERPRISE GROUP INC	0000788784	S&P 500	제외	PEG=보통, PEGY=보통	72.5999984741211	4.22	2025	3.61	132000000.0		132000000.0	21670000000.0	1529000000.0	13130000000.0					-42.99001996007984	-46.041916167664674	27.39099962895757	28.114197782413694	19.20903954802259	27.00332083242836	2.3351713791253115	46.91807909604518	62.506641664856716	13.170342758250623	197.99429378531067	263.77802782569535	55.578846439817625	172.71941865933712	263.33062447614424	-23.445113487668745	3년	62.506641664856716	263.77802782569535	263.33062447614424	0.8330853147797668	1.117641606627024	0.21704835382641963	0.05189620758483034	0.07148238109581943	3년	1.117641606627024	보통	3년	27.003320832428358	1.0143567081595255	보통	N	주당순현금<=0	501000000.0	-7.6218324760012335	-11.796864746060077		-16.503736604686793	76.87920013427734	79.85970008850097	N	N	주의	단기위험부채 존재
GILD	GILEAD SCIENCES, INC.	0000882095	S&P 500	제외	PEG=보통, PEGY=보통	145.64999389648438	6.78	2025	2.24	5412000000.0	68000000.0	5480000000.0	22129000000.0	2807000000.0	22703000000.0					-13.26613545816733	-15.502788844621515	23.438957131954528	23.768847011962517	1684.2105263157894	23.0389935777624	40.69054645685804	3376.9210526315787	54.5779871555248	89.88109291371607	22895.524736842104	370.0387529144582	609.393809954995	15619.550769850559	154.0602598153559	318.3960422189241	3년	54.5779871555248	370.0387529144582	154.0602598153559	71.95074920874518	1.0785033410594593	1.831589443812347	7.534661354581673	5.173128506916842	3년	1.078503341059459	보통	3년	23.0389935777624	1.0173602875855732	보통	N	주당순현금<=0	1255000000.0	19.89627088545125	-0.23973020788741195		-6.514768264735871	137.36579986572266	134.54654983520507	Y	Y	상승전환	단기위험부채 존재
HSIC	HENRY SCHEIN INC	0001000228	S&P 500	제외	PEG=보통, PEGY=판정불가	87.97000122070312	3.27	2025		80209000.0		80209000.0	363524000.0	764000000.0	3245000000.0	6421000000.0	33.57128077798469	66.4287192220153	0.5053729948606136	-2.327636739241161	-8.604446893240233	27.613956562674094	29.5334703712365	7.213114754098368	-5.784216280166666	26.993797939062315	22.926229508196734	-3.0684325603333313	62.48759587812463	74.96877049180333	-10.033774472289993	204.33443852146755	-14.779163974639175	-111.4059046641557	132.27740785046035	5년	62.48759587812463	204.33443852146755	132.27740785046035						판정불가		판정불가	5년	26.993797939062315	1.0229741152027505	보통	N	주당순현금<=0 | FCF<=0	121717876.0	11.566268767367527	14.993465647977944		-3.1807168943813413	87.58599990844726	79.25944999694825	Y	Y	강한 상승추세	단기위험부채 존재
LLY	ELI LILLY & Co	0000059478	S&P 500	제외	PEG=보통, PEGY=안심	1124.2099609375	22.95	2025	62.0	7268000000.0	154800000.0	7422800000.0	40868000000.0	1000000000.0	26535000000.0					-37.19025909040365	-38.30223507172245	50.605674075289926	50.654126187765684	95.98633646456018	49.27183319275166	27.579995682880675	200.47267292912036	107.04366638550331	63.65999136576135	4600.8478437233125	2456.652143547301	1460.996801844223	309.2516525904625	118.52253839653332	29.957646045572318	3년	107.04366638550331	2456.652143547301	118.52253839653332	3.121909535865718	2.198801522279973	1.7701571477855562			3년	2.198801522279973	안심	3년	49.27183319275166	1.027071062635731	보통	N	주당순현금<=0 | FCF<=0	899300000.0	-1.0700770199791765	12.438983311478236		-12.194417814863744	1187.70400390625	1064.1694036865235	N	Y	중립/개선	단기위험부채 존재
FFIV	F5, INC.	0001048695	S&P 500	보류	PEG=보통, PEGY=판정불가	404.6300048828125	11.8	2025		1344273000.0	0.0	1344273000.0	0.0	0.0	3591999000.0	1628778000.0	68.80200016204483	31.197999837955155	2.2053336918843454	22.906976347897213	22.906976347897213	32.349409197874174	32.349409197874174	23.560209424083766	30.824915840645065	56.42360566588014	55.62041884816753	70.14983168129012	121.34721133176028	656.3209424083769	827.7680138392235	1431.8970937147715	62.20273694197698	104.574056261339	253.87812975695473	3년	70.14983168129012	827.7680138392235	104.574056261339				15.445538818076477	3.81720056142395	판정불가		판정불가	3년	30.824915840645062	1.0494565294228295	보통	Y		58684000.0	3.546847572436196	39.758918291373945		-6.174930269394785	404.4384014892578	328.9180503845215	Y	Y	강한 상승추세	
XYL	Xylem Inc.	0001524472	S&P 500	제외	PEG=보통, PEGY=보통	107.63999938964844	3.92	2025	1.58	1479000000.0		1479000000.0	1408000000.0	534000000.0	11480000000.0	5885000000.0	66.10999136193493	33.89000863806507	1.9507221750212405	0.2909907620679197	-1.8975876455978427	27.384951180505233	27.943261998787317	7.397260273972603	25.99210498948732	36.73964338359592	23.294520547945204	60.48420997897464	81.97928676719184	91.3145205479452	237.0981031175806	321.358804127392	-15.166739998396206	120.26951362132942	198.54961533778726	3년	60.48420997897464	237.0981031175806	120.26951362132942	0.3278172823752677	1.0068341845033237	1.3992956617309897			3년	1.0068341845033235	보통	3년	25.99210498948732	1.05358727935199	보통	N	FCF<=0	243994000.0	0.4760591331147479	-12.02288456716577		-29.62405914524242	117.1920002746582	123.9322002029419	N	N	중립/개선	단기위험부채 존재
ICE	Intercontinental Exchange, Inc.	0001571949	S&P 500	제외	PEG=보통, PEGY=불리(<1)	156.5	5.77	2025	1.32	837000000.0	16000000.0	853000000.0	18609000000.0	1035000000.0	28915000000.0	107896000000.0	21.134996454963417	78.86500354503659	0.26798954548824794	-30.88	-32.68	32.47487001733102	32.78682842287695	20.711297071129692	30.77318536913174	44.058395353098234	49.922594142259385	70.04637073826348	96.61679070619647	288.05336820083664	404.16755915978024	557.4788823747535	84.05966019222788	158.25403141200013	256.2165382586285	3년	70.04637073826348	404.16755915978024	158.25403141200013	0.6784106313396218	0.9882467690249234	1.3973387831538948	7.459130434782609	4.76621753021253	3년	0.9882467690249234	불리(<1)	3년	30.77318536913174	1.055297643964613	보통	N	주당순현금<=0	575000000.0	11.51489531409251	-0.3311707160309485		-11.165350725656465	149.29199966430664	155.26690048217773	Y	Y	상승전환	단기위험부채 존재
RMD	RESMED INC	0000943819	S&P 500	보류	PEG=보통, PEGY=보통	219.9499969482422	10.43	2026	1.19	1469234000.0		1469234000.0	1078611000.0	259950000.0	6585393000.0	2380557000.0	73.44891506198451	26.55108493801549	2.766324435835815	2.6745107973763127	0.8946896353403536	20.831781989536516	21.002426396251376	9.674027339642482	19.643471363879893	26.342032619655285	27.848054679284964	47.78694272775979	61.18406523931057	290.45521030494217	498.4178126505346	638.1498004460092	32.055109949963324	126.60505549714576	190.13403468979186	3년	47.78694272775979	498.4178126505346	126.60505549714576	0.52151214644524	1.000081096007256	1.3216359807089093	11.294069316828022	5.134834950457262	3년	1.000081096007256	보통	3년	19.643471363879893	1.0604939220590954	보통	Y		146054000.0	13.628138981179273	-8.411408478714899		-22.355973631726478	216.12760040283203	228.13875022888183	Y	N	중립/개선	단기위험부채 존재
PPG	PPG INDUSTRIES INC	0000079879	S&P 500	제외	PEG=보통, PEGY=보통	107.16000366210938	6.94	2025	2.7	2163000000.0	56000000.0	2219000000.0	6602000000.0	4000000.0	7941000000.0	14001000000.0	36.19086683073557	63.80913316926442	0.567173773301907	-19.299867899603697	-19.31748128577719	18.221883510333296	18.224421462231494	46.10526315789475	17.118429805639778	43.51289451505902	100.7105263157895	42.736859611279556	95.52578903011803	698.9310526315792	296.5938057022801	662.9489758690191	552.231269826574	176.77659160733353	518.6533717928854	3년	42.736859611279556	296.5938057022801	176.77659160733353	2.678387397780157	1.0876169740850945	2.536120620508442	5.121092029942757	4.778921103894587	3년	1.0876169740850945	보통	3년	17.118429805639778	1.0644599836095936	보통	N	주당순현금<=0	227100000.0	-5.14295609083254	2.9592638132868387		-18.546666425420987	115.24440032958984	111.5146000289917	N	N	판정불가	단기위험부채 존재
ORCL	ORACLE CORP	0001341439	S&P 500	제외	PEG=보통, PEGY=불리(<1)	161.6300048828125	5.83	2026	1.23	31289000000.0	605000000.0	31894000000.0	0.0	0.0	42508000000.0					10.945092656142759	10.945092656142759	25.846468649514538	25.846468649514538	34.331797235023046	23.834995611269672	5.082750468287545	77.16359447004609	56.169991222539345	18.66550093657509	449.86375576036875	327.4710488274044	108.81987046023278	178.32935851640661	102.60535725704676	-32.67347202078534	3년	56.169991222539345	327.4710488274044	102.60535725704676	1.3758861110680582	0.9697648042817043	0.2442403468686665	-8.128345916266301	-5.02898327705901	3년	0.9697648042817044	불리(<1)	3년	23.834995611269672	1.084391584166846	보통	N	FCF<=0	2914000000.0	-19.690942415621194	-0.9134320003532204		-50.77208555629821	140.39580032348633	168.1756498336792	Y	N	주의	
DLR	DIGITAL REALTY TRUST, INC.	0001297996	S&P 500	제외	PEG=보통, PEGY=불리(<1)	189.0800018310547	3.58	2025	2.58	3451647000.0		3451647000.0	2940210000.0		22925663000.0	24564494000.0	48.2745571887665	51.72544281123349	0.93328456104164	1.470449383283977	1.470449383283977	52.404902918371704	52.404902918371704	122.36024844720497	47.747457450932274	86.18839525621738	253.22049689440993	103.99491490186455	180.87679051243475	906.5293788819876	372.3017953486751	647.5389100345164	379.44223085632433	96.90173034868668	242.46821650292793	3년	103.99491490186455	372.3017953486751	96.90173034868667	2.3841328098979147	0.9603578033399783	1.6938948516799492			3년	0.9603578033399784	불리(<1)	3년	47.747457450932274	1.0975433188714951	보통	N	FCF<=0	347810000.0	4.591217561568173	4.701260128096441		-7.272817205981152	186.65240020751952	179.1702995300293	Y	Y	강한 상승추세	
NVDA	NVIDIA CORP	0001045810	S&P 500	보류	PEG=보통, PEGY=양호	223.6699981689453	4.9	2026	44.0	10605000000.0	34621000000.0	45226000000.0	7469000000.0	0.0	157293000000.0	49510000000.0	76.05934149891442	23.940658501085572	3.1769945465562515	1.5402219140083218	1.5402219140083218	45.33260739896673	45.33260739896673	66.66666666666669	41.21547046890686	-6.616661124591561	141.83333333333337	90.93094093781372	-4.7333222491831215	694.9833333333336	445.5616105952872	-23.1932790209973	210.71817365885158	99.20490644379576	-110.36941888088123	3년	90.93094093781372	445.5616105952872	99.20490644379576	2.441215562403082	1.879783126501768	0.8246456804569446	4.184517622583014	1.8708443943484592	3년	1.879783126501768	양호	3년	41.21547046890686	1.099892998508069	보통	Y		24514000000.0	11.60063876480093	20.233295509668814		-5.120050497567652	211.8043994140625	197.08705009460448	Y	Y	강한 상승추세	
CPRT	COPART INC	0000900075	S&P 500	제외	PEG=보통, PEGY=판정불가	32.029998779296875	1.59	2025		186319000.0		186319000.0	325386000.0	50370000.0	5987440000.0	883411000.0	87.14262614630996	12.85737385369003	6.777638041636339	-0.1422588620886838	-0.19378495299024207	20.23412430275821	20.26653064923718	13.571428571428584	-29.408420975097684	18.170645193625703	35.64285714285717	-50.31684195019537	44.841290387251405	56.6721428571429	-80.00377870081064	71.29765171572974	76.93457701214115	-349.77765142008815	122.5964858975086	5년	44.841290387251405	71.29765171572974	122.5964858975086				1.2590083708159985	3.930716262249063	판정불가		판정불가	5년	18.170645193625703	1.1135611359499982	보통	N	주당순현금<=0	977563000.0	2.1364737114327514	-9.901548616895905		-34.49898204533608	30.202200202941896	34.35800012588501	Y	N	중립/개선	단기위험부채 존재
MET	METLIFE INC	0001099219	S&P 500	제외	PEG=보통, PEGY=보통	95.69000244140625	4.71	2025	2.48	22032000000.0	3601000000.0	25633000000.0	23692000000.0	355000000.0	28398000000.0	716245000000.0	3.813639556136296	96.1863604438637	0.03964844431723782	2.882815980989158	2.355562156542403	19.70428587270002	19.816229359843703	-20.707070707070713	17.4111403260089	102.01265397268551	-32.914141414141426	43.3222806520178	212.52530794537103	-155.02560606060612	204.04794187100384	1000.9942004226975	-262.00815352213283	113.2385167363208	946.0802329225932	3년	43.3222806520178	204.04794187100384	113.23851673632079	-0.9250307686777949	1.0094829345511966	5.303041919294241			3년	1.0094829345511966	보통	3년	17.4111403260089	1.1317056495872129	보통	N	FCF<=0	673300000.0	11.099507132062403	36.77816422762685		-4.26212569975557	94.72079971313477	82.15634967803955	Y	Y	강한 상승추세	단기위험부채 존재
PLTR	Palantir Technologies Inc.	0001321655	S&P 500	보류	PEG=보통, PEGY=판정불가	169.52999877929688	0.63	2025		1423796000.0	5753247000.0	7177043000.0	0.0		7387268000.0	1412381000.0	83.9495757160314	16.0504242839686	5.230364894458365	2.7978525625907094	2.7978525625907094	264.654200343978	264.654200343978	231.57894736842107			471.65789473684214			297.14447368421054			75.2754532081658			1년	471.65789473684214	297.14447368421054	75.2754532081658				0.8188809670368397	0.48303012619194446	판정불가		판정불가	1년	231.57894736842107	1.142824956030814	보통	Y		2565197000.0	30.19736582291579	11.827171473554078		-18.172601229600083	152.11299926757812	151.40729984283448	Y	Y	강한 상승추세	
AMZN	AMAZON COM INC	0001018724	S&P 500	보류	PEG=보통, PEGY=판정불가	252.39999389648438	7.17	2025		86810000000.0	36219000000.0	123029000000.0	65648000000.0	455000000.0	411065000000.0					5.29980604045442	5.257781472245313	34.46306664658716	34.468927813701406	29.656419529837247		-12.638188158251552	67.8128390596745		-16.776376316503104	486.2180560578662		-120.28661818932726	92.63790325497254		-147.65713989623146	1년	67.8128390596745	486.2180560578662	92.63790325497254				12.263507896924356	4.858759189175706	판정불가		판정불가	1년	29.656419529837247	1.1620777960708963	보통	Y		10827000000.0	6.050417603564862	18.692688051216155		-11.1330175129559	254.68019927978514	239.44349990844728	N	Y	상승전환	단기위험부채 존재
CCI	CROWN CASTLE INC.	0001051470	S&P 500	제외	PEG=보통, PEGY=불리(<1)	75.18000030517578	1.01	2025	5.59	99000000.0		99000000.0	24337000000.0		7089221000.0	33153000000.0	17.616376094152457	82.38362390584754	0.21383346906765602	-55.464530892448515	-55.464530892448515	129.35102098774684	129.35102098774684	111.24721603563475	-36.03957271499858	-15.540072887114587	230.9944320712695	-63.579145429997155	-22.580145774229173	233.3043763919822	-64.21493688429713	-22.805947231971466	210.32771407945887	-185.41491969091712	-130.33512521866987	1년	230.9944320712695	233.3043763919822	210.32771407945887	0.9032570067359771	-0.2354026468633982	-0.07692303324035717			1년	0.9032570067359772	불리(<1)	1년	111.24721603563475	1.1627349033733398	보통	N	주당순현금<=0 | FCF<=0	437000000.0	-19.49025217772323	-14.138873456607248		-23.96075835268976	76.20660018920898	84.62024982452392	N	N	주의	
MSFT	MICROSOFT CORP	0000789019	S&P 500	보류	PEG=보통, PEGY=안심	491.6499938964844	17.95	2026	74.0	20935000000.0	55908000000.0	76843000000.0	31067000000.0	0.0	442387000000.0	315989000000.0	58.33346519404623	41.66653480595377	1.4000075952010989	6.141956259224473	6.141956259224473	27.04780153968022	27.04780153968022	31.5982404692082	22.855998285745223	17.396112163192925	71.6964809384164	54.21199657149045	43.29222432638585	1286.9518328445743	973.1053384582535	777.0954266586259	161.76179168539534	97.92644168386552	58.058667000053156	3년	54.21199657149045	973.1053384582535	97.92644168386553	3.904133957589541	3.5809194378941878	3.3790588129357255	8.987924325774856	1.8281143979160184	3년	3.580919437894188	안심	3년	22.855998285745226	1.183400576143258	보통	Y		7453000000.0	23.729115165307647	21.431038324252725		-9.301384091811137	449.05339904785154	431.0699493408203	Y	Y	강한 상승추세	
CBRE	CBRE GROUP, INC.	0001138118	S&P 500	제외	PEG=보통, PEGY=판정불가	139.67999267578125	3.85	2025		1864000000.0		1864000000.0	5050000000.0	2465000000.0	8878000000.0	21251000000.0	29.46662683793023	70.53337316206976	0.41776857559644254	-10.593461930091989	-18.789596160373456	39.032066131395645	41.16093216523499	22.611464968152863	-3.5428381522206065	32.860400171986704	53.722929936305725	1.414323695558787	74.22080034397341	206.83328025477704	5.44514622790133	285.75008132429764	48.076525701765235	-96.10169923151388	104.57481121692749	5년	74.22080034397341	285.75008132429764	104.57481121692749				4.318714363628149	3.091863251777618	판정불가		판정불가	5년	32.860400171986704	1.187814692672862	보통	N	주당순현금<=0	300751541.0	4.19214920150297	5.4268147667849265		-18.606146390657543	144.95080108642577	147.07505054473876	N	N	중립/개선	단기위험부채 존재
DVA	DAVITA INC.	0000927066	S&P 500	제외	PEG=보통, PEGY=판정불가	183.00999450683594	9.84	2025		676438000.0	337399000.0	1013837000.0	4417624000.0	87345000.0	-651082000.0	16321665000.0	-4.154803940606422	104.15480394060641	-0.03989066066482801	-44.85454305857547	-46.00556104632009	23.15696519973693	23.273938572475206	-8.294501397949679	18.926802949554716	45.67357145242303	-8.089002795899358	46.353605899109425	99.84714290484607	-79.59578751164968	456.1194820472367	982.4958861836852	-143.49259051459978	149.23200685096973	436.8536777629302	3년	46.353605899109425	456.1194820472367	149.23200685096973				17.27134479804968	9.437377911841063	판정불가		판정불가	3년	18.926802949554713	1.2235011513279237	보통	N	주당순현금<=0	75885000.0	-7.822100989454183	18.215875843269625		-24.049639190060766	206.81080078125	164.73684993743896	N	Y	중립/개선	단기위험부채 존재
WST	WEST PHARMACEUTICAL SERVICES INC	0000105770	S&P 500	보류	PEG=보통, PEGY=불리(<1)	336.94000244140625	6.79	2025	26.0	791300000.0	7500000.0	798800000.0	202800000.0	0.0	3176000000.0	1094000000.0	74.37939110070258	25.620608899297427	2.903107861060329	8.198074277854195	8.198074277854195	48.415600613188815	48.415600613188815	1.4947683109118033	-4.229866358140244	39.39782987966147	11.489536621823607	0.04026728371951194	87.29565975932294	78.01395366218229	0.2734148564554861	592.7375297658028	-76.84633670774996	-99.91885354826545	75.91782675578264	5년	87.29565975932294	592.7375297658028	75.91782675578264	0.5678906790928459	0.4496512150244686	1.3507594463642068	6.449793672627235	1.9142261607090871	3년	0.4496512150244686	불리(<1)	5년	39.39782987966147	1.2288900368642546	보통	Y		72700000.0	1.8191674028160687	41.422876155889284		-7.874443200622672	349.5022003173828	294.51100036621096	N	Y	상승전환	
GS	GOLDMAN SACHS GROUP INC	0000886982	S&P 500	제외	PEG=보통, PEGY=불리(<1)	1028.780029296875	51.32	2025	1.93	164259000000.0		164259000000.0	236027000000.0	69709000000.0	124972000000.0	1684348000000.0	6.907125328852828	93.09287467114717	0.07419606874588862	-225.9697732997481	-445.4565491183879	24.44952849954449	28.72635577582352	26.591021213616184	19.517790861873507	15.71173099479697	61.68204242723237	47.535581723747015	39.92346198959394	3165.522417365565	2439.526054062697	2048.872069305961	207.69672108906096	137.1280530911942	99.15550564354103	3년	47.535581723747015	2439.526054062697	137.1280530911942	1.1665264307304557	0.8772271768869937	0.7215571046748671	-148.6712846347607	-14.451221874550853	3년	0.8772271768869937	불리(<1)	3년	19.517790861873507	1.252679090198919	보통	N	주당순현금<=0 | FCF<=0	317600000.0	2.7454635393125315	24.888319061468156		-10.701599967026066	1044.213201904297	950.595951538086	N	Y	상승전환	단기위험부채 존재
HBAN	HUNTINGTON BANCSHARES INC /MD/	0000049196	S&P 500	제외	PEG=보통, PEGY=불리(<1)	16.6299991607666	1.39	2025	3.7	2672000000.0		2672000000.0	17221000000.0	1261000000.0	24342000000.0	200727000000.0	10.8153499593458	89.1846500406542	0.12126918650704688	-9.668163175256307	-10.506128242546032	18.919541248937346	19.522393815332833	13.93442622950819	-1.3987851140241592	15.035833064612024	36.36885245901638	5.702429771951682	38.57166612922405	50.55270491803277	7.926377383012837	53.61461591962142	203.9850118411095	-52.33687442563016	222.39698511896933	5년	38.57166612922405	53.61461591962142	222.39698511896933	0.9320747262039804	0.12163164295038567	0.9902900296625511	1.4719211927412688	8.850999801694618	3년	0.1216316429503856	불리(<1)	5년	15.035833064612024	1.258296841128539	보통	N	주당순현금<=0	1504836000.0	-1.24703675723552	6.329915573604916		-13.700058299341878	17.470400161743164	17.000750017166137	N	N	판정불가	단기위험부채 존재
WBD	Warner Bros. Discovery, Inc.	0001437107	S&P 500	제외	PEG=보통, PEGY=판정불가	27.90999984741211	0.29	2025		4566000000.0		4566000000.0	32567000000.0	0.0	35919000000.0	62919000000.0	36.34128574030232	63.65871425969769	0.5708768416535546	-11.067588932806323	-11.067588932806323	134.40547855247738	134.40547855247738	106.27705627705627			221.05411255411255			64.10569264069264			129.6871837734413			1년	221.05411255411255	64.10569264069264	129.6871837734413				1.2205533596837945	4.373175802066396	판정불가		판정불가	1년	106.27705627705627	1.2646706943226995	보통	N	주당순현금<=0	2530000000.0	6.4048811837399855	0.35958426245996655		-6.904602156207407	27.141800079345703	27.340050010681153	Y	Y	상승전환	
MTB	M&T BANK CORP	0000036270	S&P 500	제외	PEG=보통, PEGY=불리(<1)	238.0	17.0	2025	2.52	1420888000.0		1420888000.0	10911000000.0	2149000000.0	29177000000.0	184333000000.0	13.665402088895135	86.33459791110486	0.15828419219564593	-59.76479775302127	-73.29831035763992	17.515576338413016	18.31166531515529	16.12021857923497	13.816843747424093	11.330076475388973	40.74043715846994	36.13368749484818	31.160152950777945	692.587431693989	614.2726874124191	529.722600163225	191.00312256049955	158.09776782034416	122.57252107698528	3년	36.13368749484818	614.2726874124191	158.09776782034416	1.064208120765945	0.9327037507521877	0.7907291320477238			3년	0.9327037507521876	불리(<1)	3년	13.816843747424091	1.267697359730111	보통	N	주당순현금<=0 | FCF<=0	158791000.0	6.2832169804918125	17.120216592049697		-6.332400554838857	244.85559967041016	221.29800010681151	N	Y	상승전환	단기위험부채 존재
SWK	STANLEY BLACK & DECKER, INC.	0000093556	S&P 500	제외	PEG=보통, PEGY=불리(<1)	91.68000030517578	2.65	2025	3.58	280100000.0		280100000.0	4703300000.0	605600000.0	9054600000.0					-29.12337534073401	-33.110786288995115	45.58617948902256	47.090862865724866	35.8974358974359		-1.0951545801409002	80.2948717948718		6.3096908397182	212.78141025641025		16.720680725253228	132.0914153011818		-81.76191026440335	1년	80.2948717948718	212.78141025641025	132.0914153011818	0.865995710540786		0.05450874470534356	4.5292932485284245	4.940328570518911	5년	0.0545087447053435	불리(<1)	1년	35.8974358974359	1.269900714337057	보통	N	주당순현금<=0	151878000.0	18.342582755342928	24.32872655427709		-11.846153552715599	95.18100036621094	82.26595014572143	N	Y	상승전환	단기위험부채 존재
WTW	WILLIS TOWERS WATSON PLC	0001140536	S&P 500	제외	PEG=보통, PEGY=불리(<1)	313.7200012207031	16.26	2025	1.18	3132000000.0	0.0	3132000000.0	5756000000.0	988000000.0	7976000000.0	21478000000.0	27.079513818157125	72.92048618184288	0.37135673712636186	-26.505050505050505	-36.484848484848484	20.924049921633063	21.537813635027774	1793.7500000000005		16.276465322384226	3596.000000000001		41.05293064476845	58470.96000000002		667.5206522839351	18537.94459151028		112.77593066638167	5년	41.05293064476845	667.5206522839351	112.77593066638167	85.78310636433002		0.8342775604036504	16.454545454545453	5.244978130345481	5년	0.8342775604036504	불리(<1)	5년	16.276465322384226	1.2855401653365883	보통	N	주당순현금<=0	99000000.0	18.873857325380783	8.21662912236012		-10.557376701153775	318.20299865722654	300.2388496398926	N	Y	상승전환	단기위험부채 존재
TDG	TransDigm Group INC	0001260221	S&P 500	제외	PEG=보통, PEGY=보통	1125.6800537109375	32.08	2025	19.410488733427307	2808000000.0		2808000000.0	19384000000.0	124000000.0	-9686000000.0	32588000000.0	-42.293249497860444	142.29324949786044	-0.2972259727507058	-284.8109965635739	-286.94158075601376	43.96792550731021	44.03434022652591	25.214676034348155	33.77548076206609		58.92935206869631	76.05096152413218		1890.4536143637774	2439.71484569416		67.93880358203678	116.73252871909304		3년	76.05096152413218	2439.71484569416	116.73252871909305	1.0149481526108384	1.2096538301915238		31.20274914089347	2.7719021082438045	3년	1.2096538301915238	보통	3년	33.77548076206609	1.3017705304343576	보통	N	주당순현금<=0	58200000.0	-7.149685958621388	-10.542454003906165		-22.366892847521548	1234.417001953125	1267.2478985595703	N	N	주의	단기위험부채 존재
FDS	FACTSET RESEARCH SYSTEMS INC	0001013237	S&P 500	제외	PEG=보통, PEGY=불리(<1)	279.1700134277344	15.55	2025	1.61	337651000.0	17445000.0	355096000.0	1368260000.0	0.0	2186413000.0	2117859000.0	50.79634837203597	49.203651627964035	1.0323694825765077	-26.394789631366418	-26.394789631366418	19.65046965010294	19.65046965010294	11.79007907979871	14.904095738686006	46.6827292996804	32.08015815959742	38.30819147737201	101.8654585993608	498.84645938173986	595.6923774731348	1584.0078812200607	78.68912683592025	113.3797860877114	467.3990059932046	3년	38.30819147737201	595.6923774731348	113.3797860877114	0.6819215682068195	0.8403919108671021	2.457586518774497	17.33682428031783	6.210131262828349	3년	0.8403919108671021	불리(<1)	3년	14.904095738686006	1.318461045516297	보통	N	주당순현금<=0	38385000.0	12.080460645366898	35.82272187734334		-24.65046871046306	274.83159912109375	249.87349975585937	Y	Y	강한 상승추세	
JBHT	HUNT J B TRANSPORT SERVICES INC	0000728535	S&P 500	제외	PEG=보통, PEGY=보통	267.79998779296875	6.12	2025	66.0	17284000.0		17284000.0	766938000.0	699859000.0	3565085000.0	4362070000.0	44.97307041429113	55.02692958570887	0.8172920196145408	-7.673962001474081	-14.838188928015724	45.01208329974556	46.18270861453994	10.071942446043176	-12.736907999542591	33.56042305195701	28.64388489208635	-16.973815999085183	75.62084610391402	175.30057553956848	-103.87975391440132	462.7995781559538	-34.54048411865869	-138.79005177353062	72.81538433591552	5년	75.62084610391402	462.7995781559538	72.81538433591552	1.6900338057997237	1.1833065278442352	2.211859921900566	9.700116698059126	3.622149790969411	3년	1.1833065278442352	보통	5년	33.56042305195701	1.3412251457634938	보통	N	주당순현금<=0	97688000.0	-4.612649049699469	27.305565229110695		-10.257704330783913	275.81339965820314	238.5080997467041	N	Y	중립/개선	단기위험부채 존재
JNJ	JOHNSON & JOHNSON	0000200406	S&P 500	제외	PEG=보통, PEGY=불리(<1)	267.0799865722656	11.03	2025	1.99	19709000000.0	393000000.0	20102000000.0	39438000000.0	8495000000.0	81544000000.0	117666000000.0	40.933688067868076	59.066311932131924	0.693012424999575	-7.959166872478801	-11.455915040750803	24.93555334947819	25.252574942249908	90.50086355785837	17.90172233284293	14.890675456717407	189.50172711571673	44.30344466568586	38.281350913434814	2090.2040500863554	488.666994662515	422.24330057518597	682.6135072538634	82.96653408371093	58.09619657178497	3년	44.30344466568586	488.666994662515	82.96653408371093	3.7091963535589176	0.7977253223161053	0.6769721618016813	8.108174857989628	3.035860141394662	3년	0.7977253223161053	불리(<1)	3년	17.90172233284293	1.3929136474053576	보통	N	주당순현금<=0	2429400000.0	11.98791581222931	9.913980219149089		-4.076430845125289	262.2289990234375	236.4916999053955	Y	Y	강한 상승추세	단기위험부채 존재
LRCX	LAM RESEARCH CORP	0000707549	S&P 500	제외	PEG=보통, PEGY=불리(<1)	315.8399963378906	5.76	2026	41.0	5579171000.0	2574947000.0	8154118000.0	3721914000.0	147000.0	12470921000.0	11058822000.0	53.00066813309435	46.99933186690564	1.12768982085072	3.5145483870456156	3.5144318223268223	54.2231680470217	54.223188283952055	38.79518072289155	-44.23206854382806	-26.525939643495455	86.0903614457831	-79.96413708765613	-44.55187928699091	495.88048192771066	-460.5934296248993	-256.6188246930676	57.00370050574908	-245.831254738285	-181.24962882108596	1년	86.0903614457831	495.88048192771066	57.00370050574908	1.4716067614067496	-0.05960678175471509	0.2669349814446992			5년	0.2669349814446992	불리(<1)	1년	38.79518072289155	1.3976779341313053	보통	N	FCF<=0	1261102000.0	-1.8520794534375495	44.304840034735406		-27.11328407335628	318.8089996337891	262.6163492584229	N	Y	중립/개선	단기위험부채 존재
TJX	TJX COMPANIES INC /DE/	0000109198	S&P 500	보류	PEG=보통, PEGY=불리(<1)	126.12000274658203	4.87	2026	1.49	6230000000.0	0.0	6230000000.0	1870000000.0	999000000.0	10190000000.0					3.8652482269503547	2.979609929078014	25.103645691916153	25.285501605236966	14.319248826291089	17.920914155588186		37.138497652582174	44.34182831117637		180.8644835680752	215.94470387542893		43.40666002956996	71.22161367958044		3년	44.34182831117637	215.94470387542893	71.22161367958044	0.6297590804263926	0.7732308842232769		4.35904255319149	3.4562658248194684	3년	0.7732308842232769	불리(<1)	3년	17.920914155588186	1.400801626187591	보통	Y		1128000000.0	-24.776333059877686	-20.11654494171351		-25.111335428966676	149.01960037231444	154.53335025787354	N	N	주의	단기위험부채 존재
SWKS	SKYWORKS SOLUTIONS, INC.	0000004127	S&P 500	보류	PEG=보통, PEGY=불리(<1)	76.54000091552734	3.08	2025	4.13	1161300000.0	212900000.0	1374200000.0	496400000.0		5757100000.0	2159900000.0	72.71820133889099	27.281798661109008	2.665447474420112	5.659574468085107	5.659574468085107	23.013125469948776	23.013125469948776	-16.531165311653112	-26.666925336211623	16.101965535917493	-24.562330623306224	-44.833850672423246	40.70393107183499	-75.65197831978317	-138.0882600710636	125.36810770125176	-198.83979280752266	-280.4131936495055	63.79423334422625	5년	40.70393107183499	125.36810770125176	63.79423334422625	-0.5388735801161352	-0.979307455027828	0.8791489692409228	7.129593810444875	9.314859844741031	5년	0.8791489692409228	불리(<1)	5년	16.101965535917493	1.4292121926739352	보통	Y		155100000.0	8.89173412803208	38.283654969410065		-8.247419568967551	65.20080039978028	64.02204999923705	Y	Y	강한 상승추세	
EW	Edwards Lifesciences Corp	0001099800	S&P 500	보류	PEG=보통, PEGY=판정불가	86.18000030517578	1.83	2025		2938000000.0	1288300000.0	4226300000.0	598300000.0	0.0	10337600000.0	3359600000.0	75.47235931431241	24.527640685687587	3.0770329801166807	6.193240013656538	6.193240013656538	43.70861218115806	43.70861218115806	181.53846153846155	-9.143970358393016	30.15204668909448	371.5769230769231	-9.787940716786032	68.80409337818895	679.9857692307693	-17.91193151171844	125.91149088208579	689.0296667705289	-120.78432518947515	46.102913014870126	5년	68.80409337818895	125.91149088208579	46.102913014870126				2.278934790030727	2.6443893965661305	판정불가		판정불가	5년	30.15204668909448	1.4496068088461396	보통	Y		585800000.0	0.23260867694077092	1.2810013094333383		-9.455767988173235	89.45559997558594	84.96199996948242	N	Y	상승전환	
ZTS	Zoetis Inc.	0001555280	S&P 500	제외	PEG=보통, PEGY=불리(<1)	73.30999755859375	6.02	2025	2.88	1564000000.0	0.0	1564000000.0	9042000000.0	0.0	3331000000.0	12136000000.0	21.53617378935799	78.46382621064201	0.2744726433750824	-16.84860364775198	-16.84860364775198	14.976511828296635	14.976511828296635	10.05484460694698	10.268140283428306	11.973196718056611	28.60968921389396	29.03628056685661	32.446393436113226	172.23032906764163	174.79840901247678	195.3272884854016	134.93429928160182	138.437341199974	166.44017867997377	3년	29.03628056685661	174.79840901247678	138.437341199974	0.8636753841777679	0.8779173971996734	0.9917660993658729	5.1438034404677415	7.016510178378474	3년	0.8779173971996734	불리(<1)	3년	10.268140283428306	1.4585418016217742	보통	N	주당순현금<=0	443835000.0	-9.816709640864719	-38.801238001250226		-51.324615057763246	75.52719940185547	102.59655010223389	N	N	주의	
ISRG	INTUITIVE SURGICAL INC	0001035267	S&P 500	제외	PEG=보통, PEGY=판정불가	353.239990234375	7.87	2025		3368000000.0	2566900000.0	5934900000.0			17824000000.0	2517000000.0	87.62597709060518	12.374022909394819	7.0814461660707195	16.3631100082713	16.3631100082713	42.80519443787849	42.80519443787849	22.58566978193147	29.189521389942357	21.11377974023332	53.67133956386294	66.87904277988471	50.72755948046664	422.3934423676013	526.3380666776927	399.22589311127246	19.57690353443362	49.00296716927974	13.018317333319418	3년	66.87904277988471	526.3380666776927	49.00296716927974						판정불가		판정불가	3년	29.189521389942353	1.466457564207531	보통	N	FCF<=0	362700000.0	-14.266297836667919	-28.3299868659307		-40.41663071922138	378.868798828125	461.76764938354495	N	N	주의	
MMM	3M CO	0000066740	S&P 500	제외	PEG=보통, PEGY=불리(<1)	164.39999389648438	6.0	2025	1.86	2398000000.0	404000000.0	2802000000.0	10932000000.0	1670000000.0	4702000000.0	32986000000.0	12.476119719804712	87.52388028019529	0.1425453222579276	-15.019397746166636	-18.10456308886015	29.903231940441838	30.417426164224086	351.12781954887214	-16.156804116139433	20.313637898738858	710.7556390977443	-23.813608232278867	49.127275797477715	4264.533834586466	-142.8816493936732	294.7636547848663	2493.998779143301	-186.91098217658063	79.296633654662	5년	49.127275797477715	294.7636547848663	79.296633654662	11.804336743664255	-0.4781023049486533	0.7415130893845192	2.5789765379641603	1.568720580116342	5년	0.7415130893845192	불리(<1)	5년	20.313637898738858	1.4720766457247096	보통	N	주당순현금<=0	541300000.0	4.813508128259825	5.948312068348205		-10.545219834333619	171.7187991333008	160.88115013122558	N	Y	상승전환	단기위험부채 존재
VMC	Vulcan Materials CO	0001396009	S&P 500	제외	PEG=보통, PEGY=안심	249.88999938964844	8.11	2025	81.0	183300000.0	0.0	183300000.0	4361700000.0	0.0	8525100000.0	8151500000.0	51.120132401088945	48.87986759891105	1.0458320554499172	-31.48756593820648	-31.48756593820648	34.69513752501294	34.69513752501294	18.394160583941606	23.456661319602468	56.64065143238312	45.28832116788321	55.413322639204935	121.78130286476625	367.28828467153284	449.402046603952	987.6463662332542	46.979985421036254	79.8399486580527	295.2324497361085	3년	55.413322639204935	449.402046603952	79.8399486580527	2.8647864707924815	3.0107003105059316	3.96714529040714	8.555388093443858	3.423661656865113	3년	3.010700310505932	안심	3년	23.456661319602468	1.479116616481929	보통	N	주당순현금<=0	132700000.0	-8.354425832059198	-6.267819329073465		-24.36056449345272	280.291799621582	288.0964998626709	N	N	주의	
NTRS	NORTHERN TRUST CORP	0000073124	S&P 500	보류	PEG=보통, PEGY=불리(<1)	184.69000244140625	8.74	2025	1.77	5873100000.0		5873100000.0	1421600000.0		12957900000.0	164174800000.0	7.315363001862446	92.68463699813756	0.07892746024359402	23.155164963319883	23.155164963319883	18.48224685103963	18.48224685103963	-10.542476970317292	12.490113204685828	9.86611256684804	-12.584953940634584	33.48022640937165	28.23222513369608	-109.99249744114627	292.61717881790827	246.74964766850374	-159.55519843367912	58.43693483665551	33.60205988777665	3년	33.48022640937165	292.61717881790827	58.43693483665551	-0.47464342625765976	0.7715573393006431	0.6295832244115659	28.398432689485546	15.376269594503405	3년	0.7715573393006431	불리(<1)	3년	12.490113204685827	1.4797501470287535	보통	Y		192246525.0	11.171971957555705	31.078786686884662		-3.541024043490615	184.24	159.0698504257202	Y	Y	강한 상승추세	
ESS	ESSEX PROPERTY TRUST, INC.	0000920522	S&P 500	제외	PEG=보통, PEGY=불리(<1)	274.3699951171875	10.4	2025	3.73	76241000.0		76241000.0	638959000.0		5541372000.0	7422114000.0	42.74600211702315	57.25399788297685	0.7466029220246415	-8.737930546901023	-8.737930546901023	27.221915929239277	27.221915929239277	-9.878682842287684	18.3737118876667	3.6579731144279037	-11.257365684575369	45.2474237753334	15.815946228855807	-117.07660311958384	470.5732072634674	164.4858407801004	-142.67106651716003	71.51044780333163	-40.04962506565411	3년	45.2474237753334	470.5732072634674	71.51044780333163	-0.22587252338412134	0.8119822258331542	0.2713979843899387			3년	0.8119822258331542	불리(<1)	3년	18.3737118876667	1.4815686724418438	보통	N	주당순현금<=0 | FCF<=0	64399459.0	-3.6080730054537935	9.651504187782024		-8.031372149468519	288.5177978515625	267.2415495300293	N	Y	중립/개선	
HCA	HCA Healthcare, Inc.	0000860730	S&P 500	제외	PEG=보통, PEGY=안심	421.8299865722656	28.33	2025	78.0	1040000000.0	103000000.0	1143000000.0	41603000000.0	4698000000.0	-6027000000.0	45623000000.0	-15.221234468128095	115.22123446812809	-0.13210442101571576	-168.93880874339757	-188.55508465729974	20.853116671925985	21.545537283076786	28.772727272727266	13.944298430482704	20.983259927461795	66.04545454545453	36.38859686096541	50.46651985492359	1871.0677272727269	1030.88894907115	1429.7165074899851	343.5596773185269	144.38493750717356	238.93192826514573	3년	36.38859686096541	1030.88894907115	144.38493750717356	5.120228738588158	4.409139404771324	4.74668901942703	32.117580742813004	7.613868564393962	3년	4.409139404771324	안심	3년	13.944298430482704	1.4954582889835728	보통	N	주당순현금<=0	239495000.0	12.988158437353503	-21.487871580802288		-22.618461138834746	403.67919921875	451.3194497680664	Y	N	중립/개선	단기위험부채 존재
MCK	MCKESSON CORP	0000927653	S&P 500	보류	PEG=보통, PEGY=안심	891.6799926757812	38.38	2026	42.0	3975000000.0		3975000000.0	3072000000.0	0.0	-2172000000.0					7.2763900080580175	7.2763900080580175	23.04334556195214	23.04334556195214	49.22239502332816	15.31382381030486	56.03117347520965	106.94479004665632	39.12764762060972	120.5623469504193	4104.54104199067	1501.719115679001	4627.182875957093	360.3154804083508	68.41458012000419	418.92864188549265	3년	39.12764762060972	1501.719115679001	68.41458012000419	3.9587305054327433	2.487217997760628	4.254207498284153	46.08380338436744	5.168199776029259	3년	2.487217997760628	안심	3년	15.31382381030486	1.5047414576133489	보통	Y		124100000.0	12.808054997429075	-4.560680982742538		-10.446023311532215	852.6406030273438	843.5627502441406	Y	Y	상승전환	
SBAC	SBA COMMUNICATIONS CORP	0001034054	S&P 500	제외	PEG=보통, PEGY=불리(<1)	186.74000549316406	3.47	2025	2.65	264568000.0	6648000.0	271216000.0	10964466000.0	1935802000.0	-4853519000.0					-99.44156677485051	-117.44350106478942	82.4730755815604	87.66095289854566	115.527950310559	54.54935861402714	29.8495127277137	239.555900621118	117.59871722805428	68.1990254554274	831.2589751552796	408.06754878134836	236.6506183303331	345.14241764103906	118.5217611532556	26.72732749758653	3년	117.59871722805428	408.06754878134836	118.5217611532556	1.4329276491415537	0.6935519041903654	0.39406209236824014	9.917969367542987	5.311111211200029	3년	0.6935519041903654	불리(<1)	3년	54.54935861402714	1.5118981721693934	보통	N	주당순현금<=0	107533000.0	-9.931025976003527	-0.9652058172434641		-16.54077966785964	183.42139984130858	192.88064979553224	Y	N	주의	단기위험부채 존재
PNR	PENTAIR plc	0000077360	S&P 500	제외	PEG=보통, PEGY=불리(<1)	57.52000045776367	3.96	2025	1.81	82500000.0		82500000.0	1638600000.0	3694000.0	4663800000.0	2999600000.0	60.85810475767936	39.14189524232064	1.5548073076410187	-9.402416918429003	-9.424737160120847	16.8996003475234	16.90523677219306	5.882352941176464	10.942784716109877	45.36942418564116	20.264705882352928	30.385569432219754	99.23884837128232	80.24823529411759	120.32685495159022	392.98583955027794	39.51362075013025	109.19133170025783	583.2159882175997	3년	30.385569432219754	120.32685495159022	109.19133170025783	0.45517957720839014	0.7546204912460412	2.791747923941598	4.507552870090635	7.836496582437413	3년	0.7546204912460412	불리(<1)	3년	10.942784716109877	1.5443601227614343	보통	N	주당순현금<=0	165500000.0	-19.439776990879242	-36.70078274546192		-48.911979457622465	66.31820007324218	85.2776501083374	N	N	주의	단기위험부채 존재
NEM	NEWMONT Corp /DE/	0001164727	S&P 500	제외	PEG=보통, PEGY=안심	128.7100067138672	6.39	2025	82.0	7647000000.0	594000000.0	8241000000.0	5115000000.0	0.0	33867000000.0	23079000000.0	59.47213149299336	40.52786850700664	1.4674379305862473	2.82129963898917	2.82129963898917	19.700893125959002	19.700893125959002	118.83561643835617		12.729803073711565	246.17123287671234		33.95960614742313	1573.0341780821918		217.0018832820338	1122.1537534211886		68.59752308493515	5년	33.95960614742313	217.0018832820338	68.59752308493515	10.194239172523803		4.808401450028184			5년	4.808401450028184	안심	5년	12.729803073711565	1.547619630239489	보통	N	FCF<=0	1108000000.0	38.74098455460806	10.756395945161579		-4.758023312728965	108.45459991455078	108.90949996948243	Y	Y	상승전환	
GRMN	GARMIN LTD	0001121788	S&P 500	보류	PEG=보통, PEGY=불리(<1)	272.17999267578125	8.59	2025	1.52	2278646000.0	167989000.0	2446635000.0			8972564000.0					12.63653313775721	12.63653313775721	30.214605301283356	30.214605301283356	17.671232876712327	19.45038186480894	37.78102526893068	43.842465753424655	47.40076372961788	84.06205053786135	376.60678082191777	407.1725604374176	722.093014120229	38.36681275487024	49.59680042406293	165.29981392878526	3년	47.40076372961788	407.1725604374176	49.596800424062934	0.6351641097193874	0.6940478505578304	1.3007293948420826	7.039258119163706	2.5862511237366435	3년	0.6940478505578304	불리(<1)	3년	19.45038186480894	1.5534196455006286	보통	Y		193616000.0	17.460724685799466	15.28654195336545		-13.085965802498956	274.13979888916015	239.20950004577637	N	Y	상승전환	
GNRC	GENERAC HOLDINGS INC.	0001474735	S&P 500	제외	PEG=보통, PEGY=불리(<1)	186.47999572753906	2.69	2025	5.898756033902857	341413000.0		341413000.0	1193750000.0	50618000.0	2632422000.0	2934633000.0	47.28571928964237	52.71428071035763	0.8970191502651268	-14.379177897293332	-15.233118564899213	74.66883777874811	74.98628784105512	-50.09276437847866	47.98739628823825	6.42832098504873	-91.68552875695732	104.4747925764765	21.35664197009746	-246.6340723562152	281.03719203072177	57.449366899562165	-232.25765658884168	50.7063483856669	-69.19274548702805	3년	104.4747925764765	281.03719203072177	50.7063483856669	-0.5918668303841484	0.7216685557877791	0.1650899811173981	4.523398856608908	2.4256751181064615	3년	0.7216685557877791	불리(<1)	3년	47.98739628823825	1.556009359837877	보통	N	주당순현금<=0	59275781.0	-22.01079199885797	-12.29423383969186		-36.90194547747865	212.82540008544922	208.9387003326416	N	N	주의	단기위험부채 존재
CHD	CHURCH & DWIGHT CO INC /DE/	0000313927	S&P 500	제외	PEG=보통, PEGY=불리(<1)	95.19000244140625	3.02	2025	1.27	409000000.0		409000000.0	2205100000.0	0.0	4002200000.0	4910200000.0	44.90597369956465	55.09402630043535	0.8150788155268625	-7.352026197298404	-7.352026197298404	33.954314118776374	33.954314118776374	27.426160337552734	21.59038130727984	38.621625217033674	63.35232067510547	51.680762614559676	85.74325043406735	191.3240084388185	156.07590309597023	258.9446163108834	100.99170451916639	63.96249510765797	172.02921490655024	3년	51.680762614559676	156.07590309597023	63.96249510765797	0.8451403328946663	0.6732688290304262	1.1748617591710986	4.474007367990176	4.7000811568884355	3년	0.6732688290304262	불리(<1)	3년	21.590381307279838	1.5726593076578814	보통	N	주당순현금<=0	244300000.0	-3.055300871175981	-4.494828744699342		-9.566786519528414	99.1634001159668	95.0508498764038	N	Y	중립/개선	
CME	CME GROUP INC.	0001156375	S&P 500	보류	PEG=보통, PEGY=불리(<1)	274.70001220703125	11.16	2025	1.87	4416900000.0	125000000.0	4541900000.0		0.0	28728200000.0	169696000000.0	14.478173529236857	85.52182647076314	0.16929214595511974	12.605534123393744	12.605534123393744	23.485168287064294	23.485168287064294	15.408479834539815	14.67730855550884	56.73155320469705	39.31695966907963	37.854617111017674	121.9631064093941	438.77726990692867	422.45752695895726	1361.1082675288383	59.72961427327439	53.78868153837817	395.4889723495976	3년	37.854617111017674	422.45752695895726	53.78868153837817	0.7357188001951367	0.7045854793649977	2.4952579640221257	11.63886653159779	4.236937027445782	3년	0.7045854793649977	불리(<1)	3년	14.677308555508839	1.6001004678919557	보통	Y		360310000.0	4.131927565749871	-9.43855722566801		-15.854922686650008	260.7098028564453	278.7947499847412	Y	N	중립/개선	
ALL	ALLSTATE CORP	0000899051	S&P 500	제외	PEG=보통, PEGY=불리(<1)	253.5800018310547	14.37	2025	1.7	678000000.0	4887000000.0	5565000000.0	7490000000.0		30610000000.0	89169000000.0	25.555397857721303	74.4446021422787	0.3432807365788559	-7.207038562336204	-7.207038562336204	18.14801951241412	18.14801951241412	103.25318246110325		11.203898286185531	215.0063649222065		30.907796572371062	3089.6414639321074		444.1450367449721	1118.4089603369243		75.14986731519926	5년	30.907796572371062	444.1450367449721	75.14986731519926	5.783175535452242		0.7110361699445299	36.997379258704605	14.59002247478244	5년	0.7110361699445299	불리(<1)	5년	11.203898286185531	1.6197950971039008	보통	N	주당순현금<=0	267100000.0	13.539897013078672	23.34257811566458		-7.825954951433223	257.2297994995117	222.1816000366211	N	Y	상승전환	
LIN	LINDE PLC	0001707925	S&P 500	제외	PEG=보통, PEGY=불리(<1)	466.6499938964844	14.61	2025	1.37	5056000000.0		5056000000.0	20683000000.0	4510000000.0	38245000000.0	47076000000.0	44.824837964862105	55.175162035137895	0.812409720452035	-33.0943783818126	-42.6455172121687	34.205638075174335	34.85937789929179	7.268722466960355	21.083080176239765	25.40817902227086	23.03744493392071	50.66616035247953	59.31635804454172	336.57707048458155	740.2326027497259	866.6119910307546	-27.87376515872333	58.62693934030769	85.70920440705987	3년	50.66616035247953	740.2326027497259	58.62693934030769	0.2525525893706436	0.6564145982862309	0.7828586317676631	10.7773271635659	2.309509762033042	3년	0.6564145982862309	불리(<1)	3년	21.083080176239765	1.6224212870813557	보통	N	주당순현금<=0	472195000.0	-8.349047344621285	-3.094173870665795		-14.633034283704493	499.599599609375	481.01184997558596	N	N	주의	단기위험부채 존재
MCO	MOODYS CORP /DE/	0001059556	S&P 500	제외	PEG=보통, PEGY=안심	474.57000732421875	13.67	2025	86.0	2384000000.0	64000000.0	2448000000.0	6994000000.0	129900000.0	4054000000.0	11625000000.0	25.856240831685696	74.1437591683143	0.3487311827956989	-25.26959421901056	-25.99166203446359	36.56471115897801	36.617532506121606	21.403197158081706	22.48000431974093	7.800452654910939	51.30639431616341	53.46000863948186	24.100905309821876	701.3584103019539	730.7983181017171	329.45937558526504	47.78818709097157	53.99167811345633	-30.577286701520613	3년	53.46000863948186	730.7983181017171	53.99167811345633	2.937345701737075	2.9667950567990475	2.5653273246732433	14.313507504168983	3.016100318870387	3년	2.9667950567990475	안심	3년	22.48000431974093	1.6265437781463643	보통	N	주당순현금<=0	179900000.0	5.298543289945101	6.422536074908192		-12.053145752106387	490.2940008544922	473.12620010375974	N	Y	상승전환	단기위험부채 존재
EL	ESTEE LAUDER COMPANIES INC	0001001250	S&P 500	보류	PEG=보통, PEGY=불리(<1)	98.7699966430664	0.5	2026	1.38	2181000000.0	534000000.0	2715000000.0	1080100000.0	1000000000.0	5590000000.0	8745000000.0	38.99546564352982	61.004534356470174	0.6392224128073185	4.4816337719298245	1.740405701754386	188.57672574227317	194.05918188262405	115.87301587301589	-43.62040735317784	-42.25870639790483	240.24603174603178	-78.74081470635568	-76.01741279580966	120.12301587301589	-39.37040735317784	-38.00870639790483	21.61893282948537	-139.86069524276087	-138.48203674164347	1년	240.24603174603178	120.12301587301589	21.61893282948537	0.6217788298714284	-0.22399586792543838	-0.2167749293397614	3.607456140350877	3.6523805436457084	1년	0.6217788298714284	불리(<1)	1년	115.87301587301589	1.6274429755840012	보통	Y		364800000.0	15.66927901283015	7.898181838790741		-17.423295594801267	89.30839965820313	92.39959995269776	Y	Y	상승전환	단기위험부채 존재
AXP	AMERICAN EXPRESS CO	0000004962	S&P 500	제외	PEG=보통, PEGY=불리(<1)	321.79998779296875	15.38	2025	1.17	654000000.0	742000000.0	1396000000.0	56387000000.0	1371000000.0	33474000000.0	266578000000.0	11.156066281844481	88.84393371815553	0.12556925177621558	-79.01005747126437	-80.97988505747126	26.0604710835002	26.18854829976853	9.77872947894362	16.01301181321386	54.27257678866031	28.05745895788724	40.52602362642772	117.04515357732062	431.52371877230576	623.2902433744584	1800.1544620191912	34.09687232490766	93.68870945248592	459.40165640320896	3년	40.52602362642772	623.2902433744584	93.68870945248592	0.420127842043333	0.6593515427314369	2.127458732845507	22.992816091954023	7.14506431452898	3년	0.6593515427314369	불리(<1)	3년	16.01301181321386	1.6274559331802418	보통	N	주당순현금<=0	696000000.0	2.6999398589241386	5.166834884528071		-16.391702682413268	340.7743994140625	336.9255996704102	N	N	중립/개선	단기위험부채 존재
PH	Parker-Hannifin Corp	0000076334	S&P 500	제외	PEG=보통, PEGY=안심	949.469970703125	28.48	2026	84.0	501000000.0	8390000.0	509390000.0	8796284000.0	1000000000.0	15404000000.0	15464000000.0	49.90281197356486	50.09718802643515	0.9961200206932229	-64.69081967213114	-72.49722092115535	35.60957831373793	35.88367948118962	5.014749262536871	21.091002216465117	16.36215183053762	18.52949852507374	50.68200443293023	41.22430366107524	527.7201179941002	1443.4234862498529	1174.0681682674228	-44.419504115196	52.02413249372524	23.655113325803544	3년	50.68200443293023	1443.4234862498529	52.02413249372524	2.4997417402214954	2.9512004127249587	2.8184032662868854	30.483996877439502	3.210633070876874	3년	2.9512004127249587	안심	3년	21.091002216465114	1.6883777237450857	보통	N	주당순현금<=0	128100000.0	8.436500362823196	0.9558938436833309		-11.584272302951081	990.6710034179688	937.4262991333007	N	Y	상승전환	단기위험부채 존재
CPT	CAMDEN PROPERTY TRUST	0000906345	S&P 500	제외	PEG=보통, PEGY=불리(<1)	104.11000061035156	3.54	2025	4.05	25203000.0	0.0	25203000.0	3900800000.0		4362523000.0	4604736000.0	48.64945910450451	51.35054089549549	0.9473991559993885	-35.741529409594776	-35.741529409594776	39.506081926538506	39.506081926538506	136.0	-16.313493007414216	23.343513504709378	280.5	-24.126986014828432	55.187027009418756	992.97	-85.40953049249265	195.3620756133424	853.7700453161557	-182.03777734297745	87.64967291136267	5년	55.187027009418756	195.3620756133424	87.64967291136267	3.5450237829310116	-0.310420381100261	0.6933999062637386			5년	0.6933999062637386	불리(<1)	5년	23.343513504709378	1.6923794234560472	보통	N	주당순현금<=0 | FCF<=0	108434000.0	-9.712945265262896	2.2289909211400394		-11.456030796850602	110.75140029907226	107.34914978027344	N	N	판정불가	
FAST	FASTENAL CO	0000815556	S&P 500	보류	PEG=보통, PEGY=불리(<1)	48.790000915527344	1.09	2025	1.94	276800000.0	27165000.0	303965000.0	100000000.0	25000000.0	3943600000.0					0.1773093413120836	0.15557652669780128	44.598799609371795	44.61873797140325	-45.49999999999999	-16.762013813238276	26.237828742825165	-82.49999999999999	-25.024027626476553	60.97565748565033	-89.925	-27.276190112859446	66.46346665935887	-284.31030603113084	-155.9052871511196	36.22354050460157	5년	60.97565748565033	66.46346665935887	36.22354050460157	-0.97670790204063	-0.3323410931025068	0.6318068869482308	0.9132998013505995	1.8718995372265779	5년	0.6318068869482308	불리(<1)	5년	26.237828742825165	1.6997900263209664	보통	Y		1150334204.0	5.99609430681074	4.722044979038809		-6.853761129022196	48.75379997253418	45.45919994354248	Y	Y	강한 상승추세	단기위험부채 존재
HOOD	Robinhood Markets, Inc.	0001783879	S&P 500	제외	PEG=보통, PEGY=판정불가	115.27999877929688	2.05	2025		4261000000.0		4261000000.0			7972000000.0	28986000000.0	21.570431300395043	78.42956869960496	0.2750293245014835	4.637662377147143	4.637662377147143	53.971871415682806	53.971871415682806	31.410256410256395			71.32051282051279			146.2070512820512			26.82776963067466			1년	71.32051282051279	146.2070512820512	26.82776963067466						판정불가		판정불가	1년	31.410256410256395	1.7182881511931678	보통	N	FCF<=0	918781846.0	33.48772344204778	46.498913715419036		-24.38672851717024	103.09539993286133	95.09692497253418	Y	Y	강한 상승추세	
TT	Trane Technologies plc	0001466258	S&P 500	제외	PEG=보통, PEGY=안심	444.1700134277344	12.98	2025	94.0	1763300000.0		1763300000.0	3922100000.0	763300000.0	8579200000.0	12819800000.0	40.0915930650965	59.9084069349035	0.6692148083433439	-9.598932859048466	-12.992885726989773	34.95908677093858	35.220562338576585	15.480427046263348	20.16860829862783	29.821435131157937	39.460854092526695	48.83721659725566	68.14287026231588	512.2018861209965	633.9070714323785	884.4944560048601	15.316628911584719	42.71721464049576	99.1342119606563	3년	48.83721659725566	633.9070714323785	42.71721464049576	3.131672968564905	3.2657777660695633	3.541895586188208	12.556247220987105	2.8269011507752273	3년	3.2657777660695637	안심	3년	20.16860829862783	1.7333415500620843	보통	N	주당순현금<=0	224900000.0	-1.1021512609701412	2.7172655370086396		-11.776502410049794	467.06039855957033	444.7700500488281	N	N	판정불가	단기위험부채 존재
WAB	WESTINGHOUSE AIR BRAKE TECHNOLOGIES CORP	0000943452	S&P 500	제외	PEG=보통, PEGY=양호	280.4700012207031	6.83	2025	44.0	473000000.0		473000000.0	4291000000.0	1250000000.0	11142000000.0	10879000000.0	50.59715725898006	49.40284274101994	1.0241750160860372	-22.314436002337814	-29.62010520163647	44.33154278521829	45.40118688467637	13.079470198675496	25.44351122642632	25.77438254899549	34.65894039735099	59.387022452852634	60.04876509799098	236.72056291390726	405.61336335298347	410.1330656192784	-15.598615936243831	44.61916126060286	46.23063565951313	3년	59.387022452852634	405.61336335298347	44.61916126060286	1.2875588489040317	1.566458256661017	1.5739218210168122	8.760958503798948	3.123670433796201	3년	1.566458256661017	양호	3년	25.443511226426317	1.7423516114070905	보통	N	주당순현금<=0	171100000.0	9.336509134870873	14.026100674384256		-8.2801944526252	283.96679931640625	255.0806497192383	N	Y	상승전환	단기위험부채 존재
SBUX	STARBUCKS CORP	0000829224	S&P 500	제외	PEG=보통, PEGY=불리(<1)	100.04000091552734	1.63	2025	2.43	6455700000.0	247200000.0	6702900000.0	14575900000.0	0.0	-8096600000.0	40108900000.0	-25.292153328564332	125.29215332856434	-0.201865421390265	-6.9073521670468505	-6.9073521670468505	65.611873056794	65.611873056794	-50.755287009063444	-16.7980082334351	37.63685261204004	-93.01057401812689	-25.096016466870203	83.77370522408008	-151.60723564954682	-40.90650684099843	136.55113951525053	-251.54661561584976	-140.89015040647533	36.4965396497275	5년	83.77370522408008	136.55113951525053	36.4965396497275	-0.7365326541925241	-0.21898488130338964	0.6106646670086365	2.142481137041586	2.14162446764737	5년	0.6106646670086365	불리(<1)	5년	37.63685261204004	1.743287987790051	보통	N	주당순현금<=0	1139800000.0	1.2960700198560549	-1.3801276539672558		-7.839706952539471	105.3088005065918	97.81770027160644	N	Y	상승전환	
BALL	BALL Corp	0000009389	S&P 500	제외	PEG=보통, PEGY=불리(<1)	60.290000915527344	3.3	2025	1.31	1212000000.0		1212000000.0	6337000000.0	2000000.0	5421000000.0	14103000000.0	27.76582667486171	72.2341733251383	0.3843863007870666	-18.570724566260346	-18.577971678286204	23.897189539935663	23.899385634488954	3099.9999999999995	13.617128057248994	13.396657763302722	6208.499999999999	35.73425611449799	35.29331552660544	20488.049999999996	117.92304517784335	116.46794123779794	33882.50072794976	95.59303928866412	93.17953138030603	3년	35.73425611449799	117.92304517784335	95.59303928866412	129.77718550615592	0.6246394804001367	0.6154136970259941	2.855362138187932	4.7360459360227845	3년	0.6246394804001367	불리(<1)	3년	13.617128057248994	1.7549360951492368	보통	N	주당순현금<=0	275972000.0	10.179092782470246	-1.9834131674472344		-11.0242045236138	62.860599975585934	59.230099792480466	N	Y	상승전환	단기위험부채 존재
FICO	FAIR ISAAC CORP	0000814547	S&P 500	제외	PEG=보통, PEGY=불리(<1)	983.1900024414062	26.54	2025	0.008136779239144841	134136000.0		134136000.0	2656150000.0	399541000.0	-1745784000.0	3613917000.0	-93.4507339680847	193.45073396808473	-0.48307252214148805	-102.68368551769065	-118.9509791946582	40.914607684969745	41.527542638887134	29.7799511002445	23.23712626480905		68.059902200489	54.9742525296181		1806.3098044009782	1459.0166621360643		83.71930144892073	48.39620607543913		3년	54.9742525296181	1459.0166621360643	48.39620607543913	0.7280550777571428	0.568140924704198		31.3458328243964	3.188176521990669	3년	0.568140924704198	불리(<1)	3년	23.23712626480905	1.7607430117953942	보통	N	주당순현금<=0	24561000.0	-19.420564457755805	-15.622665145820614		-47.69013982604973	1158.705595703125	1296.85599609375	N	N	주의	단기위험부채 존재
AON	Aon plc	0000315293	S&P 500	제외	PEG=보통, PEGY=불리(<1)	304.69000244140625	17.02	2025	1.04	1195000000.0	1603000000.0	2798000000.0	14660000000.0		9352000000.0	41236000000.0	18.48659761208192	81.51340238791809	0.22679212338733146	-54.63841547673883	-54.63841547673883	21.112127962288195	21.112127962288195	36.269015212169734	11.921526017460929	15.032502900053736	81.03803042433947	32.343052034921854	38.56500580010747	1379.2672778222577	550.47874563437	656.3763987178291	352.6788758313457	80.66846342955752	115.4243307815964	3년	32.343052034921854	550.47874563437	80.66846342955752	1.7671840223218347	0.613937450578815	0.7612924158456905	14.822662367572548	4.864833847124025	3년	0.613937450578815	불리(<1)	3년	11.921526017460927	1.7709249580436437	보통	N	주당순현금<=0	217100000.0	-9.407422886469574	-3.8529478353560687		-20.083409054962054	352.4281988525391	336.8720997619629	N	N	주의	
ALLE	Allegion plc	0001579241	S&P 500	제외	PEG=보통, PEGY=불리(<1)	151.72999572753906	7.44	2025	1.41	356200000.0		356200000.0	1979900000.0	200000.0	1318300000.0	3156100000.0	29.463168246021816	70.53683175397819	0.41769905896517856	-18.749422632794456	-18.75173210161663	22.913900317249126	22.914210729725227	9.090909090909092	12.754839878198432	17.023921536797502	26.681818181818183	34.009679756396864	42.547843073595004	198.5127272727273	253.03201738759267	316.55595246754683	30.8328826616431	66.76466388489277	108.63109561802472	3년	34.009679756396864	253.03201738759267	66.76466388489277	0.45827680776826185	0.6181767260083358	0.8044864157378224	7.98729792147806	5.264152208783304	3년	0.6181767260083358	불리(<1)	3년	12.754839878198432	1.7964867090503702	보통	N	주당순현금<=0	86600000.0	17.30188524777747	3.4710831690373922		-15.597712565230959	153.2826007080078	151.0217504119873	N	Y	상승전환	단기위험부채 존재
KDP	Keurig Dr Pepper Inc.	0001418135	S&P 500	제외	PEG=보통, PEGY=불리(<1)	32.08000183105469	1.53	2025	2.83	1026000000.0		1026000000.0	13036000000.0	0.0	25516000000.0	29943000000.0	46.0087632304946	53.9912367695054	0.8521524229369135	-8.812738479600823	-8.812738479600823	26.72728124879445	26.72728124879445	45.714285714285715	14.847977704937376	38.520495126762675	99.92857142857143	38.195955409874756	85.54099025352535	152.8907142857143	58.439811777108375	130.8777150878938	376.59197493470884	82.16897893234022	307.9729040451584	3년	38.195955409874756	58.439811777108375	82.16897893234022	1.8162822197441175	0.6614207236560865	1.5471268754141543	1.1043439976518932	3.442468624122226	3년	0.6614207236560865	불리(<1)	3년	14.847977704937376	1.800062054235633	보통	N	주당순현금<=0	1362800000.0	1.1987415109449895	16.021708042106255		-4.238800504314366	31.245000038146973	29.18615005493164	Y	Y	강한 상승추세	
ABBV	AbbVie Inc.	0001551152	S&P 500	제외	PEG=보통, PEGY=불리(<1)	250.91000366210938	1.02	2025	2.78	5229000000.0	28000000.0	5257000000.0	64503000000.0	2499000000.0	-3270000000.0					-33.41567963902989	-34.82515510434292	278.7506699030777	280.13250859456105	5200.0	-9.58502599188228	152.18545481323272	10408.5	-10.670051983764559	312.87090962646545	10616.67	-10.88345302343985	319.12832781899476	4131.266129307882	-104.33759230982922	27.18836362090702	5년	312.87090962646545	319.12832781899476	27.18836362090702	18.66463675875297	-0.02441259062892442	0.5559285467084781	10.048505358150027	4.004824523330665	5년	0.5559285467084781	불리(<1)	5년	152.18545481323272	1.8316511932442572	보통	N	주당순현금<=0	1773000000.0	11.540345439453482	10.202921527412334		-5.662291795869445	254.31899993896485	228.50409950256346	N	Y	상승전환	단기위험부채 존재
NFLX	NETFLIX INC	0001065280	S&P 500	제외	PEG=보통, PEGY=판정불가	76.02999877929688	2.53	2025		9033681000.0	28678000.0	9062359000.0	13463971000.0	998865000.0	26615488000.0	28981505000.0	47.87217179173701	52.127828208263	0.9183611410104479	-1.0132943879675764	-1.2432429383707544	30.451894532515595	30.542783287615666	-87.24155320221885	-36.64720009551697	16.282594168366128	-165.9831064044377	-64.79440019103394	41.065188336732255	-419.93725920322737	-163.92983248331586	103.8949264919326	-652.3310087406935	-315.6120414511361	36.649912087363326	5년	41.065188336732255	103.8949264919326	36.649912087363326				2.1780274838317877	2.8646948820218436	판정불가		판정불가	5년	16.282594168366128	1.8702114796718097	보통	N	주당순현금<=0	4343863000.0	-7.280489293540393	-19.875646255309178		-39.06436871502572	75.54439956665038	86.52704971313477	Y	N	주의	단기위험부채 존재
HRL	HORMEL FOODS CORP /DE/	0000048465	S&P 500	제외	PEG=보통, PEGY=불리(<1)	20.969999313354492	0.87	2025	5.52	670679000.0	32909000.0	703588000.0	2850778000.0	185000000.0	7901171000.0					-3.900464308550834	-4.236524879381503	28.58673979529348	28.973016313489648	-40.816326530612244	-21.81034655991424	15.135740743060389	-73.13265306122449	-35.12069311982848	38.77148148612078	-63.625408163265305	-30.55500301425078	33.731188892925076	-403.4115891589288	-245.7081736516424	60.85450642549031	5년	38.77148148612078	33.731188892925076	60.85450642549031	-1.234709756459302	-0.5698567474489092	0.7225637092922764	0.970668270069174	4.628842641167926	5년	0.7225637092922764	불리(<1)	5년	15.135740743060389	1.8886911635560528	보통	N	주당순현금<=0	550496000.0	-13.66818228504284	-8.94486023391895		-20.897777697835252	24.224999923706054	23.425549964904786	N	N	주의	단기위험부채 존재
CFG	CITIZENS FINANCIAL GROUP INC/RI	0000759944	S&P 500	제외	PEG=보통, PEGY=불리(<1)	69.37000274658203	3.86	2025	2.63	4074000000.0		4074000000.0	11224000000.0	58000000.0	26317000000.0	200034000000.0	11.626632972684018	88.37336702731598	0.13156263435216015	-16.365648187670065	-16.49840449464697	22.211308532189662	22.245701357831347	27.392739273927397	-1.9905807112054583	11.698377840871576	63.285478547854794	4.518838577589083	31.89675568174315	244.2819471947195	17.44271690949386	123.12147693152856	252.14348785182318	-74.8555337770211	77.48518387884155	5년	31.89675568174315	123.12147693152856	77.48518387884155	1.3516871025593582	0.028788006247712293	0.645093818768319	4.772360345635256	6.879573528444754	3년	0.0287880062477122	불리(<1)	5년	11.698377840871576	1.898665681201389	보통	N	주당순현금<=0	436890731.0	6.788798836611276	18.560937850945148		-7.172488116654485	71.44540023803711	64.19325012207031	N	Y	상승전환	단기위험부채 존재
O	REALTY INCOME CORP	0000726728	S&P 500	제외	PEG=보통, PEGY=불리(<1)	60.11000061035156	1.17	2025	5.33	434842000.0		434842000.0	3975000000.0	516800000.0	39438695000.0	32671644000.0	54.69215031703013	45.30784968296987	1.2071230636572803	-3.897418790885291	-4.466372501744953	54.707196069433216	55.19348129239019	19.38775510204081	-6.251173723614811	28.805493048681363	47.27551020408162	-4.0023474472296225	66.11098609736273	55.31234693877549	-4.682746513258658	77.34985373391439	-7.981456700817047	-107.7902952349201	28.68050731743621	5년	66.11098609736273	77.34985373391439	28.68050731743621	0.45181908191144654	-0.016838255107165006	0.6239671469427407			5년	0.6239671469427407	불리(<1)	5년	28.805493048681363	1.8991931843339012	보통	N	주당순현금<=0 | FCF<=0	908334000.0	-3.2200933510644125	-7.108636283731418		-11.027230931707654	63.14839988708496	61.891999835968015	N	N	주의	단기위험부채 존재
TGT	TARGET CORP	0000027419	S&P 500	제외	PEG=보통, PEGY=불리(<1)	157.52000427246094	8.13	2025	2.85	5488000000.0	4611000000.0	10099000000.0	14654000000.0	970000000.0	16165000000.0					-9.997805092186129	-12.126865671641792	20.604896600817597	20.866773670861342	-8.23927765237019	10.780448872111425	-1.2094597080639313	-7.978555304740379	30.06089774422285	6.081080583872137	-64.86565462753929	244.3950986605318	49.43918514688048	-141.17931238456657	55.15178519028212	-68.61402754829415	3년	30.06089774422285	244.3950986605318	55.15178519028212	-0.26155324905422456	0.6615150338376642	0.07961895289835973	6.222563652326603	3.9503323283076415	3년	0.6615150338376642	불리(<1)	3년	10.780448872111425	1.9113208406490023	보통	N	주당순현금<=0	455600000.0	23.081731630480505	32.61492329625817		-7.281179093312318	147.95499923706055	123.23164985656739	Y	Y	강한 상승추세	단기위험부채 존재
MS	MORGAN STANLEY	0000895421	S&P 500	제외	PEG=보통, PEGY=불리(<1)	215.35000610351562	10.21	2025	2.13	111695000000.0		111695000000.0	341681000000.0	941000000.0	111632000000.0	1307618000000.0	7.865562797252069	92.13443720274793	0.08537049811183388	-144.46356783919597	-145.05464824120602	35.24129029801289	35.29918259987479	28.427672955974852	18.408680655257537	41.34141455266054	65.35534591194971	45.317361310515075	91.18282910532108	667.2780817610067	462.690258980359	930.9766851653283	209.8574705590005	114.85500156333894	332.30864117915155	3년	45.317361310515075	462.690258980359	114.85500156333894	0.8670985851416987	0.5828016080448571	1.2335364053089655			3년	0.5828016080448571	불리(<1)	3년	18.408680655257537	1.9143843580092712	보통	N	주당순현금<=0 | FCF<=0	1592000000.0	4.204975460861049	33.849218049889004		-5.775540044623362	215.74240020751952	191.47134956359864	N	Y	상승전환	단기위험부채 존재
JKHY	JACK HENRY & ASSOCIATES INC	0000779152	S&P 500	보류	PEG=보통, PEGY=불리(<1)	158.47999572753906	6.98	2026	1.53	50992000.0		50992000.0	0.0	0.0	2051949000.0	1093762000.0	65.23005450913959	34.769945490860415	1.8760470742263857	0.7077995086267923	0.7077995086267923	22.603466507007486	22.603466507007486	11.858974358974363	11.613630584727662	11.119848679617505	32.21794871794873	31.727261169455325	30.73969735923501	224.88128205128214	221.45628296279818	214.56308756746037	41.89884409001441	39.73768862508605	35.388120489566454	3년	31.727261169455325	221.45628296279818	39.737688625086044	0.5923416372804382	0.5814873829486684	0.5596419768488086	9.64503143955693	6.085961445972524	3년	0.5814873829486684	불리(<1)	3년	11.613630584727662	1.9462877127099123	보통	Y		72043000.0	24.210361530102944	-5.107478031171198		-17.715477307741246	156.08299926757812	159.88349952697754	Y	N	중립/개선	
LH	LABCORP HOLDINGS INC.	0000920148	S&P 500	제외	PEG=보통, PEGY=안심	321.1000061035156	10.46	2025	89.0	532300000.0		532300000.0	5084600000.0	500100000.0	8619800000.0	9756000000.0	46.90843391852327	53.09156608147673	0.8835383353833538	-54.32338902147971	-60.29116945107398	35.89133796606074	36.461871467933996	18.325791855203633		-8.010928076671341	45.151583710407266		-7.521856153342682	472.28556561086003		-78.67861536396447	47.083636447707036		-124.50283832713482	1년	45.151583710407266	472.28556561086003	47.083636447707036	2.9902978806945604		2.256507461491484	14.391408114558473	4.4819083902225145	5년	2.256507461491484	안심	1년	18.325791855203633	1.9585149853084984	보통	N	주당순현금<=0	83800000.0	19.532442492264668	18.74121372652202		-5.375137157782284	308.429599609375	276.19985046386716	Y	Y	강한 상승추세	단기위험부채 존재
SCHW	SCHWAB CHARLES CORP	0000316709	S&P 500	보류	PEG=보통, PEGY=불리(<1)	106.54000091552734	4.65	2025	1.2	46030000000.0		46030000000.0	18914000000.0	17050000000.0	49425000000.0	441570000000.0	10.066293954113585	89.93370604588642	0.11193015829879747	14.989496959646214	5.564400221116639	19.688280420619595	21.71518294503456	55.51839464882943	9.933056473764434	52.16529750329273	119.53678929765886	28.36611294752887	112.83059500658545	555.8460702341138	131.90242520600924	524.6622667806224	421.72523508313924	23.805541648710022	392.45566197865236	3년	28.36611294752887	131.90242520600924	23.805541648710026	2.8808201344708646	0.5654661674822932	2.710510840113954	4.844112769485903	4.54675495387565	3년	0.5654661674822932	불리(<1)	3년	9.933056473764434	1.982096897628744	보통	Y		1809000000.0	19.345810375139404	14.96709077440126		-6.2560497271375475	105.71759994506836	97.5728498840332	Y	Y	강한 상승추세	단기위험부채 존재
KIM	KIMCO REALTY CORP	0000879101	S&P 500	제외	PEG=보통, PEGY=불리(<1)	23.56999969482422	0.45	2020	4.71	211648000.0	223991000.0	435639000.0	7718700000.0		10391836000.0	9120372000.0	53.258124349637924	46.74187565036207	1.1394092258517525	-10.785262091668777	-10.785262091668777	76.34502619220666	76.34502619220666	104.54545454545455	38.33153542625083	-12.352677767919173	217.5909090909091	85.16307085250166	-16.205355535838347	97.9159090909091	38.32338188362575	-7.292409991127256	315.4260091586282	62.59390063565107	-130.93937244610404	3년	85.16307085250166	38.32338188362575	62.59390063565107	1.4310749500614801	0.5637765493444095	-0.10010708161495584	1.631347931743768	6.921289575162781	3년	0.5637765493444095	불리(<1)	3년	38.33153542625083	1.991702793619971	보통	N	주당순현금<=0	675279000.0	-7.131597816363799	1.7263686543511403		-10.652007412197072	24.823600006103515	23.075699968338014	N	Y	중립/개선	
VLTO	Veralto Corp	0001967680	S&P 500	보류	PEG=보통, PEGY=안심	94.72000122070312	3.76	2025	54.0	2031000000.0		2031000000.0	1973000000.0	700000000.0	3105000000.0					0.2317219336795845	-2.5649220934878145	25.129861512506263	25.873649817603972	12.574850299401197			33.6497005988024			126.522874251497			33.575667885277284			1년	33.6497005988024	126.522874251497	33.575667885277284	2.649232677476921			4.051138633639632	4.276962184787396	1년	2.649232677476921	안심	1년	12.574850299401197	1.99842232028026	보통	Y		250300000.0	14.645361984839278	3.6664095145235276		-13.180565952829927	95.39839965820312	93.40150009155273	N	Y	상승전환	단기위험부채 존재
TYL	TYLER TECHNOLOGIES INC	0000860731	S&P 500	보류	PEG=불리, PEGY=불리(<1)	342.67999267578125	7.2	2025	0.00680926826739982	1015400000.0	81800000.0	1097200000.0	597934000.0	0.0	3702789000.0	1936119000.0	65.66500109595688	34.334998904043125	1.9124800696651394	11.395645028759244	11.395645028759244	46.011714950975275	46.011714950975275	19.008264462809922	22.991144762697367	41.04203232039028	46.516528925619845	54.482289525394734	90.58406464078055	334.9190082644629	392.2724845828421	652.20526541362	-2.2647906435148246	14.471954291764444	90.32487432982089	3년	54.482289525394734	392.2724845828421	14.471954291764444	0.4132659204582479	0.499828229733856	0.8921389179341509	14.55144709212088	4.246366115073545	3년	0.499828229733856	불리(<1)	3년	22.991144762697367	2.001279859088543	불리	Y		43812000.0	13.166670664323977	-1.6192049063629366		-38.14328801666532	327.3664025878906	356.36689987182615	Y	N	중립/개선	
CRH	CRH PUBLIC LTD CO	0000849395	S&P 500	제외	PEG=불리, PEGY=불리(<1)	89.3499984741211	5.51	2025	1.72	4096000000.0		4096000000.0	16478000000.0	120000000.0	24004000000.0	32851000000.0	42.2196816462932	57.7803183537068	0.7306931295850964	-18.289512555391433	-18.466765140324963	19.535301457261802	19.567470710425784	9.76095617529881			28.02191235059762			154.40073705179287			72.80440927652927			1년	28.02191235059762	154.40073705179287	72.80440927652927	0.5877030462220498			4.301329394387001	4.814022907490948	1년	0.5877030462220498	불리(<1)	1년	9.76095617529881	2.001371700315392	불리	N	주당순현금<=0	677000000.0	-10.632130952089348	-14.086539928729714		-31.991174339033602	98.93279968261719	111.28114990234376	N	N	주의	단기위험부채 존재
HWM	Howmet Aerospace Inc.	0000004281	S&P 500	제외	PEG=불리, PEGY=불리(<1)	232.6199951171875	3.71	2025	24.0	742000000.0		742000000.0	2859000000.0	0.0	5353000000.0	5826000000.0	47.884426156185704	52.1155738438143	0.9188122210779265	-5.214285714285714	-5.214285714285714	64.10627515673133	64.10627515673133	32.02846975088968			72.55693950177935			269.1862455516014			15.7193066812648			1년	72.55693950177935	269.1862455516014	15.7193066812648	0.873993530491477			3.5246305418719213	1.5151881247767676	1년	0.873993530491477	불리(<1)	1년	32.02846975088968	2.0015403687823894	불리	N	주당순현금<=0	406000000.0	-6.761798069878511	-7.562089902980418		-20.51255767342698	273.88340057373046	245.8432006072998	N	N	주의	
FTNT	Fortinet, Inc.	0001262039	S&P 500	제외	PEG=불리, PEGY=판정불가	157.22000122070312	2.42	2025		2495300000.0	775500000.0	3270800000.0	496600000.0	499700000.0	1237500000.0	9151700000.0	11.911408000616024	88.08859199938398	0.1352207786531464	3.628302380329584	2.9747580434213967	63.46764414891469	63.73770379226518	7.079646017699122	31.674951451459886	-3.62054294817038	22.659292035398245	71.84990290291978	1.2589141036592402	54.83548672566375	173.87676502506585	3.046572130855361	-65.12181255571517	10.594557737587218	-98.06222356748451	3년	71.84990290291978	173.87676502506585	10.594557737587218						판정불가		판정불가	3년	31.674951451459886	2.0037171721060205	불리	N	FCF<=0	764600000.0	13.205642060112233	88.33252862782129		-9.005670603383642	158.93559936523437	110.82939979553223	N	Y	상승전환	단기위험부채 존재
TXN	TEXAS INSTRUMENTS INC	0000097476	S&P 500	제외	PEG=불리, PEGY=불리(<1)	261.5899963378906	5.45	2025	2.19	3225000000.0	1656000000.0	4881000000.0	13548000000.0	0.0	16273000000.0	18312000000.0	47.05219025589128	52.94780974410872	0.888652249890782	-9.49288061336254	-9.49288061336254	49.73997742224829	49.73997742224829	4.8076923076923075	-16.644237941707228	24.802935181675736	18.115384615384613	-24.788475883414456	58.10587036335147	98.72884615384615	-135.0971935646088	316.67699348026554	-62.25817212584841	-151.6446329966328	21.0585259044922	5년	58.10587036335147	316.67699348026554	21.0585259044922	0.14068547414664279	-0.29059598919805635	0.5426808893082049	2.8510405257393208	1.089888973451679	5년	0.5426808893082049	불리(<1)	5년	24.802935181675736	2.005406902768342	불리	N	주당순현금<=0	913000000.0	-7.240882493747369	31.670608923768807		-21.27422736881588	279.02219848632814	240.40995010375977	N	Y	중립/개선	
MA	Mastercard Inc	0001141391	S&P 500	제외	PEG=불리, PEGY=안심	567.5	16.52	2025	61.0	10566000000.0		10566000000.0	18251000000.0	749000000.0	7737000000.0	46411000000.0	14.288616384723351	85.71138361527665	0.16670616879619055	-8.48233995584989	-9.309050772626932	34.86575907723062	34.91580210488057	18.9344852411807	17.359895932136805	20.99686615184875	46.3689704823614	43.21979186427361	50.4937323036975	766.0153923686103	713.9909615978	834.1564576570827	34.98068587993133	25.813385303577107	46.987922054111486	3년	43.21979186427361	713.9909615978	25.813385303577107	2.2926357365149865	2.2474742557178513	2.351787780389887	18.939293598233995	3.3373204578385893	3년	2.2474742557178518	안심	3년	17.359895932136805	2.008408299999472	불리	N	주당순현금<=0	906000000.0	16.03418982186202	12.599206349206348		-5.394589761241885	560.3079931640625	530.7526977539062	Y	Y	강한 상승추세	단기위험부채 존재
J	JACOBS SOLUTIONS INC.	0000052988	S&P 500	제외	PEG=불리, PEGY=보통	141.75	2.38	2025	100.0	1235448000.0		1235448000.0	2236456000.0	0.0	3640807000.0					-8.209559426565626	-8.209559426565626	63.008218246456146	63.008218246456146	-5.179282868525893	-21.81636262954282	30.86908124949421	-1.8585657370517854	-35.13272525908564	70.23816249898843	-4.423386454183249	-83.61588611662381	167.16682674759247	-103.12055481776596	-158.98827944735365	17.930741973610196	5년	70.23816249898843	167.16682674759247	17.930741973610196	1.5048944371126896	1.2408482503765224	2.077016060628803	4.98205557195814	3.514677652175055	3년	1.2408482503765224	보통	5년	30.86908124949421	2.0411432960120424	불리	N	주당순현금<=0	121932000.0	16.41754066446537	6.651114358828947		-13.798347181058467	139.18179931640626	132.6666997909546	Y	Y	강한 상승추세	
BX	Blackstone Inc.	0001393818	S&P 500	제외	PEG=불리, PEGY=불리(<1)	129.07000732421875	3.87	2025	3.9	2631241000.0		2631241000.0	12576587000.0		8665526000.0	25827803000.0	25.122324377562975	74.87767562243702	0.3355115415740162	-12.746916027812693	-12.746916027812693	36.64519983256626	36.64519983256626	6.906077348066299	17.923308120835912	20.871508213597355	22.3121546961326	44.346616241671825	50.24301642719471	86.34803867403316	171.62140485526996	194.44047357324354	-33.09984212123711	32.96768816644116	50.64729413458291	3년	44.346616241671825	171.62140485526996	32.96768816644116	0.29488384283452684	0.5955297889095349	0.6759823476684423	5.8284613995335155	4.515736475394048	3년	0.5955297889095349	불리(<1)	3년	17.923308120835912	2.044555591273136	불리	N	주당순현금<=0	780215856.0	8.938220515897232	20.344995174096738		-31.593167090054674	133.24660049438478	130.76155048370362	N	N	중립/개선	
CASY	CASEYS GENERAL STORES INC	0000726958	S&P 500	제외	PEG=불리, PEGY=보통	629.030029296875	19.16	2026	35.0	522991000.0		522991000.0	2330237000.0	101357000.0	3951719000.0	4984336000.0	44.222187531298765	55.777812468701235	0.79282757021196	-48.47547934636911	-51.19416244767903	35.36041276843654	35.50230645848403	30.874316939890704	17.173098488337637	17.985950946001218	70.24863387978141	42.84619697667527	44.471901892002435	1345.9638251366118	820.9331340730982	852.0816402507667	113.9744944515797	30.507781161215952	35.45961250899532	3년	42.84619697667527	820.9331340730982	30.507781161215952	1.8629397052370251	1.4754663309504255	1.498453971479021	19.35590141349151	3.077102922276602	3년	1.4754663309504257	보통	3년	17.173098488337637	2.0590584041924656	불리	N	주당순현금<=0	37281653.0	-31.29859697797308	-8.170798642791965		-31.349586459985034	822.7955993652344	728.3988983154297	N	N	주의	단기위험부채 존재
WDAY	Workday, Inc.	0001327811	S&P 500	보류	PEG=불리, PEGY=판정불가	186.0500030517578	2.59	2026		1501000000.0	3942000000.0	5443000000.0	2987000000.0	0.0	7805000000.0	10269000000.0	43.18357862122386	56.81642137877614	0.7600545330606681	9.160180070640802	9.160180070640802	68.29722895023824	68.29722895023824	32.82051282051282			74.14102564102564			192.0252564102564			3.2116384092916617			1년	74.14102564102564	192.0252564102564	3.2116384092916617				10.357418589645565	5.567008019217394	판정불가		판정불가	1년	32.82051282051282	2.0809311945775715	불리	Y		268117000.0	35.33862035329529	34.975339520242585		-24.885945650644516	168.27939895629882	159.79484951019288	Y	Y	강한 상승추세	
ROK	ROCKWELL AUTOMATION, INC	0001024478	S&P 500	제외	PEG=불리, PEGY=불리(<1)	426.0799865722656	7.67	2025	1.29	468000000.0	300000.0	468300000.0	2614000000.0	608000000.0	3654000000.0					-18.971706454465075	-24.347480106100797	58.024992571933595	58.72587570774009	-7.3671497584541	-1.270785701033128	27.797562094762206	-6.2342995169082	5.958428597933744	64.09512418952441	-47.817077294685895	45.701147346151814	491.60960253365226	-111.22255886256602	-89.27404506515101	15.379651245429349	5년	64.09512418952441	491.60960253365226	15.379651245429349	-0.10473331385471969	0.0003311383270416109	0.5012936806274012	12.232537577365164	2.8709486394265213	3년	0.0003311383270416	불리(<1)	5년	27.797562094762206	2.087413003130481	불리	N	주당순현금<=0	113100000.0	-3.1790443609228003	14.154048646286842		-13.937141850093393	451.72820068359374	421.11864944458006	N	Y	중립/개선	단기위험부채 존재
MRSH	MARSH & MCLENNAN COMPANIES, INC.	0000062709	S&P 500	제외	PEG=불리, PEGY=불리(<1)	176.83999633789062	8.43	2025	2.19	2687000000.0	414000000.0	3101000000.0	18320000000.0	268000000.0	15315000000.0					-30.807692307692307	-31.350202429149796	24.63199153565634	24.696346235710607	3.0562347188264063	11.754120579715522	63.117645068661396	14.612469437652813	32.008241159431044	134.7352901373228	123.1831173594132	269.8294729740037	1135.8184958576312	-30.34204936079872	52.58396209104008	542.2859756722721	3년	32.008241159431044	269.8294729740037	52.58396209104008	0.21298459408903883	0.5660979770771088	2.6513343419318947	10.123481781376519	5.724656181304959	3년	0.5660979770771088	불리(<1)	3년	11.754120579715522	2.095604802469407	불리	N	주당순현금<=0	494000000.0	5.797189826645899	1.6497069017931132		-14.578305145260318	185.37079925537108	177.93954948425292	N	N	중립/개선	단기위험부채 존재
ADI	ANALOG DEVICES INC	0000006281	S&P 500	제외	PEG=불리, PEGY=불리(<1)	365.07000732421875	4.56	2025	1.21	2499406000.0	1152915000.0	3652321000.0	8145066000.0	446639000.0	33815755000.0					-9.0450243502735	-9.944220861711788	82.04277010405532	82.23996232147601	39.02439024390244	-4.58825332599776		86.54878048780488	-0.6765066519955205		394.6624390243902	-3.0848703330995733		8.105960803811097	-100.84500788101168		1년	86.54878048780488	394.6624390243902	8.105960803811097	0.4904075056567803	-0.04117673405850512		8.613997330428884	2.3595467054566304	1년	0.4904075056567803	불리(<1)	1년	39.02439024390244	2.102345983916418	불리	N	주당순현금<=0	496709000.0	-7.0288041255269	14.363136998992655		-18.050193427102425	376.3568005371094	349.627751159668	N	Y	중립/개선	단기위험부채 존재
STX	Seagate Technology Holdings plc	0001137789	S&P 500	제외	PEG=불리, PEGY=불리(<1)	885.9199829101562	6.77	2027	33.0	891000000.0	411000000.0	1302000000.0	4995000000.0	0.0	-453000000.0	8476000000.0	-5.6462669824255265	105.64626698242552	-0.05344502123643228	-17.018433179723502	-17.018433179723502	133.37347357309895	133.37347357309895	-51.29496402877698	62.4216285007507	-1.6572902196046346	-94.08992805755396	133.3432570015014	5.185419560790731	-636.9888129496403	902.7338499001644	35.105290426553246	-171.9013934934843	1.8978990557111384	-96.03741973273523	3년	133.3432570015014	902.7338499001644	1.8978990557111386	-0.13717093465928162	0.7154468272017546	0.2349995763079316	3.769585253456221	0.4254995175832382	3년	0.7154468272017546	불리(<1)	3년	62.4216285007507	2.1366548226388384	불리	N	주당순현금<=0	217000000.0	8.569957170148058	129.53078739494435		-19.023074907814618	851.9611987304687	599.8064493560792	Y	Y	강한 상승추세	
ETN	Eaton Corp plc	0001551182	S&P 500	제외	PEG=불리, PEGY=불리(<1)	415.2200012207031	10.45	2025	1.04	622000000.0	181000000.0	803000000.0	8024000000.0	1000000.0	19425000000.0					-18.458588957055216	-18.461145194274028	41.500343557680225	41.500588173682026	9.999999999999993	19.3940377642204	24.525465160026606	28.499999999999986	47.28807552844079	57.55093032005321	297.8249999999998	494.16038927220626	601.407221844556	-28.272963940940787	19.011701704982094	44.84061944908291	3년	47.28807552844079	494.16038927220626	19.011701704982098	0.2660218941237387	0.4923823759632175	0.6160302052558636	9.082310838445808	2.1873490707925365	3년	0.4923823759632175	불리(<1)	3년	19.394037764220396	2.1398506109049262	불리	N	주당순현금<=0	391200000.0	10.58967950527483	16.703671055528723		-9.726930834318992	415.85060119628906	381.80160110473633	N	Y	상승전환	단기위험부채 존재
MDLZ	Mondelez International, Inc.	0001103982	S&P 500	제외	PEG=불리, PEGY=불리(<1)	62.41999816894531	1.89	2025	3.37	4475000000.0		4475000000.0	23095000000.0	2688000000.0	25838000000.0	45596000000.0	36.170451045720526	63.82954895427948	0.5666725151329064	-14.345146379044683	-16.41602465331279	40.6164785968201	41.71218138743815	-44.73684210526316	-1.2049365987475746	18.761141546758097	-80.97368421052632	6.090126802504851	46.022283093516194	-153.0402631578947	11.510339656734168	86.9821150467456	-345.1782564037851	-81.55985262034068	39.349755844786685	5년	46.022283093516194	86.9821150467456	39.349755844786685	-1.0184743614997143	0.053305049478659876	0.5448808540603213	2.4922958397534667	3.992784224388865	3년	0.0533050494786598	불리(<1)	5년	18.761141546758097	2.1649257586801043	불리	N	주당순현금<=0	1298000000.0	-2.742290632380273	12.752885622753451		-3.9544541918764	61.58759986877441	59.16245012283325	Y	Y	강한 상승추세	단기위험부채 존재
MO	ALTRIA GROUP, INC.	0000764180	S&P 500	제외	PEG=불리, PEGY=불리(<1)	67.88999938964844	4.12	2025	6.51	4474000000.0		4474000000.0	24140000000.0	0.0	-3502000000.0	38469000000.0	-10.015157148168273	110.01515714816827	-0.0910343393381684	-11.68508615567439	-11.68508615567439	19.314341151777384	19.314341151777384	-37.00305810397553	8.90191356086536	11.413340246469872	-65.50611620795107	26.30382712173072	31.326680492939744	-269.8851987767584	108.37176774153056	129.06592363091175	-497.5330699706992	59.62847063753929	90.1103620433839	3년	26.30382712173072	108.37176774153056	59.62847063753929	-1.5787780625988084	0.7979518141340841	0.9279809290735497	5.3915626856803325	7.9416154575815385	3년	0.7979518141340841	불리(<1)	3년	8.90191356086536	2.169684194271128	불리	N	주당순현금<=0	1683000000.0	-7.16531937723357	2.336453327285626		-9.38334083170178	69.59279968261718	66.47920021057129	N	Y	중립/개선	
OKE	ONEOK INC /NEW/	0001039684	S&P 500	제외	PEG=불리, PEGY=불리(<1)	95.81999969482422	5.42	2025	4.39	78000000.0		78000000.0	30755000000.0	820000000.0	22485000000.0					-49.01262182457261	-50.32273526122384	26.721885889187607	26.963604235433223	4.835589941972921	12.173263216522322	51.01846065815958	18.17117988394584	32.846526433044644	110.53692131631917	98.48779497098644	178.02817326710198	599.1101135344499	2.784173747295804	85.79437887090526	525.2453719918047	3년	32.846526433044644	178.02817326710198	85.79437887090526	0.3452447173912168	0.6198388573773629	2.073523586169468	3.909570218884806	4.080119214502548	3년	0.6198388573773629	불리(<1)	3년	12.173263216522322	2.1951292282022603	불리	N	주당순현금<=0	625900000.0	5.796621417345582	11.730407308774748		-1.7331580395672286	91.99160018920898	85.20379978179932	Y	Y	강한 상승추세	단기위험부채 존재
AEP	AMERICAN ELECTRIC POWER CO INC	0000004904	S&P 500	제외	PEG=불리, PEGY=불리(<1)	124.66999816894531	6.66	2025	3.03	197000000.0	220000000.0	417000000.0	44128000000.0	1508000000.0	31138000000.0	82204000000.0	27.472605036085472	72.52739496391453	0.37878935331614033	-81.32765295651676	-84.13340209651417	30.93057824706638	31.351861901720643	19.35483870967742	14.044924681547055	8.545142209229773	47.20967741935484	36.58984936309411	25.590284418459547	314.41645161290324	243.68839675820678	170.4312942269406	152.19897026614606	95.46675249643852	36.70594106850176	3년	36.58984936309411	243.68839675820678	95.46675249643852	0.7237122607560859	0.5520402672448108	0.37422973850570096	12.919842193728178	10.363232841489243	3년	0.5520402672448108	불리(<1)	3년	14.044924681547055	2.202260172153473	불리	N	주당순현금<=0	537467865.0	-3.003190420144408	-5.020567281486077		-10.108878812936862	128.74919967651368	126.9151000213623	N	N	주의	단기위험부채 존재
ROST	ROSS STORES, INC.	0000745732	S&P 500	보류	PEG=불리, PEGY=안심	225.27000427246094	6.61	2025	78.0	4594392000.0	0.0	4594392000.0	1017863000.0	499743000.0	6187443000.0					11.024514820477412	9.484076001183665	32.412328207561806	32.645374927575986	4.588607594936709	14.703265747939431	58.06122059198926	17.67721518987342	37.906531495878866	124.62244118397852	116.8463924050633	250.56217318775933	823.7543362260981	-48.130514409837176	11.227490760246916	265.67422231225186	3년	37.906531495878866	250.56217318775933	11.227490760246916	2.548061560590663	2.860123628092589	4.197823115966293	6.804867824028408	3.0207607293326166	3년	2.860123628092589	안심	3년	14.703265747939431	2.2044305505465127	불리	Y		324416000.0	-2.8673654488562406	5.825155935408888		-11.738428851074678	235.1628012084961	213.28870025634765	N	Y	중립/개선	단기위험부채 존재
LHX	L3HARRIS TECHNOLOGIES, INC. /DE/	0000202058	S&P 500	제외	PEG=불리, PEGY=불리(<1)	250.41000366210938	8.53	2025	1.96	1069000000.0		1069000000.0	10443000000.0	0.0	19635000000.0	21560000000.0	47.66355140186916	52.336448598130836	0.9107142857142857	-49.75583864118896	-49.75583864118896	35.18943051621317	35.18943051621317	8.386277001270638	15.822311734425586	10.447613089419638	25.272554002541277	40.14462346885117	29.395226178839277	215.57488564167707	342.4336381893005	250.741279305499	-13.911232582959043	36.74918460979824	0.13229329441513116	3년	40.14462346885117	342.4336381893005	36.749184609798235	0.29401660809781216	0.5053310461001228	0.35259488168479897	14.235668789808917	5.6849441242841925	3년	0.5053310461001228	불리(<1)	3년	15.822311734425586	2.224038503782563	불리	N	주당순현금<=0	188400000.0	-17.3564344349474	-31.255148259829536		-33.837984465933935	281.182600402832	313.76885063171386	N	N	주의	
IDXX	IDEXX LABORATORIES INC /DE	0000874716	S&P 500	제외	PEG=불리, PEGY=판정불가	515.1500244140625	13.08	2025		180070000.0	0.0	180070000.0	374842000.0	74995000.0	1605383000.0	1745376000.0	47.91102553182726	52.08897446817274	0.919792067726381	-2.4038506633755015	-3.3294291885220613	39.56833907319862	39.63910195738414	22.58669165885661	17.66051173291583	14.281792796945748	53.67338331771322	43.82102346583166	37.063585593891496	702.0478537956889	573.1789869330781	484.79169956810074	36.28027186724996	11.264478262428202	-5.893103641117293	3년	43.82102346583166	573.1789869330781	11.264478262428202				13.046948472693613	2.5326502677610003	판정불가		판정불가	3년	17.66051173291583	2.240497878634557	불리	N	주당순현금<=0	81025000.0	-7.503497296684181	-14.216011513458792		-32.807686474751584	557.10400390625	605.4830987548828	N	N	주의	단기위험부채 존재
LVS	LAS VEGAS SANDS CORP	0001300514	S&P 500	보류	PEG=불리, PEGY=불리(<1)	43.33000183105469	0.58	2025	2.73	3841000000.0		3841000000.0			1590000000.0	19986000000.0	7.369299221357063	92.63070077864293	0.0795556889822876	5.542568542568542	5.542568542568542	65.15074704911405	65.15074704911405	28.888888888888875			66.27777777777774			38.44111111111109			-11.282922947950858			1년	66.27777777777774	38.44111111111109	-11.282922947950858	0.48531889995141425			2.676767676767677	6.177631118513438	1년	0.4853188999514142	불리(<1)	1년	28.888888888888875	2.2552181670847182	불리	Y		693000000.0	-14.721510214656863	-20.901783868913682		-37.64569986604368	45.9678002166748	54.00939990997315	N	N	주의	
DPZ	DOMINOS PIZZA INC	0001286681	S&P 500	제외	PEG=불리, PEGY=불리(<1)	321.4599914550781	17.57	2025	2.37	125675000.0		125675000.0	1536443000.0	100000.0	-3901142000.0	5617601000.0	-227.278484368109	327.278484368109	-0.6944498194157969	-41.20516930398778	-41.2080900655378	20.64115883660022	20.641325072317354	5.272618334331929	9.073110679208952	7.235872833479218	19.045236668663858	26.646221358417904	22.971745666958434	334.624808268424	468.17410926740257	403.6135713684597	4.095320463910834	45.63993085056333	25.556393360653097	3년	26.646221358417904	468.17410926740257	45.639930850563324	0.3702611076651516	0.5543831511493632	0.4653746870280559	19.613030638847075	6.101235351270102	3년	0.5543831511493632	불리(<1)	3년	9.073110679208952	2.274981488311332	불리	N	주당순현금<=0	34237646.0	2.125362224769045	-18.263880477309225		-29.600106238760247	334.9844000244141	363.9102003479004	N	N	중립/개선	단기위험부채 존재
DRI	DARDEN RESTAURANTS INC	0000940944	S&P 500	제외	PEG=불리, PEGY=불리(<1)	209.4199981689453	10.38	2026	3.04	219500000.0		219500000.0	901000000.0	0.0	2207500000.0	10654900000.0	17.162426918770993	82.83757308122901	0.20718167228223633	-5.859845227858985	-5.859845227858985	20.739869306050508	20.739869306050508	17.155756207674962	9.114765771480716	16.82500139829013	42.811512415349924	26.729531542961432	42.15000279658026	444.3834988713322	277.4525374159397	437.51702902850315	112.19726041294055	32.48617125481517	108.91845709765748	3년	26.729531542961432	277.4525374159397	32.48617125481517	0.9737648733294182	0.5860579732744394	0.957817096392929	9.622527944969905	4.594846733408491	3년	0.5860579732744394	불리(<1)	3년	9.114765771480716	2.275414401864686	불리	N	주당순현금<=0	116300000.0	2.8383415815265822	2.939439469020555		-8.020025954954402	209.68120025634767	201.68084991455078	N	Y	상승전환	
NUE	NUCOR CORP	0000073309	S&P 500	제외	PEG=불리, PEGY=안심	257.9100036621094	7.52	2025	87.0	2260000000.0	439000000.0	2699000000.0	4233276000.0	122000000.0	20936000000.0	12980000000.0	61.7289774737587	38.271022526241296	1.6129429892141756	-6.641887445887446	-7.170025974025974	35.179772753722986	35.250003940975446	516.3934426229508	15.425826725292405	42.054467881799674	1041.2868852459017	39.351653450584806	92.60893576359935	7830.47737704918	295.92443394839773	696.419196942267	2936.127822055313	14.73941675255508	170.02411192031667	3년	39.351653450584806	295.92443394839773	14.73941675255508	17.151715187219203	2.911497679144415	3.668428127300571	-0.8138528138528138	-0.31555690058422514	3년	2.911497679144415	안심	3년	15.425826725292403	2.2805761649093164	불리	N	주당순현금<=0 | FCF<=0	231000000.0	2.962193303615779	50.113501732722064		-6.125786987874726	249.48199981689453	207.10184982299805	Y	Y	강한 상승추세	단기위험부채 존재
USB	US BANCORP \DE\	0000036104	S&P 500	제외	PEG=불리, PEGY=불리(<1)	62.11000061035156	4.62	2025	3.33	8252000000.0		8252000000.0	39829000000.0	17162000000.0	65193000000.0	626694000000.0	9.422492401215806	90.5775075987842	0.1040268456375839	-20.26765083440308	-31.28305519897304	17.83066048587763	20.214947144875456	21.899736147757256	7.780088648706851	8.588568965361265	52.29947229551451	24.060177297413702	25.67713793072253	241.62356200527705	111.1580191140513	118.62837723993809	289.02521273684687	78.96959913332402	90.99722439894309	3년	24.060177297413702	111.1580191140513	78.96959913332402	1.4149636334413915	0.6230890133041536	0.6684311540114343			3년	0.6230890133041536	불리(<1)	3년	7.780088648706851	2.2918325601394414	불리	N	주당순현금<=0 | FCF<=0	1558000000.0	9.3293418569645	18.916333820998155		-5.059611206416992	63.102400131225586	56.88090000152588	N	Y	상승전환	단기위험부채 존재
MSI	Motorola Solutions, Inc.	0000068505	S&P 500	제외	PEG=불리, PEGY=불리(<1)	459.8900146484375	12.75	2025	1.05	1165000000.0	246000000.0	1411000000.0	8413000000.0	749000000.0	2410000000.0					-41.43195266272189	-45.86390532544379	39.31936998518897	39.666974115598535	38.13651137594799	17.15090983184706	40.00784395357051	84.77302275189598	42.80181966369412	88.51568790714101	1080.8560400866738	545.7232007121	1128.575020816048	135.02489848859477	18.66385077512014	145.40107087969417	3년	42.80181966369412	545.7232007121	18.66385077512014	0.9966210392157598	0.4628993251596624	1.0442141867745183			3년	0.4628993251596624	불리(<1)	3년	17.15090983184706	2.292553011513004	불리	N	주당순현금<=0 | FCF<=0	169000000.0	11.721406637595244	-0.5772187228140102		-6.381804455899475	446.77139953613283	423.5568009948731	Y	Y	상승전환	단기위험부채 존재
GEN	Gen Digital Inc.	0000849399	S&P 500	제외	PEG=불리, PEGY=불리(<1)	29.760000228881836	1.57	2026	1.68	1006000000.0	0.0	1006000000.0	8015000000.0	181000000.0	2611000000.0	12978000000.0	16.748989672204758	83.25101032779524	0.2011866235167206	-11.323101777059774	-11.615508885298869	26.16758089550421	26.35382746126159	52.42718446601942	-10.088488131506812	11.281344719290054	113.35436893203884	-11.676976263013625	31.062689438580108	177.96635922330097	-18.332852732931393	48.76842241857077	498.00523472639657	-161.60232725784562	63.872385898846254	5년	31.062689438580108	48.76842241857077	63.872385898846254	2.0677182457976255	-0.32133226854575064	0.49532070889735597	2.4604200323101777	8.267540367564784	5년	0.4953207088973559	불리(<1)	5년	11.281344719290054	2.31954448220699	불리	N	주당순현금<=0	619000000.0	20.877332308850093	40.11299693773558		-5.0111704393470795	27.936200065612795	24.641850061416626	Y	Y	강한 상승추세	단기위험부채 존재
NEE	NEXTERA ENERGY INC	0000753308	S&P 500	제외	PEG=불리, PEGY=불리(<1)	82.6500015258789	3.3	2025	2.97	2812000000.0		2812000000.0	89556000000.0	400000000.0	54608000000.0	146242000000.0	27.18844909136171	72.8115509086383	0.373408459949946	-41.89317106152806	-42.086351782092144	37.740355329517264	37.798894941809415	-2.077151335311581	16.260329205681433		4.345697329376838	41.02065841136287		14.340801186943565	135.36817275749746		-82.64875871484013	63.784839997990495		3년	41.02065841136287	135.36817275749746	63.784839997990495	0.023657664505085083	0.5095428762601268				3년	0.5095428762601268	불리(<1)	3년	16.260329205681433	2.321008071369835	불리	N	주당순현금<=0 | FCF<=0	2070600000.0	-2.9017870547499602	-9.829807741929041		-15.559865299247576	86.33880004882812	87.79845027923584	N	N	주의	단기위험부채 존재
ADP	AUTOMATIC DATA PROCESSING INC	0000008670	S&P 500	제외	PEG=불리, PEGY=불리(<1)	265.2200012207031	10.94	2026	2.54	4230100000.0	2032200000.0	6262300000.0	4964100000.0	0.0	6031200000.0	57162100000.0	9.544049764769365	90.45595023523063	0.10551046934944658	3.2189437143565582	3.2189437143565582	23.948908364382685	23.948908364382685	9.619238476953898	10.041893559840132	12.503420358905348	27.738476953907796	28.583787119680263	33.5068407178107	303.45893787575125	312.70663108930205	366.564837452849	14.417817841433278	17.904618675076044	38.211611404002554	3년	28.583787119680263	312.70663108930205	17.904618675076044	0.5077157710886469	0.5253639693470199	0.6281463910596541			3년	0.5253639693470199	불리(<1)	3년	10.041893559840132	2.3848996428482314	불리	N	FCF<=0	403300000.0	14.764168851602832	24.5164324979827		-11.008958055558315	263.6899996948242	237.20595031738281	Y	Y	강한 상승추세	
SPGI	S&P Global Inc.	0000064040	S&P 500	제외	PEG=불리, PEGY=안심	418.3599853515625	14.66	2025	90.0	1745000000.0	56000000.0	1801000000.0	12370000000.0	400000000.0	31127000000.0	25048000000.0	55.41076991544281	44.58923008455719	1.2426940274672629	-34.64110127826942	-35.95214683710259	30.900483399033554	30.98991351900853		12.852521260492766	50.79787589706457		34.20504252098553	110.09575179412914		501.44592335764787	1614.0037213019332		19.859915124594284	285.7930437457181	3년	34.20504252098553	501.44592335764787	19.859915124594284		3.328508487466238	4.556494281298789	18.297194362504097	4.3735526826563795	3년	3.328508487466238	안심	3년	12.852521260492766	2.404235151434313	불리	N	주당순현금<=0	305100000.0	3.711833918474272	3.0880498859767513		-19.727257641235095	427.9029602050781	429.699864654541	N	N	중립/개선	단기위험부채 존재
ROL	ROLLINS INC	0000084839	S&P 500	제외	PEG=불리, PEGY=불리(<1)	34.540000915527344	1.09	2025	2.09	100004000.0		100004000.0	486147000.0	123683000.0	1374321000.0	1766202000.0	43.7608958762601	56.2391041237399	0.7781222079920643	-0.7975738773554313	-1.0530396759661838	32.419793387965846	32.65416568026929	13.54166666666668	13.271785112236143	15.512803857109425	35.58333333333336	35.04357022447229	39.52560771421885	38.785833333333365	38.1974915446748	43.08291240849855	12.292508121785595	10.589144563407473	24.733385253417197	3년	35.04357022447229	38.1974915446748	10.589144563407471	0.4821642901792557	0.47383969812523247	0.5429647143785792	1.3426108186150074	3.8871186538140514	3년	0.4738396981252324	불리(<1)	3년	13.271785112236145	2.442760571678928	불리	N	주당순현금<=0	484147000.0	-27.695204972697805	-38.409415499696756		-47.347558355274636	39.18880004882813	52.03194997787475	N	N	주의	단기위험부채 존재
HPQ	HP INC	0000047217	S&P 500	제외	PEG=불리, PEGY=불리(<1)	32.38999938964844	2.65	2025	3.85	3690000000.0	5000000.0	3695000000.0	8821000000.0	788000000.0	-346000000.0					-5.378803777544596	-6.2056663168940185	14.25237855365775	14.564402153412248	-5.693950177935949	-3.836586737518144	5.789648870565345	-2.8879003558718974	0.8268265249637121	20.079297741130688	-7.652935943060528	2.191090291153837	53.21013901399632	-123.62746553649625	-93.23528764296891	64.2795307708521	5년	20.079297741130688	53.21013901399632	64.2795307708521	-0.12937841715288392	0.0009411244888954868	0.676353693123834			3년	0.0009411244888954	불리(<1)	5년	5.789648870565345	2.4616999877344963	불리	N	주당순현금<=0 | FCF<=0	953000000.0	31.186709959642855	75.46046043356951		-0.7659313868715545	27.568799934387208	22.95699996948242	Y	Y	강한 상승추세	단기위험부채 존재
STT	STATE STREET CORP	0000093751	S&P 500	제외	PEG=불리, PEGY=불리(<1)	191.88999938964844	9.4	2025	1.92	4433000000.0		4433000000.0	11534000000.0	2380000000.0	27841000000.0	338206000000.0	7.605853893079304	92.39414610692069	0.08231965133675925	-24.5693189721091	-32.80407170462841	23.02758705976144	23.90362458449754	14.494518879415338	9.345182660480011	8.263522928949719	37.489037758830676	27.190365320960023	25.027045857899438	352.3969549330084	255.58943401702422	235.25423106425472	83.64529472817254	33.195807405277456	22.598484450745993	3년	27.190365320960023	255.58943401702422	33.195807405277456	0.7128197512321288	0.4892037811536436	0.44223143755884325	37.51656465491888	19.551078625383916	3년	0.4892037811536436	불리(<1)	3년	9.345182660480011	2.4641131047275477	불리	N	주당순현금<=0	289019000.0	18.597030760416743	52.293650309244796		-1.2200119346261529	185.37300018310546	149.7637000656128	Y	Y	강한 상승추세	단기위험부채 존재
RVTY	REVVITY, INC.	0000031791	S&P 500	제외	PEG=불리, PEGY=불리(<1)	123.8499984741211	2.07	2025	22.0	919860000.0	0.0	919860000.0	2631236000.0	588828000.0	7250360000.0	4918051000.0	59.58345752785635	40.416542472143654	1.4742344070852458	-14.677953600068614	-19.728153008276514	66.92171597786943	69.36142583690706	-5.909090909090924	27.023182791188983	-9.341040767937725	-3.3181818181818485	62.546365582377966	-10.18208153587545	-6.868636363636426	129.47097675552237	-21.076908779262183	-105.54593173052938	4.538537222974459	-117.01809369312693	3년	62.546365582377966	129.47097675552237	4.538537222974459	0.2404437611287528	0.7325452145817755	0.1891607088534387	4.3690638535100135	3.5277060212664804	3년	0.7325452145817755	불리(<1)	3년	27.023182791188983	2.476455734136896	불리	N	주당순현금<=0	116595000.0	22.27267978544898	38.179183609646		-5.4146966817553155	116.93099975585938	102.69125	Y	Y	강한 상승추세	단기위험부채 존재
MU	MICRON TECHNOLOGY INC	0000723125	S&P 500	보류	PEG=불리, PEGY=불리(<1)	1027.77001953125	7.59	2025	5.0	9642000000.0	665000000.0	10307000000.0	3038000000.0	224000000.0	54165000000.0	28633000000.0	65.41824681755598	34.58175318244402	1.8916983899696154	6.461333333333333	6.262222222222222	134.55977420262408	134.58600755059655	984.2857142857143	-0.6929629272242499	54.22135148690352	1977.0714285714287	7.1140741455515	116.94270297380704	15005.972142857143	53.995822764735884	887.5951155711955	1360.0515541114084	-94.74631272185168	-13.63874225714291	5년	116.94270297380704	887.5951155711955	-13.63874225714291	7.3520167535062795	0.032008355381825226	0.4401118524301792	1.4826666666666666	0.14426054841946917	3년	0.0320083553818252	불리(<1)	5년	54.22135148690352	2.481675032300242	불리	Y		1125000000.0	15.236356225554415	145.47278739359956		-15.309505100043419	933.2880041503906	614.3476008605957	Y	Y	강한 상승추세	단기위험부채 존재
CMI	CUMMINS INC	0000026172	S&P 500	보류	PEG=불리, PEGY=불리(<1)	554.760009765625	20.5	2025	1.57	2101000000.0	764000000.0	2865000000.0	1630000000.0	24000000.0	12349000000.0	20584000000.0	37.49734309051711	62.50265690948289	0.5999319860085504	8.904109589041095	8.731074260994953	26.62711708178458	26.635557829494147	-27.74057102573141	10.67954284093311	43.57635272286971	-46.98114205146282	29.85908568186622	95.65270544573941	-963.1134120549877	612.1112564782575	1960.880461637658	-273.60901923371944	10.338028283052015	253.46463824349757	3년	29.85908568186622	612.1112564782575	10.338028283052015	-0.9828540936425487	0.4600401464157355	1.6955028433684247	17.202595529920693	3.100907640618949	3년	0.4600401464157355	불리(<1)	3년	10.67954284093311	2.4932824820671886	불리	Y		138700000.0	-12.015480463562056	-0.2481398292631165		-23.75376389321722	627.5334020996094	600.9469020080567	N	N	주의	단기위험부채 존재
ATO	ATMOS ENERGY CORP	0000731802	S&P 500	제외	PEG=불리, PEGY=불리(<1)	166.58999633789062	7.46	2025	2.38	202687000.0		202687000.0	3529452000.0	0.0	13558890000.0					-20.718084609492255	-20.718084609492255	25.108321842812718	25.108321842812718	9.224011713030746	10.031474661040264	69.70420030995797	26.948023426061493	28.562949322080527	147.90840061991594	201.03225475841873	213.07960194272073	1103.3966686245728	20.674865944933263	27.906601012545984	562.3426933671209	3년	28.562949322080527	213.07960194272073	27.906601012545984	0.4621579962880875	0.49431717255898805	2.8709286411585544			3년	0.494317172558988	불리(<1)	3년	10.031474661040264	2.502954220711652	불리	N	주당순현금<=0 | FCF<=0	160573000.0	-1.5832739805786922	-9.609336093658992		-13.365228480714485	172.55639923095703	175.49949981689454	N	N	주의	
QCOM	QUALCOMM INC/DE	0000804328	S&P 500	제외	PEG=불리, PEGY=불리(<1)	176.39999389648438	5.01	2025	2.11	5520000000.0	4635000000.0	10155000000.0	14811000000.0	1000000000.0	4909000000.0	28937000000.0	14.503929563316198	85.49607043668381	0.16964439990323807	-4.213574660633484	-5.118552036199095	36.050612486450675	36.231246693150396	-44.147157190635454	-23.90448036479093	14.194083679524194	-79.79431438127091	-39.30896072958187	36.88816735904839	-399.76951505016723	-196.93789325520515	184.80971846883241	-326.62671705349453	-211.64280049282365	4.767417722975131	5년	36.88816735904839	184.80971846883241	4.767417722975131	-1.166059445076967	-0.6045522908378383	0.4522553863863464			5년	0.4522553863863464	불리(<1)	5년	14.194083679524194	2.5398337293485045	불리	N	주당순현금<=0 | FCF<=0	1105000000.0	-7.740587493714324	31.52400858824569		-29.72671863035381	168.75899993896485	167.92474990844727	Y	Y	강한 상승추세	단기위험부채 존재
NRG	NRG ENERGY, INC.	0001013871	S&P 500	제외	PEG=불리, PEGY=불리(<1)	115.37000274658203	4.01	2025	1.59	4708000000.0		4708000000.0	10892000000.0		1681000000.0	27459000000.0	5.768702814001372	94.23129718599863	0.061218544011071054	-31.07537688442211	-31.07537688442211	36.52004479576163	36.52004479576163	-19.63927855711424	-8.120643852977938	14.13919505192036	-30.778557114228477	-7.741287705955877	36.77839010384072	-123.42201402805618	-31.042563700883065	147.48134431640128	-206.97929365500744	-126.90696278223216	27.833354256178676	5년	36.77839010384072	147.48134431640128	27.833354256178676	-0.49422936521723454	-0.1788235444260972	0.43070032197073943	3.849246231155779	3.336435936134029	5년	0.4307003219707394	불리(<1)	5년	14.13919505192036	2.58289419317414	불리	N	주당순현금<=0	199000000.0	-4.376294001259784	-22.377717179283117		-37.309132471960325	126.21379974365234	146.18034999847413	N	N	주의	
MRK	Merck & Co., Inc.	0000310158	S&P 500	제외	PEG=불리, PEGY=불리(<1)	147.52999877929688	7.28	2025	2.29	14565000000.0	498000000.0	15063000000.0	46750000000.0	2300000000.0	52606000000.0					-12.639409652971679	-13.55684084563223	22.001292367069855	22.127313135292457	8.011869436201781	8.433903046142621	21.232013056721488	24.523738872403563	25.367806092285242	50.964026113442976	178.53281899109794	184.67762835183657	371.0181101058649	21.01458718113387	25.179712519426037	151.48655404037763	3년	25.367806092285242	184.67762835183657	25.179712519426033	0.4682392863257873	0.4874215053927233	1.0691196073521458	4.93019545273235	3.3418257259717485	3년	0.4874215053927233	불리(<1)	3년	8.433903046142621	2.6086726687156423	불리	N	주당순현금<=0	2507000000.0	23.881101113408597	26.951208967877037		-5.701501018179167	135.34859985351562	118.92735012054443	Y	Y	강한 상승추세	단기위험부채 존재
KO	COCA COLA CO	0000021344	S&P 500	제외	PEG=불리, PEGY=불리(<1)	87.55000305175781	3.04	2025	2.4	10270000000.0	2348000000.0	12618000000.0	35547000000.0	2373000000.0	32169000000.0					-5.316253188036169	-5.866450266635752	30.54811060519539	30.729096486313672	23.577235772357728	11.551776147388226	11.17422496891589	55.654471544715456	31.603552294776453	30.84844993783178	169.189593495935	96.07479897612042	93.77928781100861	93.24910062643114	9.737059539932758	7.115116552957934	3년	31.603552294776453	96.07479897612042	9.737059539932758	0.8503712752676663	0.4567148629157908	0.4443556311665079	1.2279156039879435	1.402530623856203	3년	0.4567148629157908	불리(<1)	3년	11.551776147388226	2.644451399978184	불리	N	주당순현금<=0	4313000000.0	4.737417020405044	12.778572909073604		-4.826606060570871	86.27839965820313	78.61399997711182	Y	Y	강한 상승추세	단기위험부채 존재
BRO	BROWN & BROWN, INC.	0000079282	S&P 500	제외	PEG=불리, PEGY=안심	66.52999877929688	3.16	2025	97.0	1079000000.0	10000000.0	1089000000.0	6894000000.0	25000000.0	5578800000.0	3863400000.0	59.08368812353053	40.91631187646947	1.4440130455039601	-18.54632587859425	-18.62619808306709	26.922887549965544	26.94816356403923	-8.670520231213867	10.064241629820891	56.18583117469611	-8.841040462427735	28.628483259641783	120.87166234939222	-27.937687861271645	90.46600710046803	381.95445302407944	-141.99261742653965	35.97776756403561	474.1086127044059	3년	28.628483259641783	90.46600710046803	35.97776756403561	3.280832325464999	3.976699803508183	5.689799464875459	4.415335463258786	6.636608363553393	3년	3.976699803508183	안심	3년	10.064241629820891	2.6751034544114654	불리	N	주당순현금<=0	313000000.0	10.551675709405007	-2.7054673127068884		-30.669029372612687	70.16419998168945	69.32490018844605	N	N	중립/개선	단기위험부채 존재
HST	HOST HOTELS & RESORTS, INC.	0001070750	S&P 500	제외	PEG=불리, PEGY=불리(<1)	22.040000915527344	1.1	2025	3.62	768000000.0		768000000.0	1274000000.0		6558000000.0	6317000000.0	50.935922330097085	49.064077669902915	1.038151021054298	-0.7290015847860539	-0.7290015847860539	20.699093182103088	20.699093182103088	11.111111111111121	7.721734501594191		30.722222222222243	23.943469003188383		33.79444444444447	26.337815903507224		53.3323186962122	19.50006719351829		3년	23.943469003188383	26.337815903507224	19.50006719351829	0.7116790567351028	0.5479338829877106		2.175479037602651	9.870594134458543	3년	0.5479338829877106	불리(<1)	3년	7.721734501594191	2.6806274131582297	불리	N	주당순현금<=0	694100000.0	-7.974946916777004	14.851486723054874		-13.703993244072809	23.383199920654295	20.976349973678587	N	Y	중립/개선	
ZBRA	ZEBRA TECHNOLOGIES CORP	0000877212	S&P 500	제외	PEG=불리, PEGY=판정불가	344.8299865722656	8.18	2025		125000000.0	0.0	125000000.0	2361000000.0	141000000.0	3588000000.0	4914000000.0	42.201834862385326	57.798165137614674	0.7301587301587301	-43.66130504148459	-46.4145447601113	47.49282293566628	47.829404808359044	-19.64636542239686	-2.4059043989460127	17.195332607402314	-30.792730844793716	3.6881912021079746	42.89066521480463	-251.88453831041258	30.169404033243232	350.84564145710186	-173.04600763240913	-91.25093373313094	1.7445277728407538	5년	42.89066521480463	350.84564145710186	1.7445277728407538				16.22654046935317	4.70566397970514	판정불가		판정불가	5년	17.195332607402314	2.7619601213890674	불리	N	주당순현금<=0	51212395.0	59.061763573717045	61.38437287747542		-9.980162697745643	318.64259857177734	258.4222994995117	Y	Y	강한 상승추세	단기위험부채 존재
PNC	PNC FINANCIAL SERVICES GROUP, INC.	0000713676	S&P 500	제외	PEG=불리, PEGY=불리(<1)	240.69000244140625	16.59	2025	3.29	39713000000.0		39713000000.0	57101000000.0	14000000.0	60585000000.0	512936000000.0	10.563693395708265	89.43630660429174	0.11811415069326388	-43.90909090909091	-43.94444444444444	17.154857947588734	17.15698896237798	20.742358078602617	6.201879866723403	-0.4401788836301823	49.984716157205234	20.903759733446805	7.619642232739635	829.2464410480349	346.7933739778825	126.40986464115055	244.52882655560538	44.08299906943833	-47.48021797377153	3년	20.903759733446805	346.7933739778825	44.08299906943833	1.4009068540250182	0.5533056522952771	0.16612327103357827			3년	0.5533056522952771	불리(<1)	3년	6.201879866723403	2.7660738866668897	불리	N	주당순현금<=0 | FCF<=0	396000000.0	3.4602833016152523	17.04435088299372		-6.335369382402933	249.2952001953125	225.29565017700196	N	Y	상승전환	단기위험부채 존재
WELL	WELLTOWER INC.	0000766704	S&P 500	제외	PEG=불리, PEGY=불리(<1)	235.89999389648438	1.39	2025	1.43	5033678000.0		5033678000.0	19197302000.0		42129498000.0	24100108000.0	63.61127680572341	36.38872319427659	1.7481041163798934	-20.843541259210532	-20.843541259210532	184.7075792487014	184.7075792487014	-11.464968152866252	66.71109926452392	28.940704466365673	-14.429936305732504	141.92219852904785	66.38140893273135	-20.05761146496818	197.27185595537648	92.27015841649657	-108.50259092154522	-16.37479395529716	-60.88590046467497	3년	141.92219852904785	197.27185595537648	-16.37479395529716	-0.05432894629274832	0.36891339024466696	0.1644258702858789			3년	0.3689133902446669	불리(<1)	3년	66.71109926452392	2.768768335180566	불리	N	주당순현금<=0 | FCF<=0	679521000.0	11.610519121530949	14.88822470794242		-6.414889894828346	237.4681997680664	211.29924964904785	N	Y	상승전환	
ETR	ENTERGY CORP /DE/	0000065984	S&P 500	제외	PEG=불리, PEGY=불리(<1)	107.16999816894531	3.91	2025	2.36	1928916000.0		1928916000.0	27902021000.0	657774000.0	16923076000.0					-57.69853670100379	-59.15976350773198	42.16586569563915	42.539580991477564	59.59183673469387	-10.03626231922775	15.165895704950483	127.68367346938774	-11.572524638455501	38.831791409900966	499.24316326530607	-45.24857133636101	151.83230441271277	365.842280297782	-142.22130457166762	41.67426239324998	5년	38.831791409900966	151.83230441271277	41.67426239324998	1.469241428170204	-0.18204920479129735	0.4156417855014663	-5.629813158795977	-5.253161570387458	5년	0.4156417855014663	불리(<1)	5년	15.165895704950483	2.7803082993558554	불리	N	주당순현금<=0 | FCF<=0	450151884.0	-2.9960219835389323	3.226737125764134		-9.108646560593215	109.98339981079101	105.6429500579834	N	Y	중립/개선	단기위험부채 존재
MDT	Medtronic plc	0001613103	S&P 500	제외	PEG=불리, PEGY=불리(<1)	91.88999938964844	3.73	2026	3.12	1949000000.0	7271000000.0	9220000000.0	22140000000.0	0.0	49463000000.0	42956000000.0	53.52038000843983	46.47961999156018	1.1514805847844305	-10.030277152395	-10.030277152395	27.32447092279985	27.32447092279985	3.3240997229916927	9.77073559217516	6.995481881143495	15.148199445983385	28.04147118435032	22.490963762286988	56.502783933518025	104.5946875176267	83.89129483333046	-38.51040993707618	13.825974765878012	-8.704651876642677	3년	28.04147118435032	104.5946875176267	13.825974765878012	0.23583621220693654	0.4717652403442873	0.37019863658926405	4.212405869109541	4.584183150603085	3년	0.4717652403442873	불리(<1)	3년	9.77073559217516	2.7965623125327945	불리	N	주당순현금<=0	1288100000.0	14.504672136633555	3.2820030671932177		-12.77645873699662	87.1833999633789	89.63594985961915	Y	Y	상승전환	
PCG	PG&E Corp	0001004980	S&P 500	제외	PEG=불리, PEGY=불리(<1)	14.1899995803833	1.18	2025	1.35	713000000.0		713000000.0	57387000000.0	2675000000.0	32540000000.0					-25.737511353315167	-26.952316076294277	33.83687367262583	34.866369200574226	2.6086956521739157	11.995586155825675		13.717391304347831	32.491172311651354		16.18652173913044	38.3395833277486		14.069924015411495	170.18734645172532		3년	32.491172311651354	38.3395833277486	170.18734645172532	0.11699354055207875	0.39440955109934733		-1.3946412352406903	-9.828338805370269	3년	0.3944095510993473	불리(<1)	3년	11.995586155825677	2.8207770119005726	불리	N	주당순현금<=0 | FCF<=0	2202000000.0	-15.131577971719445	-21.775082371387498		-25.745687455934362	16.978800048828123	16.75054998874664	N	N	주의	단기위험부채 존재
FRT	FEDERAL REALTY INVESTMENT TRUST	0000034903	S&P 500	제외	PEG=불리, PEGY=불리(<1)	115.16000366210938	4.68	2024	3.96	107415000.0		107415000.0	4963602000.0		3248731000.0	5629819000.0	36.59078340494788	63.40921659505212	0.5770578059436724	-56.20261558937562	-56.20261558937562	36.615944284505346	36.615944284505346	67.14285714285715	12.808740658788563	19.50578386760935	142.7857142857143	34.11748131757713	47.5115677352187	668.2371428571429	159.66981256626096	222.3541370008235	480.2684279325099	38.65040594714435	93.08278041847942	3년	34.11748131757713	159.66981256626096	38.65040594714435	1.9418550724894323	0.4579628079094642	0.6408624528506094			3년	0.4579628079094642	불리(<1)	3년	12.808740658788565	2.858668565467578	불리	N	주당순현금<=0 | FCF<=0	86405000.0	-6.843551930520054	7.626171646831192		-9.415554039105256	120.5347999572754	111.37049980163575	N	Y	중립/개선	
ABNB	Airbnb, Inc.	0001559720	S&P 500	보류	PEG=불리, PEGY=판정불가	169.6300048828125	4.030497592295345	2025		6560000000.0	4454000000.0	11014000000.0	0.0	1999000000.0	8199000000.0	14009000000.0	36.919128242074926	63.080871757925074	0.5852666143193661	17.67897271268058	14.470304975922954	37.70031582715739	38.49641299959865	-1.825115293410216	13.128576286013535		4.849769413179568	34.757152572027074		19.546983943007856	140.08861975659707		-88.47669434631466	-17.415188513744283		3년	34.757152572027074	140.08861975659707	-17.415188513744283				7.417335473515249	4.3726553439879075	판정불가		판정불가	3년	13.128576286013537	2.8716225587477626	불리	Y		623000000.0	31.394265579506552	27.16845764973923		-10.955378014271655	163.99140014648438	139.98087497711182	Y	Y	강한 상승추세	단기위험부채 존재
INVH	Invitation Homes Inc.	0001687229	S&P 500	제외	PEG=불리, PEGY=불리(<1)	28.18000030517578	0.96	2025	4.25	129971000.0		129971000.0	8380020000.0		9530132000.0	9112398000.0	51.12037904726451	48.87962095273549	1.0458423787020716	-13.454578621849206	-13.454578621849206	43.369353048984365	43.369353048984365	29.729729729729726	15.0739165329576	22.36032947934692	67.95945945945945	38.647833065915194	53.22065895869384	65.24108108108108	37.101919743278586	51.09183260034608	131.51554426739426	31.660466080492288	81.3052947020803	3년	38.647833065915194	37.101919743278586	31.660466080492288	0.7834963480167817	0.4455661699894813	0.6135745084620322	1.9605145330390512	6.957113242752401	3년	0.4455661699894813	불리(<1)	3년	15.073916532957599	2.877112458076947	불리	N	주당순현금<=0	613177806.0	-5.149777268409606	11.781044540110308		-7.9686494682627345	29.80120002746582	27.88779993057251	N	Y	중립/개선	
RSG	REPUBLIC SERVICES, INC.	0001060391	S&P 500	제외	PEG=불리, PEGY=불리(<1)	222.47000122070312	6.85	2025	1.21	76000000.0		76000000.0	13710000000.0		11968000000.0					-43.67520053304631	-43.67520053304631	38.85331412463496	38.85331412463496	5.546995377503843	13.459076140014382	56.06006028771993	19.593990755007688	35.418152280028764	120.62012057543986	134.21883667180265	242.614343118197	826.2478259417629	-39.668793124763916	9.05485763786622	271.39741151980184	3년	35.418152280028764	242.614343118197	9.05485763786622	0.17391039940192815	0.37755019026069253	1.4740070848012377	7.716998539248097	3.4687816320872797	3년	0.3775501902606925	불리(<1)	3년	13.459076140014382	2.88677422732772	불리	N	주당순현금<=0	312168000.0	4.647445812600326	-0.5898351602084295		-4.219228859298618	217.80920043945312	215.07199974060057	Y	Y	상승전환	
GD	GENERAL DYNAMICS CORP	0000040533	S&P 500	제외	PEG=불리, PEGY=불리(<1)	352.6700134277344	15.45	2025	1.78	2333000000.0		2333000000.0	7007000000.0	0.0	25622000000.0					-17.157015692392402	-17.157015692392402	23.937024538519534	23.937024538519534	13.352898019075557	8.220181851997577	7.03040276544542	35.205796038151114	24.940363703995153	22.56080553089084	543.9295487894346	385.3286192267251	348.56444545226344	54.231867774290166	9.260386354249196	-1.1641386619654304	3년	24.940363703995153	385.3286192267251	9.260386354249196	0.6321962863313964	0.4177704641571158	0.36806591192099475	14.532440121134258	4.120690608165954	3년	0.4177704641571158	불리(<1)	3년	8.220181851997577	2.9119823587239284	불리	N	주당순현금<=0	272425000.0	3.4010630821867505	-0.3334725605278255		-10.93516873992545	378.2168017578125	354.65710037231446	N	N	중립/개선	
MAA	MID AMERICA APARTMENT COMMUNITIES INC.	0000912595	S&P 500	제외	PEG=불리, PEGY=불리(<1)	127.4800033569336	3.78	2025	4.79	60258000.0		60258000.0			5662851000.0	6135738000.0	47.996001894802845	52.003998105197155	0.9229290755244113	0.5143705878838061	0.5143705878838061	33.58879173784386	33.58879173784386	-15.812917594654795	-11.64378965026387	11.534580200891554	-23.12583518930959	-14.787579300527739	31.56916040178311	-87.41565701559024	-55.89704975599485	119.33142631874014	-168.57205421530588	-143.84770025420198	-6.392043319435836	5년	31.56916040178311	119.33142631874014	-6.392043319435836	-0.32817249517896413	-0.20404990163852285	0.48601272496798253			5년	0.4860127249679825	불리(<1)	5년	11.534580200891554	2.912008166127073	불리	N	FCF<=0	117149000.0	-8.799538939604757	-0.34396092738416817		-11.527512945455731	133.24560165405273	132.18700038909913	N	N	주의	
MSCI	MSCI Inc.	0001408198	S&P 500	제외	PEG=불리, PEGY=불리(<1)	554.5399780273438	15.69	2025	1.49	515332000.0	70898000.0	586230000.0	6202286000.0	0.0	-2654540000.0	8356999000.0	-46.55079501667614	146.55079501667615	-0.3176427327561006	-73.28221723471998	-73.28221723471998	40.01416158458022	40.01416158458022	11.672597864768674	13.538386829039872	53.02284334613518	31.84519572953735	35.576773658079745	114.54568669227037	499.65112099644097	558.1995786952712	1797.221824201722	-9.898088362566405	0.6599345066059303	224.09238204880205	3년	35.576773658079745	558.1995786952712	0.6599345066059303	0.3289484858241035	0.3755767016953113	1.362338761763339	20.214089983819616	3.6451997664310656	3년	0.3755767016953113	불리(<1)	3년	13.538386829039872	2.955607790637933	불리	N	주당순현금<=0	76636000.0	-8.870709224240104	1.3673053233889343		-13.868573488713242	578.4015991210938	573.036649017334	N	N	판정불가	
MLM	MARTIN MARIETTA MATERIALS INC	0000916076	S&P 500	제외	PEG=불리, PEGY=안심	502.989990234375	18.77	2025	66.0	67000000.0		67000000.0	5293000000.0	30000000.0	10032000000.0	8677000000.0	53.621251803944624	46.378748196055376	1.1561599631208943	-86.23762376237623	-86.73267326732673	31.39198795933677	31.418362466792846	-42.085775995063244	10.610393458663768	10.217788506018909	-75.67155199012649	29.720786917327537	28.935577012037818	-1420.3550308546742	557.8591704382378	543.1207805159498	-382.3823651426623	10.908602809033184	7.978447098495001	3년	29.720786917327537	557.8591704382378	10.908602809033185	0.761793870331301	2.440444152753247	2.427937619138574	16.138613861386137	3.208535790914275	3년	2.440444152753247	안심	3년	10.610393458663768	2.9586073392692223	불리	N	주당순현금<=0	60600000.0	-9.022013370835912	-15.830256926957286		-28.9672507605368	548.9261999511718	600.1397988891601	N	N	주의	단기위험부채 존재
WMT	Walmart Inc.	0000104169	S&P 500	제외	PEG=불리, PEGY=양호	105.83000183105469	2.73	2026	93.0	10727000000.0		10727000000.0	34624000000.0	6596000000.0	99617000000.0					-2.9789329344303166	-3.801171777611568	39.856752661349816	40.1579390507935	13.278008298755179	-13.852054624316834	-10.485413986679248	35.05601659751036	-19.204109248633667	-12.470827973358496	95.70292531120327	-52.42721824876991	-34.04536036726869	-9.569192426187534	-149.53908848311644	-132.16985710877918	1년	35.05601659751036	95.70292531120327	-9.569192426187534	2.6664994311444716	1.9858101849936984	2.070278698177471	1.8602592869608576	1.7577806432721654	3년	1.9858101849936984	양호	1년	13.278008298755179	3.0017116848079097	불리	N	주당순현금<=0	8022000000.0	-12.239816697131944	-14.30075013216603		-21.14008626105196	110.51459930419922	118.718649559021	N	N	주의	단기위험부채 존재
FDX	FEDEX CORP	0001048911	S&P 500	제외	PEG=불리, PEGY=불리(<1)	309.19000244140625	18.55	2026	1.55	13311000000.0		13311000000.0	23293000000.0	745000000.0	31647000000.0					-41.76569037656904	-44.88284518828452	18.919444356764167	19.087485047422682	10.350981558596088	6.216255240021917	-0.9430705522987193	29.201963117192175	20.932510480043835	6.6138588954025614	541.6964158239149	388.29806940481313	122.68708250971751	75.19855478722029	25.58558373128459	-60.319841669858775	3년	20.932510480043835	388.29806940481313	25.58558373128459	0.6290344121200998	0.4104906620709128	0.03207966556820621			3년	0.4104906620709128	불리(<1)	3년	6.216255240021917	3.043543681243285	불리	N	주당순현금<=0 | FCF<=0	239000000.0	-3.151134709034842	6.174709795629507		-8.88758011482379	319.03019958496094	292.6503793334961	N	Y	중립/개선	단기위험부채 존재
FIS	Fidelity National Information Services, Inc.	0001136893	S&P 500	제외	PEG=불리, PEGY=불리(<1)	38.06999969482422	0.73	2025	4.46	599000000.0		599000000.0	9069000000.0	2729000000.0	13899000000.0	19586000000.0	41.50813797222637	58.491862027773635	0.7096395384458286	-16.319845857418112	-21.578034682080926	74.50663774279772	81.70963613274678	-72.03065134099617		23.901501752560208	-135.56130268199234		56.303003505120415	-98.95975095785441		41.1011925587379	-359.9415596299792		7.962156260079478	5년	56.303003505120415	41.1011925587379	7.962156260079478	-0.90690780564082		0.3806573831779412	8.05587668593449	21.16069543081641	5년	0.3806573831779412	불리(<1)	5년	23.901501752560208	3.117236670487324	불리	N	주당순현금<=0	519000000.0	-2.3094726653505315	-24.10287119092096		-44.48009353323972	41.91119987487793	49.357800025939945	N	N	주의	단기위험부채 존재
NDAQ	NASDAQ, INC.	0001120193	S&P 500	제외	PEG=불리, PEGY=불리(<1)	94.22000122070312	3.09	2025	1.22	604000000.0	291000000.0	895000000.0	8573000000.0	431000000.0	12227000000.0	18821000000.0	39.38095851584643	60.61904148415357	0.6496466712714521	-13.270015025137837	-14.014919489299652	34.786413024544004	35.027482430421614	60.10362694300518	10.989871033323162	-11.180293383285411	128.70725388601036	30.479742066646324	-13.860586766570822	397.705414507772	94.18240298593713	-42.82921310870384	322.10296047033324	-0.0399047275301156	-145.45660428127113	3년	30.479742066646324	94.18240298593713	-0.03990472753011565	1.7628614625985584	0.3509954022769847	-0.2863271178968006	3.4376217615263296	3.6485053247600416	3년	0.3509954022769847	불리(<1)	3년	10.989871033323162	3.1653158548508595	불리	N	주당순현금<=0	578597687.0	8.64852386349999	10.19883183707968		-6.6943968226421235	93.44580017089844	90.47600002288819	Y	Y	강한 상승추세	단기위험부채 존재
DTE	DTE ENERGY CO	0000936340	S&P 500	제외	PEG=불리, PEGY=불리(<1)	136.05999755859375	7.03	2025	3.4	208000000.0		208000000.0	10982000000.0	882000000.0	12303000000.0					-52.04830917874396	-56.309178743961354	26.757938369464824	27.36403645840044	3.8404726735598333	8.394043095201798	37.69982747513958	16.180945347119668	25.288086190403597	83.89965495027916	113.75204579025127	177.77524591853728	589.8145743004625	-16.3956726213637	30.659451057228647	333.495946555828	3년	25.288086190403597	177.77524591853728	30.659451057228647	0.27059157449224097	0.44076800433402324	1.5359863270348657			3년	0.4407680043340232	불리(<1)	3년	8.394043095201798	3.187729448846908	불리	N	주당순현금<=0 | FCF<=0	207000000.0	-6.852885098723016	-7.138961513006992		-11.895354522067791	142.81100036621095	141.49830001831054	N	N	주의	단기위험부채 존재
AMT	AMERICAN TOWER CORP /MA/	0001053507	S&P 500	제외	PEG=불리, PEGY=불리(<1)	175.42999267578125	5.4	2025	3.97	1474800000.0	4026000.0	1478826000.0	18294659000.0	3387800000.0	3652500000.0	52835100000.0	6.466020861215559	93.53397913878445	0.06913018050500519	-35.873241359595696	-43.1004401000945	39.130228525069796	40.468598662199206	106.10687022900764	12.230302192084208	7.337360126949077	220.71374045801528	32.96060438416842	23.174720253898155	1191.8541984732826	177.98726367450948	125.14348937105004	579.3902116133546	1.4577159582138457	-28.664712651312474	3년	32.96060438416842	177.98726367450948	1.4577159582138455	2.813090400391708	0.4140099049435672	0.2889673930655612	8.071559464711994	4.601014536681505	3년	0.4140099049435672	불리(<1)	3년	12.230302192084208	3.199449033270492	불리	N	주당순현금<=0	468757000.0	-8.86753627232143	-4.057978222616921		-11.048579459512986	171.2545999145508	177.59230026245118	Y	N	주의	단기위험부채 존재
AZO	AUTOZONE INC	0000866787	S&P 500	제외	PEG=불리, PEGY=판정불가	2910.969970703125	144.87	2025		271803000.0		271803000.0	8799775000.0	180910000.0	-3414313000.0					-494.51852710930706	-505.0091040881415	23.507202994494595	23.579616723899125	-3.1293881644934842	7.323782044011162	36.18199999564493	2.2412236710130315	23.147564088022325	80.86399999128986	324.6860732196579	3353.3876094317943	11714.767678738162	-88.84612082957241	15.198289339336824	302.4351950256821	3년	23.147564088022325	3353.3876094317943	15.198289339336824				103.80284140330531	3.5659193481213562	판정불가		판정불가	3년	7.323782044011162	3.209708160787911	불리	N	주당순현금<=0	17245000.0	-6.401185672237453	-21.588343130296895		-33.15091962434143	3027.939599609375	3372.5805981445315	N	N	주의	단기위험부채 존재
CAT	CATERPILLAR INC	0000018230	S&P 500	제외	PEG=불리, PEGY=안심	815.5599975585938	18.81	2025	79.0	9980000000.0		9980000000.0	30696000000.0	5514000000.0	21318000000.0	77267000000.0	21.623979307196837	78.37602069280317	0.2759004490921092	-43.8619521490578	-55.53673512597925	45.689630500140964	46.31029945159878	-14.693877551020417	14.168748532167829	67.65638212373489	-20.887755102040835	36.83749706433566	143.81276424746977	-392.8986734693881	692.9133197801536	2705.1180954949064	-148.17532427357196	-15.038339073224172	231.68842311942325	3년	36.83749706433566	692.9133197801536	-15.038339073224172	1.4074555155087363	2.039166163356921	3.2098395307285843	18.882066483167478	2.31522714940551	3년	2.039166163356921	안심	3년	14.168748532167829	3.224676505226282	불리	N	주당순현금<=0	472300000.0	-4.742101576743963	15.258831612274658		-23.414407093535615	864.8392004394532	775.9058987426757	N	Y	중립/개선	단기위험부채 존재
DUK	Duke Energy CORP	0001326160	S&P 500	제외	PEG=불리, PEGY=불리(<1)	120.43000030517578	6.31	2025	3.58	245000000.0	44000000.0	289000000.0	80108000000.0	2624000000.0	51842000000.0					-102.72715572715573	-106.10424710424711	35.36563487041704	35.90083160212725	10.507880910683006			29.515761821366013			186.24445709281952			54.64955295264182			1년	29.515761821366013	186.24445709281952	54.64955295264182	0.39834944183251075			-2.18018018018018	-1.8103297971066115	1년	0.3983494418325107	불리(<1)	1년	10.507880910683006	3.365629585168024	불리	N	주당순현금<=0 | FCF<=0	777000000.0	-3.686820678660996	-7.38291053160387		-9.763229247116112	124.44040008544921	124.24935024261475	N	N	주의	단기위험부채 존재
ALGN	ALIGN TECHNOLOGY INC	0001097149	S&P 500	보류	PEG=불리, PEGY=판정불가	152.9199981689453	5.65	2025		1094908000.0	318202000.0	1413110000.0			4049147000.0	2184546000.0	64.95582955400594	35.04417044599405	1.8535416512172322	19.467542844547307	19.467542844547307	23.619903597238586	23.619903597238586	0.533807829181499	7.016113370463617	-24.086097409967156	9.567615658362998	22.532226740927236	-39.67219481993431	54.05702846975094	127.3070810862389	-224.14790073262887	-64.65012482538158	-16.74922664752414	-246.57854003175652	3년	22.532226740927236	127.3070810862389	-16.74922664752414				6.761145092852813	4.421360955931435	판정불가		판정불가	3년	7.016113370463617	3.3665225104077545	불리	Y		72588000.0	-10.310851513815066	-12.522166749822894		-22.576070871364106	170.48220092773437	170.74864990234374	N	N	주의	
ADM	Archer-Daniels-Midland Co	0000007084	S&P 500	제외	PEG=불리, PEGY=불리(<1)	86.55000305175781	2.23	2025	2.46	1015000000.0	433000000.0	1448000000.0	6606000000.0	798000000.0	22740000000.0					-10.65702479338843	-12.305785123966942	43.59059544625392	44.329949854585095	-38.9041095890411	-33.86721254408997	12.82075623743526	-69.3082191780822	-59.23442508817995	34.141512474870524	-154.5573287671233	-132.0927679466413	76.13557281896126	-278.5757635094436	-252.62017711039064	-12.032847909397082	5년	34.141512474870524	76.13557281896126	-12.032847909397082	-0.8360544107266381	-0.720504324902243	0.35055167475920435	8.685950413223141	10.035759800064769	5년	0.3505516747592043	불리(<1)	5년	12.82075623743526	3.400001890604079	불리	N	주당순현금<=0	484000000.0	6.483765196368685	22.19398674900337		-0.8818101760850627	81.3184001159668	72.3803002357483	Y	Y	강한 상승추세	단기위험부채 존재
PM	Philip Morris International Inc.	0001413329	S&P 500	제외	PEG=불리, PEGY=불리(<1)	185.7100067138672	7.26	2025	3.18	4872000000.0		4872000000.0	14828000000.0	168000000.0	-9994000000.0	77213000000.0	-14.867820110385457	114.86782011038545	-0.12943416264100605	-6.390243902439025	-6.498074454428755	26.460089616571103	26.474942309682636	60.61946902654868	7.709372585660357	41.71851076645543	129.73893805309734	23.918745171320715	91.93702153291086	941.9046902654867	173.6500899437884	667.4627763289328	407.19113467952593	-6.493950963374906	259.4113145218537	3년	23.918745171320715	173.6500899437884	-6.493950963374906	2.4111584635976864	0.41153952021540746	1.6968389531960215	6.844672657252889	3.685677890152049	3년	0.4115395202154074	불리(<1)	3년	7.709372585660357	3.432197539108123	불리	N	주당순현금<=0	1558000000.0	1.5086142725686091	11.310243820528697		-7.223855516486422	188.0634002685547	174.69480003356932	N	Y	상승전환	단기위험부채 존재
ABT	ABBOTT LABORATORIES	0000001800	S&P 500	제외	PEG=불리, PEGY=불리(<1)	105.2300033569336	3.72	2025	2.39	8522000000.0	417000000.0	8939000000.0	9896000000.0	0.0	52130000000.0					-0.5474828375286042	-0.5474828375286042	28.43480811679091	28.43480811679091	-51.30890052356021	-1.6467472577444189	8.273103706617114	-94.11780104712042	5.206505484511163	25.046207413234228	-350.118219895288	19.368200402381525	93.17189157723134	-432.7171041777019	-81.59441244462779	-11.458815352121487	5년	25.046207413234228	93.17189157723134	-11.458815352121487	-1.7203879246392146	0.026138834459610318	0.3750017817183895	4.230549199084668	4.0202880016404725	3년	0.0261388344596103	불리(<1)	5년	8.273103706617114	3.4370182128924323	불리	N	주당순현금<=0	1748000000.0	18.010547849917312	-4.553284937021685		-22.976132983556873	104.85219970703125	106.07844989776612	Y	N	중립/개선	
PWR	QUANTA SERVICES, INC.	0001050915	S&P 500	제외	PEG=불리, PEGY=불리(<1)	626.97998046875	6.8	2025	7.000000000000001	439508000.0		439508000.0	1040532000.0	0.0	8938249000.0	15899027000.0	35.98723547622533	64.01276452377466	0.5621884282604213	-3.972635516983826	-3.972635516983826	92.78714940966674	92.78714940966674	12.769485903814253	26.99606847284017	17.23954045081646	34.038971807628506	62.49213694568034	42.97908090163292	231.46500829187383	424.9465312306263	292.2577501311038	-63.08255199491006	-32.22326956708843	-53.38643031112369	3년	62.49213694568034	424.9465312306263	-32.22326956708843	0.2130627573925084	0.3663876807201321	0.2612381197723393	10.713234759503209	1.7087044392539705	3년	0.3663876807201321	불리(<1)	3년	26.99606847284017	3.4370615670580604	불리	N	주당순현금<=0	151291000.0	-3.677871792224663	10.440181818553217		-20.15434920964586	649.4500048828126	589.7665013122559	N	Y	중립/개선	
ADSK	Autodesk, Inc.	0000769397	S&P 500	보류	PEG=불리, PEGY=불리(<1)	206.6199951171875	5.23	2026	0.029038815902580065	2249000000.0	348000000.0	2597000000.0	2500000000.0		3045000000.0					0.4511627906976744	0.4511627906976744	39.420426831068795	39.420426831068795	2.148437500000006	11.430299124308885	4.988943736048346	12.796875000000012	31.36059824861777	18.47788747209669	66.92765625000007	164.01592884027096	96.6393514790657	-67.60833518941809	-20.61952728861165	-53.22846105757804	3년	31.36059824861777	164.01592884027096	-20.61952728861165	0.055237258724617135	0.2906954302985859	0.12729396800939902	11.204651162790698	5.422830039481813	3년	0.2906954302985859	불리(<1)	3년	11.430299124308885	3.448765986117821	불리	Y		215000000.0	-6.625092074738825	-17.952589598199364		-36.397215897924774	231.2209994506836	246.1796499633789	N	N	주의	
PLD	Prologis, Inc.	0001045609	S&P 500	제외	PEG=불리, PEGY=불리(<1)	135.66000366210938	1.49	2025	3.09	1145647000.0		1145647000.0	35037073000.0		53193178000.0	40970248000.0	56.49027468478048	43.50972531521952	1.2983367345006065	-35.42045625564362	-35.42045625564362	114.81910061594161	114.81910061594161	8.759124087591232	33.234053078207104	31.425771273344495	26.018248175182464	74.96810615641421	71.35154254668899	38.76718978102187	111.70247817305717	106.31379839456659	-71.42327234666752	-17.65997703252582	-21.632171955881606	3년	74.96810615641421	111.70247817305717	-17.65997703252582	0.10319819632819947	0.3163589758441622	0.30061001251696173			3년	0.3163589758441622	불리(<1)	3년	33.234053078207104	3.454863008906761	불리	N	주당순현금<=0 | FCF<=0	956832000.0	-6.935583668814882	0.9375073086651087		-9.596157624127388	141.97879913330078	137.46124984741212	N	N	판정불가	
GEHC	GE HealthCare Technologies Inc.	0001932393	S&P 500	제외	PEG=불리, PEGY=양호	65.16999816894531	4.55	2025	21.0	4492000000.0		4492000000.0	9495000000.0	508000000.0	10379000000.0	26307000000.0	28.291446328299624	71.70855367170039	0.3945337742806097	-10.923580786026202	-12.032751091703057	16.723863506587147	16.9676372001425	4.838709677419354			18.177419354838708			82.70725806451613			26.910020543667336			1년	18.177419354838708	82.70725806451613	26.910020543667336	1.5450203637001747					1년	1.5450203637001747	양호	1년	4.838709677419354	3.4562651246946774	불리	N	주당순현금<=0 | FCF<=0	458000000.0	2.2114176357120874	-10.2959438400963		-26.077591354553253	68.31470008850097	72.67992500305176	N	N	중립/개선	단기위험부채 존재
SO	SOUTHERN CO	0000092122	S&P 500	제외	PEG=불리, PEGY=불리(<1)	88.33999633789062	3.92	2025	3.42	1639000000.0		1639000000.0		722000000.0	36016000000.0	116853000000.0	23.560041604249392	76.43995839575061	0.3082163059570572	1.477908025247971	0.8268710550045085	22.158695998123125	22.32477685787911	-1.754385964912288	6.338245126558739	5.994587569440402	4.991228070175424	21.17649025311748	20.489175138880803	19.565614035087663	83.01184179222051	80.31756654441274	-77.85191889724403	-6.03141811925203	-9.081310987146729	3년	21.17649025311748	83.01184179222051	-6.03141811925203	0.07516751144691872	0.4403799360479189	0.42487101092220547	-2.6465284039675385	-2.9958439140577537	3년	0.4403799360479189	불리(<1)	3년	6.338245126558739	3.4960301401523544	불리	N	FCF<=0	1109000000.0	-6.041268355644702	-8.22772244190394		-11.411958226540687	93.05419998168945	92.3928999710083	N	N	주의	단기위험부채 존재
SHW	SHERWIN WILLIAMS CO	0000089800	S&P 500	제외	PEG=불리, PEGY=안심	320.6400146484375	10.26	2025	98.0	207200000.0		207200000.0	9320700000.0	1200500000.0	4598300000.0					-36.39576677316294	-41.19009584664537	34.798809105419146	35.26609264084628	-2.7488151658767856	9.945304600039684	18.130624645897143	3.0023696682464287	28.390609200079368	44.761249291794286	30.804312796208357	291.2876503928143	459.25041773380934	-90.39286695705043	-9.154304801228964	43.22929040448984	3년	28.390609200079368	291.2876503928143	-9.154304801228964	2.737196682379856	3.101982722254412	3.3372011178340113	13.284496805111822	4.143118824291932	3년	3.101982722254412	안심	3년	9.945304600039684	3.499018934551315	불리	N	주당순현금<=0	250400000.0	5.504922768165521	-0.6506710198548649		-13.945247075665002	342.17460205078123	334.1269497680664	N	N	중립/개선	단기위험부채 존재
CARR	CARRIER GLOBAL Corp	0001783180	S&P 500	제외	PEG=불리, PEGY=불리(<1)	57.95000076293945	1.72	2025	1.62	1555000000.0		1555000000.0	11365000000.0	325000000.0	14128000000.0	23062000000.0	37.98870664157031	62.01129335842969	0.612609487468563	-11.375231910946196	-11.75208719851577	40.30536783365445	40.52446974503211	-72.03252032520325	-25.140280284035853	11.456573996486764	-135.5650406504065	-41.78056056807171	31.413147992973528	-233.17186991869917	-71.86256417708333	54.03061454791447	-502.3673284708888	-224.00787442791773	-6.763392861819484	5년	31.413147992973528	54.03061454791447	-6.763392861819484	-1.7469762493126217	-0.5835520564185679	0.324437530267817			5년	0.324437530267817	불리(<1)	5년	11.456573996486764	3.5180995510537763	불리	N	주당순현금<=0 | FCF<=0	862400000.0	-14.741798260718086	-1.260858546745247		-23.749998996132295	64.13379997253418	61.45500003814697	N	N	주의	단기위험부채 존재
CTAS	CINTAS CORP	0000723254	S&P 500	제외	PEG=불리, PEGY=불리(<1)	200.0399932861328	4.91	2026	1.04	289018000.0	0.0	289018000.0	1429086000.0	0.0	5139887000.0					-2.8066873955248317	-2.8066873955248317	41.312969588932305	41.312969588932305	11.590909090909085	-27.696811943297327	-13.671080138691515	31.68181818181817	-46.89362388659465	-18.84216027738303	155.55772727272722	-230.24769328317976	-92.51500696195068	-22.236686415890418	-215.1008303393804	-146.2482553824221	1년	31.68181818181817	155.55772727272722	-22.236686415890418	0.30573713815752646	-0.6452407611589038	-0.30574127845013027	4.631188807401335	2.3151314551270676	1년	0.3057371381575264	불리(<1)	1년	11.590909090909085	3.5642561998294555	불리	N	주당순현금<=0	406197000.0	10.886917990096002	0.8571125237625266		-7.615575479669157	198.46799865722656	187.00974960327147	Y	Y	강한 상승추세	
BAC	BANK OF AMERICA CORP /DE/	0000070858	S&P 500	제외	PEG=불리, PEGY=불리(<1)	62.66999816894531	3.81	2025	2.05	161560000000.0		161560000000.0	317816000000.0	45999000000.0	303243000000.0	3108495000000.0	8.888226469910645	91.11177353008935	0.09755299590316215	-20.343449335364344	-26.33220065356924	21.788306431577336	23.360157171263662	18.691588785046733	6.09903426261329	15.29664601415619	45.883177570093466	20.69806852522658	39.093292028312376	174.8149065420561	78.85964108111328	148.94544262787016	178.945127891645	25.833163212362088	137.6662629322952	3년	20.69806852522658	78.85964108111328	25.833163212362088	0.9519596601132057	0.3740095306720611	0.7961447608895411			3년	0.3740095306720611	불리(<1)	3년	6.09903426261329	3.572419090205532	불리	N	주당순현금<=0 | FCF<=0	7680900000.0	14.906485362935506	29.163226664639286		-3.3019587567700404	61.80579971313477	54.979999980926515	Y	Y	강한 상승추세	단기위험부채 존재
AEE	AMEREN CORP	0001002910	S&P 500	제외	PEG=불리, PEGY=불리(<1)	106.25	5.35	2025	2.81	13000000.0		13000000.0	18214000000.0	643000000.0	13401000000.0					-66.8662747979427	-69.22850844966936	32.35818220522294	32.79972120554568	21.04072398190045	8.922553391323573	8.85719705051664	50.5814479638009	26.345106782647147	26.21439410103328	270.61074660633477	140.94632128716222	140.24700844052805	154.69246739419745	32.65536121144679	31.997184414614633	3년	26.345106782647147	140.94632128716222	32.65536121144679	0.737084791433392	0.36258382244444565	0.36056404455975394	-2.8471711976487875	-2.679690538963565	3년	0.3625838224444456	불리(<1)	3년	8.922553391323573	3.6265607821062216	불리	N	주당순현금<=0 | FCF<=0	272200000.0	-2.316812283571068	-2.8349323432818707		-10.201149193674485	109.79300003051758	107.84429969787598	N	N	주의	단기위험부채 존재
RTX	RTX Corp	0000101829	S&P 500	제외	PEG=불리, PEGY=불리(<1)	197.5500030517578	4.96	2025	1.47	7435000000.0	750000000.0	8185000000.0	41078000000.0	204000000.0	65245000000.0	103941000000.0	38.56406558462284	61.43593441537716	0.627711875006013	-24.250221173695074	-24.40061928634621	44.7177871422284	44.74810934235968	39.718309859154935	12.323650810265118	122.97071854507217	87.93661971830987	33.147301620530236	254.44143709014435	436.16563380281696	164.41061603782998	1262.0295279671159	120.78745991643554	-16.775189320166884	538.8405509851933	3년	33.147301620530236	164.41061603782998	-16.775189320166884	0.9210721838303919	0.3084600489374248	2.782801352608947	5.853730462990268	2.9631639446022175	3년	0.3084600489374248	불리(<1)	3년	12.323650810265118	3.628615239972577	불리	N	주당순현금<=0	1356400000.0	11.35223435765582	-4.684932795729601		-12.390794164157882	208.09239959716797	193.32974975585938	N	Y	상승전환	단기위험부채 존재
KEY	KEYCORP /NEW/	0000091576	S&P 500	보류	PEG=불리, PEGY=불리(<1)	21.729999542236328	1.52	2025	3.76	1287000000.0	10163000000.0	11450000000.0	9917000000.0	343000000.0	20381000000.0	164000000000.0	11.053741979922009	88.94625802007799	0.12427439024390244	1.3835814995388063	1.074013036171676	13.38580134387995	13.589464806621482	575.0	-7.651730931537582	3.659228783256574	1158.5	-6.803461863075164	15.818457566513148	1760.92	-10.34126203187425	24.044055501099987	8003.635697632308	-147.5897940622321	10.649130269726225	5년	15.818457566513148	24.044055501099987	10.649130269726225	43.23685860350914	-0.29073574540361	0.5542610855082412	1.8556057162764419	8.539373011351078	5년	0.5542610855082412	불리(<1)	5년	3.659228783256574	3.658093586585504	불리	Y		1107994000.0	-1.137397657900785	10.585241547509149		-9.420592957248275	22.656800041198732	21.46320001602173	N	Y	중립/개선	단기위험부채 존재
MAR	MARRIOTT INTERNATIONAL INC /MD/	0001048286	S&P 500	제외	PEG=불리, PEGY=안심	331.5199890136719	9.51	2025	89.0	358000000.0		358000000.0	1816000000.0	355000000.0	-3771000000.0					-5.328947368421052	-6.626461988304094	35.42049804228107	35.556934910828176	14.1656662665066	9.516775967882673		36.831332533013196	27.533551935765345		350.2659723889555	261.8440789091284		5.654555983503773	-21.01710678497579		3년	27.533551935765345	261.8440789091284	-21.01710678497579	2.912597844992435	2.7813492585644686		8.998538011695906	2.7143274342123624	3년	2.781349258564469	안심	3년	9.516775967882673	3.721901005321401	불리	N	주당순현금<=0	273600000.0	-14.165140050339819	1.5748465144808321		-17.64297163602918	360.0697998046875	345.2215002441406	N	N	판정불가	단기위험부채 존재
IQV	IQVIA HOLDINGS INC.	0001478242	S&P 500	제외	PEG=불리, PEGY=판정불가	256.9800109863281	7.84	2025		1980000000.0	46000000.0	2026000000.0	13884000000.0	1840000000.0	6503000000.0	23314000000.0	21.80970587248885	78.19029412751115	0.27893111435189155	-68.34582132564842	-78.95100864553314	41.49564187652762	42.84834434079863	4.672897196261677	11.081058953610356	66.64690241687414	17.845794392523352	30.66211790722071	141.79380483374828	139.9110280373831	240.39100439261037	1111.6634298965864	-45.55567668458592	-6.455368466226863	332.5875096782252	3년	30.66211790722071	240.39100439261037	-6.455368466226863						판정불가		판정불가	3년	11.081058953610356	3.744736134898713	불리	N	주당순현금<=0 | FCF<=0	173500000.0	41.06604466669843	49.77270558567896		-5.389877179160951	232.76580017089844	202.29474967956543	Y	Y	강한 상승추세	단기위험부채 존재
CPAY	CORPAY, INC.	0001175454	S&P 500	보류	PEG=불리, PEGY=판정불가	406.0899963378906	15.03	2025		2408097000.0		2408097000.0	474939000.0	3345530000.0	3883864000.0					27.205353373300685	-19.876326381266008	25.20855907948037	28.341072702538696	7.587687902648523	6.564477917470324	43.85131319574005	23.675375805297044	21.628955834940648	96.2026263914801	355.84089835361453	325.0832061991579	1445.9254746639458	-12.37388225206757	-19.94798957601761	256.0603530506206	3년	21.628955834940648	325.0832061991579	-19.947989576017612				18.282881589687296	4.5021748269009	판정불가		판정불가	3년	6.564477917470324	3.840146832148184	불리	Y		71058000.0	16.361502536267114	22.87512733741257		-4.503337958861698	387.3319982910156	338.2646995544434	Y	Y	강한 상승추세	단기위험부채 존재
EQIX	EQUINIX INC	0001101239	S&P 500	제외	PEG=불리, PEGY=불리(<1)	1043.06005859375	13.76	2025	1.98	1727000000.0	1500000000.0	3227000000.0	15334000000.0	1299000000.0	14156000000.0	25963000000.0	35.28502704454249	64.71497295545751	0.5452374532989254	-123.38595436340104	-136.62444075293254	84.77078582537435	85.73288512693914	61.882352941176464	21.50878828113374	89.03782666520712	132.26470588235293	51.51757656226748	186.57565333041424	1819.9623529411763	708.8818534968005	2567.2809898265	74.48298762343974	-32.03825152191978	146.12973804094267	3년	51.51757656226748	708.8818534968005	-32.03825152191978	0.7533533200073346	0.2770858858088215	1.0736933222808802	39.70668446745411	3.8067495864990293	3년	0.2770858858088215	불리(<1)	3년	21.50878828113374	3.9412162469296494	불리	N	주당순현금<=0	98123000.0	0.4555490777744087	7.153063542512017		-6.530806910689169	1043.8371948242188	963.8051986694336	N	Y	상승전환	단기위험부채 존재
TFC	TRUIST FINANCIAL CORP	0000092230	S&P 500	제외	PEG=불리, PEGY=불리(<1)	50.150001525878906	3.82	2025	4.11	20295000000.0		20295000000.0	41963000000.0	27839000000.0	65189000000.0	482349000000.0	11.9058403252377	88.0941596747623	0.1351490310957419	-16.633146541797803	-38.00337760036847	17.482499494156208	23.076800818389366	13.69047619047619	-4.818353706579703	4.400488140687586	35.88095238095238	-1.1367074131594066	17.30097628137517	137.06523809523807	-4.3422223182689335	66.08972939485315	173.31053624097757	-108.65846896540614	31.78410246059289	5년	17.30097628137517	66.08972939485315	31.78410246059289	1.0181882857440534	-0.04051787370658761	0.48680042253296485	3.9725186151838487	7.921273169122258	5년	0.4868004225329648	불리(<1)	5년	4.400488140687586	3.972854586860568	불리	N	주당순현금<=0	1302700000.0	0.7837685239167946	9.857611937754163		-10.141551170290441	51.52299980163574	49.73095001220703	N	Y	상승전환	단기위험부채 존재
CHTR	CHARTER COMMUNICATIONS, INC. /MO/	0001091667	S&P 500	제외	PEG=불리, PEGY=판정불가	133.88999938964844	36.21	2025		477000000.0		477000000.0	94006000000.0	750000000.0	16054000000.0					-679.0075792662888	-684.4524753354194	22.44953268864781	22.599902643608612	3.545896482699463	5.610772798941088	43.025880490420356	15.591792965398927	19.721545597882177	94.55176098084071	564.5788232770951	714.1171660993136	3423.7192651162422	321.6736319745961	433.36109444670353	2457.1135116316564	3년	19.721545597882177	714.1171660993136	433.36109444670353				32.07406777789203	23.955536577866177	판정불가		판정불가	3년	5.610772798941088	4.001148058050876	불리	N	주당순현금<=0	137743676.0	-2.8303897862783867	-40.32358752655887		-52.6455386524342	143.26720108032225	181.58985034942626	N	N	주의	단기위험부채 존재
TER	TERADYNE, INC	0000097210	S&P 500	보류	PEG=불리, PEGY=불리(<1)	383.69000244140625	3.47	2025	14.000000000000002	293751000.0	586882000.0	880633000.0	171059000.0	200000000.0	2795752000.0	1387847000.0	66.82648121868276	33.173518781317235	2.014452601763739	4.442639886300315	3.190440711499571	109.2931880562265	109.65405237173103	4.518072289156637	-6.31450812985902	27.007110355932152	17.536144578313277	-4.129016259718039	62.514220711864304	60.850421686747076	-14.327686421221596	216.92434587016916	-84.14073306587142	-103.73418288984728	-43.46364395999712	5년	62.514220711864304	216.92434587016916	-43.46364395999712	0.16943482588896494	0.070319953208677	0.3752028016131785	2.819990107626519	0.7349657509142847	3년	0.070319953208677	불리(<1)	5년	27.007110355932152	4.046830135317312	불리	Y		159719000.0	10.385801226690926	27.053880873211632		-20.698990297309862	369.0449981689453	318.4087989807129	Y	Y	강한 상승추세	단기위험부채 존재
WMB	WILLIAMS COMPANIES, INC.	0000107263	S&P 500	보류	PEG=불리, PEGY=불리(<1)	75.1500015258789	2.14	2025	2.77	152000000.0		152000000.0		700000000.0	12807000000.0					0.12408163265306123	-0.4473469387755102	35.05884107160086	35.3258637685301	17.582417582417587	8.61732445982799	65.95600451405528	43.664835164835175	25.73464891965598	140.41200902811056	93.44274725274728	55.072148688063805	300.4816993201566	24.34164385288671	-26.717035835190277	299.84257248043	3년	25.73464891965598	55.072148688063805	-26.717035835190273	0.5805216875495609	0.3248060720709962	1.9603045170174276	0.8204081632653061	1.0916941405287766	3년	0.3248060720709962	불리(<1)	3년	8.61732445982799	4.068413721107661	불리	Y		1225000000.0	3.9994454805024393	1.0080644954545193		-5.352644733406953	73.33220016479493	70.31229995727539	Y	Y	강한 상승추세	단기위험부채 존재
DELL	Dell Technologies Inc.	0001571996	S&P 500	제외	PEG=불리, PEGY=불리(<1)	535.25	8.68	2026	47.0	11528000000.0	2187000000.0	13715000000.0	23513000000.0		-2470000000.0	103756000000.0	-2.438639101159094	102.43863910115908	-0.023805852191680483	-14.324561403508772	-14.324561403508772	63.315041636348944	63.315041636348944	303.72093023255815		15.515817208402405	615.9418604651163		39.531634416804806	5346.3753488372095		343.13458673786573	898.8557400910247		-35.89265077293494	5년	39.531634416804806	343.13458673786573	-35.89265077293494	5.539298737998625		0.9873770212055312	12.502923976608187	2.3359035920799975	5년	0.9873770212055312	불리(<1)	5년	15.515817208402405	4.080677207389466	불리	N	주당순현금<=0	684000000.0	44.7286643684343	263.201477732542		0.0	444.55299987792966	257.586499710083	Y	Y	강한 상승추세	
UBER	Uber Technologies, Inc	0001543151	S&P 500	제외	PEG=불리, PEGY=판정불가	71.08000183105469	4.73	2025		7105000000.0	528000000.0	7633000000.0	10521000000.0	0.0	27041000000.0	33719000000.0	44.504608294930875	55.49539170506912	0.8019514220469172	-1.362464021844714	-1.362464021844714	15.31553189279057	15.31553189279057	3.728070175438615			15.95614035087723			75.4725438596493			6.179715694204613			1년	15.95614035087723	75.4725438596493	6.179715694204613				4.605864350855243	6.47983150282215	판정불가		판정불가	1년	3.728070175438615	4.108166201830862	불리	N	주당순현금<=0	2119689000.0	3.6000600477045674	-5.188741264918384		-28.991006079354698	73.93980010986328	76.1409001159668	N	N	중립/개선	
YUM	YUM BRANDS INC	0001041061	S&P 500	제외	PEG=불리, PEGY=불리(<1)	145.16000366210938	5.55	2025	2.01	709000000.0	0.0	709000000.0	2884000000.0	38000000.0	-7926000000.0	15521000000.0	-104.35813034891378	204.35813034891373	-0.5106629727466013	-7.740213523131673	-7.875444839857651	27.549588682025416	27.57395468503911	6.321839080459772	6.690461655968871	38.731105019357614	21.143678160919542	21.880923311937742	85.96221003871523	117.34741379310346	121.43912438125447	477.0902657148695	-19.159953959318987	-16.341195014068933	228.66509622402464	3년	21.880923311937742	121.43912438125447	-16.341195014068933	0.3024306161745289	0.31581094572368124	1.4788280685271693	5.832740213523132	4.018145540351506	3년	0.3158109457236812	불리(<1)	3년	6.690461655968871	4.117741061627212	불리	N	주당순현금<=0	281000000.0	-3.9184525398439973	-7.305237545038268		-13.677449749712679	152.8331997680664	154.82480010986328	N	N	주의	단기위험부채 존재
MKC	MCCORMICK & CO INC	0000063754	S&P 500	제외	PEG=불리, PEGY=불리(<1)	51.47999954223633	2.93	2025	3.7	95900000.0		95900000.0	3105800000.0	381400000.0	5736500000.0	7432300000.0	43.56129639754571	56.43870360245429	0.7718337526741386	-11.17260579064588	-12.588344469190794	21.38314175183693	21.866329014138945	0.34246575342466545	5.153167622194932	31.68223228750233	9.184931506849331	18.806335244389864	71.86446457500466	26.91184931506854	55.10256226606231	210.56288120476367	-47.72367996431519	7.036835190439117	309.01880939608236	3년	18.806335244389864	55.10256226606231	7.036835190439117	0.18904919587307115	0.414025577950181	1.6546788445838556	2.599109131403118	5.048774581419142	3년	0.414025577950181	불리(<1)	3년	5.153167622194932	4.149514108514294	불리	N	주당순현금<=0	269400000.0	3.6023364157736104	-14.099784281512306		-28.15073489755262	52.85960006713867	56.97390005111694	N	N	중립/개선	단기위험부채 존재
AMD	ADVANCED MICRO DEVICES INC	0000002488	S&P 500	보류	PEG=불리, PEGY=판정불가	521.094970703125	2.65	2025		5539000000.0	5013000000.0	10552000000.0	2348000000.0	874000000.0	62999000000.0					5.014669926650367	4.480440097799511	194.7472833118772	194.94887947370773	165.0	46.66355102918431	12.817266899716717	338.5	101.82710205836862	34.134533799433434	897.025	269.84182045467685	90.4565145684986	72.14232537873553	-48.2163836487285	-82.64106935316539	3년	101.82710205836862	269.84182045467685	-48.2163836487285				4.1167481662591685	0.7900187869217676	판정불가		판정불가	3년	46.66355102918431	4.17343470474586	불리	Y		1636000000.0	15.184566254074493	154.40363523158487		-10.296776644687455	498.58989990234375	343.8628751373291	Y	Y	강한 상승추세	단기위험부채 존재
OTIS	Otis Worldwide Corp	0001781335	S&P 500	제외	PEG=불리, PEGY=불리(<1)	69.30000305175781	3.5	2025	2.51	1096000000.0		1096000000.0	6900000000.0	215000000.0	-5392000000.0	15924000000.0	-51.196353968856826	151.1963539688568	-0.33860838985179603	-14.697391744745506	-15.24183337553811	23.999255656143806	24.154810407798834	-14.00491400491401	5.744740983915486	43.261010500751794	-19.50982800982802	19.989481967830972	95.02202100150359	-68.28439803439807	69.9631868874084	332.57707350526255	-198.53448055896732	0.9569751896767896	379.90917584357396	3년	19.989481967830972	69.9631868874084	0.9569751896767897	-0.47896960512487036	0.34395820862895277	1.9071845875784244			3년	0.3439582086289527	불리(<1)	3년	5.744740983915486	4.17760447744094	불리	N	주당순현금<=0 | FCF<=0	394900000.0	-0.5167967146510244	-18.085101298250628		-25.97735417788387	72.21359954833984	79.80689971923829	N	N	주의	단기위험부채 존재
COST	COSTCO WHOLESALE CORP /NEW	0000909832	S&P 500	보류	PEG=불리, PEGY=양호	902.5999755859375	18.21	2025	65.0	14161000000.0	1123000000.0	15284000000.0	5713000000.0	36000000.0	29164000000.0	47935000000.0	37.82669035914863	62.17330964085137	0.6084072181078544	21.517390844935846	21.436456139009852	48.38454611427796	48.38899063409817	9.963768115942043	11.49058481522638	42.2175267261373	28.427536231884087	31.481169630452758	92.9350534522746	517.6654347826093	573.2720989705448	1692.3473233659206	-42.64730237261991	-36.48658160018275	87.49693874823181	3년	31.481169630452758	573.2720989705448	-36.48658160018275	1.5493328787023741	1.5808887539125744	2.2159456962333293	17.619035842833792	1.9520315000447577	3년	1.5808887539125744	양호	3년	11.490584815226379	4.210799266732075	불리	Y		444803000.0	-8.213594062489637	-9.033188539663906		-17.519553705775415	941.8447961425782	960.3979479980469	N	N	주의	단기위험부채 존재
BMY	BRISTOL MYERS SQUIBB CO	0000014272	S&P 500	제외	PEG=불리, PEGY=불리(<1)	64.41000366210938	3.46	2025	3.9	10209000000.0	130000000.0	10339000000.0	42850000000.0	2261000000.0	18473000000.0	71533000000.0	20.524187276403797	79.4758127235962	0.25824444661904294	-15.944580676802355	-17.053457577243748	23.223868306043855	23.544352959350615	178.4580498866213	5.459253851176027		365.4160997732426	19.418507702352052		1264.3397052154194	67.1880366501381		1862.9554934479775	4.313045847042796		3년	19.418507702352052	67.1880366501381	4.313045847042796	7.852182396296308	0.40300150379083677		6.299656694458068	9.780556336412664	3년	0.4030015037908367	불리(<1)	3년	5.459253851176027	4.254037078902457	불리	N	주당순현금<=0	2039000000.0	15.84533350677857	7.3858021902010185		-5.404601077549787	63.16040008544922	58.31879999160767	Y	Y	강한 상승추세	단기위험부채 존재
WM	WASTE MANAGEMENT INC	0000823768	S&P 500	보류	PEG=불리, PEGY=불리(<1)	216.44000244140625	6.7	2025	1.74	201000000.0	177000000.0	378000000.0		743000000.0	9990000000.0	35844000000.0	21.7960466029585	78.20395339704149	0.2787077335118848	0.9351806036615536	-0.9030183077684315	32.16489878175294	32.439256828235024	-1.6152716593245144	7.521507767680924	13.738220149762249	5.269456681350971	23.543015535361846	35.9764402995245	35.305359765051506	157.73820408692438	241.04215000681415	-83.68815405340368	-27.12151066916264	11.366728556597616	3년	23.543015535361846	157.73820408692438	-27.12151066916264	0.003877778118370564	0.2879383464105583	0.4812146388143774	8.000989609104403	3.6966316387241767	3년	0.2879383464105583	불리(<1)	3년	7.521507767680924	4.27638975791023	불리	Y		404200000.0	-3.495628848119259	-8.482028566001587		-12.198285154963894	228.04060119628906	225.25194984436035	N	N	주의	단기위험부채 존재
SNA	Snap-on Inc	0000091440	S&P 500	제외	PEG=불리, PEGY=불리(<1)	377.4200134277344	19.19	2025	2.57	1624500000.0		1624500000.0	1186400000.0	193600000.0	5931800000.0	2455500000.0	70.72359400522218	29.27640599477782	2.415719812665445	8.266037735849057	4.613207547169812	19.236788728081567	19.427139441405135	-1.6401845207585868	4.491988613427633	38.10274863898202	5.219630958482826	17.483977226855266	84.70549727796404	100.16471809328544	335.5175229833526	1625.49849276413	-73.4606765593621	-11.102349889668728	330.6868832951723	3년	17.483977226855266	335.5175229833526	-11.102349889668728	0.04833527530944304	0.3671084978501974	2.114321117412314			3년	0.3671084978501974	불리(<1)	3년	4.491988613427633	4.282466048684581	불리	N	FCF<=0	53000000.0	-0.27216243785808114	2.068860275672524		-9.990218305015663	401.9067987060547	377.0111492919922	N	Y	중립/개선	단기위험부채 존재
LOW	LOWES COMPANIES INC	0000060667	S&P 500	제외	PEG=불리, PEGY=불리(<1)	198.60000610351562	11.85	2025	2.49	982000000.0	370000000.0	1352000000.0	39819000000.0	0.0	-9917000000.0	64061000000.0	-18.31597222222222	118.31597222222223	-0.15480557593543653	-68.69107142857143	-68.69107142857143	22.556209074437728	22.556209074437728	-3.1071136549468585	5.228278564465261	8.863759852581033	2.285772690106283	18.95655712893052	26.227519705162067	27.086406377759452	224.63520197782665	310.79610850617047	-86.36132651293008	13.10936307863999	56.493504005319735	3년	18.95655712893052	224.63520197782665	13.10936307863999	-0.027358926001719616	0.3421797758211132	0.5033540793629151	13.6625	6.879405629463445	3년	0.3421797758211132	불리(<1)	3년	5.228278564465261	4.314270710008493	불리	N	주당순현금<=0	560000000.0	-8.136359748022127	-19.55605874287556		-30.89530046948158	212.48120025634765	235.991050491333	N	N	주의	
AME	AMETEK INC/	0001037868	S&P 500	제외	PEG=불리, PEGY=양호	236.27000427246094	6.4	2025	56.99999999999999	457951000.0	4563000.0	462514000.0	1074334000.0	273315000.0	10628786000.0	5438757000.0	66.1506616164027	33.84933838359729	1.9542674916345775	-2.6456051440160167	-3.8274618501334	37.33056397132452	37.51522908165536	7.925801011804396	8.504416556765815	11.164911034441637	24.35160202360879	25.50883311353163	30.829822068883274	155.85025295109628	163.25653192660243	197.31086124085297	-34.03722430572545	-30.90255683140426	-16.48924633982789	3년	25.50883311353163	163.25653192660243	-30.90255683140426	1.7392129693426854	1.7547127497747699	1.8259812813651173	7.227891671243065	3.0591660136883196	3년	1.75471274977477	양호	3년	8.504416556765815	4.38955026745787	불리	N	주당순현금<=0	231259000.0	6.533504181133898	5.336603235774828		-8.606678665777846	241.33200012207033	226.44744987487792	N	Y	상승전환	단기위험부채 존재
BEN	FRANKLIN TEMPLETON INC	0000038777	S&P 500	보류	PEG=불리, PEGY=불리(<1)	34.119998931884766	0.91	2025	3.81	4647200000.0	58700000.0	4705900000.0	1850750000.0	0.0	12077800000.0	18179500000.0	39.916978712575144	60.083021287424856	0.6643637063725625	5.518264398917665	5.518264398917665	31.430477508755054	31.430477508755054	7.058823529411772	-28.882967962082805	-10.560604841265263	22.617647058823543	-49.26593592416561	-12.621209682530527	20.582058823529426	-44.83200169099071	-11.48530081110278	-39.677434150516	-231.39508527093096	-133.66149229380514	1년	22.617647058823543	20.582058823529426	-39.677434150516	0.34580523081089776	-0.797727872734312	-0.21477894630728603	1.761886354851179	5.163793698729326	1년	0.3458052308108977	불리(<1)	1년	7.058823529411772	4.452650980406962	불리	Y		517400000.0	9.569684009778555	36.64397224727458		-4.612808232494114	33.764800262451175	28.662600049972536	Y	Y	강한 상승추세	
HLT	Hilton Worldwide Holdings Inc.	0001585689	S&P 500	보류	PEG=불리, PEGY=불리(<1)	306.989990234375	6.12	2025	20.0	918000000.0		918000000.0		46000000.0	-5388000000.0	22120000000.0	-32.201769065264166	132.2017690652642	-0.24358047016274864	3.857142857142857	3.6638655462184873	49.53151100935166	49.56309226930662	-0.3257328990227944	10.548046712372283		7.848534201954411	29.596093424744566		48.033029315960995	181.12809175943676		-84.3535519580656	-40.99869783338784		3년	29.596093424744566	181.12809175943676	-40.998697833387844	0.39720708494563506	0.6167396489601285		8.521008403361344	2.7756632706023683	3년	0.6167396489601285	불리(<1)	3년	10.548046712372283	4.6957993607720665	불리	Y		238000000.0	-9.233638127139976	3.4158611832143304		-12.343672787290426	323.8179998779297	313.2124499511719	N	N	판정불가	단기위험부채 존재
ED	CONSOLIDATED EDISON INC	0001047862	S&P 500	제외	PEG=불리, PEGY=불리(<1)	107.48999786376953	5.64	2025	3.24	1629000000.0		1629000000.0	25551000000.0	400000000.0	24190000000.0					-66.69082798996376	-67.80596598829105	30.883125151371154	31.080844654620673	7.633587786259531	6.569042175811535	11.45025129540247	23.76717557251906	21.63808435162307	31.40050259080494	134.0468702290075	122.03879574315411	177.09883461213985	24.706366074074705	13.53502481023714	64.75843160457686	3년	21.63808435162307	122.03879574315411	13.53502481023714	0.35208832438308996	0.31761818558624827	0.475672433518285	0.9339280735991079	0.8688511416501729	3년	0.3176181855862482	불리(<1)	3년	6.569042175811535	4.701313269853664	불리	N	주당순현금<=0	358700000.0	-0.10223105196234261	-3.8034724192329894		-6.9028246006412335	109.564599609375	107.34374973297119	N	Y	중립/개선	단기위험부채 존재
KMI	KINDER MORGAN, INC.	0001506307	S&P 500	제외	PEG=불리, PEGY=불리(<1)	31.40999984741211	1.37	2025	3.69	63000000.0	0.0	63000000.0	30777000000.0	1000000000.0	31162000000.0	40299000000.0	43.60700242090091	56.39299757909909	0.7732698081838258	-13.816464237516868	-14.266306792622583	33.012017580240126	33.3403698102443	17.09401709401711	6.94673115572082		42.68803418803422	22.39346231144164		58.48260683760689	30.679043366675046		86.19104464091652	-2.327145763412941		3년	22.39346231144164	30.679043366675046	-2.327145763412941	0.6295894228063698	0.32220784839541605		1.3004948268106162	4.140384696365304	3년	0.322207848395416	불리(<1)	3년	6.94673115572082	4.752165707903327	불리	N	주당순현금<=0	2223000000.0	-1.3505034645574066	-5.04837331077419		-8.45235036375266	31.92080032348633	31.12525013923645	N	Y	중립/개선	단기위험부채 존재
CMS	CMS ENERGY CORP	0000811156	S&P 500	제외	PEG=불리, PEGY=불리(<1)	68.16999816894531	3.53	2025	3.31	509000000.0		509000000.0	17807000000.0	950000000.0	9144000000.0					-57.46843853820598	-60.62458471760797	35.59162512950462	36.4857175316015	6.006006006005998	7.393158422805435	45.03820062775774	20.512012012011994	23.28631684561087	98.57640125551548	72.40740240240234	82.20069846500637	347.9746964319696	6.215937138439553	20.58192852123724	410.4513800478415	3년	23.28631684561087	82.20069846500637	20.581928521237238	0.2617471377636883	0.3007212619221697	1.3584150892755447	-0.46179401993355484	-0.6774153327525305	3년	0.3007212619221697	불리(<1)	3년	7.393158422805435	4.814129914992257	불리	N	주당순현금<=0 | FCF<=0	301000000.0	-7.201199266888503	-10.113394698455814		-14.723547551913096	71.96439956665039	73.47979972839356	N	N	주의	단기위험부채 존재
CL	COLGATE PALMOLIVE CO	0000021665	S&P 500	제외	PEG=불리, PEGY=불리(<1)	88.02999877929688	2.63	2025	2.4	1288000000.0	107000000.0	1395000000.0	6871000000.0	1115000000.0	54000000.0	15965000000.0	0.33709969411324053	99.66290030588677	0.0033823989978077045	-6.751325360621379	-8.126001726051042	36.0385262889423	36.56121692218552	-25.07122507122507	7.281634513092983	28.522420757238454	-41.64245014245014	23.063269026185964	65.5448415144769	-109.51964387464386	60.65639753886908	172.38293318307424	-224.4117294028646	-31.095764648432088	95.82294169429855	3년	23.063269026185964	60.65639753886908	-31.095764648432088	-0.6290830232472986	0.2686467930311456	0.8580378817189974	4.3175933916902975	4.904684143544167	3년	0.2686467930311456	불리(<1)	3년	7.281634513092983	4.94923581019372	불리	N	주당순현금<=0	811100000.0	-2.13451721410296	-1.7631981032172561		-11.206375508119681	91.66939971923829	87.81385005950928	N	Y	중립/개선	단기위험부채 존재
HUBB	HUBBELL INC	0000048898	S&P 500	제외	PEG=불리, PEGY=불리(<1)	454.9700012207031	4.19	2025	1.22	482500000.0	15400000.0	497900000.0	2036300000.0	56100000.0	3847900000.0	4370900000.0	46.818270307100796	53.181729692899204	0.8803450090370404	-28.755140186915888	-29.80373831775701	115.44752778224796	115.69778986598092	-70.84203201113432	-25.34455002230137	23.13753669964718	-133.18406402226864	-42.18910004460274	54.77507339929436	-558.0412282533057	-176.7723291868855	229.50755754304336	-222.6545105734572	-138.85362303285888	-49.555452683195554	5년	54.77507339929436	229.50755754304336	-49.555452683195554	-0.6030621300306432	-0.2089654970161339	0.21098361452649977			5년	0.2109836145264997	불리(<1)	5년	23.13753669964718	4.9896205149620965	불리	N	주당순현금<=0 | FCF<=0	53500000.0	-2.698944634407452	-4.812017478347919		-18.442229787170728	482.8352020263672	485.9608012390137	N	N	주의	단기위험부채 존재
PSA	Public Storage	0001393311	S&P 500	제외	PEG=불리, PEGY=불리(<1)	294.6000061035156	9.01	2025	3.98	318095000.0		318095000.0	10253881000.0	700000000.0	9248128000.0	10866770000.0	45.976509550284575	54.023490449715425	0.851046631151667	-56.484781298677674	-60.464269877545455	38.96612512787939	39.40779977592243	-15.319548872180459	-27.352783933755788	7.4520805832128945	-22.139097744360917	-46.205567867511576	23.404161166425787	-199.47327067669187	-416.3121664862793	210.87149210949633	-167.7098664439951	-241.31437809271355	-28.421083591084184	5년	23.404161166425787	210.87149210949633	-28.421083591084184	-0.2910104311107718	-0.599823150417209	0.2933851016926879			5년	0.2933851016926879	불리(<1)	5년	7.4520805832128945	5.228892078228106	불리	N	주당순현금<=0 | FCF<=0	175902000.0	-9.037573549559896	-1.7705303236821068		-10.854236385962269	319.3834002685547	298.0441004943848	N	N	주의	단기위험부채 존재
VRTX	VERTEX PHARMACEUTICALS INC / MA	0000875320	S&P 500	보류	PEG=불리, PEGY=판정불가	521.1199951171875	15.32	2025		5084800000.0	1523300000.0	6608100000.0			18665800000.0	6977200000.0	72.79101509183793	27.20898490816207	2.675256549905406	25.61279069767442	25.61279069767442	32.34381229892383	32.34381229892383	836.5384615384615	6.118290879552779	46.11882992489094	1681.576923076923	20.736581759105558	100.73765984978188	25761.758461538462	317.68443254949716	1543.3009488986584	4843.536748334758	-39.03814178574025	196.15078357367705	3년	20.736581759105558	317.68443254949716	-39.03814178574025				12.37906976744186	2.3754739567531087	판정불가		판정불가	3년	6.118290879552779	5.28641297637814	불리	Y		258000000.0	19.602489118249935	5.8369531559705035		-6.602628397142429	509.9448004150391	467.11509979248046	Y	Y	강한 상승추세	
PG	PROCTER & GAMBLE Co	0000080424	S&P 500	제외	PEG=불리, PEGY=불리(<1)	142.63999938964844	6.62	2026	2.99	4239000000.0		4239000000.0	22842000000.0	4837000000.0	54311000000.0	72210000000.0	42.92647070446803	57.07352929553197	0.7521257443567373	-7.679256965944273	-9.675954592363261	22.706836307491344	23.008452263143763	1.6897081413210495	3.912707147347039	3.77650968724621	11.879416282642099	16.325414294694077	16.053019374492422	78.6417357910907	108.07424263087479	106.27098825913984	-44.866982524119514	-24.23286378763272	-25.497063436715028	3년	16.325414294694077	108.07424263087479	-24.23286378763272	0.20609247708264583	0.3039924652590078	0.29799438352465824	6.252631578947368	4.38350505167005	3년	0.3039924652590078	불리(<1)	3년	3.9127071473470387	5.803356973160494	불리	N	주당순현금<=0	2422500000.0	-4.300572647344058	-6.965827957460102		-14.688994023245384	146.5352005004883	147.54180061340332	N	N	주의	단기위험부채 존재
PAYX	PAYCHEX INC	0000723531	S&P 500	제외	PEG=불리, PEGY=불리(<1)	114.75	4.89	2026	4.07	1088200000.0	36300000.0	1124500000.0	4556100000.0	0.0	3735100000.0	12439400000.0	23.09252217997465	76.90747782002535	0.3002636783124588	-9.532222222222222	-9.532222222222222	25.415587366507612	25.415587366507612	6.768558951965057	4.379080767859933	10.04574277704604	22.037117903930113	17.258161535719864	28.59148555409208	107.76150655021824	84.39240990967014	139.81236435951027	-6.090190370180181	-26.455416200723192	21.840840400444673	3년	17.258161535719864	84.39240990967014	-26.455416200723192	0.426453215330683	0.3324369665756393	0.5553970708403778	6.4494444444444445	5.620430888404745	3년	0.3324369665756393	불리(<1)	3년	4.379080767859933	5.803863576356978	불리	N	주당순현금<=0	360000000.0	13.501485392576873	22.074468085106382		-15.288650293376282	117.01300018310548	104.08884990692138	N	Y	상승전환	
PNW	PINNACLE WEST CAPITAL CORP	0000764622	S&P 500	제외	PEG=불리, PEGY=불리(<1)	97.18000030517578	5.05	2025	3.71	6604000.0		6604000.0	9205676000.0	757005000.0	7046458000.0					-75.42015725049397	-81.62659156684786	34.1782490209247	35.40724591525221	-3.62595419847329	5.834499340033372	0.7285270633833552	1.2480916030534202	20.168998680066743	9.95705412676671	6.3028625954197715	101.85344333433704	50.28312334017188	-93.51423896313356	4.809058463145899	-48.257745233312356	3년	20.168998680066743	101.85344333433704	4.809058463145899	0.0024590435125935004	0.2792565334224703	0.12986408580105985			3년	0.2792565334224703	불리(<1)	3년	5.834499340033372	5.857957474844656	불리	N	주당순현금<=0 | FCF<=0	121971000.0	-5.741996369118551	-3.4092041391190264		-11.14565432502671	102.49740036010742	98.59775016784668	N	N	주의	단기위험부채 존재
AMGN	AMGEN INC	0000318154	S&P 500	제외	PEG=불리, PEGY=불리(<1)	391.2699890136719	14.23	2025	2.56	9129000000.0	0.0	9129000000.0	50005000000.0	0.0	8658000000.0					-75.41697416974169	-75.41697416974169	32.79599179082316	32.79599179082316	88.22751322751324	5.524568667280372	38.82227702083121	184.95502645502648	19.549137334560744	86.14455404166242	2631.910026455027	278.1842242707994	1225.8370040128561	572.6582923187248	-28.902233219558525	213.2969658886929	3년	19.549137334560744	278.1842242707994	-28.902233219558525	2.7682502729774754	0.24651087604987643	1.2618089821699074	14.944649446494465	3.8195235684105238	3년	0.2465108760498764	불리(<1)	3년	5.524568667280372	5.936389565589006	불리	N	주당순현금<=0	542000000.0	15.852893224082209	3.6092505657598695		-11.899938459102788	398.3723999023438	358.9368508911133	N	Y	상승전환	
NI	NISOURCE INC.	0001111711	S&P 500	제외	PEG=불리, PEGY=불리(<1)	41.66999816894531	1.95	2025	2.86	110100000.0		110100000.0	6427700000.0	736000000.0	9450100000.0					-13.31422550052687	-14.865331928345627	28.197037779216508	28.992476972969712	20.37037037037036	4.679561967174672	61.04691919843306	49.24074074074072	17.859123934349345	130.59383839686612	96.0194444444444	34.82529167198122	254.65798487388892	130.428242533505	-16.425982235979863	511.1303001296351	3년	17.859123934349345	34.82529167198122	-16.425982235979863	0.823858539760975	0.2673884408074928	2.2664408828624407	-0.8851422550052687	-2.1241715716342977	3년	0.2673884408074928	불리(<1)	3년	4.679561967174672	6.025572046488087	불리	N	주당순현금<=0 | FCF<=0	474500000.0	-10.636934989395662	-9.922179678185007		-15.09780640925078	43.91839988708496	45.03799993515015	N	N	주의	단기위험부채 존재
REG	REGENCY CENTERS CORP	0000910606	S&P 500	제외	PEG=불리, PEGY=불리(<1)	75.33999633789062	0.46	2018	3.98	120661000.0		120661000.0	4739301000.0		6906890000.0	5819677000.0	54.27143077940815	45.72856922059185	1.1868167253955846	-27.255045438451553	-27.255045438451553	223.03269951378735	223.03269951378735	-7.9999999999999964	36.71886432341158	-1.6538041668570203	-7.499999999999993	81.93772864682316	5.1923916662859595	-3.449999999999997	37.691355177538654	2.3885001664915415	-104.57924099773932	-49.97165249584357	-96.8297049607231	3년	81.93772864682316	37.691355177538654	-49.971652495843564	-0.018024262849185884	0.18247936025585196	0.010429842073445288			3년	0.1824793602558519	불리(<1)	3년	36.71886432341158	6.074063117785044	불리	N	주당순현금<=0 | FCF<=0	169460000.0	-5.942574565426916	-2.999873678362319		-8.877605152628032	78.50219985961914	75.99185012817382	N	N	주의	
CHRW	C. H. ROBINSON WORLDWIDE, INC.	0001043277	S&P 500	제외	PEG=불리, PEGY=불리(<1)	150.4499969482422	4.83	2025	1.68	160871000.0		160871000.0	1089438000.0	0.0	1845647000.0	3212734000.0	36.48691152366735	63.51308847633265	0.574478621635031	-7.642400948132541	-7.642400948132541	32.7313453201604	32.7313453201604	25.129533678756484	-13.256194627034546	5.361231500071417	58.75906735751297	-18.01238925406909	19.222463000142834	283.8062953367876	-86.99984009715371	92.84449629068989	88.63828587143321	-157.8264153285981	-38.28880147958378	5년	19.222463000142834	92.84449629068989	-38.28880147958378	0.8190782693629014	-0.3536730468547028	0.2151219704291981	7.365236786225741	4.895471542455086	5년	0.2151219704291981	불리(<1)	5년	5.361231500071417	6.10519156274531	불리	N	주당순현금<=0	121502000.0	-18.6756773252745	-14.410059168823942		-28.158724924221556	166.92080078125	172.71200050354003	N	N	주의	
AAPL	Apple Inc.	0000320193	S&P 500	제외	PEG=불리, PEGY=불리(<1)	315.3399963378906	7.46	2025	34.0	35934000000.0	18763000000.0	54697000000.0	78328000000.0	7979000000.0	73733000000.0	285508000000.0	20.524661717342955	79.47533828265705	0.2582519579136136	-1.5749068441701954	-2.106673663586809	42.48189050697866	42.55317292245006	22.69736842105263	6.880679389561806	59.17805489937251	53.89473684210526	22.26135877912361	126.85610979874502	402.0547368421052	166.06973649226214	946.3465790986379	27.498808115447137	-47.336291488277816	200.1035676059995	3년	22.26135877912361	166.06973649226214	-47.336291488277816	1.334624418650548	0.962308383682835	2.193359424154295	6.582405496092323	2.08739949658628	3년	0.962308383682835	불리(<1)	3년	6.880679389561806	6.174083706243448	불리	N	주당순현금<=0	15004697000.0	8.1487107688498	20.90794037412087		-7.274756295933294	316.4721997070312	284.34784942626953	N	Y	상승전환	단기위험부채 존재
HD	HOME DEPOT, INC.	0000354950	S&P 500	제외	PEG=불리, PEGY=불리(<1)	310.45001220703125	14.23	2025	2.97	1389000000.0		1389000000.0	8707000000.0	4464000000.0	12813000000.0	92282000000.0	12.191826442742281	87.80817355725772	0.13884614551050042	-7.354773869346734	-11.841206030150754	22.333435423498102	22.64871526614069	-4.560697518443995	-5.176454930934304	3.5714638909686514	-0.6213950368879892	-1.8529098618686088	15.642927781937303	-8.842451374916088	-26.366907334390305	222.5988623369678	-102.84826897317667	-108.49312491468253	-28.298001744473357	5년	15.642927781937303	222.5988623369678	-28.298001744473357	-0.07122493643635065	-0.09879603782823242	0.29290002934730125			5년	0.2929000293473012	불리(<1)	5년	3.5714638909686514	6.253300076748315	불리	N	주당순현금<=0 | FCF<=0	995000000.0	-2.6558387257256233	-11.51236590823589		-26.680364091950004	337.6103973388672	343.67034896850583	N	N	주의	단기위험부채 존재
REGN	REGENERON PHARMACEUTICALS, INC.	0000872589	S&P 500	제외	PEG=불리, PEGY=안심	807.6500244140625	41.48	2025	46.0	3118100000.0	5487100000.0	8605200000.0	1985900000.0		31256900000.0	9301800000.0	77.06583297788144	22.934167022118558	3.360306607323314	60.951197053407	60.951197053407	18.0014182102376	18.0014182102376	8.189880020865917	2.765976893685007	32.28413389720095	24.879760041731835	14.031953787370014	73.0682677944019	1032.0124465310364	582.0454431001082	3030.8717481117906	27.77965892835146	-27.933458118524413	275.27043354089426	3년	14.031953787370014	582.0454431001082	-27.933458118524413	3.010311709221196	2.7090074973065885	4.3487759121489615			3년	2.7090074973065885	안심	3년	2.765976893685007	6.508159287713711	불리	N	FCF<=0	108600000.0	34.23917421105735	4.2586492671896625		-5.208737175547251	744.9269982910156	733.1221490478515	Y	Y	강한 상승추세	
GWW	W.W. GRAINGER, INC.	0000277135	S&P 500	제외	PEG=불리, PEGY=안심	1278.8299560546875	35.4	2025	77.0	585000000.0		585000000.0	2362000000.0	0.0	3736000000.0					-37.020833333333336	-37.020833333333336	37.17092625389889	37.17092625389889	-8.550762076982696	5.601826190477133	62.54354736477112	-8.601524153965393	19.703652380954267	133.58709472954223	-304.4939550503749	697.509294285781	4728.983153425795	-123.81035520858205	-45.45722900973763	269.78983257595553	3년	19.703652380954267	697.509294285781	-45.45722900973763	1.8414724845829638	2.2222159767087577	3.7541046572691816	27.729166666666668	2.168323203204732	3년	2.2222159767087577	안심	3년	5.601826190477133	6.635501529320544	불리	N	주당순현금<=0	48000000.0	-2.944684675086451	15.159070977738697		-8.78726351560194	1336.65859375	1181.1764492797852	N	Y	중립/개선	
SNPS	SYNOPSYS INC	0000883241	S&P 500	제외	PEG=불리, PEGY=판정불가	393.2200012207031	8.04	2025		2888030000.0	72929000.0	2960959000.0	13462398000.0	22117000.0	28327602000.0	19897446000.0	58.74043297997339	41.25956702002661	1.4236803055025253	-63.39304945187618	-63.52656106630608	56.79266799410191	56.809273916294686	-44.589937973811175	8.526334391298395	13.492100704033394	-80.67987594762235	25.55266878259679	35.48420140806679	-648.6662026188836	205.44345701207817	285.29297932085694	-264.96266736309934	-47.75355872684395	-27.44698173154977	3년	25.55266878259679	205.44345701207817	-47.75355872684395				8.144311102525716	2.071184343940467	판정불가		판정불가	3년	8.526334391298395	6.660853936489054	불리	N	주당순현금<=0	165656000.0	-14.61762410977422	-9.182874210532654		-26.440436430598822	410.2835998535156	447.26740158081054	N	N	주의	단기위험부채 존재
EXR	Extra Space Storage Inc.	0001289490	S&P 500	제외	PEG=불리, PEGY=불리(<1)	135.6300048828125	4.59	2025	4.66	138920000.0		138920000.0		500000000.0	13433166000.0	14940010000.0	47.34459758752422	52.65540241247578	0.8991403620211766	0.6557453781291385	-1.7044093084859584	29.40615675483298	29.920351675664154	13.89578163771711	-10.535332538619723	4.348871143162825	36.29156327543422	-12.570665077239447	17.19774228632565	166.57827543424307	-57.69935270452906	78.93763709423473	22.818159284275332	-142.5417316429227	-41.79928168369624	5년	17.19774228632565	78.93763709423473	-41.79928168369624	0.6310168918849763	-0.1997994021321435	0.3063600326377976			5년	0.3063600326377976	불리(<1)	5년	4.348871143162825	6.761790769787358	불리	N	FCF<=0	211850521.0	-9.338235729105914	-4.1619553503607465		-11.2659473556325	145.99679931640625	141.4247492980957	N	N	주의	단기위험부채 존재
VRSN	VERISIGN INC/CA	0001014473	S&P 500	보류	PEG=불리, PEGY=불리(<1)	286.94000244140625	6.24	2022	1.15	307900000.0	272600000.0	580500000.0	0.0		-2154200000.0	3480100000.0	-162.47077456821782	262.4707745682178	-0.6190052009999713	6.188699360341151	6.188699360341151	44.99219600658094	44.99219600658094	-10.857142857142854	6.608652379326085	11.139222486886503	-13.214285714285708	21.71730475865217	30.778444973773006	-82.45714285714283	135.51598169398954	192.05749663634356	-128.73671922895477	-52.77201486688416	-33.06701923669144	3년	21.71730475865217	135.51598169398954	-52.77201486688416	-0.21575170182231168	0.17244440298471403	0.2731412017561663	11.389125799573561	3.9691662726249697	3년	0.172444402984714	불리(<1)	3년	6.608652379326085	6.80807423724245	불리	Y		93800000.0	-0.3991786980119927	21.72400952022102		-7.43870888986895	280.2389978027344	262.11329986572264	Y	Y	강한 상승추세	
WRB	BERKLEY W R CORP	0000011544	S&P 500	보류	PEG=불리, PEGY=안심	69.91000366210938	4.45	2025	56.99999999999999	2539938000.0		2539938000.0			9700818000.0	34359177000.0	22.01729255756838	77.98270744243162	0.2823355751507086	6.35205233818752	6.35205233818752	14.282685690768956	14.282685690768956	2.0642201834862353		-2.067551596878059	12.62844036697247		4.364896806243882	56.19655963302749		19.423790787785276	-19.61585368434826		-72.2160066223644	1년	12.62844036697247	56.19655963302749	-19.61585368434826	4.135372118540705		3.846086764944028	8.808458439307659	12.599711025450521	5년	3.846086764944028	안심	1년	2.0642201834862353	6.919167734639194	불리	Y		399861000.0	2.582541594752774	3.02092990468541		-10.897266788338944	71.02759994506836	69.18354995727539	N	Y	상승전환	
CDNS	CADENCE DESIGN SYSTEMS INC	0000813672	S&P 500	보류	PEG=불리, PEGY=판정불가	284.6000061035156	4.06	2025		3001317000.0	154213000.0	3155530000.0			5474181000.0					11.545523065214846	11.545523065214846	67.2547987779066	67.2547987779066	5.454545454545442	9.527334351951566	13.985265633616972	19.409090909090885	27.554668703903133	36.470531267233945	78.80090909090899	111.87195493784671	148.0703569449698	-72.31169803199256	-60.69151351417881	-47.97246880904381	3년	27.554668703903133	111.87195493784671	-60.69151351417881				5.8062214611872145	2.040133990396106	판정불가		판정불가	3년	9.527334351951566	7.059141234413613	불리	Y		273312000.0	-26.102873706214137	-3.249931139372353		-31.650616947717538	338.0170007324219	326.9235002136231	N	N	주의	
LNT	ALLIANT ENERGY CORP	0000352541	S&P 500	제외	PEG=불리, PEGY=불리(<1)	67.86000061035156	3.14	2025	3.12	556000000.0		556000000.0	10954000000.0	88000000.0	7334000000.0					-40.33359193173003	-40.67494181536075	34.45655813442089	34.565268288443406	16.72862453531599	4.774516892465397	4.91716309026109	41.95724907063198	18.049033784930792	18.33432618052218	131.74576208178442	56.67396608468269	57.56978420683964	94.14347317540037	-16.48398824794959	-15.16389082074694	3년	18.049033784930792	56.67396608468269	-16.48398824794959	0.5760478007664938	0.22911507474622234	0.2332549600255124	-1.221877424359969	-1.8005856371501126	3년	0.2291150747462223	불리(<1)	3년	4.774516892465397	7.216763268509184	불리	N	주당순현금<=0 | FCF<=0	257800000.0	-7.04109505431293	-4.166074071392433		-13.033446530879155	71.74719970703126	70.44064990997315	N	N	주의	단기위험부채 존재
MPWR	MONOLITHIC POWER SYSTEMS, INC.	0001280452	S&P 500	보류	PEG=불리, PEGY=불리(<1)	1203.75	12.86	2025	66.0	1099302000.0	157243000.0	1256545000.0			3531497000.0	662702000.0	84.19955753172418	15.800442468275827	5.328936686474464	26.010577739137634	26.010577739137634	91.58160359726767	91.58160359726767	-64.85378518720962	12.425319328361194	29.728257539054503	-121.20757037441925	33.35063865672239	67.956515078109	-1558.7293550150314	428.8892131254499	873.9207839044818	-229.48945836054259	-64.37057419518588	-27.40014256245219	3년	33.35063865672239	428.8892131254499	-64.37057419518588	0.01251577574281057	0.8563435913749495	1.0452782412505228	13.790163323604297	1.1456002761041992	3년	0.8563435913749495	불리(<1)	3년	12.425319328361194	7.370563377653377	불리	Y		48309000.0	-18.281243681189185	12.385517408716229		-28.767553535108227	1324.4580078125	1253.9534503173827	N	N	판정불가	
TDY	TELEDYNE TECHNOLOGIES INC	0001094285	S&P 500	제외	PEG=불리, PEGY=판정불가	595.22998046875	18.88	2025		352400000.0		352400000.0	2025300000.0	450100000.0	10513900000.0	4771400000.0	68.78438761424374	31.21561238575625	2.203525170809406	-35.29324894514768	-44.78902953586498	33.39635749014288	33.899311970583426	9.703660662405566	4.530504261422341	40.24408367454113	27.907321324811132	17.56100852284468	88.98816734908226	526.8902266124342	331.5518409113076	1680.096599550673	-11.481235169387393	-44.29853135922237	182.2600767232153	3년	17.56100852284468	331.5518409113076	-44.29853135922237				22.658227848101266	3.8066341736109575	판정불가		판정불가	3년	4.530504261422341	7.371443787067132	불리	N	주당순현금<=0	47400000.0	-1.0177093815002425	-9.176498023484248		-13.89700694642424	645.2404016113281	614.8587483215332	N	N	주의	단기위험부채 존재
COR	Cencora, Inc.	0001140859	S&P 500	제외	PEG=불리, PEGY=양호	323.32000732421875	7.96	2025	74.0	4356138000.0		4356138000.0	7542988000.0	13976000.0	1508019000.0					-16.324904976077537	-16.39649820197322	42.66895883169552	42.67795295555175	5.7104913678618825	-0.3327811631230859		19.920982735723765	7.834437673753828		158.57102257636117	62.36212388308047		-50.955394351037064	-80.71195024422198		1년	19.920982735723765	158.57102257636117	-50.955394351037064	1.868114281444595	1.7264826903194823		16.428837071111705	5.081293052996006	3년	1.7264826903194823	양호	1년	5.7104913678618825	7.472029302387615	불리	N	주당순현금<=0	195214000.0	14.962316367162366	-7.701964433037745		-13.723813922823547	313.7092010498047	321.55270027160645	Y	Y	상승전환	단기위험부채 존재
AVGO	Broadcom Inc.	0001730168	S&P 500	제외	PEG=불리, PEGY=불리(<1)	364.3800048828125	4.77	2025	71.0	16178000000.0		16178000000.0	39440000000.0	3152000000.0	24941000000.0	89800000000.0	21.736781098299648	78.26321890170036	0.27773942093541204	-4.793323717288275	-5.442818874922728	77.39482779876327	77.53099030560489	287.8048780487805	-43.55912867705002	10.237702081843047	584.109756097561	-78.61825735410004	28.975404163686093	2786.203536585366	-375.00908757905717	138.21267786078266	664.6422688537564	-202.91703237109928	-62.06908282323753	5년	28.975404163686093	138.21267786078266	-62.06908282323753	4.6360317382153795	0.35455691424625757	1.0496528565587322	5.545847929116011	1.5219956789065854	3년	0.3545569142462575	불리(<1)	5년	10.237702081843047	7.559785113890542	불리	N	주당순현금<=0	4853000000.0	-2.0747113931934402	6.677986084692278		-24.334987781435412	383.57099975585936	370.0237503051758	N	N	판정불가	단기위험부채 존재
APH	AMPHENOL CORP /DE/	0000820313	S&P 500	보류	PEG=불리, PEGY=안심	81.33999633789062	3.34	2025	61.0	11130600000.0	303600000.0	11434200000.0	3541500000.0	1100000.0	13413100000.0	22727200000.0	37.11396972354961	62.88603027645039	0.5901782885705235	6.178238747553816	6.1773776908023486	22.503520236627786	22.503778038050385	73.95833333333334	2.961536144628707	23.76838535152701	156.41666666666669	14.423072289257414	56.03677070305402	522.4316666666667	48.17306144611976	187.1628141482004	542.2813992964274	-40.77567787683893	130.09936387348264	3년	14.423072289257414	48.17306144611976	-40.775677876838934	5.99720985491278	2.8422902493504956	3.766894444076976	3.4270841487279844	4.213282890365149	3년	2.842290249350496	안심	3년	2.961536144628707	7.598597193366044	불리	Y		1277500000.0	9.020232773735337	20.915713389253487		-7.735942650771399	80.47249969482422	73.00704990386963	Y	Y	강한 상승추세	단기위험부채 존재
ES	EVERSOURCE ENERGY	0000072741	S&P 500	제외	PEG=불리, PEGY=불리(<1)	70.44000244140625	4.56	2025	4.41	135400000.0	91975000.0	227375000.0	26872433000.0	1150000000.0	16197271000.0					-71.76940909951273	-74.86697490193806	31.186274460727848	31.865565206873757	100.88105726872246	4.032716713858986	5.134994887862021	210.26211453744492	16.56543342771797	18.769989775724042	958.7952422907488	75.53837643039394	85.59115337730162	1261.1516312599485	7.237895815277184	21.509299277066994	3년	16.56543342771797	75.53837643039394	7.237895815277184	3.376198635117928	0.27071898967895963	0.3060639673354319	-0.12147036955823949	-0.17244515239658256	3년	0.2707189896789596	불리(<1)	3년	4.032716713858986	7.733316439895697	불리	N	주당순현금<=0 | FCF<=0	371259264.0	1.821338726036692	-4.733567601344857		-7.57118056998115	72.66820022583008	70.18600019454956	N	Y	상승전환	단기위험부채 존재
CI	Cigna Group	0001739940	S&P 500	보류	PEG=불리, PEGY=불리(<1)	278.1700134277344	22.18	2025	2.26	7676000000.0	1056000000.0	8732000000.0		0.0	41713000000.0	116045000000.0	26.441131353085108	73.5588686469149	0.3594553836873627	32.513786336911636	32.513786336911636	11.075573809324741	11.075573809324741	83.00330033003301	1.3586099967532128	-0.6888681408957265	174.50660066006603	11.217219993506426	7.122263718208547	3870.5564026402644	248.7979394559725	157.97180926986556	1291.4355307193434	-10.559036759507656	-43.21033841021654	3년	11.217219993506426	248.7979394559725	-10.559036759507656	7.698319003413457	0.3267198665324802	0.14185557210421973	31.839829015910606	11.446175892061873	3년	0.3267198665324802	불리(<1)	3년	1.3586099967532128	8.152136253813083	불리	Y		268563000.0	-5.963281929768205	6.63166275706617		-10.55626577886355	283.30339965820315	279.62349975585937	N	N	판정불가	
PEP	PEPSICO INC	0000077476	S&P 500	제외	PEG=불리, PEGY=불리(<1)	136.69000244140625	6.0	2025	4.28	9159000000.0	371000000.0	9530000000.0	42321000000.0	4898000000.0	20406000000.0	86852000000.0	19.025154300844694	80.97484569915531	0.23495141159673927	-23.882738528769117	-27.450109249817917	26.76212349502923	27.356685281870696	-13.66906474820144	-2.230046768668525	3.222947933334197	-18.83812949640288	4.039906462662949	14.945895866668394	-113.02877697841727	24.239438775977696	89.67537520001036	-182.68986389613121	-82.26685321308102	-34.39507381788894	5년	14.945895866668394	89.67537520001036	-34.39507381788894	-0.3508340715169838	0.07659904983669294	0.28035697297069073			3년	0.0765990498366929	불리(<1)	5년	3.222947933334197	8.303616455678617	불리	N	주당순현금<=0 | FCF<=0	1373000000.0	-5.286865642732053	-14.648762003851147		-19.825210840944607	139.54779968261718	148.67879981994628	N	N	주의	단기위험부채 존재
KEYS	Keysight Technologies, Inc.	0001601046	S&P 500	제외	PEG=불리, PEGY=판정불가	331.010009765625	4.91	2025		1873000000.0		1873000000.0	2534000000.0	0.0	5881000000.0	5420000000.0	52.03964250951243	47.96035749048757	1.0850553505535054	-3.820809248554913	-3.820809248554913	68.19364949372299	68.19364949372299	39.886039886039896	-7.381515092017421	8.205839717989182	88.27207977207979	-6.263030184034843	24.911679435978364	433.4159116809118	-30.75147820361108	122.31634603065378	30.93740336970363	-109.29019585401208	-63.047538617559894	5년	24.911679435978364	122.31634603065378	-63.047538617559894				7.404624277456647	2.2369789610590827	판정불가		판정불가	5년	8.205839717989182	8.31038039217681	불리	N	주당순현금<=0	173000000.0	2.163583260995372	16.446210650082584		-11.338186904023795	326.0306005859375	290.08884925842284	Y	Y	강한 상승추세	
VST	Vistra Corp.	0001692819	S&P 500	제외	PEG=불리, PEGY=불리(<1)	151.10000610351562	2.18	2025	61.0	785000000.0		785000000.0	17043000000.0	1800000000.0	5097000000.0	36440000000.0	12.270987312516551	87.72901268748345	0.13987376509330407	-47.03519351216827	-52.24268202993816	90.88770624572655	93.27646244653842	-68.85714285714286		10.892615869362698	-129.21428571428572		30.285231738725397	-281.6871428571429		66.02180519042138	-286.4243093836572		-56.30588846886535	5년	30.285231738725397	66.02180519042138	-56.30588846886535	-0.0864489069170705		0.791004843658303	3.8130388146781753	2.5235199607245136	5년	0.791004843658303	불리(<1)	5년	10.892615869362698	8.343974242345533	불리	N	주당순현금<=0	345656067.0	9.065983417107626	-5.064084803431401		-30.662625104111196	149.18120025634767	157.5097497558594	Y	N	중립/개선	단기위험부채 존재
CIEN	CIENA CORP	0000936395	S&P 500	제외	PEG=불리, PEGY=판정불가	338.0	0.85	2025		1091952000.0	216148000.0	1308100000.0	1524158000.0	11580000.0	2729323000.0	3135344000.0	46.53841386049711	53.46158613950289	0.8705019289749386	-1.487511015642212	-1.5672367261511346	399.3970717831085	399.4908667366484	46.55172413793104	-5.273176281409042	-18.193805923142392	101.60344827586208	-2.0463525628180843	-27.887611846284784	86.36293103448277	-1.7393996783953716	-23.704470069342065	-74.44883697204652	-100.51461528946608	-107.01315682524913	1년	101.60344827586208	86.36293103448277	-74.44883697204652				4.580386649041639	1.3551439790064022	판정불가		판정불가	1년	46.55172413793104	8.579640801266775	불리	N	주당순현금<=0	145248000.0	-22.23628097404331	-0.5736173369641384		-46.09250398724083	399.1567999267578	378.6821997833252	N	N	주의	단기위험부채 존재
NTAP	NetApp, Inc.	0001002047	S&P 500	보류	PEG=불리, PEGY=불리(<1)	184.74000549316406	6.35	2026	1.1	2070000000.0	1514000000.0	3584000000.0	2487000000.0	0.0	1351000000.0	9393000000.0	12.57446016381236	87.42553983618764	0.14383051208346642	5.45771144278607	5.45771144278607	28.2334321339178	28.2334321339178	11.992945326278655	3.1252593706817544	14.4759458626317	32.48589065255731	14.750518741363509	37.4518917252634	206.2854056437389	93.66579400765828	237.8195124554226	11.662552511601	-49.29858654187157	28.73200464650989	3년	14.750518741363509	93.66579400765828	-49.29858654187157	0.4637390616973431	0.14965447171425555	0.5516844636086513	9.298507462686567	5.033293919129303	3년	0.1496544717142555	불리(<1)	3년	3.1252593706817544	9.033948477613512	불리	Y		201000000.0	14.988174581209602	89.32158436829505		-10.78809935307834	180.0258004760742	131.42404991149903	Y	Y	강한 상승추세	
ULTA	Ulta Beauty, Inc.	0001403568	S&P 500	보류	PEG=불리, PEGY=불리(<1)	541.8599853515625	25.64	2025	0.18454951962381816	424243000.0	70000000.0	494243000.0		62287000.0	2803451000.0	4195843000.0	40.053339665400536	59.946660334599464	0.6681496423960572	10.985374852748327	9.600942410704363	20.70493800697403	20.758933032014745	1.1838989739542254	2.213584866040041	53.28338358172324	10.86779794790845	12.927169732080083	115.06676716344649	278.65033938437267	331.45263193053336	2950.311910070768	-48.57521372360013	-38.83057599916986	444.47864574398966	3년	12.927169732080083	331.45263193053336	-38.83057599916986	0.06609285635712167	0.1158242726858732	2.5823759087487965	23.73699184281301	4.3806504419056305	3년	0.1158242726858732	불리(<1)	3년	2.2135848660400415	9.353577685057909	불리	Y		44991000.0	15.105679309944243	-16.975413302399755		-23.338335115489873	508.5401928710937	556.7281985473633	Y	N	중립/개선	단기위험부채 존재
SYK	STRYKER CORP	0000310764	S&P 500	제외	PEG=불리, PEGY=불리(<1)	275.3900146484375	2.2	2025	1.27	4011000000.0	89000000.0	4100000000.0	14859000000.0	0.0	11730000000.0	25424000000.0	31.571297841416808	68.42870215858319	0.46137507866582755	-27.83699870633894	-27.83699870633894	137.83046061580745	137.83046061580745	56.02836879432627	14.384834642672196	8.105373722329045	120.55673758865254	37.26966928534439	24.71074744465809	265.2248226950356	81.99327242775767	54.3636443782478	-3.691198450451727	-70.22649040763872	-80.25939885741742	3년	37.26966928534439	81.99327242775767	-70.22649040763872	0.4157162976770525	0.11358036948239568	0.06802105775777843	11.08150064683053	4.023929720537311	3년	0.1135803694823956	불리(<1)	3년	14.384834642672196	9.58165067862076	불리	N	주당순현금<=0	386500000.0	-10.830845125660705	-20.356869795637778		-29.16741464650623	326.6806005859375	337.5920002746582	N	N	주의	
HII	HUNTINGTON INGALLS INDUSTRIES, INC.	0001501585	S&P 500	제외	PEG=불리, PEGY=불리(<1)	280.8500061035156	15.39	2025	1.92	627000000.0		627000000.0	2214000000.0	231000000.0	5073000000.0	7676000000.0	39.79135618479881	60.20864381520119	0.6608910891089109	-40.38167938931298	-46.25954198473283	20.872754093101275	21.254681487215624	10.243553008595986	2.146574918873223	20.13587083183459	28.987106017191973	12.793149837746446	48.77174166366918	446.1115616045845	196.88657600291782	750.5971042038688	58.84335122291462	-29.896182401951087	167.25906636698232	3년	12.793149837746446	196.88657600291782	-29.896182401951087	0.5827478709489613	0.19482694524807728	1.056682349317973	20.203562340966922	7.193719744310882	3년	0.1948269452480772	불리(<1)	3년	2.146574918873223	9.723748241714189	불리	N	주당순현금<=0	39300000.0	-2.8637632343460284	-32.11264253892079		-38.10195506067633	297.4914013671875	347.67480209350583	N	N	주의	단기위험부채 존재
EVRG	Evergy, Inc.	0001711269	S&P 500	제외	PEG=불리, PEGY=불리(<1)	81.22000122070312	3.66	2025	3.38	19800000.0		19800000.0	13039200000.0	1394000000.0	10221300000.0					-55.73373287671233	-61.701198630136986	37.419053032080726	39.04950815596724	-3.43007915567282	3.827192527443257	6.116382445678448	1.6398416886543599	16.154385054886514	20.732764891356894	6.001820580474957	59.12504930088465	75.88191950236623	-92.61041555002454	-27.2038310609954	-6.572373353986372	3년	16.154385054886514	59.12504930088465	-27.203831060995398	-0.0013383330580248912	0.1926075606794289	0.25378468123009024	-3.2178938356164384	-3.9619475341699353	3년	0.1926075606794289	불리(<1)	3년	3.827192527443257	9.777154601908254	불리	N	주당순현금<=0 | FCF<=0	233600000.0	-1.9437408846560422	0.24685828921697794		-7.8406856326627805	83.95159942626952	80.69999992370606	N	Y	중립/개선	단기위험부채 존재
DGX	QUEST DIAGNOSTICS INC	0001022079	S&P 500	제외	PEG=불리, PEGY=불리(<1)	235.4600067138672	8.75	2025	1.46	420000000.0		420000000.0	5167000000.0	504000000.0	7170000000.0					-42.008849557522126	-46.469026548672566	31.71072643101592	32.22046094429026	13.784135240572166	3.161245578286187	15.756447866281853	36.06827048114433	14.822491156572374	40.012895732563706	315.5973667100129	129.69679762000828	350.11283765993244	34.03438278736197	-44.91769560780789	48.69312311087812	3년	14.822491156572374	129.69679762000828	-44.91769560780789	0.48072488259562673	0.1457313060405389	0.5429219006929665	12.026548672566372	5.107682124200874	3년	0.1457313060405389	불리(<1)	3년	3.161245578286187	10.031086053177598	불리	N	주당순현금<=0	113000000.0	15.546181236796075	17.40128120268718		-3.8938748106664534	228.50640014648437	201.5822504425049	Y	Y	강한 상승추세	단기위험부채 존재
MAS	MASCO CORP /DE/	0000062996	S&P 500	제외	PEG=불리, PEGY=불리(<1)	69.37999725341797	3.86	2025	1.8	647000000.0	0.0	647000000.0	2945000000.0	206000000.0	-185000000.0	5125000000.0	-3.7449392712550607	103.74493927125505	-0.03609756097560975	-10.942857142857143	-11.923809523809524	20.809029636340703	21.063162377520076	2.659574468085109	2.0689294926649726	39.146125181238034	13.819148936170219	12.637858985329945	86.79225036247607	53.341914893617044	48.78213568337359	335.0180863991576	-23.11629143082853	-29.688472737766848	382.8741707432874	3년	12.637858985329945	48.78213568337359	-29.688472737766848	0.21430958319637108	0.18592551215883266	1.9677094942346607	4.3	6.197751758758051	3년	0.1859255121588326	불리(<1)	3년	2.0689294926649726	10.057872784024529	불리	N	주당순현금<=0	210000000.0	-2.1024487588804597	11.025756744899184		-16.17735886518259	75.68699996948243	69.7058002090454	N	N	판정불가	단기위험부채 존재
AMAT	APPLIED MATERIALS INC /DE	0000006951	S&P 500	보류	PEG=불리, PEGY=불리(<1)	468.8500061035156	8.66	2025	45.0	7241000000.0	1332000000.0	8573000000.0	6455000000.0	100000000.0	20415000000.0	15884000000.0	56.24121876635721	43.7587812336428	1.2852556031226392	2.621287128712871	2.4975247524752477	53.83703452364928	53.851325791113204	0.5807200929152232	5.191743203490939	47.74832161975129	9.661440185830447	18.88348640698188	103.99664323950257	83.66807200929168	163.53099228446308	900.6109304540923	-82.15461855175515	-65.12082965647703	92.08935026765252	3년	18.88348640698188	163.53099228446308	-65.12082965647703	0.8466424738326317	0.9322902653830784	1.7227605948282543	7.051980198019802	1.5041015476627342	3년	0.9322902653830784	불리(<1)	3년	5.191743203490939	10.369741416996346	불리	Y		808000000.0	-5.665882599706351	33.548863851113644		-35.15214300089687	526.1215985107422	409.46989959716797	N	Y	중립/개선	단기위험부채 존재
XEL	XCEL ENERGY INC	0000072903	S&P 500	제외	PEG=불리, PEGY=불리(<1)	76.19000244140625	3.42	2025	3.08	129000000.0		129000000.0	9263144000.0	1550000000.0	23609000000.0					-15.50788455008489	-18.13946349745331	26.812247658330744	27.58171518680104	-0.5813953488372098	2.5625825491252474	44.65267498881473	7.33720930232558	13.625165098250495	97.80534997762946	25.093255813953483	46.598064636016694	334.49429692349275	-67.06489695514658	-38.83965987289103	339.0264945597486	3년	13.625165098250495	46.598064636016694	-38.83965987289103	0.09318892929091892	0.21044794979625886	1.7802563812282208	6.932088285229202	9.098422447958718	3년	0.2104479497962588	불리(<1)	3년	2.5625825491252474	10.46297910187645	불리	N	주당순현금<=0	589000000.0	-2.445577554457612	-5.938268590856477		-9.200334744102967	78.52760025024413	78.59090023040771	N	N	주의	단기위험부채 존재
A	AGILENT TECHNOLOGIES, INC.	0001090872	S&P 500	제외	PEG=불리, PEGY=안심	144.75	4.57	2025	69.0	1789000000.0	0.0	1789000000.0	2729000000.0	304000000.0	6741000000.0	5986000000.0	52.966134988606896	47.0338650113931	1.1261276311393251	-3.2982456140350878	-4.364912280701755	32.395677377250564	32.629083650044144	3.160270880361187	3.018045520401325	14.719612881567535	14.820541760722374	14.53609104080265	37.93922576313507	67.72987584650126	66.42993605646811	173.38226173752727	-53.2090667727107	-54.107125349590255	19.78049170122782	3년	14.53609104080265	66.42993605646811	-54.107125349590255	2.227466030114091	2.223075772787361	2.5842834495060916	4.042105263157895	2.7924734115080447	3년	2.223075772787361	안심	3년	3.0180455204013246	10.73399230007066	불리	N	주당순현금<=0	285000000.0	9.975691665329588	25.41154245048858		-8.9622641509434	142.78460052490234	131.6063000869751	Y	Y	강한 상승추세	단기위험부채 존재
MTD	METTLER TOLEDO INTERNATIONAL INC/	0001037646	S&P 500	제외	PEG=불리, PEGY=판정불가	1290.3599853515625	42.05	2025		69807000.0		69807000.0	2088241000.0		-23636000.0	3736282000.0	-0.6366348959744613	100.63663489597445	-0.006326074959010053	-97.64234285817118	-97.64234285817118	33.00837879214587	33.00837879214587	3.8784584980237167	3.064056292120587	36.02403387418598	16.256916996047433	14.628112584241174	80.54806774837196	683.6033596837946	615.1121341673413	3387.046248819041	-47.0222753770883	-52.33019148530461	162.4884750976085	3년	14.628112584241174	615.1121341673413	-52.33019148530461				41.05359847381745	3.1815616525517316	판정불가		판정불가	3년	3.064056292120587	10.772771661222082	불리	N	주당순현금<=0	20671708.0	13.885771072839237	4.9986515876252025		-14.319865033853397	1362.4636083984376	1318.5459497070312	N	N	중립/개선	
CTSH	COGNIZANT TECHNOLOGY SOLUTIONS CORP	0001058290	S&P 500	보류	PEG=불리, PEGY=불리(<1)	58.20000076293945	4.56	2025	2.2	1901000000.0	13000000.0	1914000000.0	543000000.0	33000000.0	15015000000.0	5677000000.0	72.56427604871448	27.435723951285524	2.6448828606658448	2.803680981595092	2.736196319018405	12.148315741522888	12.16311500963181	1.1086474501108607	1.1211696562825724	12.15182468925482	10.717294900221722	10.742339312565145	32.80364937850964	48.87086474501105	48.985067265297054	149.58464116600393	-16.029443119645116	-15.833218860557608	157.01828042115133	3년	10.742339312565145	48.985067265297054	-15.833218860557608	0.2723544169009305	0.273385194042235	1.1813839049474446	5.306748466257669	9.118124392941409	3년	0.273385194042235	불리(<1)	3년	1.1211696562825724	10.83539469111453	불리	Y		489000000.0	12.333524841291732	-6.775587892934287		-32.87196907551974	53.24440002441406	62.64825000762939	Y	N	중립/개선	단기위험부채 존재
FITB	FIFTH THIRD BANCORP	0000035527	S&P 500	제외	PEG=불리, PEGY=불리(<1)	54.189998626708984	3.53	2025	2.94	3499000000.0		3499000000.0	13589000000.0	926000000.0	21724000000.0	192652000000.0	10.133597044445274	89.86640295555472	0.11276290928721218	-15.003653753999819	-16.38059957919346	19.601601240993993	19.99167087985905	12.420382165605085	1.7598909234150195	14.04197322404901	33.34076433121017	12.019781846830039	36.58394644809802	117.69289808917188	42.42982991931004	129.141330961786	117.18564508537153	-21.701732802042617	138.31211336871166	3년	12.019781846830039	42.42982991931004	-21.701732802042617	0.7836289483065805	0.2397707649304618	0.8663564274807102	5.843841353143636	10.783985054879377	3년	0.2397707649304618	불리(<1)	3년	1.7598909234150195	11.137963711385948	불리	N	주당순현금<=0	672502856.0	2.9249706670438025	20.261866345236523		-8.724945929540606	56.51459968566895	51.02855003356934	N	Y	상승전환	단기위험부채 존재
ITW	ILLINOIS TOOL WORKS INC	0000049826	S&P 500	제외	PEG=불리, PEGY=불리(<1)	263.989990234375	10.49	2025	2.56	851000000.0		851000000.0	6683000000.0	1825000000.0	3226000000.0					-19.952104002736913	-26.195689360246323	27.06788314939103	27.66307717775227	-10.418445772843727	2.3985109954127504	39.022413479712895	-12.336891545687454	13.2970219908255	86.54482695942579	-129.4139923142614	139.4857606837595	907.8552348043766	-149.0223103532696	-47.16248121380603	243.89759778329721	3년	13.2970219908255	139.4857606837595	-47.16248121380603	-0.29032361819622104	0.1831879858519452	1.5362270204217434	9.261033185083818	3.5081001279108	3년	0.1831879858519452	불리(<1)	3년	2.3985109954127504	11.285286246825407	불리	N	주당순현금<=0	292300000.0	5.524240383172052	-2.773276032696703		-11.885852851697509	280.1774011230469	267.14510078430175	N	N	중립/개선	단기위험부채 존재
DOV	DOVER Corp	0000029905	S&P 500	제외	PEG=불리, PEGY=불리(<1)	191.4199981689453	7.94	2025	1.08	513075000.0	0.0	513075000.0	2621295000.0	706677000.0	7405206000.0					-15.30168315466297	-20.430819367528688	26.035476237230263	26.68146316580277	-59.17737789203083	2.2834886521603703	44.73784358388186	-109.85475578406167	13.06697730432074	97.97568716776372	-872.2467609254496	103.75179979630668	777.926956112044	-555.6717005898274	-45.79887117920855	306.3979540034546	3년	13.06697730432074	103.75179979630668	-45.79887117920855	-2.2314697592876227	0.12918867400438183	1.759823525653937	8.100640890714706	4.231867604326881	3년	0.1291886740043818	불리(<1)	3년	2.2834886521603703	11.401622781264331	불리	N	주당순현금<=0	137777000.0	-10.450971609271908	-8.994959826162674		-17.95465253439391	206.0392004394531	210.13734985351562	N	N	주의	단기위험부채 존재
CMG	CHIPOTLE MEXICAN GRILL INC	0001058090	S&P 500	보류	PEG=불리, PEGY=판정불가	36.029998779296875	1.14	2025		350545000.0	698591000.0	1049136000.0	0.0		2830607000.0	6163924000.0	31.47031234869278	68.52968765130723	0.4592215932578014	0.7814118109720128	0.7814118109720128	30.919813130109535	30.919813130109535	2.702702702702685	-67.10947685223975	-29.806686048388155	13.90540540540537	-125.7189537044795	-51.11337209677631	15.85216216216212	-143.31960722310663	-58.26924419032499	-56.00287899185026	-497.778551426039	-261.72424691784045	1년	13.90540540540537	15.85216216216212	-56.00287899185026				1.0781861678990865	2.992467955670931	판정불가		판정불가	1년	2.702702702702685	11.440330858140603	불리	Y		1342616000.0	18.441810285775627	6.440178444446398		-14.943346883493236	35.00459991455078	34.90670006752014	Y	Y	강한 상승추세	
VRSK	Verisk Analytics, Inc.	0001442145	S&P 500	제외	PEG=불리, PEGY=불리(<1)	177.99000549316406	6.48	2025	1.14	2178200000.0		2178200000.0	4773500000.0	195263000.0	309000000.0	5885700000.0	4.988135018644971	95.01186498135503	0.052500127427493756	-18.526903375906187	-19.9208149598809	30.32668346744911	30.541793279790884	-3.4277198211624373	2.5985568006018145	8.497453996787208	1.6445603576751253	13.697113601203629	25.494907993574415	10.656751117734812	88.75729613579952	165.20700379836222	-94.01272499081747	-50.13355053848326	-7.181864880212496	3년	13.697113601203629	88.75729613579952	-50.13355053848326	-0.07543587229437543	0.12327615067485248	0.3177879311178714	8.508540875329475	4.780347554771134	3년	0.1232761506748524	불리(<1)	3년	2.5985568006018145	11.670587096816812	불리	N	주당순현금<=0	140082773.0	-2.8067488956479814	-12.376310138992974		-33.14678034037004	190.41059997558594	194.10060066223144	N	N	주의	단기위험부채 존재
CSCO	CISCO SYSTEMS, INC.	0000858877	S&P 500	제외	PEG=불리, PEGY=불리(<1)	109.43000030517578	3.33	2026	1.54	7218000000.0	8700000000.0	15918000000.0	19372000000.0	31000000.0	50285000000.0	79352000000.0	38.78908027800705	61.21091972199295	0.6336954330073596	-0.8663155254577376	-0.8740907950840231	33.12201676595601	33.124351681759705	30.58823529411766	2.746874400366228	5.901191149181684	69.67647058823532	13.993748800732456	20.30238229836337	232.02264705882362	46.59918350643908	67.60693305355002	112.02837102418384	-57.41644578590479	-38.21901410489864	3년	13.993748800732456	46.59918350643908	-57.41644578590479	0.9699963477809782	0.12942673239548716	0.22465996565855267	3.202157010283421	2.9262149331566496	3년	0.1294267323954871	불리(<1)	3년	2.746874400366228	12.058074719958077	불리	N	주당순현금<=0	3987000000.0	-7.887207496534987	40.11524000405209		-15.82307668832632	114.02579986572266	95.06885002136231	N	Y	중립/개선	단기위험부채 존재
LUV	SOUTHWEST AIRLINES CO	0000092380	S&P 500	보류	PEG=불리, PEGY=불리(<1)	38.68000030517578	0.79	2025	1.86	3231000000.0	0.0	3231000000.0	2883000000.0	271000000.0	7981000000.0					0.6236559139784946	0.13799283154121864	48.172587836958584	48.78735123244881	3.947368421052635	-3.1641996800259364		16.39473684210527	2.171600639948127		12.951842105263164	1.7155645055590205		-66.51540330125056	-95.56472468453042		1년	16.39473684210527	12.951842105263164	-66.51540330125056	0.12055338278084268	-0.027073481799234765		0.7078853046594982	1.830106771133546	1년	0.1205533827808426	불리(<1)	1년	3.947368421052635	12.203722252029497	불리	Y		558000000.0	-6.570051015584788	-7.5746673465365895		-29.416056854582973	44.895599899291994	43.1374499130249	N	N	주의	단기위험부채 존재
UNP	UNION PACIFIC CORP	0000100885	S&P 500	제외	PEG=불리, PEGY=불리(<1)	284.739990234375	11.98	2025	1.97	1266000000.0		1266000000.0	31814000000.0	0.0	18467000000.0	51231000000.0	26.49573875864444	73.50426124135556	0.3604653432492046	-51.26363483806008	-51.26363483806008	28.047047167982893	28.047047167982893	8.025247971145182	2.239111936305682	42.34446727212804	24.550495942290365	12.978223872611364	93.18893454425609	294.11494138863856	155.47912199388415	1116.403435840188	3.292460306171563	-45.396106157794605	292.0782026160971	3년	12.978223872611364	155.47912199388415	-45.396106157794605	0.35637434170094234	0.15007326479311497	1.5800047330014555	9.228058399060245	3.2408719237029024	3년	0.1500732647931149	불리(<1)	3년	2.239111936305682	12.52596920824682	불리	N	주당순현금<=0	595900000.0	6.632210439290609	13.392532970523629		-8.331725352403263	294.2247998046875	260.9344007873535	N	Y	상승전환	
WEC	WEC ENERGY GROUP, INC.	0000783325	S&P 500	제외	PEG=불리, PEGY=불리(<1)	106.1500015258789	4.81	2025	3.56	27600000.0		27600000.0	18498100000.0	1924700000.0	9491800000.0					-57.042927733168625	-62.987029030265596	33.92784392079991	35.163623816246265	-0.41407867494824974	2.627012926537597	44.632634440111204	7.671842650103501	13.754025853075195	97.76526888022241	36.90156314699784	66.15686435329168	470.25094331386975	-65.23639885393557	-37.67605897098086	343.00606364025776	3년	13.754025853075195	66.15686435329168	-37.67605897098086	0.09272387990216797	0.18235797538388723	1.4204449464165945	2.107782581840642	1.9856642030539904	3년	0.1823579753838872	불리(<1)	3년	2.6270129265375974	12.914989331825176	불리	N	주당순현금<=0	323800000.0	-6.89413249984826	-6.310680788430901		-10.685735895072423	110.78359985351562	111.68490009307861	N	N	주의	단기위험부채 존재
LII	LENNOX INTERNATIONAL INC	0001069202	S&P 500	보류	PEG=불리, PEGY=불리(<1)	375.7799987792969	4.07	2025	1.41	34200000.0	500000.0	34700000.0		0.0	1163100000.0	2918700000.0	28.49478171394973	71.50521828605028	0.3984993318943365	0.980225988700565	0.980225988700565	92.08839626304577	92.08839626304577	-81.94321206743567	-33.564279747458514	7.0876315210889995	-155.38642413487133	-58.62855949491703	22.675263042178	-632.4227462289264	-238.61823714431233	92.28832058166446	-268.296010507031	-163.49945125324714	-75.44086410094773	5년	22.675263042178	92.28832058166446	-75.44086410094773	-0.8745207358959395	-0.3491675504437223	0.09227689769746834	18.045197740112993	4.8020644522678015	5년	0.0922768976974683	불리(<1)	5년	7.0876315210889995	12.992830678208929	불리	Y		35400000.0	-25.558635525677985	-26.123541054169753		-34.41312666496435	465.4848016357422	497.4083493041992	N	N	주의	
AFL	AFLAC INC	0000004977	S&P 500	제외	PEG=불리, PEGY=불리(<1)	114.73999786376953	6.82	2025	2.12	6245000000.0		6245000000.0			29490000000.0	86980000000.0	25.31982484760024	74.68017515239977	0.3390434582662681	11.675559660333759	11.675559660333759	15.112087713113748	15.112087713113748	-29.179646936656283	1.1501008285269565	38.25795257148448	-49.859293873312566	10.800201657053913	85.01590514296896	-340.0403842159917	73.65737530110769	579.8084730750484	-396.35732137603895	-35.80497065324955	405.32376143448533	3년	10.800201657053913	73.65737530110769	-35.80497065324955	-1.7905962068480357	0.21638974644709585	2.671897711157796			3년	0.2163897464470958	불리(<1)	3년	1.1501008285269565	13.139793780054257	불리	N	FCF<=0	534878000.0	-2.023740700392873	4.9483178835712405		-11.43188331849856	121.29559997558594	114.61475006103515	N	Y	중립/개선	
TRMB	TRIMBLE INC.	0000864749	S&P 500	제외	PEG=불리, PEGY=판정불가	57.400001525878906	1.76	2025		253400000.0	0.0	253400000.0	1392200000.0	0.0	5836200000.0	3475800000.0	62.67396907216495	37.32603092783505	1.6790954600379768	-4.715527950310559	-4.715527950310559	35.29291447510765	35.29291447510765	-71.10016420361248	-0.7462964697448338	2.573740723547502	-133.70032840722496	7.0074070605103325	13.647481447095004	-235.31257799671593	12.333036426498186	24.019567346887207	-509.9522155772501	-78.51387439260292	-58.15406496799842	5년	13.647481447095004	24.019567346887207	-58.15406496799842				1.4944099378881988	2.6035015647420168	판정불가		판정불가	5년	2.573740723547502	13.712692250702649	불리	N	주당순현금<=0	241500000.0	13.438741614262328	-15.088753222601026		-31.273941770872792	56.35440002441406	64.63419986724854	Y	N	중립/개선	
AJG	Arthur J. Gallagher & Co.	0000354190	S&P 500	제외	PEG=불리, PEGY=불리(<1)	244.27999877929688	5.74	2025	1.11	738400000.0		738400000.0	12104000000.0	640000000.0	23321000000.0	47318000000.0	33.014340520109286	66.98565947989071	0.49285684094847626	-44.3795392424834	-46.87856306130418	50.28911812226137	50.724488125540255	-11.69230769230769	3.4145178584730878	51.46625205903632	-14.88461538461538	15.329035716946175	111.43250411807264	-85.43769230769229	87.98866501527104	639.622573637737	-134.97531223785697	-63.98040549575759	161.83992829295283	3년	15.329035716946175	87.98866501527104	-63.98040549575759	-0.21042937493117908	0.0899701173417521	1.0454796986340968	6.68566966028895	2.7368878719904313	3년	0.0899701173417521	불리(<1)	3년	3.4145178584730873	14.72802902391314	불리	N	주당순현금<=0	256100000.0	10.96574882192154	16.412506215426113		-21.32182744928669	254.54059936523439	233.87515007019044	N	Y	상승전환	단기위험부채 존재
COO	COOPER COMPANIES, INC.	0000711404	S&P 500	제외	PEG=불리, PEGY=불리(<1)	63.47999954223633	1.87	2025	0.04725897954684064	110600000.0		110600000.0	2455700000.0	47100000.0	8238900000.0	4155700000.0	66.47168928404305	33.52831071595695	1.9825540823447314	-11.7255	-11.961	40.216844674992686	40.34278050386969	-4.59183673469387	-37.77093222139564	2.6595962043162835	-0.68367346938774	-67.04186444279128	13.819192408632567	-1.278469387755074	-125.3682865080197	25.8418898041429	-102.01397195490595	-297.4925762634987	-59.29128860981003	5년	13.819192408632567	25.8418898041429	-59.29128860981003	-0.11300184765546518	-0.9380067866265458	0.06730650317642346	2.1685	3.4160365715774645	5년	0.0673065031764234	불리(<1)	5년	2.6595962043162835	15.121410013190872	불리	N	주당순현금<=0	200000000.0	-6.219534269945082	-13.925424349510063		-24.715370289389483	72.42039985656739	73.31709999084472	N	N	주의	단기위험부채 존재
GLW	CORNING INC /NY	0000024741	S&P 500	제외	PEG=불리, PEGY=불리(<1)	168.4600067138672	1.83	2025	67.0	1526000000.0		1526000000.0	3458000000.0	75000000.0	11807000000.0	18669000000.0	38.741960887255544	61.258039112744456	0.6324388022925705	-2.2181400688863375	-2.304247990815155	93.2667468758216	93.31380038507231	215.51724137931038	5.9197116093949065	27.64725090252995	439.53448275862075	20.33942321878981	63.7945018050599	804.348103448276	37.221144490385356	116.74393830325963	377.47125216163494	-77.90505579546472	-30.699315178378438	3년	20.33942321878981	37.221144490385356	-77.90505579546472	3.02913150552429	0.7818404099210472	1.0148016744761816			3년	0.7818404099210472	불리(<1)	3년	5.9197116093949065	15.755285566243153	불리	N	주당순현금<=0 | FCF<=0	871000000.0	0.17244963315663497	27.85368377131132		-34.11552852854645	162.398800201416	144.6416502380371	Y	Y	강한 상승추세	단기위험부채 존재
VTR	Ventas, Inc.	0000740260	S&P 500	제외	PEG=불리, PEGY=불리(<1)	89.37999725341797	0.54	2025	2.31	741067000.0		741067000.0	13011016000.0	0.0	12527253000.0	14630983000.0	46.12690235109526	53.87309764890473	0.8562140356529702	-26.52302454524821	-26.52302454524821	214.6352255530855	214.6352255530855	184.21052631578948		13.239815312499648	376.92105263157896		34.979630624999295	203.53736842105266		18.88900053749962	127.72138585321922		-78.86663558072856	5년	34.979630624999295	18.88900053749962	-78.86663558072856	0.8690117189997667		0.07244763888327235	3.220825092139252	3.603518898090014	5년	0.0724476388832723	불리(<1)	5년	13.239815312499648	16.211345890183935	불리	N	주당순현금<=0	462615000.0	5.96324703057356	4.160354033790181		-11.091218204784392	92.8563996887207	85.26705013275146	N	Y	상승전환	
TSCO	TRACTOR SUPPLY CO /DE/	0000916365	S&P 500	제외	PEG=불리, PEGY=불리(<1)	34.0	2.06	2025	2.72	194109000.0	15900000.0	210009000.0	1764974000.0		2581293000.0	8352386000.0	23.608640787789728	76.39135921221028	0.30904857605958347	-2.9218889168661613	-2.9218889168661613	17.923247047022407	17.923247047022407	0.980392156862746	-40.358393897568654	-20.235562235652548	10.460784313725492	-72.21678779513731	-31.971124471305096	21.549215686274515	-148.76658285798285	-65.8605164108885	-36.61995386389849	-537.5487731117142	-293.7074012084956	1년	10.460784313725492	21.549215686274515	-36.61995386389849	0.20645768856249141	-2.099976293292321	-0.9772538530378854	1.3914310625392257	4.0924443015859575	1년	0.2064576885624914	불리(<1)	1년	0.980392156862746	18.28171198796284	불리	N	주당순현금<=0	532178000.0	10.497235925199199	-31.271479359149378		-43.903646827891386	32.886999969482424	41.694699916839596	Y	N	중립/개선	
ANET	Arista Networks, Inc.	0001596532	S&P 500	보류	PEG=불리, PEGY=판정불가	192.92999267578125	2.75	2025		1963900000.0	8779100000.0	10743000000.0	0.0	98793000.0	12370500000.0	7078100000.0	63.60612074905134	36.39387925094865	1.7477147822155663	8.4212589166732	8.343816728070863	67.09408500331202	67.12224579916742	23.318385650224215	-13.642192783183182	3.548578845590522	55.13677130044843	-18.784385566366364	15.597157691181044	151.62612107623318	-51.6570603075075	42.892183650747874	-21.408735379448864	-126.77502838779309	-77.76800638621899	5년	15.597157691181044	42.892183650747874	-77.76800638621899				3.4147127067492358	1.7699232034324794	판정불가		판정불가	5년	3.548578845590522	18.9073113273736	불리	Y		1275700000.0	27.128360344722367	39.57172729431293		-8.346796828607484	184.25520080566406	152.63869987487794	Y	Y	강한 상승추세	단기위험부채 존재
HSY	HERSHEY CO	0000047111	S&P 500	제외	PEG=불리, PEGY=불리(<1)	172.19000244140625	0.9006880540124623	2014	3.35	587998000.0	0.0	587998000.0	4089755000.0	218546000.0	4636750000.0	9104547000.0	33.743175771544706	66.25682422845529	0.5092784956791371	-15.574647411235695	-16.54666714108443	208.46801399904427	209.547210870279	9.97663734289587			28.45327468579174			25.62752460702782			-85.11671743790788			1년	28.45327468579174	25.62752460702782	-85.11671743790788	0.06392653283950298			8.106961932422156	4.7081490315797145	1년	0.0639265328395029	불리(<1)	1년	9.97663734289587	20.895619118348478	불리	N	주당순현금<=0	224837000.0	-2.5026884965008267	-20.959376811039952		-27.124596524886336	178.5720001220703	192.34515014648437	N	N	주의	단기위험부채 존재
ELV	Elevance Health, Inc.	0001156039	S&P 500	보류	PEG=불리, PEGY=불리(<1)	396.8999938964844	25.21	2025	1.71	9491000000.0	25884000000.0	35375000000.0	30797000000.0	150000000.0	43882000000.0	77468000000.0	36.16151627523691	63.83848372476309	0.5664532452109258	20.382902938557436	19.715048975957256	14.93522772542352	14.961719354245423	-1.8302180685358211	0.5345551244794411	63.01431604750667	4.839563862928358	9.569110248958882	134.52863209501334	122.00540498442392	241.23726937625344	3391.4668151152864	-69.26041651281956	-39.21963389115833	754.4890066185831	3년	9.569110248958882	241.23726937625344	-39.21963389115833	-0.008049295983025404	0.15028596588846402	4.333667838042373	14.131789848619768	3.5605417147739953	3년	0.150285965888464	불리(<1)	3년	0.5345551244794411	27.93954644054287	불리	Y		224600000.0	-1.8934159848564724	36.961241655424026		-7.00344760889392	396.60200134277346	360.0584001159668	Y	Y	강한 상승추세	단기위험부채 존재
ACN	Accenture plc	0001467373	S&P 500	보류	PEG=불리, PEGY=불리(<1)	175.8000030517578	2.25	2025	3.64	11478729000.0	5945000.0	11484674000.0		99963000.0	31195446000.0					18.246493818420028	18.087675704682475	70.02378188148346	70.09436770981125	-15.41353383458647	-4.705085797437691	2.4863174611353456	-22.32706766917294	-0.9101715948753828	13.472634922270691	-50.23590225563912	-2.0478860884696113	30.313428575109054	-128.57559805664454	-101.16489536571092	-82.75686686638772	5년	13.472634922270691	30.313428575109054	-82.75686686638772	-0.16813621769977224	-0.01521034381205472	0.087489097225629	17.276845866001423	9.827557204828317	5년	0.087489097225629	불리(<1)	5년	2.4863174611353456	28.16365286253831	불리	Y		629418129.0	3.108506188714255	-12.745678588611964		-39.07257300701574	163.72739990234376	202.26929962158204	Y	N	중립/개선	단기위험부채 존재
PHM	PULTEGROUP INC/MI/	0000822416	S&P 500	보류	PEG=불리, PEGY=안심	118.93000030517578	11.12	2025	87.0	1980869000.0		1980869000.0	43900000.0		12985442000.0	5062981000.0	71.9477928902708	28.0522071097292	2.564781894302981	9.707317439873307	9.707317439873307	9.822183710908497	9.822183710908497	-24.302246426140233	0.3319275999318138	47.00020978752231	-40.104492852280465	9.163855199863628	102.50041957504462	-445.96196051735876	101.90206982248354	1139.8046656744962	-474.9785246556925	-14.317607364835094	858.382798915113	3년	9.163855199863628	101.90206982248354	-14.317607364835094	6.383280482142456	8.891294458577592	13.642608785529223	8.762951232102317	7.368158756929691	3년	8.891294458577592	안심	3년	0.33192759993181387	29.59134375365657	불리	Y		199537000.0	0.37134142065908815	-3.606741001219227		-16.5754753493916	128.05679962158203	125.27604991912841	N	N	중립/개선	
TSLA	Tesla, Inc.	0001318605	S&P 500	보류	PEG=불리, PEGY=판정불가	367.80999755859375	1.08	2025		16513000000.0	27546000000.0	44059000000.0	0.0	50841000.0	82137000000.0	54941000000.0	59.919899619194915	40.08010038080509	1.4950037312753681	12.488378684807257	12.473967970521542	329.0014989572097	329.01484221117795	-47.05882352941176	-33.18021688674605	11.032151746146003	-85.61764705882352	-57.860433773492105	30.564303492292005	-92.46705882352941	-62.489268475371475	33.00944777167537	-125.13989816407832	-116.98955136895556	-91.02540768582104	5년	30.564303492292005	33.00944777167537	-91.02540768582104				1.7630385487528344	0.479334047593955	판정불가		판정불가	5년	11.032151746146003	29.822060693839155	불리	Y		3528000000.0	-3.611205459142841	-9.810703017769518		-24.918348597105922	356.83619873046877	399.2120997619629	Y	N	주의	단기위험부채 존재
URI	UNITED RENTALS, INC.	0001067701	S&P 500	제외	PEG=불리, PEGY=불리(<1)	1028.77001953125	10.27	2025	78.0	459000000.0		459000000.0	14302000000.0		8968000000.0	20898000000.0	30.027455969999327	69.97254403000068	0.4291319743516126	-214.2746579159185	-214.2746579159185	121.03648271150618	121.03648271150618	-1.9102196752626655	3.924142525332664	20.2179802192882	4.679560649474669	16.348285050665325	48.9359604385764	48.05908787010485	167.89688747033287	502.57231370417963	-95.32849062883825	-83.67984250291104	-51.148234866605826	3년	16.348285050665325	167.89688747033287	-83.67984250291104	0.6286516149523234	0.6768549505904029	0.8114741771982377	77.28623614636865	7.51248915492147	3년	0.6768549505904029	불리(<1)	3년	3.9241425253326634	30.84405877975737	불리	N	주당순현금<=0	64604000.0	-2.610872976959122	31.79727761483648		-11.679910460946918	1083.6618041992188	929.6252517700195	N	Y	중립/개선	
ON	ON SEMICONDUCTOR CORP	0001097864	S&P 500	제외	PEG=불리, PEGY=판정불가	70.9800033569336	0.29	2025		2147600000.0	400000000.0	2547600000.0	2980500000.0	0.0	7673300000.0	4832200000.0	61.359401863180196	38.6405981368198	1.587951657630065	-1.0512384652744051	-1.0512384652744051	248.38359249037245	248.38359249037245	-92.01101928374655	-59.13642526295217	6.668390127527379	-175.5220385674931	-109.77285052590435	21.83678025505476	-50.901391184572994	-31.834126652512257	6.33266627396588	-171.71229751653817	-144.8494296237626	-91.07823897651693	5년	21.83678025505476	6.33266627396588	-91.07823897651693				3.4448761534725594	4.853305143068933	판정불가		판정불가	5년	6.668390127527379	37.24790957641112	불리	N	주당순현금<=0	411800000.0	-35.57229324077322	19.817693021325788		-47.002159905464545	82.78320022583007	78.60114999771118	N	N	판정불가	
RF	REGIONS FINANCIAL CORP	0001281761	S&P 500	제외	PEG=불리, PEGY=불리(<1)	29.889999389648438	2.3	2025	3.64	3538000000.0		3538000000.0	4134000000.0	750000000.0	19043000000.0	139711000000.0	11.995288307696184	88.00471169230381	0.13630279648703394	-0.6651785714285714	-1.5022321428571428	13.284859983076963	13.648796318480688	19.170984455958546	0.2915468391792686	17.429746204664866	46.84196891191709	9.083093678358537	43.35949240932973	107.73652849740931	20.891115460224633	99.72683254145838	260.4433947721017	-30.106671506123604	233.6461511471157	3년	9.083093678358537	20.891115460224633	-30.106671506123604	1.7170662306577955	0.29594191012833443	1.5859968589435456			3년	0.2959419101283344	불리(<1)	3년	0.2915468391792686	45.56681190739394	불리	N	주당순현금<=0 | FCF<=0	896000000.0	4.5836230561211	14.040444233956073		-7.746919808709429	30.87860004425049	28.515599994659425	N	Y	상승전환	단기위험부채 존재
WSM	WILLIAMS SONOMA INC	0000719955	S&P 500	보류	PEG=불리, PEGY=불리(<1)	227.52000427246094	8.84	2025	1.33	1019801000.0		1019801000.0	299620000.0	0.0	2082559000.0	3329353000.0	38.48102112525111	61.51897887474889	0.6255146270161199	5.847855919060031	5.847855919060031	25.076034881606436	25.076034881606436	0.5688282138794165	-18.483779224854192	0.5286435792482447	9.637656427758833	-28.467558449708385	9.55728715849649	85.19688282138807	-251.65321669542212	84.48641848110897	-62.5541133871628	-210.60707277152693	-62.866377947174115	5년	9.55728715849649	84.48641848110897	-62.866377947174115	0.07572282551226746	-0.6840706397898931	0.07412031399795115	8.57024189422913	3.766808075463136	5년	0.0741203139979511	불리(<1)	5년	0.5286435792482447	47.43467217981859	불리	Y		123153000.0	9.944912336067935	22.474026505789958		-9.635393845601515	232.29660064697265	204.87134979248046	N	Y	상승전환	
NOW	ServiceNow, Inc.	0001373715	S&P 500	보류	PEG=불리, PEGY=판정불가	131.11000061035156	1.67	2025		3726000000.0	2558000000.0	6284000000.0		0.0	12964000000.0	13074000000.0	49.788770258852445	50.211229741147555	0.9915863545969099	6.003682080002599	6.003682080002599	74.91396319182573	74.91396319182573	-75.58479532163743	1.437568278374224	23.132555206176452	-142.66959064327486	11.375136556748448	54.765110412352904	-238.258216374269	18.996478049769905	91.45773438862935	-281.72390760820247	-85.51103808913409	-30.243510058066114	3년	11.375136556748448	18.996478049769905	-85.51103808913409				4.37187288321004	3.3345075607183445	판정불가		판정불가	3년	1.4375682783742239	52.11158615474425	불리	Y		1046691000.0	23.618709813677597	13.387532409092074		-31.79524344567802	118.36	118.27535003662109	Y	Y	강한 상승추세	
DHR	DANAHER CORP /DE/	0000313616	S&P 500	보류	PEG=불리, PEGY=보통	204.85000610351562	5.05	2025	78.0	19912300000.0		19912300000.0	18416000000.0	764600000.0	52534000000.0	8444400000.0	86.15181769282238	13.848182307177623	6.221164321917484	2.089512637899735	1.0217846669459574	40.150592765468495	40.36202404684548	-4.536862003780722	-19.44272804312125	0.6459964100776094	-0.5737240075614434	-30.3854560862425	9.791992820155219	-2.8973062381852888	-153.44655323552462	49.449563741783855	-101.41435496795701	-174.90678480037946	-75.86059933198352	5년	9.791992820155219	49.449563741783855	-75.86059933198352	1.8296899979868098	1.4584410322141226	1.9587754748596657	7.345342829213797	3.5857176521156746	3년	1.4584410322141226	보통	5년	0.6459964100776094	62.152965773671774	불리	Y		716100000.0	11.555846352149878	5.018972965987589		-15.368724015379442	202.049599609375	202.63769989013673	Y	Y	상승전환	단기위험부채 존재
LEN	LENNAR CORP /NEW/	0000920760	S&P 500	제외	PEG=불리, PEGY=불리(<1)	80.76000213623047	14.31	2024	2.49	3756305000.0		3756305000.0	5874995000.0		21959417000.0	12289828000.0	64.1164995023978	35.88350049760221	1.7867961211499461	-7.788757402975527	-7.788757402975527	6.187893748372187	6.187893748372187	4.224326292789512	0.0933489456862446	46.369977497318125	16.948652585579026	8.68669789137249	101.23995499463625	242.53521849963587	124.30664682554033	1448.7437559732448	200.31601298191393	53.92105440494288	1693.8877137836414	3년	8.68669789137249	124.30664682554033	53.92105440494288	1.0850745933631796	0.4174843736393876	7.896059545329368	0.10360673335318489	0.1282896614817014	3년	0.4174843736393876	불리(<1)	3년	0.09334894568624463	66.28777328852038	불리	N	주당순현금<=0	272019000.0	-10.116857531732471	-16.371541481366602		-42.35134253166725	85.25139968872071	98.01225002288818	N	N	주의	
WAT	WATERS CORP /DE/	0001000697	S&P 500	제외	PEG=불리, PEGY=판정불가	404.80999755859375	3.77	2025		587831000.0	934000.0	588765000.0	947445000.0		2561242000.0	2515308000.0	50.45241354857137	49.54758645142863	1.0182617794719375	-6.0017067416294365	-6.0017067416294365	108.96862183029793	108.96862183029793	-2.8350515463917496	-0.3511881428137187	1.5554382507588116	2.829896907216501	7.797623714372563	11.610876501517623	10.668711340206208	29.397041403184563	43.77300441072144	-97.364513869581	-92.73806438070258	-89.18677782793999	5년	11.610876501517623	43.77300441072144	-89.18677782793999						판정불가		판정불가	5년	1.5554382507588116	70.05653987044373	불리	N	주당순현금<=0 | FCF<=0	59763000.0	11.462637183314373	36.05229076192504		-3.9049546184513173	392.99400207519534	361.0486506652832	Y	Y	강한 상승추세	
CTVA	Corteva, Inc.	0001755672	S&P 500	보류	PEG=불리, PEGY=양호	84.75	1.6	2025	84.0	4521000000.0	9000000.0	4530000000.0		782000000.0	24144000000.0					6.648077487525683	5.5004402700322865	48.813701570296445	49.53097483122982	23.076923076923077	0.4201730021000882	11.94783991051851	54.65384615384615	9.340346004200176	32.39567982103702	87.44615384615385	14.944553606720284	51.83308771365924	3.181302473337877	-82.36630842864862	-38.84001449715724	3년	9.340346004200176	14.944553606720284	-82.36630842864862	2.1935833512384217	1.7294360043670707	1.965592381318273	3.2917522747285	3.884073480505605	3년	1.729436004367071	양호	3년	0.42017300210008823	116.17524525925792	불리	Y		681400000.0	13.819501802375322	7.783292585980606		-6.363939896455695	83.44560043334961	77.58260009765625	Y	Y	강한 상승추세	단기위험부채 존재
TMO	THERMO FISHER SCIENTIFIC INC.	0000097745	S&P 500	제외	PEG=불리, PEGY=불리(<1)	605.6900024414062	17.74	2025	31.0	9852000000.0	253000000.0	10105000000.0	19107000000.0	693000000.0	53407000000.0					-23.814814814814813	-25.64814814814815	35.485051705536705	35.58839631282719	7.3200241984270855	0.2075477652143886	2.137246520494207	23.14004839685417	8.915095530428777	12.774493040988414	410.5044585601929	158.1537947098065	226.61950654713445	-32.22532039400722	-73.88865689175609	-62.58490223816145	3년	8.915095530428777	158.1537947098065	-73.88865689175609	1.079892020911105	0.8794561728184012	0.9338367827522097	16.64814814814815	2.748625217692721	3년	0.8794561728184012	불리(<1)	3년	0.20754776521438867	170.9729404644856	불리	N	주당순현금<=0	378000000.0	25.65139650331769	22.183894325406193		-5.279538528602723	574.5188024902344	536.3657008361816	Y	Y	강한 상승추세	단기위험부채 존재
CNP	CENTERPOINT ENERGY INC	0001130310	S&P 500	제외	PEG=불리, PEGY=불리(<1)	39.77000045776367	1.6	2025	2.39	38000000.0	510000000.0	548000000.0	20566000000.0	500000000.0	11153000000.0					-30.53153359261801	-31.294135590635246	43.938458781488556	44.41508503024932	1.2658227848101276	0.2092056307007928		11.031645569620256	8.918411261401586		17.65063291139241	14.269458018242538		-55.61822301174564	-64.12004562736449		3년	8.918411261401586	14.269458018242538	-64.12004562736449	0.08320325487498301	0.0591555940463676		-3.6360863265461756	-9.142786735463464	3년	0.0591555940463676	불리(<1)	3년	0.2092056307007928	210.0252208045472	불리	N	주당순현금<=0 | FCF<=0	655650000.0	-6.9489964999216784	-7.403958669820865		-11.70071125808273	41.69240013122558	41.46250011444092	N	N	주의	단기위험부채 존재
MCD	MCDONALDS CORP	0000063908	S&P 500	제외	PEG=불리, PEGY=불리(<1)	253.47999572753906	11.95	2025	2.91	774000000.0		774000000.0	39973000000.0	798000000.0	-1791000000.0					-54716638.74930207	-55830541.59687325	4578819.433414042	4672033.060825856	4.91659350307286	12.78230543570502	13.62338129334184	18.33318700614572	34.06461087141004	35.74676258668368	219.08158472344135	407.07209991335	427.17381291086997	-13.570463777769637	60.59338282098765	68.52367844049955	3년	34.06461087141004	407.07209991335	60.59338282098765	1.7093038100515847e-06	3.4271509641087954e-06	3.6108393296073443e-06	10030709.10106086	3957199.491135657	3년	3.4271509641087954e-06	불리(<1)	3년	12.782305435705021	358215.4609311675	불리	N	주당순현금<=0	716.4	-10.278916329961874	-22.056516593047924		-25.67876692018346	268.9182009887695	295.4520505523682	N	N	주의	단기위험부채 존재
GM	General Motors Co	0001467858	S&P 500	보류	PEG=판정불가, PEGY=안심	83.76000213623047	3.27	2025	84.0	20945000000.0	5966000000.0	26911000000.0			61119000000.0	218116000000.0	21.88801547083997	78.11198452916003	0.28021328100643694	27.65775950668037	27.65775950668037	17.156649122186575	17.156649122186575	-48.665620094191524	-18.898461530269618	-5.460789481150885	-88.83124018838305	-29.296923060539235	-2.421578962301769	-290.47815541601256	-95.8009384079633	-7.918563206726785	-446.7981709737397	-214.375520492644	-109.4538717821995	판정불가				2.0595152150145033	3.794536917208536	4.577770983104391	18.051387461459402	21.551321634519464	3년	3.794536917208536	안심	판정불가			판정불가	Y		973000000.0	5.491184542270444	11.993583515040228		-7.242525686049839	83.59880020141601	80.0304001235962	Y	Y	강한 상승추세	
HUM	HUMANA INC	0000049071	S&P 500	보류	PEG=판정불가, PEGY=양호	400.0199890136719	9.84	2025	88.0	4200000000.0	15703000000.0	19903000000.0	12369000000.0	1694000000.0	17657000000.0	31172000000.0	36.1608879968871	63.83911200311291	0.5664378288207366	62.35412907817854	48.33396785460083	34.315636172306235	35.740449304783645	-1.4028056112224505	-23.616654426020823	-17.217108695019935	5.694388777555099	-38.733308852041645	-25.93421739003987	56.03278557114218	-381.1357591040898	-255.1926991179923	-85.9925035973072	-195.27917843402156	-163.7949867823406	판정불가				2.523549146923994	1.8762101699265157	2.062700832633959	3.103636634499197	0.7758703864153951	3년	1.876210169926516	양호	판정불가			판정불가	Y		120826000.0	9.756900178980743	133.99824285155398		-2.295936716762792	388.955	281.4236501312256	Y	Y	강한 상승추세	단기위험부채 존재
ODFL	OLD DOMINION FREIGHT LINE, INC.	0000878927	S&P 500	제외	PEG=판정불가, PEGY=불리(<1)	181.9600067138672	4.84	2025	62.0	120091000.0	0.0	120091000.0	45000000.0	20000000.0	4311057000.0	1159103000.0	78.81043698904602	21.189563010953975	3.719304496666819	0.3548757549693286	0.2603569031843401	37.52172127249956	37.54124996088488	-11.67883211678833	-26.48103950985108	-3.150049031832014	-14.85766423357666	-44.46207901970216	2.199901936335972	-71.91109489051104	-215.19646245535844	10.647525371866104	-139.52027491601027	-218.2658026572596	-94.14842548966853	판정불가				1.3411209874343661	0.9466239630158304	1.5684235416806511			3년	0.9466239630158304	불리(<1)	판정불가			판정불가	N	FCF<=0	211598000.0	-22.88196267543	-3.612666654057428		-26.84436544067338	213.23120025634765	197.10474994659424	N	N	주의	단기위험부채 존재
IBKR	Interactive Brokers Group, Inc.	0001381197	S&P 500	제외	PEG=판정불가, PEGY=불리(<1)	90.27999877929688	2.22	2025	38.0	4963000000.0		4963000000.0		16000000.0	5363000000.0	182768000000.0	2.850673201120496	97.14932679887951	0.02934321106539438	11.1814650484052	11.145417609200186	35.6299701490503	35.64620773427779	-67.96536796536795	-16.033270923831843	-1.7104104038610624	-127.43073593073589	-23.566541847663686	5.079179192277875	-282.8962337662337	-52.31772290181339	11.275777806856883	-413.35427291909514	-157.950513523723	-87.51021493207789	판정불가				-0.8410158032693905	0.6165239259049357	1.0185130507920512			3년	0.6165239259049357	불리(<1)	판정불가			판정불가	N	FCF<=0	443859546.0	5.689534903453586	32.00760284399378		-8.055813693282655	92.065	79.16434989929199	N	Y	상승전환	단기위험부채 존재
CEG	Constellation Energy Corp	0001868275	S&P 500	제외	PEG=판정불가, PEGY=불리(<1)	293.9049987792969	7.4	2025	56.99999999999999	3641000000.0		3641000000.0	7250000000.0	1650000000.0	14517000000.0	42396000000.0	25.50735332876496	74.49264667123504	0.3424143787149731	-11.493630573248408	-16.748407643312103	41.27008504764125	41.98019005710932	-37.76282590412111			-67.02565180824222			-495.98982338099245			-268.758553083831			판정불가				0.4661287727823174			4.101910828025478	1.3956587485964267	1년	0.4661287727823174	불리(<1)	판정불가			판정불가	N	주당순현금<=0	314000000.0	21.29797568203733	-2.256477969676274		-27.242235450492924	267.81120025634766	295.8420252227783	Y	N	중립/개선	단기위험부채 존재
VZ	VERIZON COMMUNICATIONS INC	0000732712	S&P 500	제외	PEG=판정불가, PEGY=불리(<1)	49.7400016784668	4.06	2025	5.61	19048000000.0	350000000.0	19398000000.0	89658000000.0	441000000.0	105741000000.0					-16.606003308910424	-16.71023398723706	16.341380538762866	16.367053119631493	-1.932367149758456	-7.0765828174263685	-1.1420692869857585	4.635265700483088	-5.653165634852737	6.215861426028483	18.819178743961334	-22.95185247750211	25.236397389675638	-62.164901268774095	-146.14365038801017	-49.263376481547525	판정불가				0.2250503157623647	-0.08974656785866617	0.27341207203491813			5년	0.2734120720349181	불리(<1)	판정불가			판정불가	N	주당순현금<=0 | FCF<=0	4231000000.0	5.942493866218768	-1.8547723382965065		-3.191902210111408	46.60220039367676	45.8046000289917	Y	Y	상승전환	단기위험부채 존재
TPL	Texas Pacific Land Corp	0001811074	S&P 500	보류	PEG=판정불가, PEGY=불리(<1)	374.05999755859375	6.97	2025	63.0	144809000.0		144809000.0			1458907000.0	164371000.0	89.87413123322068	10.12586876677932	8.875695834423347	2.0978453048822923	2.0978453048822923	53.366162446730485	53.366162446730485	-64.65517241379311	-50.58674419585327		-120.81034482758622	-92.67348839170654		-842.0481034482759	-645.9342140901946		-325.11043921941297	-272.68198104744243		판정불가				-0.03101539136236909	0.23260536705328033		7.633813495643156	2.04079921549146	3년	0.2326053670532803	불리(<1)	판정불가			판정불가	Y		69027492.0	-0.298522079815533	-28.727400228985044		-30.70267830358917	386.7216003417969	392.32625	N	N	주의	
UPS	UNITED PARCEL SERVICE INC	0001090727	S&P 500	제외	PEG=판정불가, PEGY=불리(<1)	99.22000122070312	6.56	2025	6.53	5887000000.0	206000000.0	6093000000.0	17321000000.0	2341000000.0	16227000000.0					-13.209411764705882	-15.963529411764705	17.138630028263567	17.55846503543717	-2.8148148148148207	-20.79061596362501		2.8703703703703587	-33.08123192725003		18.82962962962955	-217.01288144276018		-81.02234489219036	-318.7188860843095		판정불가				0.21677258795238669	-0.8320744388616607		5.605882352941176	5.649951908861153	1년	0.2167725879523866	불리(<1)	판정불가			판정불가	N	주당순현금<=0	850000000.0	-3.912454805295651	-1.567462086527327		-17.316665649414066	107.39540023803711	104.96210014343262	N	N	주의	단기위험부채 존재
IR	Ingersoll Rand Inc.	0001699150	S&P 500	제외	PEG=판정불가, PEGY=불리(<1)	73.58000183105469	1.45	2025	11.0	1248800000.0		1248800000.0	2778100000.0	0.0	10089800000.0	8143200000.0	55.33812318323918	44.661876816760824	1.2390460752529717	-3.813715710723192	-3.813715710723192	53.374977615019226	53.374977615019226	-29.611650485436897	-0.455587184000239		-50.723300970873794	7.588825631999522		-73.548786407767	11.003797166399307		-199.95757621295067	-85.04512517998455		판정불가				-0.34869617407014614	0.19755348455701574				3년	0.1975534845570157	불리(<1)	판정불가			판정불가	N	주당순현금<=0 | FCF<=0	401000000.0	4.398408522232455	-13.60807395451673		-25.49615204588823	81.39359970092774	82.04024997711181	N	N	중립/개선	
FTV	Fortive Corp	0001659166	S&P 500	제외	PEG=판정불가, PEGY=불리(<1)	55.810001373291016	0.58	2025	50.0	375500000.0		375500000.0	2306500000.0	899500000.0	6453400000.0					-5.771069934249851	-8.459354453078303	106.17426087507047	110.80923418339539	-75.42372881355932	-34.87672497401558	-29.666922875134137	-142.34745762711864	-61.25344994803116	-50.833845750268274	-82.56152542372881	-35.52700096985807	-29.483630535155598	-247.9332080132151	-163.65705087916416	-152.82857876664661	판정불가				-0.23945284482341772	0.1424382416354107	0.19150665102148154	2.9231918708906157	5.237756314210677	3년	0.1424382416354107	불리(<1)	판정불가			판정불가	N	주당순현금<=0	334600000.0	-7.076256914456214	-0.8879417293659708		-12.91932507055613	60.455599822998046	58.11684986114502	N	N	주의	단기위험부채 존재
NKE	NIKE, Inc.	0000320187	S&P 500	보류	PEG=판정불가, PEGY=불리(<1)	37.349998474121094	2.1	2026	4.3	7563000000.0	2583000000.0	10146000000.0	5942000000.0	5000000.0	14865000000.0					2.838622552329507	2.8352464550979066	16.433988534186472	16.43559619953485	-2.77777777777778	-13.36921346091703	-10.018369318341202	2.94444444444444	-18.23842692183406	-11.536738636682404	6.183333333333325	-38.30069653585152	-24.22715113703305	-83.44488999747188	-202.54537644061523	-164.86519980400925	판정불가				0.09262646247170296	-0.5518571125963111	-0.3479599189475933	1.4746792707629979	3.9482713012284787	1년	0.0926264624717029	불리(<1)	판정불가			판정불가	Y		1481000000.0	-15.036398425873298	-32.944348361710816		-49.91283542044389	41.37079978942871	51.170899887084964	N	N	주의	단기위험부채 존재
BF-B	BROWN FORMAN CORP	0000014693	S&P 500	제외	PEG=판정불가, PEGY=불리(<1)	26.149999618530273	1.53	2026	3.5	308000000.0		308000000.0	2083000000.0	68000000.0	4020000000.0	3874000000.0	50.92475297694451	49.07524702305548	1.0376871450696954	-3.8030308548999106	-3.9487244313129777	19.577144100281163	19.67236866002827	-16.847826086956523	-2.0882960100536807	-4.036359234531672	-25.195652173913047	4.323407979892639	0.42728153093665533	-38.549347826086965	6.614814209235737	0.6537407423330827	-247.4162462272861	-74.70434299911659	-97.50003536569908	판정불가				-0.6818066015443399	0.07210980226304023	-0.02739721543572687	1.9132994667186594	7.316632866651621	3년	0.0721098022630402	불리(<1)	판정불가			판정불가	N	주당순현금<=0	466733000.0	-1.4323447353189023	7.968622460330188		-15.317356446841647	27.166799964904786	27.23314994812012	N	N	판정불가	단기위험부채 존재
PFE	PFIZER INC	0000078003	S&P 500	제외	PEG=판정불가, PEGY=불리(<1)	27.780000686645508	1.36	2025	6.191504526588597	1142000000.0	8525000000.0	9667000000.0	61641000000.0	0.0	86476000000.0	121385000000.0	41.60280187240512	58.39719812759488	0.7124109239197595	-9.097496936810783	-9.097496936810783	27.1158070760708	27.1158070760708	-3.5460992907801296	-37.11932514902995	-4.476866683376013	1.4078014184397407	-65.7386502980599	-0.4537333667520258	1.9146099290780476	-89.40456440536147	-0.6170773787827551	-93.10795578922198	-421.8306774496961	-102.22130080464468	판정불가				0.09755952416931703	-1.140582706451492	0.06323388562259392	1.588482408541922	5.718079083077714	5년	0.0632338856225939	불리(<1)	판정불가			판정불가	N	주당순현금<=0	5713000000.0	8.515626065200177	1.7582471172136405		-4.27291437477021	26.120199928283693	26.190950012207033	Y	Y	상승전환	
SLB	SLB LIMITED/NV	0000087347	S&P 500	제외	PEG=판정불가, PEGY=불리(<1)	57.04999923706055	2.35	2025	2.07	3130000000.0	1176000000.0	4306000000.0	9742000000.0	1178000000.0	26109000000.0	27577000000.0	48.632790671683495	51.36720932831651	0.946767233564202	-3.7828810020876826	-4.602644398051496	25.88633201665882	26.235167504302996	-24.43729903536977	-0.5610216224331555		-40.37459807073954	7.377956755133689		-94.88030546623791	17.33819837456417		-266.31079182311754	-69.60876668460844		판정불가				-0.864058261362621	0.0582924756043367		3.336812804453723	5.8489269922480185	3년	0.0582924756043367	불리(<1)	판정불가			판정불가	N	주당순현금<=0	1437000000.0	2.774276638610451	18.434713318797826		-5.0748740673826624	51.20400001525879	49.268800048828126	Y	Y	강한 상승추세	단기위험부채 존재
KLAC	KLA CORP	0000319201	S&P 500	제외	PEG=판정불가, PEGY=불리(<1)	182.91000366210938	3.66	2026	49.0	1649842000.0	1475936000.0	3125778000.0	3469670000.0	0.0	6349820000.0	11601715000.0	35.37201693337088	64.62798306662913	0.5473173578216669	-0.26059669620265635	-0.26059669620265635	50.046612119757384	50.046612119757384	-87.94863351992097	-46.684357143962295	-2.244895179579909	-167.39726703984195	-84.86871428792459	4.010209640840182	-612.6739973658216	-310.619494293804	14.677367285475068	-434.9592614396409	-269.82094367436184	-91.97563446962221	판정불가				-0.7782471554062467	0.04626972252380569	0.9342311665081148	2.854683082341833	1.5607036385037223	3년	0.0462697225238056	불리(<1)	판정불가			판정불가	N	주당순현금<=0	1319633000.0	-14.353539156895511	24.85324482055247		-39.37555638115386	202.6584002685547	172.2303600692749	N	Y	중립/개선	
EMR	EMERSON ELECTRIC CO	0000032604	S&P 500	제외	PEG=판정불가, PEGY=불리(<1)	150.33999633789062	1.12	2025	1.46	2354000000.0	99000000.0	2453000000.0	8319000000.0	4192000000.0	20282000000.0					-10.35115581436386	-17.74836774307394	143.47424299308435	150.07889650086122	-35.26011560693641	-3.335847899742972	-1.3703810340970568	-62.02023121387282	1.8283042005140562	5.759237931805886	-69.46265895953756	2.047700704575743	6.450346483622593	-146.20371202046562	-98.6379534691663	-95.70949405298283	판정불가				-0.23558316044619673	-0.013074457551474171	0.0006246345269600963	4.706193753308629	3.1303670799162533	5년	0.00062463452696	불리(<1)	판정불가			판정불가	N	주당순현금<=0	566700000.0	9.649183625297297	7.716549723074362		-8.541190003571952	149.75180084228515	142.94915073394776	Y	Y	강한 상승추세	단기위험부채 존재
CSX	CSX CORP	0000277948	S&P 500	제외	PEG=판정불가, PEGY=판정불가	48.369998931884766	1.54	2025	1.14	1958000000.0	5000000.0	1963000000.0	9832000000.0		13160000000.0	30522000000.0	30.126825694794196	69.87317430520581	0.4311644060022279	-4.201281366791244	-4.201281366791244	34.13719499914026	34.13719499914026	-13.966480446927374	-7.566647873326204	-15.619198935967571	-19.432960893854748	-6.633295746652408	-22.738397871935142	-29.92675977653631	-10.21527544984471	-35.01713272278012	-161.87049914695996	-121.11903178710008	-172.39432188553835	판정불가				-0.3757332858558064	-0.18825940073541653	-0.4241472955329876	0.9135077415910304	1.8885833404243886	판정불가		판정불가	판정불가			판정불가	N	주당순현금<=0	1873000000.0	4.2232257938306095	19.905797592769048		-9.130190967774299	50.17399993896484	43.306699905395504	N	Y	상승전환	
APTV	Aptiv PLC	0001521332	S&P 500	제외	PEG=판정불가, PEGY=판정불가	44.5099983215332	0.64	2025	1.9770838759485427	1851000000.0		1851000000.0	7470000000.0	81000000.0	9207000000.0	13914000000.0	39.820942000778516	60.179057999221484	0.6617076326002588	-25.99703895623207	-26.371796058110483	110.16724574650824	110.75280371819325	-43.85964912280701	-9.379349728076658	-9.25361634386701	-79.21929824561401	-10.258699456153316	-10.007232687734021	-50.70035087719297	-6.565567651938123	-6.404628920149774	-213.9077798002634	-114.75077038760932	-114.38919155620664	판정불가				-0.38017257273753646	-0.06719116741068867	-0.06604987188897839	6.204312019987046	13.93914233644332	판정불가		판정불가	판정불가			판정불가	N	주당순현금<=0	216140000.0	-31.733128213385285	-36.70364261277253		-49.80263985488405	52.69379974365234	66.085749874115	N	N	주의	단기위험부채 존재
AXON	AXON ENTERPRISE, INC.	0001069183	S&P 500	제외	PEG=판정불가, PEGY=판정불가	490.0	1.51	2025		1201147000.0	505417000.0	1706564000.0	1730170000.0	80552000.0	3242658000.0	3757655000.0	46.32161447638127	53.67838552361873	0.8629472370401221	-0.28658492169479177	-1.264513779288576	324.6931025971489	325.34073760217785	-68.54166666666667	-9.393302099393695		-128.58333333333334	-10.286604198787394		-194.16083333333336	-15.532772340168965		-139.6246598639456	-103.16995353881		판정불가							0.9115090445550564	0.18602225399082783	판정불가		판정불가	판정불가			판정불가	N	주당순현금<=0	82370000.0	9.475190243102215	-5.326817036163423		-36.98397731028831	567.227201538086	505.2122509765625	N	N	중립/개선	단기위험부채 존재
UNH	UNITEDHEALTH GROUP INC	0000731766	S&P 500	제외	PEG=판정불가, PEGY=판정불가	393.05999755859375	13.23	2025	2.32	24365000000.0	3756000000.0	28121000000.0	72320000000.0	3620000000.0	32454000000.0	207883000000.0	13.503538780961733	86.49646121903827	0.1561166617760952	-48.51701427003293	-52.49066959385291	33.37694722816528	33.67729910449332	-14.700193423597675	-14.517352798270888	-3.7667253412291712	-20.90038684719535	-20.534705596541777	0.9665493175416575	-276.5121179883945	-271.6741550422477	12.78744747107613	-170.34857775044244	-169.11773182966783	-96.74669324008993	판정불가				-0.3709204840983958	-0.3654424329130407	-0.04334504684743445	17.64544456641054	4.489249650437938	판정불가		판정불가	판정불가			판정불가	N	주당순현금<=0	911000000.0	-3.5340878119249575	37.79491588381902		-9.920936848721428	410.6621984863281	352.34669921875	N	Y	중립/개선	단기위험부채 존재
KR	KROGER CO	0000056873	S&P 500	제외	PEG=판정불가, PEGY=판정불가	56.439998626708984	1.54	2025	2.52	3334000000.0		3334000000.0	14509000000.0	1366000000.0	5927000000.0	44017000000.0	11.86729136633029	88.13270863366971	0.13465252061703434	-17.061068702290076	-19.146564885496183	47.727965798051336	49.082184098834524	-47.97297297297297	-20.45740326595622		-87.44594594594594	-32.41480653191244		-134.66675675675674	-49.91880205914516		-338.6016301088793	-188.44578893296108		판정불가				-0.9523341758434788	-0.37582584897612753				판정불가		판정불가	판정불가			판정불가	N	주당순현금<=0 | FCF<=0	655000000.0	-12.44182527408002	-21.817430782719416		-25.343915653610548	57.699400177001955	63.946800003051756	N	N	주의	단기위험부채 존재
DVN	DEVON ENERGY CORP/DE	0001090012	S&P 500	제외	PEG=판정불가, PEGY=판정불가	48.97999954223633	4.17	2025	2.64	1384000000.0	2343000000.0	3727000000.0	7391000000.0	998000000.0	15528000000.0					-5.788309636650869	-7.3649289099526065	13.13388709325832	13.511973249925406	-8.552631578947361	-22.960449726899977		-8.605263157894722	-37.420899453799954		-35.88394736842099	-156.0451507223458		-173.2624493748262	-418.58953078957313		판정불가				-0.4501813923756311	-1.54717712910221		10.552922590837282	21.545370946231447	판정불가		판정불가	판정불가			판정불가	N	주당순현금<=0	633000000.0	5.107298596666143	7.980597185130223		-5.934319513535613	45.07739997863769	43.641550045013425	Y	Y	강한 상승추세	단기위험부채 존재
CVS	CVS HEALTH Corp	0000064803	S&P 500	제외	PEG=판정불가, PEGY=판정불가	95.37999725341797	1.39	2025	2.77	8453000000.0	2145000000.0	10598000000.0	71348000000.0	0.0	75214000000.0	178156000000.0	29.68544026522477	70.31455973477523	0.4221805608567772	-47.7970102281668	-47.7970102281668	103.00504135365813	103.00504135365813	-62.02185792349728	-23.78711813669546	-23.938579568888617	-115.54371584699456	-39.07423627339092	-39.377159137777234	-160.60576502732243	-54.31318842001338	-54.734251201510354	-268.3851642400494	-156.9440029188794	-157.38546107952308	판정불가				-0.575232601674918	-0.20403970388726084	-0.2055101312586079	6.142407553107789	6.439932616885953	판정불가		판정불가	판정불가			판정불가	N	주당순현금<=0	1271000000.0	-2.6933273618258036	25.964072524789493		-13.761303282716053	100.46460006713868	86.73790019989013	N	Y	중립/개선	
COP	CONOCOPHILLIPS	0001163165	S&P 500	제외	PEG=판정불가, PEGY=판정불가	136.52999877929688	6.35	2025	2.49	6497000000.0	484000000.0	6981000000.0	16147000000.0	961000000.0	64487000000.0	57452000000.0	52.88463904083189	47.11536095916811	1.1224500452551696	-7.312640512634768	-8.079326911570183	22.652384140461677	22.773122156042056	-18.693982074263765	-24.182162850978774		-28.88796414852753	-39.86432570195755		-183.43857234314981	-253.1384682074304		-234.35770452153997	-285.4086797558924		판정불가				-0.7153323011735536	-0.9576105859970936				판정불가		판정불가	판정불가			판정불가	N	주당순현금<=0 | FCF<=0	1253446000.0	13.850901320854847	16.66239443168278		-0.48833686869400594	121.39800018310547	113.20680027008056	Y	Y	강한 상승추세	단기위험부채 존재
SRE	SEMPRA	0001032208	S&P 500	제외	PEG=판정불가, PEGY=판정불가	85.01000213623047	2.75	2025	3.08	29000000.0		29000000.0		4166000000.0	31594000000.0					0.04435430833279802	-6.327371502509842	30.896599210144608	33.213590414087385	-37.782805429864254	-25.38521336020446	-26.568336591560993	-67.06561085972851	-42.27042672040892	-44.636673183121985	-184.4304298642534	-116.24367348112453	-122.75085125358547	-316.9514471587701	-236.74117228563452	-244.39577481350307	판정불가				-1.1231917530415423	-0.7219310192845029	-0.7602240114455322			판정불가		판정불가	판정불가			판정불가	N	FCF<=0	653826000.0	-6.613200839057409	-8.384522796135652		-14.77694021430529	88.41840026855469	90.94645027160645	N	N	주의	단기위험부채 존재
CVX	CHEVRON CORP	0000093410	S&P 500	제외	PEG=판정불가, PEGY=판정불가	213.80999755859375	6.63	2025	3.39	8178000000.0	0.0	8178000000.0	33477000000.0	977000000.0	186450000000.0	131836000000.0	58.57939086230623	41.42060913769377	1.414257107315149	-13.63092672413793	-14.157327586206897	34.304815125600555	34.38421193737566	-31.79012345679013	-28.68529133996226		-55.08024691358026	-48.87058267992452		-365.1820370370371	-324.0119631678995		-270.7974562494256	-251.54200779554537		판정불가				-0.8278757181115386	-0.7373685369633494				판정불가		판정불가	판정불가			판정불가	N	주당순현금<=0 | FCF<=0	1856000000.0	12.650154963532056	11.48131030987063		0.0	192.83480041503907	181.71130012512208	Y	Y	강한 상승추세	단기위험부채 존재
ORLY	O REILLY AUTOMOTIVE INC	0000898173	S&P 500	제외	PEG=판정불가, PEGY=판정불가	86.08000183105469	2.97	2025		193793000.0		193793000.0	6016904000.0	25000.0	-763352000.0					-6.803343540685509	-6.803372749056861	31.27385366051858	31.27386349498705	-92.6955238563699	-29.203737570730283	-11.269579863367396	-176.8910477127398	-49.907475141460566	-14.039159726734791	-525.3664117068373	-148.2252011701379	-41.69630438840233	-710.3234206917771	-272.1947002987439	-148.43901429072665	판정불가							1.861365386210611	2.162366806013583	판정불가		판정불가	판정불가			판정불가	N	주당순현금<=0	855919000.0	-4.8419160930212595	-8.803896188503513		-20.16323309710892	88.85260055541993	92.04429992675782	N	N	주의	단기위험부채 존재
KMB	KIMBERLY CLARK CORP	0000055785	S&P 500	제외	PEG=판정불가, PEGY=판정불가	98.69999694824219	1.5	2025	4.97	688000000.0		688000000.0	6439000000.0	963000000.0	1502000000.0					-17.259903961584634	-20.150060024009605	77.30660060655121	79.23337131483453	-80.13245033112582	-35.99237051910854	-26.238981580201248	-151.76490066225165	-63.48474103821708	-43.977963160402496	-227.64735099337747	-95.22711155732563	-65.96694474060374	-330.64575281877126	-196.48137234215145	-166.8358123407	판정불가				-0.9722643311359924	-0.4012900615950717	-0.2751250399490318			판정불가		판정불가	판정불가			판정불가	N	주당순현금<=0 | FCF<=0	333200000.0	-2.8352085360290213	-1.3394681677548537		-23.76612650216041	109.37219985961914	103.22020000457763	N	N	주의	단기위험부채 존재
VLO	VALERO ENERGY CORP/TX	0001035002	S&P 500	제외	PEG=판정불가, PEGY=판정불가	388.95001220703125	7.57	2025	1.25	4688000000.0		4688000000.0	8261000000.0		23725000000.0					-11.563106796116505	-11.563106796116505	52.90794174414105	52.90794174414105	-11.77156177156177	-36.119777156007146		-15.043123543123539	-63.73955431201429		-113.8764452214452	-482.50842614194823		-129.2779127516342	-224.0540971843748		판정불가				-0.19886545242004075	-0.6590650856280679		14.475728155339805	3.721745134599618	판정불가		판정불가	판정불가			판정불가	N	주당순현금<=0	309000000.0	50.761667866913584	68.34018916671558		0.0	319.9284020996094	241.69765159606933	Y	Y	강한 상승추세	
IRM	IRON MOUNTAIN INC	0001020569	S&P 500	제외	PEG=판정불가, PEGY=판정불가	115.22000122070312	0.49	2025	2.98	158535000.0		158535000.0	16215885000.0	216074000.0	-981007000.0					-53.91701587557418	-54.64254438982459	345.17758591077	346.65825634801575	-19.672131147540984	-36.34769139588404	-16.260604064943717	-30.84426229508197	-64.19538279176808	-24.021208129887434	-15.113688524590165	-31.45573756796636	-11.770391983644842	-113.11724385043182	-127.3005877753057	-110.215580505939	판정불가				-0.04835809690104263	-0.096668186921354	-0.03847470000087669	-3.1282033201708437	-2.7149828910162843	판정불가		판정불가	판정불가			판정불가	N	주당순현금<=0 | FCF<=0	297816000.0	-6.598572754032062	7.091741930030526		-13.407482838735717	121.83000015258789	109.83474983215332	N	Y	중립/개선	단기위험부채 존재
FANG	Diamondback Energy, Inc.	0001539838	S&P 500	제외	PEG=판정불가, PEGY=판정불가	202.6300048828125	5.73	2025	2.2	104000000.0		104000000.0	13726000000.0	763000000.0	36972000000.0	28092000000.0	56.824050165990414	43.17594983400959	1.316104228961982	-47.12206697823086	-49.76148388502797	43.58674901588889	44.04738023871561	-63.10367031551834	-38.48028199276532		-117.70734063103669	-68.46056398553064		-674.4630618158403	-392.2790316370906		-432.854486286917	-293.59375323706786		판정불가				-1.397297841445271	-0.8323695345927242				판정불가		판정불가	판정불가			판정불가	N	주당순현금<=0 | FCF<=0	289079000.0	3.093361351642221	14.71354482731455		-5.175720638417047	195.9938003540039	181.3882999420166	Y	Y	강한 상승추세	단기위험부채 존재
COF	CAPITAL ONE FINANCIAL CORP	0000927628	S&P 500	보류	PEG=판정불가, PEGY=판정불가	210.86000061035156	4.03	2025	1.5	62093000000.0		62093000000.0	31377000000.0	1087000000.0	113616000000.0	555393000000.0	16.98273117402008	83.01726882597991	0.20456865678897646	56.74487345279882	54.7367448734528	38.24196703661358	38.74026196945378	-65.22864538395167	-39.17672229952939	-4.896815963113765	-121.95729076790334	-69.85344459905878	-1.2936319262275298	-491.4878817946505	-281.5093817342069	-5.213336662696945	-333.087299806506	-233.5053499570117	-102.47241612805014	판정불가				-1.6664583524936536	-0.985219255679421	-0.08882430027361274	48.29115093293922	22.901996961565267	판정불가		판정불가	판정불가			판정불가	Y		541300000.0	18.707422627985526	15.844410318066359		-18.252307275118905	212.18660034179686	207.69139930725098	N	Y	상승전환	단기위험부채 존재
MGM	MGM Resorts International	0000789570	S&P 500	제외	PEG=판정불가, PEGY=판정불가	40.65999984741211	0.76	2025	0.029513035034513815	2062994000.0		2062994000.0	6230141000.0	0.0	2429917000.0	38097468000.0	5.995740904576005	94.00425909542399	0.06378158779475844	-15.028931566134704	-15.028931566134704	73.27490975466685	73.27490975466685	-68.33333333333333	-39.83701324007897		-128.16666666666666	-71.17402648015793		-97.40666666666667	-54.09226012492003		-339.56386382737855	-233.0355640135666		판정불가				-0.9321583680824468	-0.5432623573106363		5.267157154449554	12.954149469296647	판정불가		판정불가	판정불가			판정불가	N	주당순현금<=0	277275000.0	-13.3233852490511	12.041881569683245		-19.78693835278974	44.60140014648437	39.68400002479553	N	Y	중립/개선	
WY	WEYERHAEUSER CO	0000106535	S&P 500	제외	PEG=판정불가, PEGY=판정불가	22.59000015258789	0.45	2025	3.7	464000000.0		464000000.0	5050000000.0	522000000.0	9426000000.0	7187000000.0	56.738698609522665	43.261301390477335	1.3115347154584667	-6.338044714587592	-7.059470650264592	64.28454414927884	65.88771289522774	-16.66666666666667	-43.761896821361546		-24.833333333333343	-79.02379364272309		-11.175000000000004	-35.56070713922539		-149.4687911665189	-257.41791455964903		판정불가				-0.20170737520602197	-0.6231964051628258		0.268116152339728	1.186879816417411	판정불가		판정불가	판정불가			판정불가	N	주당순현금<=0	723567000.0	-6.498343148757879	-2.755055541369267		-16.642067030986674	24.043600158691405	24.280700092315673	N	N	주의	단기위험부채 존재
TSN	TYSON FOODS, INC.	0000100493	S&P 500	보류	PEG=판정불가, PEGY=판정불가	51.7400016784668	1.33	2025	3.9	1229000000.0		1229000000.0			18085000000.0					3.442577030812325	3.442577030812325	36.313853118537196	36.313853118537196	-40.888888888888886	-46.97317852013001	-5.767715060111856	-73.27777777777777	-85.44635704026003	-3.0354301202237117	-97.45944444444444	-113.64365486354583	-4.037122059897537	-288.36382157483615	-319.6437015401995	-107.80270956500124	판정불가				-1.018588932662921	-1.1861362764102379	-0.051432577369721205	3.2969187675070026	6.3720886365551035	판정불가		판정불가	판정불가			판정불가	Y		357000000.0	-7.821128284535495	-13.492726148687218		-24.741815740411933	57.3392000579834	60.460250034332276	N	N	주의	
OXY	OCCIDENTAL PETROLEUM CORP /DE/	0000797468	S&P 500	제외	PEG=판정불가, PEGY=판정불가	61.29999923706055	1.61	2025	1.85	1968000000.0		1968000000.0	35745000000.0	440000000.0	36034000000.0					-33.773622637736224	-34.213578642135786	59.0519390526688	59.32520365167474	-34.01639344262294	-49.362988839182776		-59.53278688524588	-90.22597767836555		-95.84778688524588	-145.26382406216854		-256.35854498885305	-336.9719834749124		판정불가				-0.5447135853393997	-0.8045965907538725		4.104589541045895	6.695904717996075	판정불가		판정불가	판정불가			판정불가	N	주당순현금<=0	1000100000.0	7.355518170185205	10.291466746245902		-7.457727635904643	56.57580009460449	52.59299997329712	Y	Y	강한 상승추세	단기위험부채 존재
DOC	HEALTHPEAK PROPERTIES, INC.	0000765880	S&P 500	제외	PEG=판정불가, PEGY=판정불가	20.389999389648438	0.1	2025	5.95	467457000.0		467457000.0	9847894000.0		7500094000.0	12033567000.0	38.395741586792155	61.604258413207845	0.6232644069709339	-13.47678738700427	-13.47678738700427	338.6678677665271	338.6678677665271	-72.22222222222223	-52.27593913804323	-33.51833999568201	-135.94444444444446	-96.05187827608646	-58.536679991364025	-13.594444444444447	-9.605187827608646	-5.853667999136403	-166.67211795673742	-147.10734730323236	-128.7085246412915	판정불가				-0.1956850015304947	-0.1367887052396116	-0.08140229002973275			판정불가		판정불가	판정불가			판정불가	N	주당순현금<=0 | FCF<=0	696044000.0	-0.3908154684395315	19.449324863379314		-10.648555379809787	21.492399978637696	18.640900015830994	N	Y	중립/개선	
GPC	GENUINE PARTS CO	0000040987	S&P 500	제외	PEG=판정불가, PEGY=판정불가	135.24000549316406	0.47	2025	3.17	333547000.0		333547000.0	3498423000.0	943540000.0	4422991000.0					-22.728014362657092	-29.503885098743268	336.1021699060025	350.51891615299434	-92.73570324574962	-61.61464058703222	-16.81535450665752	-176.97140649149924	-114.72928117406444	-25.13070901331504	-83.17656105100464	-53.92276215181028	-11.811433236258068	-161.50292640679385	-139.87190177579217	-108.73368290188002	판정불가				-0.26648356144442154	-0.17388950688231916	-0.040598828952736934	3.0227935368043086	2.2351326634315325	판정불가		판정불가	판정불가			판정불가	N	주당순현금<=0	139250000.0	37.39714017460252	23.84616233759065		-9.39299847892583	130.00920043945314	119.93555023193359	Y	Y	강한 상승추세	단기위험부채 존재
CSGP	COSTAR GROUP, INC.	0001057352	S&P 500	보류	PEG=판정불가, PEGY=판정불가	29.579999923706055	0.02	2025		1633000000.0	0.0	1633000000.0	993000000.0	0.0	8334000000.0	2167000000.0	79.3638701076088	20.6361298923912	3.845869866174435	1.5212740670311387	1.5212740670311387	1402.9362928337457	1402.9362928337457	-94.11764705882352	-72.19119357371476	-53.398733410393206	-179.73529411764704	-135.8823871474295	-98.29746682078641	-3.5947058823529408	-2.71764774294859	-1.9659493364157283	-112.15248780130005	-109.1874501350847	-106.6462114316646	판정불가							0.2923698597575469	0.9884038556850547	판정불가		판정불가	판정불가			판정불가	Y		420700000.0	-13.584574001506045	-34.759594565158594		-66.86085680508897	30.300800018310547	43.362099962234495	N	N	주의	
APD	Air Products & Chemicals, Inc.	0000002969	S&P 500	제외	PEG=판정불가, PEGY=판정불가	295.239990234375	-1.77	2025	2.43	1856000000.0	0.0	1856000000.0	4918100000.0	34700000.0	15024900000.0	23709700000.0	38.78935112276879	61.21064887723121	0.6337026617797779	-13.749887741356085	-13.905702739110911			-110.30267753201397			-212.10535506402795			375.4264784633295			27.159765235494948			판정불가							-23.661427929950605	-8.014303181343111	판정불가		판정불가	판정불가			판정불가	N	주당순현금<=0 | FCF<=0 | 순현금차감PER<=0/불가	222700000.0	6.773707933620887	6.319992667604901		-6.031386122976734	301.0521990966797	282.9446994018555	N	Y	상승전환	단기위험부채 존재
ALB	ALBEMARLE CORP	0000915913	S&P 500	제외	PEG=판정불가, PEGY=판정불가	125.91000366210938	-5.76	2025	1.27	613110000.0		613110000.0	3119464000.0	367178000.0	9533365000.0					-21.300941664400327	-24.421505303236334			48.57142857142857			105.64285714285714			-608.5028571428571			-583.2839642955046			1년	105.64285714285714	-608.5028571428571	-583.2839642955046				5.885113543649714	4.674063515590816	판정불가		판정불가	1년	48.57142857142857		판정불가	N	주당순현금<=0 | 순현금차감PER<=0/불가	117664000.0	-14.474933692363656	-25.053569248744424		-41.60559942797585	127.81760009765625	156.61769989013672	N	N	주의	단기위험부채 존재
ARE	ALEXANDRIA REAL ESTATE EQUITIES, INC.	0001035443	S&P 500	제외	PEG=판정불가, PEGY=판정불가	50.34000015258789	-8.44	2025	5.67	549062000.0		549062000.0	12400555000.0		15470070000.0	14925399000.0	50.89597400191456	49.10402599808544	1.036492893757815	-69.58899516755037	-69.58899516755037			-568.8888888888889			-1129.2777777777778			9531.104444444445			18833.46129430726			판정불가									판정불가		판정불가	판정불가			판정불가	N	주당순현금<=0 | FCF<=0 | 순현금차감PER<=0/불가	170307000.0	-3.766012557799303	0.3388518832911025		-42.435675346699064	50.563399963378906	50.135250110626224	N	Y	중립/개선	
APO	Apollo Global Management, Inc.	0001858681	S&P 500	제외	PEG=판정불가, PEGY=판정불가	130.97999572753906	5.54	2025	1.71	8980000000.0		8980000000.0	13364000000.0		23341000000.0	418434000000.0	5.283458774262916	94.71654122573709	0.055781795934364796	-7.384732856185598	-7.384732856185598	24.975582776845606	24.975582776845606	-24.42019099590723			-40.34038199181446			-223.4857162346521			-270.6258386964227			판정불가				-0.9092957389151064					판정불가		판정불가	판정불가			판정불가	N	주당순현금<=0 | FCF<=0	593657223.0	-0.12200980849020882	23.449573620386488		-14.223969649498514	127.57539932250977	127.82355010986328	Y	Y	중립/개선	
ARES	Ares Management Corp	0001176948	S&P 500	보류	PEG=판정불가, PEGY=판정불가	134.3699951171875	0.039510671963162464	2014	3.9	488896000.0		488896000.0			4275463000.0	19931981000.0	17.661769660605227	82.33823033939478	0.21450266283115563	6.083971489795992	6.083971489795992	3246.8702062824495	3246.8702062824495													판정불가							40.42582623597222	30.085456355576873	판정불가		판정불가	판정불가			판정불가	Y		80358036.0	4.722934824955005	29.87627711795895		-27.25353785226211	132.16259979248048	133.15845043182372	Y	Y	상승전환	
AVB	AVB		S&P 500	판정불가																																																												SEC ticker mapping 없음
BKR	Baker Hughes Co	0001701605	S&P 500	제외	PEG=판정불가, PEGY=판정불가	63.63999938964844	2.98	2024	1.44	7023000000.0		7023000000.0			18834000000.0									56.020942408376975		111.75011009858267	120.54188481675395		232.00022019716533	359.21481675392675		691.3606561875526	464.4481775597816		986.3618208959444	5년	232.00022019716533	691.3606561875526	986.3618208959444						판정불가		판정불가	5년	111.75011009858267		판정불가	N	주당순현금<=0 | FCF<=0 | 순현금차감PER<=0/불가		0.9838129599829104	7.919277721340423		-8.655086748638219	60.2542000579834	58.65355005264282	Y	Y	강한 상승추세	
BAX	BAXTER INTERNATIONAL INC	0000010456	S&P 500	제외	PEG=판정불가, PEGY=판정불가	24.389999389648438	-1.87	2025	16.0	1966000000.0	5148000000.0	7114000000.0	9438000000.0	1000000.0	6129000000.0	13953000000.0	30.519868538990142	69.48013146100986	0.43926037411309393	-4.530214424951267	-4.5321637426900585			-87.00000000000001			-165.50000000000003			309.48500000000007			1168.9012207657174			판정불가									판정불가		판정불가	판정불가			판정불가	N	주당순현금<=0 | FCF<=0 | 순현금차감PER<=0/불가	513000000.0	20.088626445056114	35.12465606962743		-13.968257278788766	24.819799995422365	20.412049980163573	N	Y	상승전환	단기위험부채 존재
BLK	BlackRock, Inc.	0002012383	S&P 500	제외	PEG=판정불가, PEGY=판정불가	1072.030029296875	35.31	2025	2.09	11468000000.0		11468000000.0	12768000000.0		55888000000.0	108456000000.0	34.006717616706425	65.99328238329359	0.5153057461090211	-8.081234006422008	-8.081234006422008	30.589387236003876	30.589387236003876	-15.94858367055462			-23.39716734110924			-826.1539788145673			-177.06444374104208			판정불가				-0.45305201976203663			22.080417839085364	2.059682773398382	판정불가		판정불가	판정불가			판정불가	N	주당순현금<=0	160866521.0	6.0701742456253704	12.706461364239118		-10.856562937840565	1097.1235998535155	1059.930451965332	N	Y	상승전환	
BK	BK		S&P 500	판정불가																																																												SEC ticker mapping 없음
BG	Bunge Global SA	0001996862	S&P 500	제외	PEG=판정불가, PEGY=판정불가	123.5	0.49	2025	2.32	1135000000.0	861000000.0	1996000000.0	8831000000.0	3883000000.0	15904000000.0					-41.05920370735475	-64.3851565962587	335.83510960684646	383.4390950944055	-88.76146788990825			-169.0229357798165			-82.82123853211009			-167.06173160494743			판정불가				-0.2573925876633419			-5.2803277335427685	-4.275569015014388	판정불가		판정불가	판정불가			판정불가	N	주당순현금<=0 | FCF<=0	166466940.0	-3.673665445146379	0.6355922193107766		-6.019331437238318	114.1874008178711	114.4839003753662	Y	Y	중립/개선	단기위험부채 존재
CNC	CENTENE CORP	0001071739	S&P 500	제외	PEG=판정불가, PEGY=판정불가	64.05999755859375	-13.53	2025		17888000000.0	2432000000.0	20320000000.0	17351000000.0	50000000.0	19953000000.0	56691000000.0	26.03334899013621	73.96665100986378	0.35196062867121763	6.020895691885885	5.919499671476894			-314.42155309033285			-620.3431061806657			8393.242226624407			13002.158205590564			판정불가							8.762644083745002	13.678808020137803	판정불가		판정불가	판정불가			판정불가	N	순현금차감PER<=0/불가	493116000.0	-1.9589820187280949	78.6391424101142		-6.7811460700403225	65.5003997039795	50.614349899291994	N	Y	중립/개선	단기위험부채 존재
CRL	CHARLES RIVER LABORATORIES INTERNATIONAL, INC.	0001100682	S&P 500	제외	PEG=판정불가, PEGY=판정불가	278.3500061035156	-2.91	2025		213770000.0	1063000.0	214833000.0	1626760000.0	166000.0	3164630000.0	3924228000.0	44.64231051038122	55.35768948961878	0.8064337749998216	-28.4869461706077	-28.490295375675895			-1555.0			-3101.5			9025.365			3142.4518778862735			판정불가									판정불가		판정불가	판정불가			판정불가	N	주당순현금<=0 | FCF<=0 | 순현금차감PER<=0/불가	49564000.0	49.41758341038904	64.79190105301993		-6.7753973402546634	256.98140014648436	201.3253504180908	Y	Y	강한 상승추세	단기위험부채 존재
COIN	Coinbase Global, Inc.	0001679788	S&P 500	보류	PEG=판정불가, PEGY=판정불가	174.72000122070312	4.45	2025		11285452000.0	309765000.0	11595217000.0	5937034000.0	452105000.0	14793058000.0	14878774000.0	49.855559980253325	50.144440019746675	0.9942390414694114	19.700576931781384	18.126444505569115	34.83582568290377	35.18956330677169	-53.05907172995781			-97.61814345991561			-434.4007383966245			-348.62679450642713			판정불가							8.437931958956717	4.829402415295359	판정불가		판정불가	판정불가			판정불가	Y		287209000.0	13.47665118886152	-12.037458125329948		-54.88418773019488	164.20639984130858	191.93339965820311	Y	N	중립/개선	단기위험부채 존재
CAG	CONAGRA BRANDS INC.	0000023217	S&P 500	제외	PEG=판정불가, PEGY=판정불가	15.109999656677246	-4.0	2026	8.03	218000000.0		218000000.0	6456000000.0	34200000.0	8932700000.0	10916800000.0	45.0021411118668	54.9978588881332	0.8182526014949436	-13.022964509394573	-13.094363256784968			-266.6666666666667			-524.8333333333334			2099.3333333333335			13793.66896779259			판정불가							2.04321503131524	13.52227053434991	판정불가		판정불가	판정불가			판정불가	N	주당순현금<=0 | 순현금차감PER<=0/불가	479000000.0	13.268361947851881	-11.012956042240251		-24.525477966122367	15.058600101470947	15.853450040817261	Y	N	중립/개선	단기위험부채 존재
STZ	CONSTELLATION BRANDS, INC.	0000016918	S&P 500	제외	PEG=판정불가, PEGY=판정불가	121.55000305175781			3.41	102400000.0		102400000.0	9692900000.0	272000000.0	8082400000.0	13513600000.0	37.42544915725134	62.57455084274866	0.5980937721998579																	판정불가									판정불가		판정불가	판정불가			판정불가	N	주당순현금<=0 | FCF<=0 | 순현금차감PER<=0/불가		-14.563857874792985	-18.945053607737815		-27.075828897957987	132.24879989624023	145.06815029144286	N	N	주의	단기위험부채 존재 | EPS 없음
CTRA	CTRA		S&P 500	판정불가																																																												SEC ticker mapping 없음
CRWD	CrowdStrike Holdings, Inc.	0001535527	S&P 500	제외	PEG=판정불가, PEGY=판정불가	207.8000030517578	-0.65	2026		5230125000.0	0.0	5230125000.0	745471000.0		4428390000.0	6614079000.0	40.10325951560289	59.89674048439711	0.6695399314099514	17.897380435476663	17.897380435476663															판정불가							5.228916576208416	2.5163217032802563	판정불가		판정불가	판정불가			판정불가	N	순현금차감PER<=0/불가	250576000.0	28.323096418097336	88.04153892325412		-10.043288722182764	201.94999938964844	143.28587490081787	Y	Y	강한 상승추세	
DDOG	Datadog, Inc.	0001561550	S&P 500	보류	PEG=판정불가, PEGY=판정불가	225.27000427246094	0.31	2025		401305000.0	4073531000.0	4474836000.0			3732206000.0	2911638000.0	56.175400867329216	43.824599132670784	1.2818234959153576	12.311363736408858	12.311363736408858	686.96335656791	686.96335656791	-40.38461538461539			-72.26923076923077			-22.40346153846154			-109.94515963668418			판정불가							2.752776004754149	1.2219895913992636	판정불가		판정불가	판정불가			판정불가	Y		363472000.0	-1.0367704431436975	76.69621777951163		-21.82196458647595	248.17779998779298	176.782225189209	N	Y	중립/개선	
DOW	DOW INC.	0001751788	S&P 500	제외	PEG=판정불가, PEGY=판정불가	29.399999618530273	-3.7	2025	4.73	3816000000.0	21000000.0	3837000000.0	15060000000.0	62000000.0	16008000000.0					-15.77150084317032	-15.858628442945475			-335.6687898089172			-662.8375796178344			2452.4990445859876			8241.833593222984			판정불가									판정불가		판정불가	판정불가			판정불가	N	주당순현금<=0 | FCF<=0 | 순현금차감PER<=0/불가	711600000.0	-14.135519341929104	-14.460283583959798		-29.78265973601055	30.04360008239746	31.55550009727478	N	N	주의	단기위험부채 존재
DD	DuPont de Nemours, Inc.	0001666700	S&P 500	제외	PEG=판정불가, PEGY=판정불가	127.91999816894531	-0.3	2025	1.83	715000000.0	0.0	715000000.0	7859000000.0	60000000.0	13919000000.0	7472000000.0	65.0694217194147	34.930578280585294	1.8628211991434689	-17.041984732824428	-17.185114503816795			-117.96407185628743			-227.42814371257487			68.22844311377246			-46.66319254971969			판정불가									판정불가		판정불가	판정불가			판정불가	N	주당순현금<=0 | FCF<=0 | 순현금차감PER<=0/불가	419200000.0	-5.3706131825650205	-7.2841943631509976		-17.252085387628924	138.0323992919922	136.81094978332519	N	N	주의	단기위험부채 존재
SATS	SATS		S&P 500	판정불가																																																												SEC ticker mapping 없음
EA	EA		S&P 500	판정불가																																																												SEC ticker mapping 없음
EQR	EQR		S&P 500	판정불가																																																												SEC ticker mapping 없음
ERIE	ERIE INDEMNITY CO	0000922621	S&P 500	제외	PEG=판정불가, PEGY=판정불가	243.8300018310547			2.4	266417000.0	33902000.0	300319000.0	0.0	0.0	2283374000.0	1072107000.0	68.04908148787014	31.950918512129856	2.1298004770046273																	판정불가									판정불가		판정불가	판정불가			판정불가	N	주당순현금<=0 | FCF<=0 | 순현금차감PER<=0/불가		5.108201707803062	0.4655974029754484		-28.001535701177527	246.71400146484376	253.84314994812013	N	N	중립/개선	EPS 없음
XOM	ExxonMobil Holdings Corp	0002115436	S&P 500	제외	PEG=판정불가, PEGY=판정불가	164.22999572753906			2.56																											판정불가									판정불가		판정불가	판정불가			판정불가	N	주당순현금<=0 | FCF<=0 | 순현금차감PER<=0/불가		9.035985295154546	8.345424029340997		-4.222316114551883	154.00620056152343	145.18324989318847	Y	Y	강한 상승추세	EPS 없음
F	FORD MOTOR CO	0000037996	S&P 500	제외	PEG=판정불가, PEGY=판정불가	13.449999809265137	-2.06	2025	4.29	23356000000.0	15131000000.0	38487000000.0	291000000.0		35952000000.0	253180000000.0	12.434459001424955	87.56554099857505	0.14200173789398846	9.59939683337522	9.59939683337522			-241.0958904109589			-473.6917808219178			975.8050684931507			7155.056374208718			판정불가									판정불가		판정불가	판정불가			판정불가	N	FCF<=0 | 순현금차감PER<=0/불가	3979000000.0	-5.944058532393948	11.065236916410948		-22.878443822295925	14.099599952697753	13.508199982643127	N	N	판정불가	
GIS	GENERAL MILLS INC	0000040704	S&P 500	제외	PEG=판정불가, PEGY=판정불가	37.09000015258789	-3.74	2026	6.47	453800000.0		453800000.0	12416000000.0	68400000.0	7368400000.0	22636100000.0	24.55764968588045	75.44235031411955	0.32551543772999764	-22.246977868700018	-22.37418634926539			-805.6603773584906			-1602.8207547169811			5994.54962264151			16062.17200857372			판정불가							3.0245490050213872	8.15462117168623	판정불가		판정불가	판정불가			판정불가	N	주당순현금<=0 | 순현금차감PER<=0/불가	537700000.0	9.668836449647	-8.78012717221257		-27.431031677436792	37.84879997253418	39.80324996948242	N	N	중립/개선	단기위험부채 존재
GDDY	GoDaddy Inc.	0001609711	S&P 500	제외	PEG=판정불가, PEGY=판정불가	93.5999984741211	6.22	2025		932400000.0	0.0	932400000.0	3765200000.0	15100000.0	215100000.0					-20.14492856685701	-20.252309399022906	18.28696576221513	18.304229561598714													판정불가							11.203874243534038	11.969951310022436	판정불가		판정불가	판정불가			판정불가	N	주당순현금<=0	140621000.0	16.59192812327155	8.15807428230222		-37.00787349016645	93.78499969482422	95.86154983520508	N	N	중립/개선	단기위험부채 존재
HAL	HALLIBURTON CO	0000045012	S&P 500	제외	PEG=판정불가, PEGY=판정불가	37.130001068115234	-1.29	2019	1.85	2206000000.0		2206000000.0	7158000000.0	0.0	10461000000.0	14505000000.0	41.90098534006248	58.099014659937524	0.7211995863495346	-5.805392731535756	-5.805392731535756			-168.25396825396825			-328.0079365079365			423.1302380952381			1039.5912359900094			판정불가									판정불가		판정불가	판정불가			판정불가	N	주당순현금<=0 | FCF<=0 | 순현금차감PER<=0/불가	853000000.0	-6.544169403669575	3.339829537286665		-13.610978446782706	34.203599815368655	34.904099979400634	Y	Y	중립/개선	
HAS	HASBRO, INC.	0000046080	S&P 500	제외	PEG=판정불가, PEGY=판정불가	88.97000122070312	-2.3	2025	3.1	4580369000.0		4580369000.0	2767900000.0	0.0	2995530000.0	4986500000.0	37.528423220659406	62.4715767793406	0.6007279655068686	12.927738944365192	12.927738944365192			-183.63636363636363			-358.77272727272725			825.1772727272726			827.4780953192295			판정불가							5.919400855920114	6.6532547765579695	판정불가		판정불가	판정불가			판정불가	N	순현금차감PER<=0/불가	140200000.0	8.117633042722838	-5.622144490394543		-16.018501821433283	89.40919982910157	89.72999977111816	N	N	중립/개선	
HPE	Hewlett Packard Enterprise Co	0001645590	S&P 500	제외	PEG=판정불가, PEGY=판정불가	58.900001525878906	-0.04	2025	1.02	5773000000.0		5773000000.0	21748000000.0	4609000000.0	24688000000.0	14276000000.0	63.361051226773434	36.63894877322657	1.7293359484449426	-12.06570996978852	-15.546827794561933			-102.07253886010363			-195.64507772020727			7.825803108808291			-86.71340762976064			판정불가									판정불가		판정불가	판정불가			판정불가	N	주당순현금<=0 | FCF<=0 | 순현금차감PER<=0/불가	1324000000.0	29.47900495189448	174.84834665006215		-1.5379441217632017	50.54300025939941	33.62555013656616	Y	Y	강한 상승추세	단기위험부채 존재
HON	HONEYWELL INTERNATIONAL INC	0000773840	S&P 500	제외	PEG=판정불가, PEGY=판정불가	204.92999267578125	-0.18	2025	1.34	12487000000.0	443000000.0	12930000000.0	29046000000.0	5893000000.0	13904000000.0					-25.07156191661481	-34.23926571250778			-102.06659012629163			-195.63318025258326			35.21397244546498			-82.81658434391454			판정불가							8.434971997510889	4.116026105976502	판정불가		판정불가	판정불가			판정불가	N	주당순현금<=0 | 순현금차감PER<=0/불가	642800000.0	-5.089978115341365	-18.39260627567265		-21.222085773264375	227.7479995727539	229.80636207580565	N	N	주의	단기위험부채 존재
INTC	INTEL CORP	0000050863	S&P 500	제외	PEG=판정불가, PEGY=판정불가	106.23999786376953	-0.06	2025	0.47063253958376855	14265000000.0	23151000000.0	37416000000.0	44086000000.0	0.0	114281000000.0					-1.4724061810154525	-1.4724061810154525			98.63013698630138			205.76027397260276			-12.345616438356165			-111.62049763422137			1년	205.76027397260276	-12.345616438356165	-111.62049763422137				-1.0924944812362032	-1.028326904370892	판정불가		판정불가	1년	98.63013698630138		판정불가	N	주당순현금<=0 | FCF<=0 | 순현금차감PER<=0/불가	4530000000.0	-0.7473870001077021	121.42559165772289		-24.62040866791012	99.62019973754883	74.8612999343872	Y	Y	강한 상승추세	
IFF	INTERNATIONAL FLAVORS & FRAGRANCES INC	0000051253	S&P 500	제외	PEG=판정불가, PEGY=판정불가	84.30999755859375	-1.41	2025	1.87	590000000.0		590000000.0	4740000000.0	314000000.0	14154000000.0					-16.2109375	-17.4375			-248.42105263157896			-488.3421052631579			688.5623684210526			716.7031056340805			판정불가							1.0	1.1860989549964345	판정불가		판정불가	판정불가			판정불가	N	주당순현금<=0 | 순현금차감PER<=0/불가	256000000.0	13.579406905305792	22.68625736460823		-4.269333654206243	81.83539978027343	74.84289987564087	Y	Y	강한 상승추세	단기위험부채 존재
IP	INTERNATIONAL PAPER CO /NEW/	0000051434	S&P 500	제외	PEG=판정불가, PEGY=판정불가	34.63999938964844	-4.52	2025	5.07	1145000000.0		1145000000.0	8839000000.0	992000000.0	14827000000.0					-15.214554083448686	-17.176191417836662			-387.8980891719745			-767.296178343949			3468.178726114649			9912.063473508762			판정불가							2.301759936721376	6.64480362955554	판정불가		판정불가	판정불가			판정불가	N	주당순현금<=0 | 순현금차감PER<=0/불가	505700000.0	8.759808397999036	-10.398345767279583		-29.579182035512897	39.37300018310547	38.374200115203855	N	N	중립/개선	단기위험부채 존재
IVZ	Invesco Ltd.	0000914208	S&P 500	제외	PEG=판정불가, PEGY=판정불가	32.09000015258789	-1.6	2025	2.66	1037500000.0	363900000.0	1401400000.0	1186000000.0	0.0	12231000000.0	14089100000.0	46.4701881831756	53.5298118168244	0.8681179067506086	0.4734065934065934	0.4734065934065934			-235.5932203389831			-462.6864406779662			740.298305084746			2206.943912635179			판정불가							3.167032967032967	9.869220791441979	판정불가		판정불가	판정불가			판정불가	N	순현금차감PER<=0/불가	455000000.0	16.860893017047786	33.98747027283766		-3.6625673083320875	30.667199974060058	27.333499956130982	Y	Y	강한 상승추세	
KKR	KKR & Co. Inc.	0001404912	S&P 500	제외	PEG=판정불가, PEGY=판정불가	104.08999633789062			74.0	5363009000.0		5363009000.0	36914472000.0		30902561000.0	328512161000.0	8.59802314942458	91.40197685057542	0.09406824059703531																	판정불가									판정불가		판정불가	판정불가			판정불가	N	주당순현금<=0 | FCF<=0 | 순현금차감PER<=0/불가		9.54535888787158	19.46516655468773		-30.299987350755774	103.20640045166016	105.57110015869141	Y	N	중립/개선	EPS 없음
KHC	Kraft Heinz Co	0001637459	S&P 500	제외	PEG=판정불가, PEGY=판정불가	24.610000610351562	-4.93	2025	6.43	2615000000.0		2615000000.0		0.0	41664000000.0	39997000000.0	51.020683067804704	48.979316932195296	1.0416781258594394	2.203032855939343	2.203032855939343			-318.14159292035396			-627.7831858407079			3094.97110619469			12476.070822577998			판정불가							3.08424599831508	12.532490539710803	판정불가		판정불가	판정불가			판정불가	N	순현금차감PER<=0/불가	1187000000.0	2.328488112498839	6.352641570771711		-10.897900569960228	25.46220001220703	24.028250017166137	N	Y	상승전환	
LYV	Live Nation Entertainment, Inc.	0001335258	S&P 500	제외	PEG=판정불가, PEGY=판정불가	169.99000549316406	-0.24	2025		7094200000.0		7094200000.0	1715688000.0		271007000.0					23.19881058106669	23.19881058106669			-108.75912408759125			-209.0182481751825			50.1643795620438			-70.48980649391115			판정불가							1.4389441534685132	0.8464875033646485	판정불가		판정불가	판정불가			판정불가	N	순현금차감PER<=0/불가	231844300.0	1.4865704436800353	2.5085953182027554		-9.800488465834311	181.13779998779296	160.83665069580078	N	Y	상승전환	
LITE	Lumentum Holdings Inc.	0001633978	S&P 500	제외	PEG=판정불가, PEGY=판정불가	988.97998046875	-92.96	2026		2043500000.0	694900000.0	2738400000.0	40500000.0	1596900000.0	4643900000.0	2663600000.0	63.54977762572699	36.450222374273004	1.7434674876107523	36.16487935656836	14.758713136729222			-25224.324324324323			-50440.14864864865			4688916.218378378			474016.3937571272			판정불가							4.022788203753351	0.4067613382676015	판정불가		판정불가	판정불가			판정불가	N	순현금차감PER<=0/불가	74600000.0	15.906050810983729	47.169639950706845		-6.087797570231668	822.3708996582031	692.4787250518799	Y	Y	강한 상승추세	단기위험부채 존재
LYB	LyondellBasell Industries N.V.	0001489393	S&P 500	제외	PEG=판정불가, PEGY=판정불가	64.51000213623047	-2.34	2025	4.27	3443000000.0	0.0	3443000000.0	5772000000.0	226000000.0	10082000000.0					-4.071678321678322	-4.466783216783217			-156.38554216867468			-304.27108433734935			711.9943373493975			1003.6960374700147			판정불가							0.6713286713286714	1.0406582686371295	판정불가		판정불가	판정불가			판정불가	N	주당순현금<=0 | 순현금차감PER<=0/불가	572000000.0	-0.9823474668595567	-4.245213735718101		-21.692153086890364	61.04039985656738	60.70094993591309	Y	Y	중립/개선	단기위험부채 존재
MRNA	Moderna, Inc.	0001682852	S&P 500	제외	PEG=판정불가, PEGY=판정불가	135.61000061035156	-7.26	2025		2595000000.0	3204000000.0	5799000000.0	590000000.0		8650000000.0	3688000000.0	70.10860755389852	29.891392446101474	2.3454446854663775	13.390745501285346	13.390745501285346			21.76724137931034			52.03448275862068			-377.77034482758614			-378.57115487598463			1년	52.03448275862068	-377.77034482758614	-378.57115487598463				-5.308483290488432	-3.9145219870187202	판정불가		판정불가	1년	21.76724137931034		판정불가	N	FCF<=0 | 순현금차감PER<=0/불가	389000000.0	194.86844022849033	142.29050858085358		-22.23305607687951	88.27540069580078	55.95807511329651	Y	Y	강한 상승추세	
TAP	MOLSON COORS BEVERAGE CO	0000024545	S&P 500	제외	PEG=판정불가, PEGY=판정불가	38.47999954223633	-10.75	2025	4.94	896500000.0		896500000.0	3865400000.0	7000000.0	10230300000.0	12195700000.0	45.618032640684916	54.38196735931508	0.838844838754643	-14.911602209944752	-14.946760421898544			-300.9345794392524			-593.3691588785048			6378.718457943926			16476.711366491916			판정불가									판정불가		판정불가	판정불가			판정불가	N	주당순현금<=0 | FCF<=0 | 순현금차감PER<=0/불가	199100000.0	-5.91687504488565	-14.431846791854108		-29.23869292676714	40.98139999389648	44.0116499710083	N	N	주의	단기위험부채 존재
MNST	Monster Beverage Corp	0000865752	S&P 500	보류	PEG=판정불가, PEGY=판정불가	42.84000015258789	2.28	2010	0.006078431350898809	2088117000.0	677084000.0	2765201000.0	373951000.0		8254108000.0					2.429018813531603	2.429018813531603	17.72411462239311	17.72411462239311													판정불가							1.9969526162297564	4.6614206562021305	판정불가		판정불가	판정불가			판정불가	Y		984451000.0	-6.062930418599565	10.526320969389813		-14.268562925632267	47.17360015869141	41.85180006027222	N	Y	중립/개선	
NCLH	Norwegian Cruise Line Holdings Ltd.	0001513761	S&P 500	제외	PEG=판정불가, PEGY=판정불가	14.850000381469727	0.92	2025		209893000.0	240000000.0	449893000.0	1552480000.0		2209888000.0	20331513000.0	9.803685227905754	90.19631477209424	0.1086927470670776	-2.307911555273571	-2.307911555273571	18.6499042790688	18.6499042790688	-51.322751322751316			-94.14550264550263			-86.61386243386242			-683.2583179051079			판정불가							-2.4487259618083104	-16.489736692962673	판정불가		판정불가	판정불가			판정불가	N	주당순현금<=0 | FCF<=0	477742311.0	-17.131694652643827	-27.38386392443729		-44.87750524467764	18.49979997634888	19.81970004081726	N	N	주의	
OMC	OMNICOM GROUP INC.	0000029989	S&P 500	제외	PEG=판정불가, PEGY=판정불가	78.30000305175781	-0.27	2025	3.94	5316800000.0	0.0	5316800000.0	9272900000.0	62000000.0	12045800000.0					-19.307467057101025	-19.610053684724257			-103.61930294906168			-198.73860589812335			53.65942359249331			-31.46944891301805			판정불가							13.608589555880917	17.380062612367176	판정불가		판정불가	판정불가			판정불가	N	주당순현금<=0 | 순현금차감PER<=0/불가	204900000.0	5.839415380912305	-2.1983444423013476		-11.963120190667953	82.95160018920899	78.09725002288819	N	Y	상승전환	단기위험부채 존재
PANW	Palo Alto Networks Inc	0001327567	S&P 500	제외	PEG=판정불가, PEGY=판정불가	335.1000061035156	1.6	2025		2268600000.0	634600000.0	2903200000.0	1991500000.0		7824400000.0	15751800000.0	33.18770624612957	66.81229375387043	0.4967305323836006	1.2853517552516565	1.2853517552516565	208.63415896766497	208.63415896766497	-78.02197802197801			-147.54395604395603			-236.07032967032967			-170.44772467040937			판정불가									판정불가		판정불가	판정불가			판정불가	N	FCF<=0	709300000.0	27.307957050932075	103.17711816203979		-15.378786337496052	350.0217999267578	234.4229002380371	N	Y	상승전환	
PSKY	Paramount Skydance Corp	0002041610	S&P 500	제외	PEG=판정불가, PEGY=판정불가	10.220000267028809	-0.53	2025	1.85	3274000000.0		3274000000.0		0.0	11693000000.0					2.970961887477314	2.970961887477314															판정불가							0.29310344827586204	2.86793973207081	판정불가		판정불가	판정불가			판정불가	N	순현금차감PER<=0/불가	1102000000.0	-0.8729403387476964	2.8169084352688722		-48.20070702408944	9.595200033187867	10.957950026988984	Y	N	판정불가	
PPL	PPL Corp	0000922224	S&P 500	제외	PEG=판정불가, PEGY=판정불가	34.54999923706055	1.59	2025	3.25	1071000000.0	0.0	1071000000.0	17990000000.0	456000000.0	13933000000.0					-22.76053746024742	-23.373978271280745	36.044362702709414	36.430174533547984													판정불가							-1.8847161760037021	-5.45503970368264	판정불가		판정불가	판정불가			판정불가	N	주당순현금<=0 | FCF<=0	743348000.0	-2.8948919083392033	-8.209352291960148		-13.21276552318701	35.46540016174316	36.274450092315675	N	N	주의	단기위험부채 존재
Q	Qnity Electronics, Inc.	0002058873	S&P 500	제외	PEG=판정불가, PEGY=판정불가	125.47000122070312	3.3	2025	26.0	915000000.0		915000000.0	4100000000.0		7095000000.0	6704000000.0	51.41676933111094	48.58323066888905	1.0583233890214798	-15.181124880838894	-15.181124880838894	42.62155336410365	42.62155336410365													판정불가									판정불가		판정불가	판정불가			판정불가	N	주당순현금<=0 | FCF<=0	209800000.0	-10.211824611069598	7.912621349667304		-28.564107460309028	134.23719985961915	122.067200050354	N	Y	중립/개선	
SJM	J M SMUCKER Co	0000091419	S&P 500	제외	PEG=판정불가, PEGY=판정불가	123.30999755859375	-1.3	2026	3.59	101300000.0	18600000.0	119900000.0	6392800000.0	420900000.0	5543800000.0	10675600000.0	34.18005598234213	65.81994401765786	0.519296339315823	-57.86808118081181	-61.75092250922509			88.76404494382022			186.02808988764045			-241.83651685393258			-296.12077012572973			1년	186.02808988764045	-241.83651685393258	-296.12077012572973				10.666051660516604	8.649786612353447	판정불가		판정불가	1년	88.76404494382022		판정불가	N	주당순현금<=0 | 순현금차감PER<=0/불가	108400000.0	5.348136987290686	14.579069328735939		-6.823333103502193	119.8097998046875	107.00315010070801	Y	Y	강한 상승추세	단기위험부채 존재
TTWO	TAKE TWO INTERACTIVE SOFTWARE INC	0000946581	S&P 500	제외	PEG=판정불가, PEGY=판정불가	211.13999938964844	-1.62	2026	0.0004736194008197137	1545500000.0	443800000.0	1989300000.0	2488000000.0	30000000.0	3510900000.0	5872300000.0	37.416872708670816	62.58312729132919	0.5978747679784752	-2.9318048206937095	-3.1081716637272194			93.66692728694292			195.83385457388584			-317.2508444096951			-250.25615483886804			1년	195.83385457388584	-317.2508444096951	-250.25615483886804				2.7131099353321577	1.2849815019300286	판정불가		판정불가	1년	93.66692728694292		판정불가	N	주당순현금<=0 | 순현금차감PER<=0/불가	170100000.0	0.3230982866525123	0.02368802530925418		-19.501318193183515	238.44279907226561	227.60980003356934	N	N	중립/개선	단기위험부채 존재
TKO	TKO Group Holdings, Inc.	0001973266	S&P 500	제외	PEG=판정불가, PEGY=판정불가	191.0800018310547	-0.08	2025	1.62	831100000.0		831100000.0	3724063000.0	38061000.0	3737381000.0	6245742000.0	37.436992412093886	62.56300758790611	0.5983886302059868	-14.911329390520558	-15.107508915779817			-500.0			-991.5			79.32000000000001			-58.48859156379348			판정불가									판정불가		판정불가	판정불가			판정불가	N	주당순현금<=0 | FCF<=0 | 순현금차감PER<=0/불가	194011072.0	-7.435930528193757	-5.419985652825876		-15.060456913083852	188.84139862060547	197.37819969177247	Y	N	주의	단기위험부채 존재
VTRS	Viatris Inc	0001792044	S&P 500	제외	PEG=판정불가, PEGY=판정불가	16.5	-3.0	2025	2.89	1322400000.0	40700000.0	1363100000.0	12480600000.0	0.0	0.0	22481800000.0	0.0	100.0	0.0	-9.211616538238463	-9.211616538238463			-466.03773584905656			-923.5754716981131			2770.7264150943392			16692.281303602056			판정불가							1.6050211285110614	9.727400778854918	판정불가		판정불가	판정불가			판정불가	N	주당순현금<=0 | 순현금차감PER<=0/불가	1206900000.0	4.6290394486129705	18.11023396286078		-7.614784792131046	16.775200061798095	14.781450009346008	N	Y	상승전환	
V	VISA INC.	0001403161	S&P 500	제외	PEG=판정불가, PEGY=판정불가	367.3900146484375			73.0	17164000000.0	3604000000.0	20768000000.0	19602000000.0	5569000000.0	26437000000.0	61718000000.0	29.98922352674267	70.01077647325732	0.4283515343983927																	판정불가									판정불가		판정불가	판정불가			판정불가	N	주당순현금<=0 | FCF<=0 | 순현금차감PER<=0/불가		13.757129170453087	18.911841276981313		-4.360389275074484	364.3558038330078	334.52385009765624	Y	Y	강한 상승추세	단기위험부채 존재 | EPS 없음
WYNN	WYNN RESORTS LTD	0001174922	S&P 500	제외	PEG=판정불가, PEGY=판정불가	90.2300033569336	3.14	2025	1.08	1463442000.0	0.0	1463442000.0	10537402000.0	9410000.0	-275492000.0	14139396000.0	-1.9871170487043188	101.9871170487043	-0.01948400058955842	-87.04622852373781	-87.13649837399154	56.45739868811191	56.48614704806533	-27.81609195402298			-47.13218390804596			-147.99505747126432			-264.01978495536855			판정불가				-0.4735622358678161			6.640445881258214	7.359465404195774	판정불가		판정불가	판정불가			판정불가	N	주당순현금<=0	104243000.0	-14.278926918360336	-9.833113188666843		-32.3308790797579	97.64619979858398	106.83889991760253	N	N	주의	단기위험부채 존재
