티커	종목명	CIK	유니버스	종합판정	종합판정사유	현재가	EPS(FY)	EPS기준연도	배당수익률(%)	현금및현금성자산	유가증권성자산	현금성자산합계	장기부채	단기위험부채	주주지분	총부채	주주지분비중	부채비중	주주대부채배수	주당순현금(린치식)	주당순현금(보수형)	순현금차감PER(린치식)	순현금차감PER(보수형)	연간이익증가율(1년,%)	연간이익증가율(3년CAGR,%)	연간이익증가율(5년CAGR,%)	그레이엄적정PER(1년)	그레이엄적정PER(3년)	그레이엄적정PER(5년)	그레이엄내재가치(1년)	그레이엄내재가치(3년)	그레이엄내재가치(5년)	그레이엄괴리율(1년,%)	그레이엄괴리율(3년,%)	그레이엄괴리율(5년,%)	그레이엄사용기준	그레이엄적정PER(선택)	그레이엄내재가치(선택)	그레이엄괴리율(선택,%)	배당감안점수(1년)	배당감안점수(3년)	배당감안점수(5년)	주당잉여현금흐름	잉여현금흐름수익률(%)	배당감안점수기준	배당감안점수	배당감안점수판정	사용연성장률기준	사용연성장률(%)	린치PER배수	린치PER판정	하드필터통과	하드필터사유	발행주식수	3M수익률(보조,%)	6M수익률(보조,%)	12M수익률(보조,%)	52주고점대비(보조,%)	50일이평(보조)	200일이평(보조)	50일선상회(보조)	200일선상회(보조)	추세판정(보조)	비고
BRK-B	BERKSHIRE HATHAWAY INC	0001067983	S&P 500	제외	PEG=매우 유망, PEGY=판정불가	505.8299865722656	3035.0	2013		31583000000.0		31583000000.0			717419000000.0	502473000000.0	58.81004220045709	41.18995779954291	1.4277762188217078	19217.429611745007	19217.429611745007	-6.165271705164001	-6.165271705164001	10.08342401160682	4.546670945333653		28.66684802321364	17.593341890667304		87003.88375045339	53395.79263817527		17100.222616304607	10456.074976892824		3년	17.593341890667304	53395.79263817527	10456.074976892825				15237.402157404884	3012.3564363315945	판정불가		판정불가	3년	4.546670945333653	-1.355996899553849	매우 유망	N	순현금차감PER<=0/불가	1643456.0	3.7025643162493793	2.365720560425588		-4.455819028254149	503.2893981933594	492.4191995239258	Y	Y	강한 상승추세	
CVNA	CARVANA CO.	0001690820	S&P 500	제외	PEG=매우 유망, PEGY=판정불가	74.72000122070312	8.45	2025		2327000000.0		2327000000.0	4830000000.0	211000000.0	3441000000.0	8998000000.0	27.662995417638076	72.33700458236193	0.3824183151811514	-11.160306228458557	-12.101107113078916	10.163349993983632	10.27468737677894	431.4465408805031			871.3930817610062			7363.271540880502			9754.485305924105			1년	871.3930817610062	7363.271540880502	9754.485305924105				3.9638482769075742	5.304936044098038	판정불가		판정불가	1년	431.4465408805031	0.023556452609962	매우 유망	N	주당순현금<=0	224277000.0							판정불가	판정불가	판정불가	단기위험부채 존재
BXP	BXP, Inc.	0001037540	S&P 500	제외	PEG=매우 유망, PEGY=안심	65.73999786376953	1.74	2025	4.14	1478206000.0		1478206000.0	3300000000.0	750000000.0	5147190000.0	18473924000.0	21.790631889757613	78.20936811024238	0.2786192040196766	-11.467271777376329	-16.188142431814892	44.37199404663555	47.08513810091059	1833.3333333333333	-31.442996126467893	-20.67539892344771	3675.1666666666665	-54.385992252935786	-32.85079784689542	6394.79	-94.63162652010827	-57.16038825359803	9627.396117735929	-243.9483261259146	-186.94917875119086	1년	3675.1666666666665	6394.79	9627.396117735929	41.41065491449685	-0.6153204676303725	-0.37265395163599785			1년	41.41065491449685	안심	1년	1833.3333333333333	0.0242029058436193	매우 유망	N	주당순현금<=0 | FCF<=0	158869000.0	-1.3061143050745239	23.016466229684895		-16.711012783996303	68.59799987792968	63.55660007476806	N	Y	중립/개선	단기위험부채 존재
SNDK	Sandisk Corp	0002023554	S&P 500	보류	PEG=매우 유망, PEGY=판정불가	1737.989990234375	73.76	2026		4762000000.0		4762000000.0	0.0	0.0	15736000000.0	6771000000.0	69.91602612520549	30.083973874794506	2.324028946979767	30.72258064516129	30.72258064516129	23.14625013000561	23.14625013000561	751.5901060070672			1511.6802120141344			111501.53243816257			6315.545144947937			1년	1511.6802120141344	111501.53243816257	6315.545144947937				74.15483870967742	4.266701139036902	판정불가		판정불가	1년	751.5901060070672	0.0307963741739143	매우 유망	Y		155000000.0	5.5540678636605945	180.823724587259		-25.567880503881156	1543.19619140625	1011.4329482269287	Y	Y	강한 상승추세	
EQT	EQT Corp	0000033213	S&P 500	제외	PEG=매우 유망, PEGY=안심	55.119998931884766	3.31	2025	1.2	110795000.0		110795000.0	7293209000.0	53650000.0	23752677000.0	14432726000.0	62.20355196984565	37.79644803015435	1.6457512600183777	-11.665122125911742	-11.75225631255918	20.17677373347326	20.203098261161312	635.5555555555555	-8.914070517873663		1279.611111111111	-9.328141035747326		4235.512777777778	-30.876146828323648		7584.1670171508285	-156.01623263178803		1년	1279.611111111111	4235.512777777778	7584.1670171508285	31.55883908730058	-0.3823242813629823		4.608492213143376	8.360835091521643	1년	31.55883908730058	안심	1년	635.5555555555555	0.0317466719582621	매우 유망	N	주당순현금<=0	615717000.0	4.611881511691651	-10.852341420762757		-18.857649515298156	52.714799880981445	56.13110004425049	Y	N	중립/개선	단기위험부채 존재
AIG	AMERICAN INTERNATIONAL GROUP, INC.	0000005272	S&P 500	제외	PEG=매우 유망, PEGY=안심	74.68000030517578	5.43	2025	2.62	1345000000.0	13230000000.0	14575000000.0	9191000000.0	250000000.0	41139000000.0	120092000000.0	25.51556462466895	74.48443537533105	0.3425623688505479	9.439817854436424	9.001490502354494	12.014766565513694	12.095489834773717	350.2304147465438	-25.267844119025785		708.9608294930875	-42.03568823805157		3849.6573041474653	-228.25378713262		5054.870498682444	-405.64245607910186		1년	708.9608294930875	3849.6573041474653	5054.870498682444	29.3680624440378	-1.885000760982947				1년	29.3680624440378	안심	1년	350.2304147465438	0.0343053203252167	매우 유망	N	FCF<=0	570349988.0	1.0281414435285408	-4.317748385412945		-13.754471112621115	77.86679977416992	77.35964992523193	N	N	중립/개선	단기위험부채 존재
BKNG	Booking Holdings Inc.	0001075531	S&P 500	매우 유망	PEG=매우 유망, PEGY=안심	180.3000030517578	165.57	2025	87.0	17203000000.0	0.0	17203000000.0	16856000000.0	1880000000.0	-5578000000.0	34842000000.0	-19.060962274466924	119.06096227446692	-0.1600941392572183	10.631453169521125	-46.96835074604002	1.024754181809728	1.3726421078564828	-4.1229949620707655	29.43673092572357	158.29965811243966	0.2540100758584689	67.37346185144713	325.0993162248793	42.05644825988669	11155.024078744102	53826.693787353266	-76.67418327895771	6086.923954483731	29753.961661831756	3년	67.37346185144713	11155.024078744102	6086.923954483731	80.87501032839647	113.62406027960277	239.3741469580905	278.4092649897362	154.41445384214146	3년	113.62406027960276	안심	3년	29.436730925723566	0.0348120918859993	매우 유망	Y		32639000.0	9.945726576168479	3.1046916350510934		-19.15856813853878	194.22699981689453	185.78327415466308	N	N	중립/개선	단기위험부채 존재
EXE	EXPAND ENERGY Corp	0000895126	S&P 500	제외	PEG=매우 유망, PEGY=안심	98.19000244140625	7.57	2025	2.35	616000000.0	0.0	616000000.0	5009000000.0	0.0	18578000000.0	9709000000.0	65.67681267013116	34.323187329868844	1.9134823359769286	-18.27599118026376	-18.27599118026376	15.385203913034347	15.385203913034347	266.3736263736264	-39.005602482843		541.2472527472528	-69.51120496568599		4097.241703296704	-526.199821590243		4072.7687151669907	-635.8995911057714		1년	541.2472527472528	4097.241703296704	4072.7687151669907	17.466367549796576	-2.382523019521916		7.650705162873903	7.791735383079732	1년	17.466367549796576	안심	1년	266.3736263736264	0.0577579849870513	매우 유망	N	주당순현금<=0	240370000.0	10.599238332388605	-6.190881667046422		-20.09927339158468	93.03129989624023	100.9839249420166	Y	N	중립/개선	
SOLV	Solventum Corp	0001964738	S&P 500	제외	PEG=매우 유망, PEGY=판정불가	90.11000061035156	8.88	2025		878000000.0		878000000.0	5035000000.0	0.0	5049000000.0	9245000000.0	35.322512942493354	64.67748705750664	0.5461330448891293	-23.713633770678836	-23.713633770678836	12.81797684471063	12.81797684471063	221.73913043478265			451.9782608695653			4013.5669565217404			4354.074941001248			1년	451.9782608695653	4013.5669565217404	4354.074941001248				-0.05704506560182544	-0.06330603175611596	판정불가		판정불가	1년	221.73913043478265	0.0578065622408518	매우 유망	N	주당순현금<=0 | FCF<=0	175300000.0	9.277227274817434	33.29882047977832		-2.520555787016099	84.22519973754883	77.45499994277954	Y	Y	강한 상승추세	
CMCSA	COMCAST CORP	0001166691	S&P 500	매우 유망	PEG=매우 유망, PEGY=안심	26.329999923706055	5.39	2025	4.98	9481000000.0	14000000.0	9495000000.0		2781000000.0	96903000000.0					2.559989215421947	1.8101914262604475	4.410020539570335	4.549129591362822	30.193236714975846	64.538600212299	49.1602769351271	68.88647342995169	137.577200424598	106.8205538702542	371.2980917874396	741.5411102885832	575.7627853606701	1310.1712603999806	2716.3354061423343	2086.7177631181294	3년	137.577200424598	741.5411102885832	2716.3354061423343	7.9757534912530685	15.763781503628131	12.27664960952811	5.9026691830682125	22.418037220553806	3년	15.763781503628133	안심	3년	64.538600212299	0.0683315182706724	매우 유망	Y		3709000000.0	10.398320765492164	-15.255873246460872		-18.934728156424196	24.90720001220703	26.91808572769165	Y	N	중립/개선	단기위험부채 존재
PGR	PROGRESSIVE CORP/OH/	0000080661	S&P 500	매우 유망	PEG=매우 유망, PEGY=안심	214.89999389648438	19.23	2025	18.0	138000000.0	10005000000.0	10143000000.0	2707900000.0	0.0	30323000000.0	92716000000.0	24.645031250253986	75.35496874974602	0.3270525044221062	12.642577792892364	12.642577792892364	10.51780634964077	10.51780634964077	33.541666666666664	153.53179173781882	14.762613935523516	75.58333333333333	315.56358347563764	38.025227871047036	1453.4675	6068.287710236512	731.2251319602345	576.345994081379	2723.7728629995017	240.26298405222843	3년	315.56358347563764	6068.287710236512	2723.7728629995017	4.900419816954231	16.30870411905591	3.1149664527377907	29.246726747151843	13.60945908692755	3년	16.30870411905591	안심	3년	153.53179173781882	0.0685057226948909	매우 유망	Y		588100000.0	7.380197198476335	3.836483825396586		-13.62540544190477	217.31759887695313	210.55134979248047	N	Y	상승전환	
COHR	COHERENT CORP.	0000820318	S&P 500	제외	PEG=매우 유망, PEGY=판정불가	301.8800048828125	4.12	2026		1162018000.0	825000000.0	1987018000.0	3214308000.0	7916000.0	10903495000.0	7061652000.0	60.69248974138648	39.307510258613526	1.5440430935990614	-6.281328849923486	-6.321843316085513	74.79644022639224	74.80627383468398	892.3076923076924			1793.1153846153848			7387.635384615385			2347.2092437798947			1년	1793.1153846153848	7387.635384615385	2347.2092437798947				-5.237784499480518	-1.735055126129929	판정불가		판정불가	1년	892.3076923076924	0.0838235968054395	매우 유망	N	주당순현금<=0 | FCF<=0	195387000.0	-15.187952235712231	15.822585910302877		-29.283891746349745	305.5450012207031	277.25405052185056	N	Y	중립/개선	단기위험부채 존재
T	AT&T INC.	0000732717	S&P 500	제외	PEG=매우 유망, PEGY=안심	25.600000381469727	3.04	2025	4.32	18234000000.0	1890000000.0	20124000000.0	61300000000.0	0.0	126491000000.0	279032000000.0	31.19206555485139	68.80793444514862	0.4533207660770091	-5.73561777406324	-5.73561777406324	10.307769130109529	10.307769130109529	104.02684563758389			216.55369127516778			658.3232214765101			2471.575045573163			1년	216.55369127516778	658.3232214765101	2471.575045573163	10.51118280492887			2.7353391837303245	10.684918527228888	1년	10.51118280492887	안심	1년	104.02684563758389	0.099087587121698	매우 유망	N	주당순현금<=0	7179000000.0							판정불가	판정불가	판정불가	
MOS	MOSAIC CO	0001285785	S&P 500	제외	PEG=매우 유망, PEGY=불리(<1)	26.530000686645508	1.7	2025	3.4	276600000.0		276600000.0	3834100000.0	759900000.0	12084900000.0					-11.155534650360615	-13.538413295703982	22.16796196294478	23.569655283734996	209.09090909090904	-44.713769482781785	-0.5780734258513109	426.6818181818181	-80.92753896556357	7.343853148297378	725.3590909090907	-137.57681624145806	12.484550352105542	2634.1088282527526	-618.5707225055239	-52.94176393146521	1년	426.6818181818181	725.3590909090907	2634.1088282527526	9.585495926332863	-1.8636701719283213	0.1272975196757251	-1.6763875823142051	-6.318837312198239	5년	0.1272975196757251	불리(<1)	1년	209.09090909090904	0.1060206876488663	매우 유망	N	주당순현금<=0 | FCF<=0	318900000.0	24.67105183551377	0.18882607731705026		-26.161980347036582	22.81200008392334	24.52795003890991	Y	Y	상승전환	단기위험부채 존재
GPN	GLOBAL PAYMENTS INC	0001123360	S&P 500	제외	PEG=매우 유망, PEGY=안심	89.41999816894531	5.78	2025	1.08	8336402000.0		8336402000.0	9090364000.0	35137000.0	22888767000.0	29559003000.0	43.641068056849704	56.3589319431503	0.7743416447435659	-3.1154424647119106	-3.2606318799378533	16.009591805131006	16.034711081121653	-6.168831168831167	143.56933796914083	56.79044787371208	-3.8376623376623336	295.63867593828166	122.08089574742417	-22.18168831168829	1708.791546923268	705.6275774201117	-124.80618291870171	1810.9724691503231	689.116072320799	3년	295.63867593828166	1708.791546923268	1810.9724691503231	-0.3178613940175675	9.035167150406755	3.614736001898865	10.570125780965919	11.820762690014032	3년	9.035167150406757	안심	3년	143.56933796914083	0.1115112184230601	매우 유망	N	주당순현금<=0	242008000.0	40.13476922815722	21.593686504925035		-5.704949443898166	85.03279983520508	75.75590003967285	Y	Y	강한 상승추세	단기위험부채 존재
AIZ	ASSURANT, INC.	0001267238	S&P 500	매우 유망	PEG=매우 유망, PEGY=안심	281.010009765625	16.93	2025	1.23	1834100000.0	402500000.0	2236600000.0	2006900000.0	0.0	5871600000.0	30418000000.0	16.17984215863498	83.82015784136502	0.19303044250115065	4.496282384855581	4.496282384855581	16.332765940978703	16.332765940978703	17.08160442600276	137.11065981498948	49.9928022766621	42.66320885200552	282.72131962997895	108.4856045533242	722.2881258644534	4786.471941335543	1836.6612850877787	157.0328816638504	1603.3101224143852	553.5928334437755	3년	282.72131962997895	4786.471941335543	1603.3101224143852	1.121157585443576	8.470130553202535	3.13619888154674	31.288018127789123	11.134129404815415	3년	8.470130553202535	안심	3년	137.11065981498948	0.1191210512954817	매우 유망	Y		51086649.0	11.960637322380773	27.90624199773042		-6.8176533008104006	281.00000061035155	246.1029997253418	Y	Y	강한 상승추세	
TTD	Trade Desk, Inc.	0001671933	S&P 500	보류	PEG=매우 유망, PEGY=판정불가	14.020000457763672	0.9	2025		658175000.0	644882000.0	1303057000.0			2484391000.0	3668829000.0	40.37546195325375	59.62453804674625	0.6771618410124866	2.6401668723191727	2.6401668723191727	12.644259539382777	12.644259539382777	15.384615384615383	101.50381586419562	-28.890526663955164	39.26923076923077	211.50763172839123	-49.28105332791033	35.34230769230769	190.35686855555213	-44.352947995119294	152.0849253805598	1257.7522278192273	-416.3548255846065	3년	211.50763172839123	190.35686855555213	1257.7522278192273				1.6122143405646023	11.499388644255196	판정불가		판정불가	3년	101.50381586419562	0.124569302461494	매우 유망	Y		493551000.0	-29.512313283125348	-49.31308555637829		-74.09939002195583	16.491600112915037	24.899975090026857	N	N	주의	
DASH	DoorDash, Inc.	0001792789	S&P 500	보류	PEG=매우 유망, PEGY=판정불가	200.44000244140625	2.13	2025		4378000000.0	1128000000.0	5506000000.0			10033000000.0	9613000000.0	51.0689198819098	48.9310801180902	1.0436908353271612	12.52257292704339	12.52257292704339	88.22414531190745	88.22414531190745	634.4827586206897			1277.4655172413793			2721.0015517241377			1257.5142279892739			1년	1277.4655172413793	2721.0015517241377	1257.5142279892739				4.944437621393449	2.466791838539732	판정불가		판정불가	1년	634.4827586206897	0.1390489246763758	매우 유망	Y		439686000.0							판정불가	판정불가	판정불가	
APA	APA Corp	0001841666	S&P 500	제외	PEG=매우 유망, PEGY=안심	43.54999923706055	3.99	2025	2.34	516000000.0		516000000.0			6093000000.0					1.4373259052924792	1.4373259052924792	10.554554719741368	10.554554719741368	75.77092511013217	-28.726114714581406		160.04185022026434	-48.95222942916281		638.5669823788547	-195.31939542235963		1366.2847154207104	-548.4946012493729		1년	160.04185022026434	638.5669823788547	1366.2847154207104	7.400684082297905	-2.499974221103662				1년	7.400684082297905	안심	1년	75.77092511013217	0.1392955768244936	매우 유망	N	FCF<=0	359000000.0	18.956565176201302	36.86360670878419		-2.5727103048113764	38.04360004425049	33.66770008087158	Y	Y	강한 상승추세	
EIX	EDISON INTERNATIONAL	0000827052	S&P 500	제외	PEG=매우 유망, PEGY=안심	59.33000183105469	11.55	2025	6.18	158000000.0	10000000.0	168000000.0	36070000000.0	2390000000.0	17579000000.0	74767000000.0	19.03601671972798	80.96398328027202	0.2351170971150374	-93.01036269430051	-99.20207253886011	13.189641950247202	13.725720724667946	248.9425981873112	93.26535131289802	52.72616154177432	506.3851963746224	195.03070262579604	113.95232308354863	5848.7490181268895	2252.6046153279444	1316.1493316149867	9757.995681142083	3696.737815283329	2118.353768743833	3년	195.03070262579604	2252.6046153279444	3696.7378152833285	19.342647749625204	7.539655108760114	4.466092541706205	-1.8523316062176165	-3.122082503034853	3년	7.539655108760114	안심	3년	93.26535131289802	0.141420600089705	매우 유망	N	주당순현금<=0 | FCF<=0	386000000.0	-16.74150988989411	-16.530669242141816		-26.188101694004693	72.2244002532959	68.49180000305176	N	N	주의	단기위험부채 존재
PODD	INSULET CORP	0001145197	S&P 500	제외	PEG=매우 유망, PEGY=판정불가	142.27999877929688	3.48	2025		907200000.0	0.0	907200000.0	1374300000.0	18400000.0	1515200000.0	1675200000.0	47.492477432296894	52.50752256770311	0.9044890162368673	-6.49778816459394	-6.753748991458698	42.752237627554834	42.82578958929758	-39.7923875432526	267.70008870907657	103.38356182130251	-71.0847750865052	543.9001774181531	215.26712364260501	-247.3750173010381	1892.7726174151728	749.1295902762654	-273.8649279051256	1230.3153174405213	426.5178498056545	3년	543.9001774181531	1892.7726174151728	1230.3153174405213				5.2541524079793005	3.69282573310215	판정불가		판정불가	3년	267.70008870907657	0.1597019927550935	매우 유망	N	주당순현금<=0	71886000.0	-10.857716787660198	-40.2787124333829		-59.67348908063743	154.00319946289062	209.24540077209474	N	N	주의	단기위험부채 존재
MCHP	MICROCHIP TECHNOLOGY INC	0000827054	S&P 500	제외	PEG=매우 유망, PEGY=안심	73.37999725341797	0.22	2026	2.45	240300000.0	0.0	240300000.0	5496400000.0	0.0	6432400000.0					-9.64068231841526	-9.64068231841526	377.36672532651465	377.36672532651465	2300.0	-62.033647476478926	-29.795234328396646	4608.5	-115.56729495295785	-51.09046865679329	1013.87	-25.424804889650726	-11.239903104494525	1281.670806689455	-134.648140966599	-115.31739373834738	1년	4608.5	1013.87	1281.670806689455	6.101359355432879	-0.15789322024861752	-0.07246328966799158	1.5975788701393985	2.1771312754648333	1년	6.101359355432879	안심	1년	2300.0	0.1640724892723976	매우 유망	N	주당순현금<=0	545200000.0							판정불가	판정불가	판정불가	
ACGL	ARCH CAPITAL GROUP LTD.	0000947484	S&P 500	제외	PEG=매우 유망, PEGY=안심	95.70999908447266	11.6	2025	5.224114562562112	993000000.0		993000000.0			24206000000.0	55035000000.0	30.54731767645537	69.45268232354464	0.4398291996002544	2.641660015961692	2.641660015961692	8.02313267831991	8.02313267831991	3.663985701519215	45.06349306453876	17.271170538952106	15.827971403038429	98.62698612907752	43.04234107790421	183.60446827524578	1144.0730390972992	499.29115650368885	91.83415529363694	1095.3537248365783	421.67084032987987	3년	98.62698612907752	1144.0730390972992	1095.3537248365785	1.1078092087519291	6.267827000167643	2.8038032029933793			3년	6.267827000167643	안심	3년	45.06349306453876	0.1780406296251688	매우 유망	N	FCF<=0	375900000.0	5.862178086145242	-0.499015848581541		-10.114579200714902	100.02819961547851	96.11919975280762	N	N	중립/개선	
UAL	United Airlines Holdings, Inc.	0000100517	S&P 500	제외	PEG=매우 유망, PEGY=안심	108.23500061035156	10.2	2025	1.9864184301527823	5942000000.0	6298000000.0	12240000000.0	17170000000.0	4096000000.0	15282000000.0					-15.007610350076103	-27.476407914764078	12.082608917688988	13.305040051481926	7.936507936507938	65.99631084110487		24.373015873015873	140.49262168220974		248.6047619047619	1433.0247411585392		129.68980505644808	1223.9938403266246		3년	140.49262168220974	1433.0247411585392	1223.9938403266246	0.8212569350095835	5.626494222761002				3년	5.626494222761002	안심	3년	65.99631084110487	0.1830800655930529	매우 유망	N	주당순현금<=0 | FCF<=0	328500000.0	-1.2724588871800946	18.809003757665298		-20.479758926604564	121.04349975585937	108.3693748474121	N	N	판정불가	단기위험부채 존재
PSX	Phillips 66	0001534701	S&P 500	제외	PEG=매우 유망, PEGY=안심	259.1400146484375	10.79	2025	1.99	1116000000.0		1116000000.0	1100000000.0	0.0	29093000000.0	43439000000.0	40.110571885512606	59.889428114487394	0.6697437786321048	0.03921059274162915	0.03921059274162915	24.01304949543057	24.01304949543057	116.2324649298597	-22.599870532058443		240.9649298597194	-36.699741064116886		2600.011593186372	-395.99020608182116		903.3230864456343	-252.80936316185736		1년	240.9649298597194	2600.011593186372	903.3230864456343	4.92325912010285	-0.858277934919523				1년	4.92325912010285	안심	1년	116.2324649298597	0.2065950292796527	매우 유망	N	FCF<=0	408053000.0	44.77095790415502	59.470778245192314		0.0	216.05360107421876	172.99330032348632	Y	Y	강한 상승추세	
DAL	DELTA AIR LINES, INC.	0000027904	S&P 500	제외	PEG=매우 유망, PEGY=안심	78.95999908447266	7.66	2025	1.07	4310000000.0	0.0	4310000000.0	11936000000.0	1372000000.0	20853000000.0					-11.660550458715596	-13.758409785932722	11.8303589481969	12.104230923029423	43.71482176360225	54.92464741024845		95.9296435272045	118.34929482049691		734.8210694183865	906.5555983250064		830.6244654743008	1048.120071981205		3년	118.34929482049691	906.5555983250064	1048.120071981205	3.7855843562910696	4.733131738051174				3년	4.733131738051174	안심	3년	54.924647410248454	0.2153925333344872	매우 유망	N	주당순현금<=0 | FCF<=0	654000000.0							판정불가	판정불가	판정불가	단기위험부채 존재
EOG	EOG RESOURCES INC	0000821189	S&P 500	제외	PEG=매우 유망, PEGY=안심	145.36000061035156	9.12	2025	2.81	3396000000.0		3396000000.0	7909000000.0	27000000.0	29833000000.0					-8.265567765567766	-8.315018315018316	16.84490881314905	16.850331022518628	-18.93333333333334	-11.640253534777134	73.5055490536587	-29.36666666666668	-14.780507069554268	155.5110981073174	-267.8240000000001	-134.79822447433492	1418.2612147387345	-284.2487609214605	-192.7340560734254	875.6887787449111	5년	155.5110981073174	1418.2612147387345	875.6887787449111	-0.9571635864687822	-0.5242090433807681	4.530481577560525			5년	4.530481577560525	안심	5년	73.5055490536587	0.2291651314767045	매우 유망	N	주당순현금<=0 | FCF<=0	546000000.0	5.847228334836463	13.660177734051327		-5.024503291780846	141.78720001220702	128.8663998413086	Y	Y	강한 상승추세	단기위험부채 존재
POOL	POOL CORP	0000945841	S&P 500	제외	PEG=매우 유망, PEGY=안심	177.33999633789062	10.85	2025	2.81	16358000.0		16358000.0	1186424000.0	13029000.0	1185229000.0	2440897000.0	32.68581952199124	67.31418047800877	0.48557108308953634	-31.379156833297575	-31.72857219480798	19.23678831070859	19.26899249149296	-3.982300884955761	81.32295304049583	49.55892924246974	0.5353982300884779	171.14590608099167	107.61785848493948	5.809070796459984	1856.9330809787596	1167.6537645615933	-96.72433127527994	947.1033716729615	558.4266317096519	3년	171.14590608099167	1856.9330809787596	947.1033716729617	-0.06094057209659959	4.373544672925539	2.7223322519652307	8.300686547951084	4.680662410827823	3년	4.373544672925539	안심	3년	81.32295304049583	0.2365480788816089	매우 유망	N	주당순현금<=0	37288000.0							판정불가	판정불가	판정불가	단기위험부채 존재
GEV	GE Vernova Inc.	0001996810	S&P 500	제외	PEG=매우 유망, PEGY=안심	971.3099975585938	17.69	2025	21.0	8848000000.0		8848000000.0		63000000.0	11178000000.0	50720000000.0	18.058741801027498	81.9412581989725	0.22038643533123028	32.05797101449275	31.829710144927535	53.095083467727584	53.10798685210097	217.02508960573476			442.5501792114695			7828.712670250897			705.9952733863046			1년	442.5501792114695	7828.712670250897	705.9952733863046	4.482996806105633					1년	4.482996806105633	안심	1년	217.02508960573476	0.2446495175474153	매우 유망	N	FCF<=0	276000000.0	5.559959983385232	15.742371714714753		-17.325467743465527	1013.9196032714843	888.2021990966797	N	Y	상승전환	단기위험부채 존재
PRU	PRUDENTIAL FINANCIAL INC	0001137774	S&P 500	제외	PEG=매우 유망, PEGY=안심	119.37999725341797	9.99	2025	4.59	19712000000.0	7800000000.0	27512000000.0	18856000000.0		32438000000.0	738159000000.0	4.209463571750215	95.79053642824978	0.043944461830039326	24.47271699180096	24.47271699180096	9.500228254416117	9.500228254416117	33.2		37.53520846738611	74.9		83.57041693477223	748.2510000000001		834.8684651783745	526.7808822374361		599.3369780417476	5년	83.57041693477223	834.8684651783745	599.3369780417476	3.977799163134168		4.434125932480043			5년	4.434125932480043	안심	5년	37.53520846738611	0.2531017847595211	매우 유망	N	FCF<=0	353700000.0	15.120540758551648	25.04451212631791		-4.595221071055311	119.31479934692383	108.07315013885498	Y	Y	강한 상승추세	
EG	EVEREST GROUP, LTD.	0001095073	S&P 500	제외	PEG=매우 유망, PEGY=안심	369.8299865722656	37.8	2025	2.1	656095000.0	331000000.0	987095000.0		50000000.0	15461000000.0	47054000000.0	24.73166440054387	75.26833559945612	0.32857992944276787	23.728245192307693	22.526322115384616	9.156130724337514	9.187927631134418	18.942731277533024	35.51207914489844	88.45989078523058	46.38546255506605	79.52415828979689	185.41978157046117	1753.3704845814966	3006.013183354322	7008.867743363432	374.10176249699106	712.8094780023847	1795.1593969770984	3년	79.52415828979689	3006.013183354322	712.8094780023847	2.2982121936726236	4.1078573774534926	9.8906288596904			3년	4.1078573774534926	안심	3년	35.51207914489844	0.2578314462236395	매우 유망	N	FCF<=0	41600000.0	11.444923842159804	12.925186739623085		-7.241039566302899	373.7025988769531	343.0787991333008	N	Y	상승전환	단기위험부채 존재
FCX	FREEPORT-MCMORAN INC	0000831259	S&P 500	제외	PEG=매우 유망, PEGY=안심	76.62000274658203	2.9	2021	82.0	3824000000.0		3824000000.0	8913000000.0	466000000.0	18899000000.0	27401000000.0	40.81857451403887	59.18142548596113	0.6897193533082734	-3.5266805266805266	-3.8496188496188495	27.636787335607778	27.748145378000306	607.3170731707318	106.36118797315696		1223.1341463414635	221.22237594631395		3547.089024390244	641.5448902443104		4529.455621558925	737.3073182549963		3년	221.22237594631395	641.5448902443104	737.3073182549963	24.94201170345882	6.81559638918192				3년	6.81559638918192	안심	3년	106.36118797315697	0.2598390245752299	매우 유망	N	주당순현금<=0 | FCF<=0	1443000000.0	19.2529225627736	22.788462937465994		-4.117132730263351	66.71880043029785	61.117400074005126	Y	Y	강한 상승추세	단기위험부채 존재
PYPL	PayPal Holdings, Inc.	0001633917	S&P 500	매우 유망	PEG=매우 유망, PEGY=안심	53.18000030517578	5.41	2025	1.02	8049000000.0	2373000000.0	10422000000.0	9987000000.0		20256000000.0	59917000000.0	25.26536365110449	74.7346363488955	0.3380676602633643	0.4493801652892562	0.4493801652892562	9.746879877982721	9.746879877982721	35.58897243107769	37.30414865193261	32.59424256515169	79.67794486215539	83.10829730386523	73.68848513030338	431.05768170426063	449.6158884139109	398.6547045549413	710.5635186735936	745.4604848322118	649.6327609387808	3년	83.10829730386523	449.6158884139109	745.4604848322118	3.755968360067092	3.9319401830839467	3.4487182550677664	5.74793388429752	10.808450265725362	3년	3.931940183083946	안심	3년	37.304148651932614	0.2612813917542054	매우 유망	Y		968000000.0							판정불가	판정불가	판정불가	
INCY	INCYTE CORP	0000879169	S&P 500	보류	PEG=매우 유망, PEGY=판정불가	124.4000015258789	6.41	2025		3097817000.0	284870000.0	3382687000.0	316153000.0	689118000.0	5167478000.0	1790495000.0	74.26700276071782	25.732997239282184	2.8860611171770936	15.279192825112107	11.845620328849028	17.023527098403555	17.559185834170027	4173.333333333333	61.56160063417288	56.62815181550294	8355.166666666666	131.62320126834578	121.75630363100588	53556.61833333333	843.7047201300965	780.4579062747476	42951.94346978521	578.2192200814249	527.3777304676232	3년	131.62320126834578	843.7047201300965	578.2192200814249				6.800189337319382	5.4663900754894605	판정불가		판정불가	3년	61.56160063417288	0.2765283378443182	매우 유망	Y		200700000.0	20.507601937923802	29.556348547177148		-4.256131348903802	121.02	104.82280002593994	Y	Y	강한 상승추세	단기위험부채 존재
UHS	UNIVERSAL HEALTH SERVICES INC	0000352915	S&P 500	제외	PEG=매우 유망, PEGY=안심	171.88999938964844	23.1	2025	47.0	137797000.0		137797000.0	4004393000.0	748158000.0	7275792000.0					-59.98256337066799	-71.58874996121746	10.037773279667379	10.540205599604583	37.336504161712256	36.21405696848752	45.03135209620262	83.17300832342451	80.92811393697504	98.56270419240523	1921.2964922711064	1869.4394319441235	2276.798466844561	1017.7476869470574	987.5789391949376	1224.5671504619684	3년	80.92811393697504	1869.4394319441235	987.5789391949377	8.401913632831814	8.290091303122656	9.168502767702705	13.174350780304676	7.664407951064349	3년	8.290091303122656	안심	3년	36.21405696848752	0.2771789222180209	매우 유망	N	주당순현금<=0	64462000.0	17.25902427437216	-7.848603165955382		-29.60520741030509	163.81279998779297	185.7458502960205	Y	N	중립/개선	단기위험부채 존재
APP	AppLovin Corp	0001751008	S&P 500	제외	PEG=매우 유망, PEGY=판정불가	312.010009765625	9.75	2025		2487096000.0		2487096000.0	3512987000.0	0.0	2134671000.0	5124939000.0	29.404761412803165	70.59523858719683	0.41652612840855274	-2.9999444395707227	-2.9999444395707227	32.30871325181494	32.30871325181494	115.23178807947019			238.96357615894038			2329.8948675496686			646.7372182385539			1년	238.96357615894038	2329.8948675496686	646.7372182385539				11.598438459513993	3.7173289626914476	판정불가		판정불가	1년	115.23178807947019	0.280380212702532	매우 유망	N	주당순현금<=0	341970000.0	-40.094847999805005	-34.64253541302129		-57.46864501782216	390.28539978027345	484.97187591552733	N	N	주의	
LULU	lululemon athletica inc.	0001397187	S&P 500	보류	PEG=매우 유망, PEGY=판정불가	103.19000244140625	13.26	2025		881320000.0		881320000.0		0.0	4961840000.0	3494903000.0	58.673179497118454	41.326820502881546	1.4197361128477672	7.4018208082776225	7.4018208082776225	7.223844768712566	7.223844768712566	-9.426229508196727	25.676965842053367	24.12698368466455	-10.352459016393453	59.85393168410673	56.7539673693291	-137.27360655737718	793.6631341312552	752.5576073173038	-233.02994796935334	669.1279342511075	629.2931383974179	3년	59.85393168410673	793.6631341312552	669.1279342511075				7.740744784492895	7.501448397472686	판정불가		판정불가	3년	25.676965842053367	0.2813356069073183	매우 유망	Y		119068000.0	-14.971982595223787	-37.99795290358		-52.20029641123015	118.11420043945313	152.46624954223634	N	N	주의	
NXPI	NXP Semiconductors N.V.	0001413447	S&P 500	제외	PEG=매우 유망, PEGY=안심	223.8699951171875	7.95	2025	1.78	3267000000.0		3267000000.0	10972000000.0	307000000.0	10056000000.0					-30.295166534948553	-31.502254935497444	31.970460585174344	32.122295604111315	-18.293936279547793	-9.000664080454257	113.31378642177046	-28.087872559095587	-9.501328160908514	235.12757284354092	-223.29858684480993	-75.53555887922269	1869.2642041061504	-199.74475888469178	-133.74081410047054	734.9775516489653	5년	235.12757284354092	1869.2642041061504	734.9775516489653	-0.5165373278108416	-0.22585424007944052	3.6000040135531512	9.526955031042224	4.255574770551642	5년	3.6000040135531512	안심	5년	113.31378642177046	0.2821409609081071	매우 유망	N	주당순현금<=0	254331000.0	-24.72681067865876	10.264491190065295		-32.70508729942424	249.2104000854492	243.87480003356933	N	N	판정불가	단기위험부채 존재
NOC	NORTHROP GRUMMAN CORP /DE/	0001133421	S&P 500	제외	PEG=매우 유망, PEGY=안심	518.5800170898438	29.08	2025	1.92	4403000000.0	250000000.0	4653000000.0	15162000000.0	534000000.0	16674000000.0	34703000000.0	32.45421102828114	67.54578897171886	0.4804771921735873	-73.08066759388039	-76.7941585535466	20.345965773167958	20.473664912083574	2.6111503175723305	-2.5984458859345416	71.32693092917182	13.722300635144661	3.3031082281309168	151.15386185834365	399.0445024700067	96.05438727404706	4395.554302840633	-23.050543923895084	-81.47742217043321	747.6135134376196	5년	151.15386185834365	4395.554302840633	747.6135134376196	0.2227050987939812	-0.03334547465076683	3.60007147096301	22.99721835883171	4.434651857178571	5년	3.60007147096301	안심	5년	71.32693092917182	0.2852494213352829	매우 유망	N	주당순현금<=0	143800000.0	-5.484164754323673	-29.442973840034703		-32.47832036899876	544.1295989990234	602.66375	N	N	주의	단기위험부채 존재
DHI	HORTON D R INC /DE/	0000882184	S&P 500	매우 유망	PEG=매우 유망, PEGY=안심	138.49000549316406	11.57	2025	1.26	2985400000.0		2985400000.0			24190400000.0	10729000000.0	69.27495890536493	30.725041094635074	2.254674247366949	9.633430138754436	9.633430138754436	11.137128379810683	11.137128379810683	-19.316596931659692	-11.176320062438394	38.872760394269434	-30.133193863319384	-13.852640124876789	86.24552078853887	-348.6410529986053	-160.27504624482447	997.8606755233948	-351.7445585745279	-215.7304064463596	620.5290172168054	5년	86.24552078853887	997.8606755233948	620.5290172168054	-1.6212973682150038	-0.8903839234191318	3.6035106201183646	10.595353339787028	7.650626701946388	5년	3.6035106201183646	안심	5년	38.872760394269434	0.2865021229995414	매우 유망	Y		309900000.0	-8.327266314389014	-4.673728898117546		-23.490409537615943	148.76100006103516	149.83479995727538	N	N	주의	
IBM	INTERNATIONAL BUSINESS MACHINES CORP	0000051143	S&P 500	제외	PEG=매우 유망, PEGY=안심	232.08999633789062	11.17	2025	2.88	13587000000.0	608000000.0	14195000000.0	54836000000.0	6424000000.0	32648000000.0	119139000000.0	21.509088393604195	78.49091160639581	0.2740328523825112	-42.839739881982034	-49.61128804767315	24.613226161134527	25.21945249646945	73.71695178849146	83.76390990316042	12.386209881346621	155.9339035769829	176.02781980632085	33.27241976269325	1741.7817029548992	1966.230747236604	371.65292874928355	650.4768539955114	747.1846172870142	60.13310983391493	3년	176.02781980632085	1966.230747236604	747.1846172870142	3.112024051095006	3.5202175178471866	0.6202441639061809	12.756736597321586	5.4964611997966335	3년	3.5202175178471866	안심	3년	83.76390990316042	0.2938404641042892	매우 유망	N	주당순현금<=0	948675228.0	-16.360948320383883	-7.238209764685932		-29.505212589040497	240.55959838867187	262.0337494659424	N	N	주의	단기위험부채 존재
CPB	CAMPBELL'S Co	0000016732	S&P 500	제외	PEG=매우 유망, PEGY=안심	21.760000228881836	2.01	2025	4.68	132000000.0		132000000.0	2244000000.0	332000000.0	3902000000.0	10992000000.0	26.19846918222103	73.80153081777897	0.3549854439592431	-7.04	-8.146666666666667	14.328358322826785	14.878938754004233	6.3492063492063435	-7.137412911717755	48.32269407146974	21.19841269841269	-5.77482582343551	105.14538814293948	42.6088095238095	-11.607399905105373	211.34223016730834	95.81254170785918	-153.3428298851715	871.2418563617285	5년	105.14538814293948	211.34223016730834	871.2418563617285	0.7697466870042956	-0.17150694143395362	3.6991463276731515	2.35	10.799632239345605	5년	3.699146327673152	안심	5년	48.32269407146974	0.2965140623499799	매우 유망	N	주당순현금<=0	300000000.0	-1.671933781817403	-11.831442626366485		-35.545019814166835	22.69619987487793	24.0564999294281	N	N	주의	단기위험부채 존재
NVR	NVR INC	0000906163	S&P 500	매우 유망	PEG=매우 유망, PEGY=안심	6116.85986328125	436.55	2025	0.013421919389201004	2809782000.0		2809782000.0	600115000.0		3864869000.0	1992061000.0	65.98796639194937	34.012033608050636	1.9401358693333186	719.9716008227812	719.9716008227812	12.362589079048146	12.362589079048146	-13.842783556020443	-3.895748108815445	41.51016978111202	-19.185567112040886	0.7085037823691112	91.52033956222404	-8375.45932276145	309.2973261932355	39953.2042358889	-236.92416550260194	-94.94352767422532	553.1652699078987	5년	91.52033956222404	39953.2042358889	553.1652699078987	-1.1186460658203832	-0.31403827827667	3.3588103135187537	357.3721703051348	5.842412255516847	5년	3.3588103135187537	안심	5년	41.51016978111202	0.2978207302990454	매우 유망	Y		3069103.0	-4.522076070135217	-9.823924084492486		-28.31508421139851	6402.358203125	6803.107448730469	N	N	주의	
DIS	Walt Disney Co	0001744489	S&P 500	제외	PEG=매우 유망, PEGY=안심	105.05999755859375	6.85	2025	1.42	5695000000.0		5695000000.0	35315000000.0	6711000000.0	109869000000.0					-16.35560463832137	-20.06129210381005	17.724905430206586	18.2658817025407	151.8382352941176	58.50904212609996		312.1764705882352	125.51808425219991		2138.408823529411	859.7988771275693		1935.416783954125	718.3884419453225		3년	125.51808425219991	859.7988771275693	718.3884419453225	8.64649100090185	3.3810641394999803		5.564329099944782	5.296334693746267	3년	3.3810641394999803	안심	3년	58.509042126099956	0.3029430116460544	매우 유망	N	주당순현금<=0	1811000000.0	5.768645547077433	3.691273070503742		-10.488203885082347	101.33520050048828	103.95695026397705	Y	Y	상승전환	단기위험부채 존재
HIG	HARTFORD INSURANCE GROUP, INC.	0000874766	S&P 500	제외	PEG=매우 유망, PEGY=안심	135.66000366210938	13.32	2025	1.73	177000000.0	1843000000.0	2020000000.0	4371000000.0	0.0	18979000000.0	67018000000.0	22.06937451306441	77.93062548693558	0.2831925751290698	-8.205933682373473	-8.205933682373473	10.800746046883097	10.800746046883097	28.69565217391305	34.78299680616526	55.39512065939527	65.8913043478261	78.06599361233052	119.29024131879054	877.6721739130436	1039.8390349162426	1588.94601436629	546.9645807316033	666.5037644449627	1071.2708030908684	3년	78.06599361233052	1039.8390349162426	666.5037644449627	2.8169954225239238	3.3805995111515705	5.288997668441668	20.080279232111693	14.801915590483086	3년	3.3805995111515705	안심	3년	34.78299680616526	0.3105179840331835	매우 유망	N	주당순현금<=0	286500000.0							판정불가	판정불가	판정불가	
STE	STERIS plc	0001757898	S&P 500	제외	PEG=매우 유망, PEGY=안심	218.44000244140625	7.93	2026	1.15	220531000.0		220531000.0	1812800000.0	118900000.0	7183600000.0	3540000000.0	66.98869782535716	33.01130217464284	2.029265536723164	-16.13241134751773	-17.33707193515704	29.580380049044642	29.732291850764604	27.903225806451605	94.9679101546837	50.70740889939833	64.3064516129032	198.4358203093674	109.91481779879666	509.9501612903224	1573.5960550532834	871.6245051444575	133.45090440891659	620.3790686073539	299.022383905283	3년	198.4358203093674	1573.5960550532834	620.3790686073539	0.9821789225926438	3.2493805013768924	1.7531015089535054	9.852077001013171	4.510198173823893	3년	3.2493805013768924	안심	3년	94.9679101546837	0.3114776349280944	매우 유망	N	주당순현금<=0	98700000.0	2.611798868406856	-1.6390487030063738		-18.689742265330157	225.37900115966798	232.69050048828126	N	N	중립/개선	단기위험부채 존재
AWK	American Water Works Company, Inc.	0001410636	S&P 500	제외	PEG=매우 유망, PEGY=안심	140.3800048828125	5.69	2025	2.54	98000000.0		98000000.0	5212881000.0	1588000000.0	10837000000.0					-26.230158974358975	-34.373748717948715	29.281223876480045	30.71243472772605	366.3934426229509	91.51777276233976	48.04865146769342	741.2868852459018	191.5355455246795	104.59730293538684	4217.922377049182	1089.8372540354264	595.1586537023511	2904.646125044839	676.3479242967751	323.96255378334126	3년	191.5355455246795	1089.8372540354264	676.3479242967751	12.599659228017936	3.2122213592954036	1.7276822745216065	-5.471794871794872	-3.897844907729316	3년	3.212221359295404	안심	3년	91.51777276233975	0.3199512290636676	매우 유망	N	주당순현금<=0 | FCF<=0	195000000.0	11.82984644939291	5.676007793423277		-3.4724527589209853	135.2592010498047	131.58350040435792	Y	Y	강한 상승추세	단기위험부채 존재
CAH	CARDINAL HEALTH INC	0000721371	S&P 500	매우 유망	PEG=매우 유망, PEGY=안심	240.49000549316406	7.23	2026	83.0	4856000000.0	200000000.0	5056000000.0	2502000000.0	855000000.0	-2883000000.0					10.776371308016877	7.168776371308017	31.77228688591247	32.27126267245588	12.093023255813957	93.36569678851458	28.29655427495148	32.686046511627914	195.23139357702917	65.09310854990295	236.32011627906982	1411.522975561921	470.62317481579834	-1.7339137256632386	486.9362315774256	95.69344424551389	3년	195.23139357702917	1411.522975561921	486.93623157742564	2.9929549483571263	5.550928626000587	3.5029443953654877	19.09282700421941	7.939135335402586	3년	5.550928626000587	안심	3년	93.36569678851458	0.3402993602444892	매우 유망	Y		237000000.0	13.081303222713391	10.804465965918153		-3.266157876695408	234.27660034179686	215.9247501373291	Y	Y	강한 상승추세	단기위험부채 존재
WDC	WESTERN DIGITAL CORP	0000106040	S&P 500	매우 유망	PEG=매우 유망, PEGY=안심	477.29998779296875	24.28	2026	13.0	1579000000.0	24000000.0	1603000000.0	0.0	255000000.0	8864000000.0	4997000000.0	63.94921001370753	36.05078998629247	1.7738643185911547	4.185378590078329	3.519582245430809	19.485774678866985	19.513196274610294	3137.3333333333335		55.622865998828615	6283.166666666667		119.74573199765723	152555.28666666668		2907.4263729031177	31862.139234924576		509.1402571257195	5년	119.74573199765723	2907.4263729031177	509.1402571257195	161.67349696134903		3.521690419280715	9.167101827676241	1.92061639684192	5년	3.521690419280715	안심	5년	55.622865998828615	0.3503195013230232	매우 유망	Y		383000000.0	-7.8073061109195985	79.28780166944517		-36.03848675536339	504.79599853515623	374.4367987060547	N	Y	중립/개선	단기위험부채 존재
EXC	EXELON CORP	0001109357	S&P 500	제외	PEG=매우 유망, PEGY=안심	43.95000076293945	1.74	2021	3.85	626000000.0		626000000.0	35272000000.0	612000000.0	28798000000.0	87772000000.0	24.704469417517373	75.29553058248263	0.32810007747345393	-34.23517786561265	-34.8399209486166	44.93401070606443	45.281564202043704	-13.432835820895514	121.5523810846817	51.225599028568624	-18.365671641791028	251.6047621693634	110.95119805713725	-31.95626865671639	437.7922861746923	193.0550846194188	-172.71050762680144	896.1143994879241	339.26070823236756	3년	251.6047621693634	437.7922861746923	896.1143994879241	-0.21326464453799995	2.790812106780333	1.2256996017748192	-2.2480237154150196	-5.11495717040044	3년	2.790812106780333	안심	3년	121.5523810846817	0.3696678773800435	매우 유망	N	주당순현금<=0 | FCF<=0	1012000000.0	-3.0443437290351594	-10.324418959162806		-12.60688016935465	45.71779998779297	45.92525001525879	N	N	주의	단기위험부채 존재
DECK	DECKERS OUTDOOR CORP	0000910521	S&P 500	보류	PEG=매우 유망, PEGY=판정불가	82.5999984741211	7.02	2026		1907249000.0	26120000.0	1933369000.0		0.0	2499638000.0					13.259963650080588	13.259963650080588	9.877497838182409	9.877497838182409	10.90047393364928	26.59610321922323	42.853544612930364	30.30094786729856	61.69220643844646	94.20708922586073	212.71265402843588	433.0792891978941	661.3337663655423	157.52137767300272	424.309076511157	700.6462210441091	3년	61.69220643844646	433.0792891978941	424.309076511157				7.526024484757039	9.111409956157532	판정불가		판정불가	3년	26.59610321922323	0.3713889120058428	매우 유망	Y		145805000.0	-26.564726165587025	-21.52764887158387		-31.70167289012612	96.74860031127929	102.54560001373291	N	N	주의	
TMUS	T-Mobile US, Inc.	0001283699	S&P 500	제외	PEG=매우 유망, PEGY=안심	181.69000244140625	9.72	2025	2.25	5598000000.0	0.0	5598000000.0	81147000000.0	5135000000.0	59203000000.0	6830508000.0	89.65599707348578	10.344002926514218	8.66743732676984	-66.79390530320666	-71.33382911069539	25.564188039569228	26.03125839013391	0.6211180124223654	67.7257264346652	74.54322774580642	9.74223602484473	143.9514528693304	157.58645549161284	94.6945341614908	1399.2081218898916	1531.7403473784768	-47.88126320157373	670.1073824032374	743.0515310672927	3년	143.9514528693304	1399.2081218898916	670.1073824032374	0.11231015856941512	2.737255974113244	3.0039376813745435	15.90962588427648	8.756467428309502	3년	2.737255974113244	안심	3년	67.7257264346652	0.3774664279788998	매우 유망	N	주당순현금<=0	1131076251.0							판정불가	판정불가	판정불가	단기위험부채 존재
BSX	BOSTON SCIENTIFIC CORP	0000885725	S&P 500	제외	PEG=매우 유망, PEGY=판정불가	44.97999954223633	1.94	2025		1965000000.0		1965000000.0	3815000000.0	250000000.0	24233000000.0					-1.2378721980595517	-1.405152224824356	23.82364522695664	23.909872044876643	55.199999999999996	62.7532758644933		118.89999999999999	134.0065517289866		230.66599999999997	259.97271035423404		412.81903589928686	477.9740173410163		3년	134.0065517289866	259.97271035423404	477.9740173410163				2.4476413516226163	5.44162155743082	판정불가		판정불가	3년	62.753275864493304	0.3796398657880488	매우 유망	N	주당순현금<=0	1494500000.0							판정불가	판정불가	판정불가	단기위험부채 존재
LDOS	Leidos Holdings, Inc.	0001336920	S&P 500	제외	PEG=매우 유망, PEGY=안심	129.24000549316406	11.14	2025	1.29	1108000000.0		1108000000.0	1331000000.0	18000000.0	4916000000.0	8531000000.0	36.55834015021938	63.44165984978062	0.5762513187199625	-1.7153846153846153	-1.853846153846154	11.755421015130041	11.767850237613125	20.824295010845983	30.95874508346872	20.63678102465594	50.148590021691966	70.41749016693744	49.77356204931188	558.6552928416485	784.4508404596831	554.4774812293343	332.2618919040495	506.9721503541528	329.0292925271212	3년	70.41749016693744	784.4508404596831	506.9721503541528	1.881199744558987	2.7433083886967853	1.8652484667656437	12.53076923076923	9.695735606752217	3년	2.7433083886967853	안심	3년	30.95874508346872	0.3797124522791841	매우 유망	N	주당순현금<=0	130000000.0	4.630836306308095	-25.082598337197936		-35.23427536122726	123.5252000427246	152.84875	Y	N	중립/개선	단기위험부채 존재
EPAM	EPAM Systems, Inc.	0001352010	S&P 500	보류	PEG=매우 유망, PEGY=판정불가	115.30999755859375	6.72	2025		1296077000.0	1690000.0	1297767000.0	25034000.0	2861000.0	3677226000.0	1224328000.0	75.02163599544144	24.978364004558554	3.0034647578099984	22.633204701865452	22.58232710330233	13.791189413203616	13.798760484418366	-14.285714285714288	-1.770708271929189	35.70732296450074	-20.071428571428577	4.958583456141622	79.91464592900148	-134.88000000000002	33.3216808252717	537.0264206428899	-216.97164413819533	-71.1025223044172	365.72407598049307	5년	79.91464592900148	537.0264206428899	365.72407598049307				10.895577330037522	9.448944203212763	판정불가		판정불가	5년	35.70732296450074	0.3862286015368457	매우 유망	Y		56233000.0	20.554099026747718	-18.89857680500816		-47.91779551154506	99.15699996948243	137.97645000457763	Y	N	중립/개선	단기위험부채 존재
CF	CF Industries Holdings, Inc.	0001324404	S&P 500	제외	PEG=매우 유망, PEGY=안심	134.3300018310547	8.97	2025	1.8	287000000.0	3100000.0	290100000.0	3215000000.0	0.0	4838000000.0					-18.032675709001232	-18.032675709001232	16.985805745825633	16.985805745825633	33.08605341246291	-18.18627213243168	43.58035462807208	74.67210682492582	-27.872544264863357	95.66070925614416	669.8087982195847	-250.01672205582435	858.0765620276131	398.62933751910134	-286.12128239994183	538.7825134602516	5년	95.66070925614416	858.0765620276131	538.7825134602516	2.0538356516314433	-0.9647038461192049	2.6716633468638706	11.109741060419235	8.270483815217862	5년	2.67166334686387	안심	5년	43.58035462807208	0.3897583186458126	매우 유망	N	주당순현금<=0	162200000.0							판정불가	판정불가	판정불가	
TECH	BIO-TECHNE Corp	0000842023	S&P 500	보류	PEG=매우 유망, PEGY=불리(<1)	72.30999755859375	1.16	2026	44.0	264712000.0	1072000.0	265784000.0		12500000.0	2108221000.0					1.6927946805597132	1.6131814099828672	60.87689903278797	60.945531162595586	152.17391304347825	-12.974116606482456	-19.679629541091302	312.8478260869565	-17.44823321296491	-30.859259082182604	362.9034782608695	-20.239950527039294	-35.796740535331814	401.87178884469466	-127.99052857198426	-149.5045522665455	1년	312.8478260869565	362.9034782608695	401.87178884469466	3.222468886561059	0.5096495367940337	0.3995008097539574	1.676483513683929	2.3184671142125985	3년	0.5096495367940337	불리(<1)	1년	152.17391304347825	0.4000481936440352	매우 유망	Y		157009000.0	32.89836015692069	36.89889809991676		-0.23455545042214698	71.87240005493165	61.07384996414184	Y	Y	강한 상승추세	단기위험부채 존재
CBOE	Cboe Global Markets, Inc.	0001374310	S&P 500	매우 유망	PEG=매우 유망, PEGY=안심	293.3299865722656	10.42	2025	1.15	2216500000.0	36100000.0	2252600000.0	1442900000.0	304700000.0	5138300000.0	4167000000.0	55.21906870278228	44.78093129721771	1.2330933525317975	7.704091341579448	4.804947668886775	27.411314321562973	27.68954308093847	44.521497919556175	68.19298103960483	66.67733196826208	97.54299583911235	144.88596207920966	141.85466393652416	1016.3980166435507	1509.7117248653647	1478.1255982185817	246.5032772546587	414.6803238588864	403.9122032804602	3년	144.88596207920966	1509.7117248653647	414.68032385888637	1.6661549819823458	2.5297211299735647	2.47442830258256	16.0	5.454607688415856	3년	2.5297211299735647	안심	3년	68.19298103960483	0.4019667992757663	매우 유망	Y		105100000.0	0.9394289096392949	2.7353592950088546		-20.00818739906188	285.26280090332034	285.4513508605957	Y	Y	상승전환	단기위험부채 존재
AOS	SMITH A O CORP	0000091142	S&P 500	제외	PEG=매우 유망, PEGY=안심	58.81999969482422	3.85	2025	2.38	174500000.0	18700000.0	193200000.0	112700000.0	42300000.0	1858000000.0	1284800000.0	59.119256713758425	40.88074328624157	1.4461394769613947	0.5672415936205122	0.2691755139913486	15.13058651979317	15.208006280735809		36.61380704310213	39.07395391564303		81.72761408620426	86.64790783128606		314.6513142318864	333.59444515045135		434.9393333294656	467.14458837340914	3년	81.72761408620426	314.6513142318864	434.93933332946557		2.5771510570388094	2.73974534043441			3년	2.577151057038809	안심	3년	36.61380704310213	0.413248108889122	매우 유망	N	FCF<=0	141914840.0							판정불가	판정불가	판정불가	단기위험부채 존재
EXPE	Expedia Group, Inc.	0001324424	S&P 500	매우 유망	PEG=매우 유망, PEGY=안심	274.54998779296875	9.81	2025	64.0	5413000000.0	320000000.0	5733000000.0	4469000000.0	1692000000.0	1284000000.0					9.579894348317076	-3.243824985031415	27.010203205367144	28.31741210784915	9.608938547486048	65.34957812135467		27.717877094972096	139.19915624270934		271.91237430167627	1365.5437227409786		-0.9607042828504664	397.3752625954224		3년	139.19915624270934	1365.5437227409786	397.37526259542244	2.725227129459706	4.788915401260361		23.570784353849767	8.585243271481731	3년	4.788915401260361	안심	3년	65.34957812135467	0.4133187081209459	매우 유망	Y		131943000.0							판정불가	판정불가	판정불가	단기위험부채 존재
ECL	ECOLAB INC.	0000031462	S&P 500	제외	PEG=매우 유망, PEGY=안심	278.1099853515625	7.28	2025	1.05	646200000.0		646200000.0	6613200000.0	74400000.0	9770800000.0	14891800000.0	39.61788294826985	60.382117051730155	0.6561194751473965	-20.922159887798035	-21.18302945301543	41.07584412628579	41.11167785777169	338.5542168674699	98.55590630677445	47.57731615945522	685.6084337349398	205.6118126135489	103.65463231891044	4991.229397590362	1496.853995826636	754.605723281668	1694.696221094285	438.2237512739585	171.33355975254213	3년	205.6118126135489	1496.853995826636	438.2237512739585	8.267735553367386	2.424926582166898	1.1838421630472835	6.677068723702665	2.4008734225281754	3년	2.424926582166898	안심	3년	98.55590630677445	0.4167770929773526	매우 유망	N	주당순현금<=0	285200000.0	5.169408101629869	-1.1656523423451914		-9.807043993312359	278.69440002441405	272.9744996643066	N	Y	상승전환	단기위험부채 존재
FSLR	FIRST SOLAR, INC.	0001274494	S&P 500	보류	PEG=매우 유망, PEGY=판정불가	213.25	14.21	2025		2803514000.0	509032000.0	3312546000.0	282593000.0	0.0	9537993000.0	3783317000.0	71.59951236027088	28.40048763972913	2.5210663024007767	28.17591154672345	28.17591154672345	13.024214528731635	13.024214528731635	18.21963394342763		30.670348455238837	44.93926788685526		69.84069691047767	638.5869966722133		992.4363030978878	199.45462915461354		365.38630860393334	5년	69.84069691047767	992.4363030978878	365.38630860393334				11.040200117168974	5.177116115905732	판정불가		판정불가	5년	30.670348455238837	0.424651664709305	매우 유망	Y		107537000.0	-18.665853764711436	7.810918457973637		-32.992930086410055	218.53860076904297	230.40250106811524	N	N	판정불가	
NDSN	NORDSON CORP	0000072331	S&P 500	제외	PEG=매우 유망, PEGY=불리(<1)	316.79998779296875	8.51	2025	1.18	108442000.0	279000.0	108721000.0	1681254000.0	315000000.0	3043571000.0					-27.6290146883126	-33.16348654157003	40.47344329979805	41.123792518747216	4.9321824907521625	-1.1482071165261345	93.96062427456746	18.364364981504323	6.2035857669477315	196.42124854913493	156.2807459926018	52.79251487672519	1671.5448251531382	-50.668954540890795	-83.33569541952586	427.63411917979795	5년	196.42124854913493	1671.5448251531382	427.63411917979795	0.15101711128152667	0.0007855245534304293	2.350692615150987	11.615626537353293	3.666548922010753	3년	0.0007855245534304	불리(<1)	5년	93.96062427456746	0.4307489824836454	매우 유망	N	주당순현금<=0	56916000.0	9.192424934101041	16.273947635794883		-5.348080000364719	305.1727990722656	279.62945030212404	Y	Y	강한 상승추세	단기위험부채 존재
TRV	TRAVELERS COMPANIES, INC.	0000086312	S&P 500	제외	PEG=매우 유망, PEGY=안심	365.6600036621094	27.43	2025	1.35	842000000.0		842000000.0	5861000000.0	100000000.0	32894000000.0	110814000000.0	22.88947031480502	77.11052968519499	0.29683974949013664	-22.051845342706503	-22.491212653778557	14.134591651652055	14.150609417276264	27.759664648346536	32.58155699339016	40.000996302713745	64.01932929669307	73.66311398678032	88.50199260542749	1756.0502026082909	2020.579216657384	2427.609657166876	380.24125827854584	452.5841482309107	563.8980563513107	3년	73.66311398678032	2020.579216657384	452.5841482309107	2.059462725613597	2.4006039813272024	2.9255175757327683			3년	2.4006039813272024	안심	3년	32.58155699339016	0.4338218598491026	매우 유망	N	주당순현금<=0 | FCF<=0	227600000.0							판정불가	판정불가	판정불가	단기위험부채 존재
RCL	ROYAL CARIBBEAN CRUISES LTD	0000884887	S&P 500	제외	PEG=매우 유망, PEGY=안심	264.5	15.61	2025	2.26	825000000.0		825000000.0	7856962000.0	0.0	10037000000.0	31374000000.0	24.237521431503705	75.76247856849629	0.3199145789507235	-25.66409489051095	-25.66409489051095	18.588346886003265	18.588346886003265	42.68738574040219			93.87477148080438			1465.3851828153563			454.0208630681876			1년	93.87477148080438	1465.3851828153563	454.0208630681876	2.4180410456105093			4.510948905109489	1.7054627240489562	1년	2.4180410456105093	안심	1년	42.68738574040219	0.4354529227684705	매우 유망	N	주당순현금<=0	274000000.0	-6.292074382188273	-7.202750190232987		-24.478202409009075	296.2299993896484	287.91419982910156	N	N	주의	
CRM	Salesforce, Inc.	0001108524	S&P 500	제외	PEG=매우 유망, PEGY=안심	249.1199951171875	7.8	2025	68.0	7327000000.0	57139000.0	7384139000.0	10439000000.0	4000000000.0	59142000000.0	53163000000.0	52.66194737545078	47.33805262454922	1.1124654364877828	-3.19546129707113	-7.379561715481172	32.34813543772547	32.88455856829085	85.7142857142857	74.02472751880647	12.233911375838758	179.9285714285714	156.54945503761294	32.96782275167752	1403.4428571428568	1221.085749293381	257.14901746308465	463.36018169985476	390.1596713338788	3.2229537986785184	3년	156.54945503761294	1221.085749293381	390.15967133387875	4.751874679460474	4.3905073846442635	2.480325690805267	15.064853556485355	6.047227782498455	3년	4.390507384644264	안심	3년	74.02472751880647	0.4369909423781021	매우 유망	N	주당순현금<=0	956000000.0	42.070137693706556	27.812831787256577		-6.426779537645466	193.46539978027343	200.82465057373048	Y	Y	상승전환	단기위험부채 존재
AMCR	Amcor plc	0001748790	S&P 500	제외	PEG=매우 유망, PEGY=안심	44.34000015258789	2.38	2026	5.76	1115000000.0		1115000000.0	5314400000.0	135000000.0	11790000000.0	25294000000.0	31.79268687304498	68.20731312695501	0.46611844706254446	-9.054333764553688	-9.345407503234153	22.434594082832596	22.556893973034473	643.75	50.01313255128406	31.642491466477107	1296.0	108.52626510256812	71.78498293295422	3084.48	258.2925109441121	170.84825938043105	6856.427580932192	482.5270862770553	285.3140703484177	3년	108.52626510256812	258.2925109441121	482.5270862770553	28.951270417547608	2.486032613086714	1.6671793270865662	3.9215178956446746	8.84419910272778	3년	2.486032613086714	안심	3년	50.01313255128406	0.4485740632188535	매우 유망	N	주당순현금<=0	463800000.0	14.190054240807504	5.320669262835542		-12.336894924024321	45.35820014953613	42.762149829864505	N	Y	상승전환	단기위험부채 존재
AES	AES CORP	0000874761	S&P 500	제외	PEG=매우 유망, PEGY=안심	14.829999923706055	1.26	2025	4.76	1382000000.0	174000000.0	1556000000.0			4063000000.0					2.179271708683473	2.179271708683473	10.04026048811316	10.04026048811316	-46.61016949152542		21.802033073406225	-84.72033898305084		52.10406614681245	-106.74762711864406		65.65112334498369	-819.8086828578188		342.6913262490247	5년	52.10406614681245	65.65112334498369	342.6913262490247	-4.16823542985489		2.645552185110484	-2.273109243697479	-15.327776502978047	5년	2.645552185110484	안심	5년	21.802033073406225	0.4605194595526098	매우 유망	N	FCF<=0	714000000.0	1.1596185406779203	4.363123743101216		-14.178244592506795	14.744199962615967	14.597399978637695	Y	Y	강한 상승추세	
D	DOMINION ENERGY, INC	0000715957	S&P 500	제외	PEG=매우 유망, PEGY=안심	66.22000122070312	0.65	2025	4.06	250000000.0		250000000.0	30948000000.0	2457000000.0	29083000000.0	82440000000.0	26.07802874743326	73.92197125256673	0.3527777777777778	-35.89150005845902	-38.764176312405006	157.09461735255715	161.5141192817048	333.33333333333337	-15.82903888645284	-4.5403361201187264	675.1666666666667	-23.158077772905678	-0.5806722402374529	438.8583333333334	-15.05275055238869	-0.3774369561543444	562.7277638831091	-122.73142596633262	-100.56997425127854	1년	675.1666666666667	438.8583333333334	562.7277638831091	2.1477077892245258	-0.07491688184350936	-0.003057623031352755	0.445457734128376	0.6726936362379701	1년	2.1477077892245258	안심	1년	333.33333333333337	0.4712838520576714	매우 유망	N	주당순현금<=0	855300000.0							판정불가	판정불가	판정불가	단기위험부채 존재
SPG	SIMON PROPERTY GROUP INC.	0001063761	S&P 500	제외	PEG=매우 유망, PEGY=안심	211.8800048828125	9.35	2025	4.25	823147000.0	1000000000.0	1823147000.0	28430175000.0		5208268000.0	33901073000.0	13.317197034846483	86.68280296515351	0.1536313614616269	-81.57151298527937	-81.57151298527937	31.385189076801268	31.385189076801268	358.3333333333333	65.56992936260015		725.1666666666666	139.6398587252003		6780.3083333333325	1305.6326790806227		3100.069934434547	516.2132570285466		3년	139.6398587252003	1305.6326790806227	516.2132570285466	11.552689150480251	2.224613947417904				3년	2.224613947417904	안심	3년	65.56992936260015	0.4786521715349413	매우 유망	N	주당순현금<=0 | FCF<=0	326180391.0	-0.004716837446183675	10.313946375372396		-10.485843846823927	222.26859954833984	201.94195068359375	N	Y	중립/개선	
CCL	Carnival Corp Ltd.	0000815097	S&P 500	제외	PEG=매우 유망, PEGY=안심	23.200000762939453	2.02	2025	1.91	1928000000.0	0.0	1928000000.0	24037000000.0	0.0	12284000000.0					-15.769614835948644	-15.769614835948644	19.291888910340642	19.291888910340642	40.277777777777786			89.05555555555557			179.89222222222224			675.3974840793487			1년	89.05555555555557	179.89222222222224	675.3974840793487	2.186814260327029			1.8594864479315263	8.01502752923155	1년	2.186814260327029	안심	1년	40.277777777777786	0.4789710350153537	매우 유망	N	주당순현금<=0	1402000000.0	-16.336093956284092	-11.484160345951278		-31.744631899688848	26.712800064086913	27.77440008163452	N	N	주의	
NWSA	NEWS CORP	0001564708	S&P 500	매우 유망	PEG=매우 유망, PEGY=안심	29.81999969482422	1.03	2026	66.0	2095000000.0		2095000000.0	1989000000.0	0.0	8526000000.0					0.18982808022922637	0.18982808022922637	28.767156907373778	28.767156907373778	-21.37404580152672	58.22968332827563	12.961341039942953	-34.24809160305344	124.95936665655125	34.4226820798859	-35.27553435114504	128.7081476562478	35.45536254228248	-218.29488501727826	331.61686443138143	18.897930600704793	3년	124.95936665655125	128.7081476562478	331.61686443138143	1.551281356797358	4.318455373545527	2.744843409245739	1.2034383954154728	4.035675411574034	3년	4.318455373545527	안심	3년	58.22968332827563	0.4940290804124088	매우 유망	Y		558400000.0	9.632348744102126	24.094876582323433		-4.392436087769347	28.549199981689455	26.231900033950804	Y	Y	강한 상승추세	
FISV	FISERV INC	0000798354	S&P 500	제외	PEG=매우 유망, PEGY=판정불가	50.86000061035156	6.34	2025		798000000.0		798000000.0	3228000000.0	2000000.0	25792000000.0	54324000000.0	32.19331968645464	67.80668031354537	0.47478094396583465	-4.426229508196721	-4.429872495446266	8.72022557074894	8.720800174416063	17.843866171003718	17.481865339726866	35.26712030178827	44.187732342007436	43.46373067945373	79.03424060357654	280.1502230483271	275.56005250773666	501.07708542667524	450.82622824685535	441.80111915227104	885.208571398819	3년	43.46373067945373	275.56005250773666	441.80111915227104				7.830601092896175	15.396384189783923	판정불가		판정불가	3년	17.481865339726866	0.4988155097461232	매우 유망	N	주당순현금<=0	549000000.0	-5.867107607931299	-14.449116976198283		-62.715344003411275	52.19000030517578	58.260500011444094	N	N	주의	단기위험부채 존재
EME	EMCOR Group, Inc.	0000105634	S&P 500	제외	PEG=헐값, PEGY=안심	773.1599731445312	28.19	2025	21.0	1111968000.0		1111968000.0	0.0		3673944000.0	5616418000.0	39.54575720515519	60.4542427948448	0.654143619652241	24.630614870271227	24.630614870271227	26.553010226117774	26.553010226117774	30.994423791821568	51.54328097260492	63.67289600664736	70.48884758364314	111.58656194520984	135.84579201329473	1987.0806133829	3145.6251812354653	3829.4928768547784	157.0076934144965	306.8530822207263	395.30407805253896	3년	111.58656194520984	3145.6251812354653	306.8530822207263	1.958136698967539	2.7320172121671806	3.1888247428670953			3년	2.7320172121671806	안심	3년	51.54328097260492	0.5151594878143402	헐값	N	FCF<=0	45145767.0	-6.598378097951773	6.881579242680758		-18.075764435016563	778.7183972167969	759.9704995727539	N	Y	중립/개선	
CB	Chubb Ltd	0000896159	S&P 500	제외	PEG=헐값, PEGY=양호	336.6400146484375	25.68	2025	1.19	2012000000.0		2012000000.0	15728000000.0	1499000000.0	73757000000.0	192548000000.0	27.69643829443683	72.30356170556317	0.3830577310592683	-34.16075806677187	-37.89413341979688	14.439282426604725	14.584663086769252	13.12775330396476	26.95518164431085	26.943805197471637	34.75550660792952	62.41036328862171	62.38761039494327	892.5214096916301	1602.6981292518055	1602.1138349421433	165.12635778717956	376.0866384008294	375.913071895293	3년	62.41036328862171	1602.6981292518055	376.0866384008294	0.9915834375248422	1.9492091651627148	1.9484212834312615			3년	1.9492091651627148	양호	3년	26.955181644310855	0.5356774299331154	헐값	N	주당순현금<=0 | FCF<=0	401513338.0	3.5401253630139795	3.5051115349767903		-7.389266946784733	347.8359991455078	326.54835067749025	N	Y	상승전환	단기위험부채 존재
WFC	WELLS FARGO & COMPANY/MN	0000072971	S&P 500	제외	PEG=헐값, PEGY=양호	87.95999908447266	6.26	2025	2.22	172593000000.0		172593000000.0	174712000000.0	18323000000.0	181117000000.0	1965593000000.0	8.436957017948396	91.5630429820516	0.09214369404042444	-0.6535484069950344	-6.304783641242328	14.155518768605061	15.058272000912936	16.573556797020476	25.8582131723802	72.48768573284212	41.64711359404095	60.21642634476039	153.47537146568425	260.71093109869634	376.95482891820006	960.7558253751833	196.39715076431705	328.5525612115916	992.2644785984122	3년	60.21642634476039	376.95482891820006	328.5525612115916	1.3276487498785228	1.9835523961618207	5.277636726287503			3년	1.9835523961618209	양호	3년	25.858213172380196	0.5474283421765942	헐값	N	주당순현금<=0 | FCF<=0	3242300000.0	7.268291566430074	12.337159203339244		-8.745720882410446	86.73100006103516	85.01400009155273	Y	Y	강한 상승추세	단기위험부채 존재
BDX	BECTON DICKINSON & CO	0000010795	S&P 500	제외	PEG=헐값, PEGY=불리(<1)	179.10000610351562	5.82	2025	2.27	641000000.0		641000000.0	17621000000.0	752000000.0	25390000000.0					-58.854316503124686	-61.460820979588156	40.88562244100349	41.33347544383226	-0.6825938566552906	-0.3412995832631105	74.47134006583379	7.134812286689419	7.817400833473779	157.44268013166757	41.52460750853242	45.497272850817396	916.3163983663053	-76.81484863572135	-74.59672177536329	411.6227622218481	5년	157.44268013166757	916.3163983663053	411.6227622218481	0.038825534468388746	0.04717307213605311	1.876976195643562	13.472716622358401	7.522454585831497	3년	0.0471730721360531	불리(<1)	5년	74.47134006583379	0.5490115043567094	헐값	N	주당순현금<=0	288509000.0	17.797957124647468	9.287283846242666		-6.718746821085608	170.465400390625	159.93947998046875	Y	Y	강한 상승추세	단기위험부채 존재
NWS	NEWS CORP	0001564708	S&P 500	양호	PEG=헐값, PEGY=안심	33.34000015258789	1.03	2026	59.0	2095000000.0		2095000000.0	1989000000.0	0.0	8526000000.0					0.18982808022922637	0.18982808022922637	32.184633079959866	32.184633079959866	-21.37404580152672	58.22968332827563	12.961341039942953	-34.24809160305344	124.95936665655125	34.4226820798859	-35.27553435114504	128.7081476562478	35.45536254228248	-205.80544148080006	286.0472317552084	6.344818176404221	3년	124.95936665655125	128.7081476562478	286.0472317552084	1.169065811780266	3.642411676312384	2.235891298221775	1.2034383954154728	3.609593251072797	3년	3.642411676312384	안심	3년	58.22968332827563	0.5527186692483934	헐값	Y		558400000.0							판정불가	판정불가	판정불가	
AKAM	AKAMAI TECHNOLOGIES INC	0001086222	S&P 500	보류	PEG=헐값, PEGY=판정불가	105.61000061035156	3.07	2025		930231000.0	375005000.0	1305236000.0			4977371000.0	6502272000.0	43.35823857937046	56.64176142062954	0.7654818192779386	8.87776742414452	8.87776742414452	31.50887074469285	31.50887074469285	-6.116207951070342	55.27737277287406	35.18418669731969	-3.7324159021406835	119.05474554574812	78.86837339463938	-11.458516819571898	365.4980688254467	242.12590632154289	-110.84984069060668	246.08282048397388	129.26418418921065	3년	119.05474554574812	365.4980688254467	246.08282048397388				6.8763322745420785	6.511061674843019	판정불가		판정불가	3년	55.27737277287406	0.5700138983478429	헐값	Y		147023000.0	-23.36550142855308	1.062201541006269		-34.460716761591414	115.8168000793457	109.67360004425049	N	N	판정불가	
VICI	VICI PROPERTIES INC.	0001705696	S&P 500	제외	PEG=헐값, PEGY=안심	25.270000457763672	2.61	2025	7.24	563479000.0	44484000.0	607963000.0	16773241000.0		27797640000.0	18501581000.0	60.03910951331125	39.96089048668875	1.5024467368491374	-15.211615261302986	-15.211615261302986	15.510197593512132	15.510197593512132	1.9531249999999931	27.13904027900833	8.322953223006625	12.406249999999986	62.77808055801666	25.14590644601325	32.38031249999996	163.85079025642347	65.63081582409458	28.13736412122538	548.4004245677953	159.71830089116958	3년	62.77808055801666	163.85079025642347	548.4004245677953	0.5927148860982564	2.2165443136191234	1.003401351219185	2.359351998855903	9.33657283781743	3년	2.2165443136191234	안심	3년	27.13904027900833	0.5715086986885477	헐값	N	주당순현금<=0	1062693062.0	-9.814418112323908	-13.78368844009399		-23.793725651250853	26.34380012512207	27.836950035095214	N	N	주의	
CDW	CDW Corp	0001402057	S&P 500	제외	PEG=헐값, PEGY=불리(<1)	144.47999572753906	8.08	2025	1.65	618700000.0	0.0	618700000.0	4622300000.0	1007500000.0	2606100000.0	5981100000.0	30.34865846841811	69.65134153158189	0.4357225259567638	-30.307342922028766	-37.934140802422405	21.63209636752077	22.57600699628236	1.3801756587202048	-0.2054237502367883	37.39960471779868	11.26035131744041	8.089152499526424	83.29920943559736	90.98363864491851	65.36035219617351	673.0576122396267	-37.02682631822899	-54.76165965603273	365.8483057466872	5년	83.29920943559736	673.0576122396267	365.8483057466872	0.1400777625634944	0.06677929985242446	1.8051696911090505	8.236941710825132	5.7010949296803615	3년	0.0667792998524244	불리(<1)	5년	37.39960471779868	0.5784044117778051	헐값	N	주당순현금<=0	132100000.0	8.362704375128382	21.769906337528646		-15.394980316904228	140.1781997680664	131.7902501296997	Y	Y	강한 상승추세	단기위험부채 존재
SYF	Synchrony Financial	0001601712	S&P 500	제외	PEG=헐값, PEGY=양호	78.62000274658203	9.28	2025	1.7	14973000000.0		14973000000.0	15182000000.0		16766000000.0	102329000000.0	14.077837020865697	85.92216297913431	0.16384407157306335	-0.5589729874297941	-0.5589729874297941	8.532217212716793	8.532217212716793	8.538011695906416	14.698468785789576	32.527017334119954	25.576023391812832	37.89693757157915	73.55403466823991	237.34549707602307	351.6835806642545	682.5814417212663	201.88945406306482	347.32074329461125	768.2032789053053	3년	37.89693757157915	351.6835806642545	347.32074329461125	1.1999239401274537	1.921946942624547	4.011503279957114			3년	1.921946942624547	양호	3년	14.698468785789576	0.5804834052486956	헐값	N	주당순현금<=0 | FCF<=0	373900000.0	8.696254329177622	20.103886107800093		-11.133715766035357	76.82780029296875	75.1385001373291	Y	Y	강한 상승추세	
GL	GLOBE LIFE INC.	0000320335	S&P 500	제외	PEG=헐값, PEGY=안심	170.67999267578125	14.07	2025	76.0	61710000.0	314711000.0	376421000.0	2320793000.0	304656000.0	5974579000.0	24839113000.0	19.389364312462135	80.61063568753787	0.24053109303862824	-23.56100803984325	-27.252689706410393	13.805330541266844	14.067710190631958	17.839195979899504	23.497404952300016	48.78096035818152	44.17839195979901	55.49480990460003	106.06192071636303	621.589974874372	780.8119753577224	1492.2912244792278	264.18443962270743	357.4712964986647	774.3211205275483	3년	55.49480990460003	780.8119753577224	357.4712964986647	6.797316130852189	7.207172957929745	9.038607223868109	15.194269876451488	8.902197403602004	3년	7.207172957929745	안심	3년	23.497404952300016	0.5875257531328167	헐값	N	주당순현금<=0	82524992.0	7.123574163239832	19.431802044684087		-8.246431160280688	178.33259979248047	154.17664978027344	N	Y	상승전환	단기위험부채 존재
CINF	CINCINNATI FINANCIAL CORP	0000020286	S&P 500	양호	PEG=헐값, PEGY=양호	169.13999938964844	15.17	2025	2.2	1139000000.0	148000000.0	1287000000.0	790000000.0		15911000000.0	25091000000.0	38.80542412565241	61.19457587434759	0.6341317603921724	3.1515535827520607	3.1515535827520607	10.941888319505365	10.941888319505365	4.404679972470754		18.581314428449215	17.30935994494151		45.66262885689843	262.5829903647627		692.7020797591491	55.24594496411772		309.54362200473275	5년	45.66262885689843	692.7020797591491	309.54362200473275	0.6036142738449485		1.899243880181428	19.60684844641725	11.592082604451761	5년	1.899243880181428	양호	5년	18.581314428449215	0.588865139849989	헐값	Y		157700000.0	3.2411630954320314	2.6771102874326935		-11.920012255978962	177.01819946289064	167.33644966125487	N	Y	상승전환	
STLD	STEEL DYNAMICS INC	0001022671	S&P 500	제외	PEG=헐값, PEGY=양호	240.30999755859375	7.99	2025	88.0	769878000.0	0.0	769878000.0	4176508000.0	34655000.0	8957182000.0	7489369000.0	54.46237329638293	45.537626703617065	1.1959862039111706	-22.955109026710872	-23.188626991186222	32.94932497938731	32.978551257794734	-18.800813008130078	-27.445943360831997	55.10698446728479	-29.101626016260155	-46.39188672166399	118.71396893456958	-232.52199186991865	-370.67117490609525	948.5246117872109	-196.75918365120197	-254.24708862381644	294.70876011137915	5년	118.71396893456958	948.5246117872109	294.70876011137915	2.100170095598622	1.8377935413563062	4.343244802641959	3.379349613217973	1.4062459521244015	3년	1.8377935413563065	양호	5년	55.10698446728479	0.5979155872509817	헐값	N	주당순현금<=0	148404000.0	-10.930315629593046	31.900759832241256		-15.012735443819425	241.86099975585938	210.74020050048827	N	Y	중립/개선	단기위험부채 존재
BLDR	Builders FirstSource, Inc.	0001316835	S&P 500	제외	PEG=헐값, PEGY=판정불가	62.58000183105469	3.89	2025		181753000.0		181753000.0	353830000.0	30074000.0	4352251000.0	6885279000.0	38.72960517124315	61.27039482875686	0.632109606596915	-1.538847453989376	-1.8077927420364508	16.482994674818524	16.552132281000294	-57.064017660044144	-38.61797619693695	26.944391684631476	-105.62803532008829	-68.7359523938739	62.38878336926295	-410.89305739514344	-267.3828548121695	242.69236730643289	-756.588439393816	-527.2656551433392	287.81137776509183	5년	62.38878336926295	242.69236730643289	287.81137776509183				7.630734560283307	12.193567173238133	판정불가		판정불가	5년	26.944391684631476	0.6117412063980677	헐값	N	주당순현금<=0	111822000.0	-19.293266582199543	-33.19811952690913		-57.300762231497984	72.61380088806152	89.9398005104065	N	N	주의	단기위험부채 존재
GE	GENERAL ELECTRIC CO	0000040545	S&P 500	양호	PEG=헐값, PEGY=안심	334.9100036621094	8.14	2025	56.00000000000001	43299000000.0		43299000000.0	20469000000.0	25000000.0	18677000000.0	111271000000.0	14.37267214578139	85.62732785421862	0.16785146174654672	21.376404494382022	21.35299625468165	38.51764117539648	38.520516880519374	365.14285714285717	61.56813006403801	69.60524644031413	738.7857142857143	131.636260128076	147.71049288062827	6013.715714285715	1071.5191574425387	1202.363412048314	1695.6214053113063	219.94241608966516	259.01089812216486	3년	131.636260128076	1071.5191574425387	219.94241608966513	10.933765523831358	3.0523190537206575	3.2609797123440085	6.709737827715355	2.0034450313060246	3년	3.052319053720657	안심	3년	61.56813006403801	0.6256100540220022	헐값	Y		1068000000.0	1.3527421582366417	2.5695255821187146		-12.147840462280223	356.5328009033203	321.52070053100584	N	Y	상승전환	단기위험부채 존재
TEL	TE Connectivity plc	0001385157	S&P 500	제외	PEG=헐값, PEGY=양호	204.99000549316406	6.16	2025	1.5	1255000000.0		1255000000.0	4842000000.0	500000000.0	9585000000.0	12351000000.0	43.695295404814004	56.304704595185996	0.7760505222249211	-11.996655518394649	-13.668896321070234	35.22510730707122	35.49657496984323	-40.36786060019361	-6.225079756818797	54.9338540505395	-72.23572120038722	-3.950159513637594	118.367708101079	-444.9720425943853	-24.33298260400758	729.1450819026467	-317.07011594242044	-111.87032633394364	255.69786934171378	5년	118.367708101079	729.1450819026467	255.69786934171378	-1.1034135470863742	-0.1341395418792739	1.6020917568421646	10.7123745819398	5.225803353762549	5년	1.6020917568421646	양호	5년	54.9338540505395	0.6412276712765118	헐값	N	주당순현금<=0	299000000.0							판정불가	판정불가	판정불가	단기위험부채 존재
META	Meta Platforms, Inc.	0001326801	S&P 500	양호	PEG=헐값, PEGY=안심	613.47998046875	23.49	2025	34.0	35873000000.0	45719000000.0	81592000000.0	58744000000.0		217243000000.0	148778000000.0	59.35260545159977	40.64739454840023	1.4601822850152577	8.876456876456876	8.876456876456876	25.738762179322823	25.738762179322823	-1.550712489522217	39.8395285030712	18.41272352127048	5.398575020955565	88.1790570061424	45.32544704254096	126.81252724224622	2071.326049074285	1064.694751029287	-79.32898688147073	237.6354754871738	73.55003992400393	3년	88.1790570061424	2071.326049074285	237.6354754871738	1.2607167075247248	2.8688065101432896	2.036334271093119	17.913364413364413	2.9199590832087305	3년	2.8688065101432896	안심	3년	39.8395285030712	0.6460609135306067	헐값	Y		2574000000.0	4.9419169479645975	-6.205761829918077		-21.373921119032357	596.7561950683594	622.3690475463867	Y	N	중립/개선	
AVY	Avery Dennison Corp	0000008818	S&P 500	제외	PEG=헐값, PEGY=불리(<1)	170.6999969482422	8.79	2025	2.28	202800000.0		202800000.0	954200000.0	250000000.0	2242100000.0					-9.596424010217113	-12.789272030651341	20.51153822053007	20.87477462786047	0.6872852233676829	-1.5437973187936491	30.981755136467836	9.874570446735365	5.412405362412701	70.46351027293568	86.79747422680386	47.57504313560764	619.3742552991046	-49.1520352791092	-72.1294411328942	262.8437412842512	5년	70.46351027293568	619.3742552991046	262.8437412842512	0.14466419785122292	0.03589212438828613	1.6216119327011773	9.098339719029374	5.3300175053828935	3년	0.0358921243882861	불리(<1)	5년	30.981755136467836	0.662052170065293	헐값	N	주당순현금<=0	78300000.0	7.122679893312012	-2.065407940610653		-13.547733812835672	170.17960021972655	173.09815002441405	Y	N	중립/개선	단기위험부채 존재
L	LOEWS CORP	0000060086	S&P 500	제외	PEG=헐값, PEGY=안심	108.25	7.97	2025	23.0	495000000.0	4628000000.0	5123000000.0	9191000000.0	10000000.0	18686000000.0	66707000000.0	21.882355696602765	78.11764430339724	0.2801205270811159	-19.45480631276901	-19.502630320420852	16.023187743132876	16.029188245975014	24.33697347893915	24.20001937499827	40.610600779906946	57.1739469578783	56.90003874999654	89.72120155981389	455.67635725429005	453.4933088374724	715.0779764317167	320.9481360316767	318.93146312930475	560.5801167960432	3년	56.90003874999654	453.4933088374724	318.93146312930475	2.9542794004411856	2.94573215590181	3.969909221538567	12.91248206599713	11.928389899304507	3년	2.94573215590181	안심	3년	24.20001937499827	0.6621146658951392	헐값	N	주당순현금<=0	209100000.0	1.2155241597500366	-0.8336420223346352		-9.33835961757692	113.65559982299804	108.8438500213623	N	N	중립/개선	단기위험부채 존재
PKG	PACKAGING CORP OF AMERICA	0000075677	S&P 500	제외	PEG=헐값, PEGY=양호	231.99000549316406	8.58	2025	2.53	529000000.0	71800000.0	600800000.0	3967300000.0	0.0	4598000000.0					-37.572544642857146	-37.572544642857146	31.41754663589991	31.41754663589991	-3.9193729003359428	-8.031890655223496	45.85079043342193	0.6612541993281145	-7.563781310446991	100.20158086684386	5.673561030235222	-64.89724364363519	859.7295638375202	-97.55439419979565	-127.97415496658	270.5890527524702	5년	100.20158086684386	859.7295638375202	270.5890527524702	-0.04422283243301841	-0.17512158791344473	1.539928976444603	8.131696428571429	3.5051925669319584	5년	1.539928976444603	양호	5년	45.85079043342193	0.6852127594511169	헐값	N	주당순현금<=0	89600000.0	2.049885023786935	4.821072571769114		-9.882293402640707	242.1059991455078	223.3712501525879	N	Y	상승전환	
JBL	JABIL INC	0000898293	S&P 500	제외	PEG=헐값, PEGY=불리(<1)	312.3299865722656	5.92	2025	10.0	1933000000.0		1933000000.0	2386000000.0	2400000.0	1513000000.0	17026000000.0	8.161173741841523	91.83882625815848	0.08886409021496534	-4.084761045987376	-4.106402164111812	53.44843709767787	53.45209269195564	-47.00089525514772	-4.9779916366686106	76.05596028525254	-85.50179051029544	-1.455983273337221	160.61192057050508	-506.17059982094895	-8.619420978156349	950.8225697773901	-262.06276104834825	-102.75971611715931	204.42884470120921	5년	160.61192057050508	950.8225697773901	204.42884470120921	-0.6922727260953954	0.0939598730296564	1.6100743998928146	10.568079350766457	3.383626230304741	3년	0.0939598730296564	불리(<1)	5년	76.05596028525254	0.702751459546579	헐값	N	주당순현금<=0	110900000.0	-13.811473490854498	24.359941932149766		-19.007861780055656	326.19220092773435	293.39150009155276	N	Y	중립/개선	단기위험부채 존재
EFX	EQUIFAX INC	0000033185	S&P 500	제외	PEG=헐값, PEGY=보통	171.6199951171875	5.32	2025	1.27	180800000.0		180800000.0	4055300000.0		4604300000.0	7126000000.0	39.251340545425094	60.748659454574906	0.6461268593881561	-31.22078968573731	-31.22078968573731	38.12796706821895	38.12796706821895	9.917355371900834	-1.9860869276462576	54.21135723165227	28.33471074380167	4.527826144707484	116.92271446330454	150.74066115702487	24.088035089843817	622.0288409447802	-12.16602642711041	-85.96431897495641	262.44543680358424	5년	116.92271446330454	622.0288409447802	262.44543680358424	0.2934159944033812	-0.018781146300431588	1.4551354687330815			5년	1.4551354687330815	보통	5년	54.21135723165227	0.7033206511560506	헐값	N	주당순현금<=0 | FCF<=0	124100000.0							판정불가	판정불가	판정불가	
KVUE	Kenvue Inc.	0001944048	S&P 500	제외	PEG=헐값, PEGY=양호	18.389999389648438	0.76	2025	4.48	1062000000.0		1062000000.0	7687000000.0	700000000.0	10765000000.0	16311000000.0	39.75845767469345	60.24154232530654	0.6599840598369199	-3.4433471933471935	-3.807172557172557	28.728087609204778	29.206805193185517	40.74074074074073			89.98148148148147			68.38592592592592			271.8647536465919			1년	89.98148148148147	68.38592592592592	271.8647536465919	1.574095058323741			0.895010395010395	4.866832108293534	1년	1.574095058323741	양호	1년	40.74074074074073	0.705143968589572	헐값	N	주당순현금<=0	1924000000.0	2.622764014249346	2.394211175364358		-7.261727380725547	19.164599990844728	17.964249935150146	N	Y	상승전환	단기위험부채 존재
PTC	PTC INC.	0000857005	S&P 500	제외	PEG=헐값, PEGY=판정불가	133.2550048828125	6.08	2025		184415000.0		184415000.0	1172434000.0	25000000.0	3826229000.0	2790943000.0	57.82272245605827	42.177277543941734	1.3709448741876848	-8.180522781655448	-8.387515834968578	23.262422313234858	23.296467223319258	94.87179487179486	31.89223724402268	40.26105826759165	198.24358974358972	72.28447448804536	89.0221165351833	1205.3210256410255	439.4896048873158	541.2544685339145	804.5221428651122	229.8109555238192	306.17946696254006	3년	72.28447448804536	439.4896048873158	229.81095552381916				7.093138594268776	5.322981002106934	판정불가		판정불가	3년	31.89223724402268	0.7294070383097616	헐값	N	주당순현금<=0	120777000.0							판정불가	판정불가	판정불가	단기위험부채 존재
TPR	TAPESTRY, INC.	0001116132	S&P 500	제외	PEG=헐값, PEGY=보통	117.58000183105469	7.27	2026	1.51	974700000.0	177300000.0	1152000000.0	2396600000.0	0.0	692100000.0	5999600000.0	10.342663299311086	89.65733670068892	0.11535769051270085	-5.921027592768792	-5.921027592768792	16.98776195650942	16.98776195650942	786.5853658536585	23.28234739020967	60.15373226239535	1581.670731707317	55.06469478041934	128.8074645247907	11498.746219512193	400.32033105364854	936.4302670952284	9679.50845419633	240.46634191148465	696.4196738495906	3년	55.06469478041934	400.32033105364854	240.46634191148462	46.391947795788	1.4594239932064546	3.6298914724765647	8.622740247383444	7.333509196379384	3년	1.4594239932064546	보통	3년	23.28234739020967	0.7296412888183624	헐값	N	주당순현금<=0	210200000.0	-19.255592793810816	-20.698726348594633		-28.64425130349767	140.20100021362305	138.42095012664794	N	N	주의	
SYY	SYSCO CORP	0000096021	S&P 500	제외	PEG=헐값, PEGY=보통	79.83999633789062	3.66	2026	2.75	1786000000.0	18000000.0	1804000000.0	10588184000.0	8782000.0	2666000000.0					-18.27707233642588	-18.29534486455809	26.807942260742212	26.812934754767408	-1.8766756032171539	36.47073516767034	66.04148830392411	4.746648793565692	81.44147033534068	140.58297660784822	17.372734584450434	298.0757814273469	514.5336943847245	-78.24056189716325	273.3414267278536	544.4560596009647	3년	81.44147033534068	298.0757814273469	273.34142672785356	0.03257707690835152	1.4630266950815367	2.5660861111545654			3년	1.4630266950815367	보통	3년	36.47073516767034	0.7350535199659546	헐값	N	주당순현금<=0 | FCF<=0	480612203.0	2.9529248175586	-5.279397946734354		-12.417734608893948	83.04060028076172	79.4236001586914	N	Y	상승전환	단기위험부채 존재
IT	GARTNER INC	0000749251	S&P 500	제외	PEG=헐값, PEGY=보통	172.58999633789062	9.65	2025	0.6923923896843193	1722521000.0		1722521000.0	2976674000.0	5000000.0	319908000.0	7765492000.0	3.9566131545749132	96.04338684542509	0.041196101934043584	-16.588228291779643	-16.654361484028833	19.603961101520234	19.610814282064194	-39.6875	-1.0484370535091214	26.662227247373906	-70.875	6.403125892981757	61.82445449474781	-683.94375	61.79016486727396	596.6059858743164	-496.2823828218868	-64.19829296113816	245.67819603304363	5년	61.82445449474781	596.6059858743164	245.67819603304363	-1.9891443065193448	-0.01816187361222584	1.3953618605648501			5년	1.39536186056485	보통	5년	26.662227247373906	0.7352709479081919	헐값	N	주당순현금<=0 | FCF<=0	75605000.0	9.65057371691902	8.506223429503557		-34.647279817040136	164.6602001953125	177.31849994659424	Y	N	중립/개선	단기위험부채 존재
ZBH	ZIMMER BIOMET HOLDINGS, INC.	0001136869	S&P 500	제외	PEG=헐값, PEGY=안심	94.22000122070312	3.55	2025	98.0	591900000.0	164600000.0	756500000.0	6932000000.0	500000.0	12697700000.0	10386000000.0	55.00721288181703	44.99278711818296	1.222578471018679	-31.07951685958732	-31.082033215903373	35.29563889585646	35.296347728621555	-19.864559819413092	47.77871617006642	17.426534933980655	-31.229119638826184	104.05743234013283	43.35306986796131	-110.86337471783294	369.40388480747157	153.90339803126264	-217.66437410475507	292.06525156179026	63.344720905655414	3년	104.05743234013283	369.40388480747157	292.06525156179026	2.2137420549641798	4.130218937251767	3.2702775341327275	7.411172622043281	7.865816733204214	3년	4.130218937251767	안심	3년	47.77871617006642	0.7387314211253199	헐값	N	주당순현금<=0	198700000.0	5.121057802007378	2.7480963536817615		-9.629772405345493	94.95120040893555	91.39030002593994	N	Y	상승전환	단기위험부채 존재
FE	FIRSTENERGY CORP	0001031296	S&P 500	제외	PEG=헐값, PEGY=보통	46.45000076293945	1.76	2025	3.98	57000000.0		57000000.0		325000000.0	12510000000.0	41978000000.0	22.95918367346939	77.04081632653062	0.2980132450331126	0.0986159169550173	-0.46366782006920415	26.33601411703661	26.6554935130731	3.529411764705886	35.33748646850903	-2.4264922046119075	15.558823529411772	79.17497293701805	3.647015590776185	27.38352941176472	139.34795236915178	6.4187474397660855	-41.04730040475497	199.9955868253328	-86.18138356439525	3년	79.17497293701805	139.34795236915178	199.99558682533282	0.28513850772308375	1.4929171245801687	0.05898796182612682			3년	1.492917124580169	보통	3년	35.33748646850903	0.7452712897536141	헐값	N	FCF<=0	578000000.0	1.1762163304772644	-8.310302205197729		-10.518202852094316	47.71139991760254	47.53294981002808	N	N	중립/개선	단기위험부채 존재
UDR	UDR, Inc.	0000074208	S&P 500	제외	PEG=헐값, PEGY=보통	36.11000061035156	1.13	2025	4.76	1222000.0		1222000.0	5821369000.0		3288462000.0	6456911000.0	33.74382899453926	66.25617100546074	0.5092933757333808	-17.58071064149849	-17.58071064149849	47.513903762699165	47.513903762699165	334.6153846153846	63.19306474930446	41.38706836756314	677.7307692307692	134.8861294986089	91.27413673512628	765.8357692307691	152.42132633342806	103.13977451069269	2020.8411971370303	322.1028074137828	185.62662079026904	3년	134.8861294986089	152.42132633342806	322.1028074137828	7.142654207289352	1.4301722099847978	0.9712329384265609			3년	1.4301722099847978	보통	3년	63.19306474930446	0.7518847827873727	헐값	N	주당순현금<=0 | FCF<=0	331053000.0							판정불가	판정불가	판정불가	
EXPD	EXPEDITORS INTERNATIONAL OF WASHINGTON INC	0000746515	S&P 500	제외	PEG=헐값, PEGY=안심	185.9600067138672	5.95	2025	86.0	1314285000.0	40000.0	1314325000.0			2355633000.0					9.646492818295915	9.646492818295915	29.63252334379349	29.63252334379349	4.020979020979029	-10.357841347469254	38.67934932316548	16.541958041958058	-12.215682694938508	85.85869864633096	98.42465034965045	-72.68331203488412	510.85925694566924	-47.0721408925875	-139.0854535441701	174.71458297574586	5년	85.85869864633096	510.85925694566924	174.71458297574586	3.037911350868263	2.552673553140858	4.2075171215305724			3년	2.552673553140858	안심	5년	38.67934932316548	0.7661070794188942	헐값	N	FCF<=0	136249000.0	11.795124929618206	31.541354698157242		-2.623445815998038	178.8048001098633	158.94904991149903	Y	Y	강한 상승추세	
NSC	NORFOLK SOUTHERN CORP	0000702165	S&P 500	제외	PEG=헐값, PEGY=보통	327.9200134277344	12.75	2025	1.64	1530000000.0	0.0	1530000000.0	9736000000.0	0.0	15547000000.0	29689000000.0	34.36864444247944	65.63135555752055	0.5236619623429553	-36.4225477141589	-36.4225477141589	28.575887148383785	28.575887148383785	10.19878997407087	-2.7909035954415184	37.019144491250344	28.89757994814174	2.918192809116963	82.53828898250069	368.4441443388072	37.20695831624128	1052.3631845268837	12.35793158443601	-88.65364820911097	220.9206945091807	5년	82.53828898250069	1052.3631845268837	220.9206945091807	0.4142929985899128	-0.040275340865720495	1.3528589432939742	9.573901464713716	2.91958437200527	5년	1.3528589432939742	보통	5년	37.019144491250344	0.7719218674850208	헐값	N	주당순현금<=0	225300000.0	4.994878886296039	9.859634880972346		-7.099551469945531	335.46579711914063	309.17179931640624	N	Y	상승전환	
ROP	ROPER TECHNOLOGIES INC	0000882835	S&P 500	제외	PEG=헐값, PEGY=안심	395.6499938964844	14.2	2025	89.0	297400000.0		297400000.0	8595800000.0	705200000.0	19881500000.0	14695500000.0	57.49920467362698	42.50079532637302	1.3528971453846415	-76.69500924214418	-83.21256931608133	33.26373261539638	33.72271571919477	231.7757009345794	-7.702444377568895	42.57857188588412	472.0514018691588	-6.90488875513779	93.65714377176823	6703.129906542054	-98.04942032295662	1329.9314415591089	1594.2070036517741	-124.78185816644034	236.13837029580864	5년	93.65714377176823	1329.9314415591089	236.13837029580864	9.643406668862708	2.444029855651314	3.955616569169449			3년	2.444029855651314	안심	5년	42.57857188588412	0.7812317591239868	헐값	N	주당순현금<=0 | FCF<=0	108200000.0	17.97417767150975	11.80659546042071		-23.91346271221454	385.2200024414062	375.8610508728027	Y	Y	강한 상승추세	단기위험부채 존재
TRGP	Targa Resources Corp.	0001389170	S&P 500	제외	PEG=헐값, PEGY=보통	294.2900085449219	8.49	2025	1.72	166100000.0		166100000.0	5632400000.0		3067900000.0					-25.201936376210234	-25.201936376210234	37.631560061381876	37.631560061381876	47.90940766550523			104.31881533101046			885.6667421602788			200.95032669961893			1년	104.31881533101046	885.6667421602788	200.95032669961893	1.318824082354102			2.6929460580912865	0.91506540483865	1년	1.318824082354102	보통	1년	47.90940766550523	0.7854732900084799	헐값	N	주당순현금<=0	216900000.0	11.401746445921667	26.59268163616857		-2.63357864518714	278.1928009033203	238.589349899292	Y	Y	강한 상승추세	
TXT	TEXTRON INC	0000217346	S&P 500	제외	PEG=헐값, PEGY=양호	79.54000091552734	5.11	2025	10.0	1262000000.0		1262000000.0			7875000000.0	10254000000.0	43.43868939268575	56.561310607314255	0.7679929783499122	7.001076235174028	7.001076235174028	14.195484281869533	14.195484281869533	18.013856812933028			44.527713625866056			227.53661662817555			186.06564497003566			1년	44.527713625866056	227.53661662817555	186.06564497003566	1.9734343863641424					1년	1.9734343863641424	양호	1년	18.013856812933028	0.7880313710319881	헐값	N	FCF<=0	180258000.0	-14.738985813120975	-14.02010693027924		-21.067774570576823	87.6333999633789	90.042799949646	N	N	주의	
ADBE	ADOBE INC.	0000796343	S&P 500	보류	PEG=헐값, PEGY=보통	257.260009765625	16.7	2025	0.01010650665203936	5431000000.0	1164000000.0	6595000000.0	1000000000.0	0.0	11623000000.0	17873000000.0	39.40534309736913	60.59465690263086	0.650310524254462	13.103044496487119	13.103044496487119	14.620177561026221	14.620177561026221	35.11326860841424	18.24924207604421	29.19321269200992	78.72653721682848	44.99848415208843	66.88642538401984	1314.7331715210355	751.4746853398767	1117.0033039131313	411.0522901397751	192.1070733164096	334.1923585133849	3년	44.99848415208843	751.4746853398767	192.10707331640958	2.4023904612962097	1.2489142834606308	1.9974667938719697	23.072599531615925	8.968591563312177	3년	1.2489142834606308	보통	3년	18.249242076044215	0.801138891144314	헐값	Y		427000000.0	8.146966741639217	-6.495109511882924		-29.989654452741977	249.9383984375	267.5986998748779	Y	N	중립/개선	
SW	Smurfit Westrock plc	0002005951	S&P 500	제외	PEG=헐값, PEGY=보통	44.2599983215332	1.33	2025	3.95	892000000.0		892000000.0	13223000000.0		18327000000.0	26803000000.0	40.60935076445823	59.39064923554177	0.6837667425288214	-23.44296577946768	-23.44296577946768	50.90448428646683	50.90448428646683	62.195121951219534			132.89024390243907			176.74402439024396			299.3312948325512			1년	132.89024390243907	176.74402439024396	299.3312948325512	1.2993967599983032					1년	1.2993967599983032	보통	1년	62.195121951219534	0.8184642571549566	헐값	N	주당순현금<=0 | FCF<=0	526000000.0	7.011599778496702	3.5563794650766534		-14.62191706933529	46.65160003662109	42.467749996185304	N	Y	상승전환	
DE	DEERE & CO	0000315189	S&P 500	제외	PEG=헐값, PEGY=안심	680.72998046875	18.5	2025	93.0	8276000000.0		8276000000.0	32888000000.0		25950000000.0	79989000000.0	24.495228386146746	75.50477161385325	0.3244196076960582	-90.5852042694148	-90.5852042694148	41.69271268854945	41.69271268854945	-27.790788446526154	-7.374709270152346	50.57565655156788	-47.08157689305231	-6.249418540304692	109.65131310313576	-871.0091725214677	-115.6142429956368	2028.5492924080115	-227.95222739002793	-116.98386237021982	197.99617331546858	5년	109.65131310313576	2028.5492924080115	197.99617331546858	1.5640433866847674	2.053723185859382	3.443663107845696	22.447552447552447	3.2975707096219096	3년	2.053723185859382	안심	5년	50.57565655156788	0.8243632516374509	헐값	N	주당순현금<=0	271700000.0	17.910027249252703	14.848497455083475		-2.5258838111275828	620.1629992675781	569.2182991027832	Y	Y	강한 상승추세	
CLX	CLOROX CO /DE/	0000021076	S&P 500	제외	PEG=헐값, PEGY=양호	91.5999984741211	6.52	2025	5.37	167000000.0		167000000.0	2484000000.0	202000000.0	321000000.0	5079000000.0	5.944444444444445	94.05555555555556	0.06320141760189013	-18.64233588388166	-20.26760642705995	16.90833349049122	17.157608113678073	189.77777777777774	20.46094189649925	22.02423977466943	388.0555555555555	49.4218837929985	52.54847954933886	2530.122222222222	322.2306823303502	342.61608666168934	2662.1422100100076	251.78022674464023	274.03503533734835	3년	49.4218837929985	322.2306823303502	251.78022674464023	11.541514596191487	1.527704780073439	1.620162021885551	6.12292516514197	6.684416230500073	3년	1.527704780073439	양호	3년	20.46094189649925	0.826371218686865	헐값	N	주당순현금<=0	124287000.0	-6.9861948093933535	-20.945890823478784		-27.964772069745003	99.7370002746582	103.12675022125244	N	N	주의	단기위험부채 존재
PCAR	PACCAR INC	0000075362	S&P 500	보류	PEG=헐값, PEGY=보통	122.5	4.51	2025	1.12	3435900000.0		3435900000.0			19264000000.0					6.5222095671981775	6.5222095671981775	25.7156963265636	25.7156963265636	-42.911392405063296	-7.777639865294905	30.977934086980994	-77.32278481012659	-7.05527973058981	70.45586817396199	-348.7257594936709	-31.81931158496004	317.75596546456853	-384.6740893825885	-125.97494823262043	159.3926248690355	5년	70.45586817396199	317.75596546456853	159.3926248690355	-1.6251316656704315	-0.25889401479740404	1.2481845204333324	6.971905846621109	5.691351711527435	5년	1.2481845204333324	보통	5년	30.977934086980994	0.8301294803700632	헐값	Y		526800000.0	2.347729552407163	2.9238812427208494		-11.36676503199311	127.8379997253418	119.9594998550415	N	Y	상승전환	
BIIB	BIOGEN INC.	0000875045	S&P 500	제외	PEG=헐값, PEGY=판정불가	212.5	8.79	2025		2913700000.0	1134989000.0	4048689000.0	6286800000.0		14799400000.0	11182700000.0	56.95998398897702	43.04001601102298	1.3234192100297781	-15.214894629503739	-15.214894629503739	25.906131357167663	25.906131357167663	-21.37745974955278	-25.041283434599325	30.526946389639487	-34.25491949910556	-41.58256686919865	69.55389277927898	-301.1007423971379	-365.51076278025613	611.3787175298622	-241.69446701041784	-272.0050648377676	187.7076317787587	5년	69.55389277927898	611.3787175298622	187.7076317787587				13.941536369816452	6.560722997560683	판정불가		판정불가	5년	30.526946389639487	0.8486315999807934	헐값	N	주당순현금<=0	147100000.0	6.7302830164241545	12.785943352080785		-5.34942532657282	209.45639984130858	191.26495025634765	Y	Y	강한 상승추세	
PFG	PRINCIPAL FINANCIAL GROUP INC	0001126328	S&P 500	제외	PEG=헐값, PEGY=보통	115.04000091552734	5.25	2025	2.88	4431000000.0		4431000000.0	3926300000.0	27700000.0	11883900000.0	328985200000.0	3.486352972446021	96.51364702755399	0.036122901577335394	2.236154186973859	2.113424900310146	21.48644699591495	21.50982400289851	-21.40718562874251	-34.694566556534845	25.297404962923697	-34.31437125748502	-60.88913311306969	59.09480992584739	-180.15044910179637	-319.6679488436159	310.2477521106988	-256.59809428728965	-377.8754748779468	169.68684774134383	5년	59.09480992584739	310.2477521106988	169.68684774134383	-0.8622731172010403	-1.4806806617484733	1.311403647530969			5년	1.311403647530969	보통	5년	25.297404962923697	0.8493537984392411	헐값	N	FCF<=0	225700000.0	7.856738201477231	28.206838974377458		-2.928023928912149	112.36919982910156	99.04115005493163	Y	Y	강한 상승추세	단기위험부채 존재
RL	RALPH LAUREN CORP	0001037038	S&P 500	제외	PEG=헐값, PEGY=보통	347.2300109863281	15.11	2026	1.14	1988000000.0	77000000.0	2065000000.0	1238900000.0	0.0	2841400000.0	4898100000.0	36.71296595387299	63.28703404612701	0.5801024887201159	13.260032102728731	13.260032102728731	22.102579674626035	22.102579674626035	30.146425495262708	25.853438682213326		68.79285099052541	60.20687736442665		1039.459978466839	909.7259169764867		199.35775871278784	161.99518710734552		3년	60.20687736442665	909.7259169764867	161.99518710734552	1.415510133017632	1.2212800080165322				3년	1.2212800080165322	보통	3년	25.853438682213326	0.8549183706781794	헐값	N	FCF<=0	62300000.0	-11.230696457843559	0.3062072153788842		-16.178633437217105	377.67280029296876	366.3143998718262	N	N	판정불가	
BA	BOEING CO	0000012927	S&P 500	제외	PEG=헐값, PEGY=보통	210.72999572753906	2.48	2025	3.9007261266345563	10921000000.0	18479000000.0	29400000000.0	53848000000.0	6109000000.0	5454000000.0	162778000000.0	3.2419515906605163	96.75804840933948	0.03350575630613473	-32.07136298045389	-40.08526826708645	97.90377367257781	101.13518709460706	113.50762527233115			235.5152505446623			584.0778213507625			177.16880994290878			1년	235.5152505446623	584.0778213507625	177.16880994290878	1.1992219195923701			-2.462285189557917	-1.168455008532103	1년	1.19922191959237	보통	1년	113.50762527233115	0.8625303669042844	헐값	N	주당순현금<=0 | FCF<=0	762300000.0	-1.7621550865204116	-3.2283242820692615		-16.426729792406636	219.28039916992188	220.3521501159668	N	N	주의	단기위험부채 존재
EBAY	EBAY INC	0001065088	S&P 500	제외	PEG=헐값, PEGY=보통	104.58999633789062	4.34	2025	1.2	1867000000.0	2625000000.0	4492000000.0	6973000000.0	750000000.0	4615000000.0	12995000000.0	26.20670073821692	73.79329926178308	0.3551365909965371	-5.301282051282051	-6.903846153846154	25.32057105741306	25.689825458925526	10.15228426395939		29.104348914704946	28.80456852791878		66.70869782940989	125.0118274111675		289.5157485796389	19.525606452171274		176.8101718297449	5년	66.70869782940989	289.5157485796389	176.8101718297449	0.44834234734353673		1.1968272297647409	3.0641025641025643	2.929632537899333	5년	1.1968272297647409	보통	5년	29.104348914704946	0.8699926987413164	헐값	N	주당순현금<=0	468000000.0	-3.745635180424711	15.111155222658912		-12.07969305411476	109.26379989624023	98.77469997406006	N	Y	중립/개선	단기위험부채 존재
AMP	AMERIPRISE FINANCIAL INC	0000820027	S&P 500	제외	PEG=헐값, PEGY=보통	556.6699829101562	36.28	2025	1.21	2318000000.0		2318000000.0	2249000000.0		6549000000.0	184355000000.0	3.4305200519632906	96.5694799480367	0.03552385343494888	0.7026476578411406	0.7026476578411406	15.32434771919281	15.32434771919281	9.773071104387304	17.245791047295555	90.92651621947032	28.046142208774608	42.99158209459111	190.35303243894063	1017.5140393343428	1559.7345983917655	6906.008016884766	82.78586425928492	180.19017483892225	1140.5928519410327	3년	42.99158209459111	1559.7345983917655	180.19017483892225	0.7167072495119435	1.2043443143867587	6.0124266238147905			3년	1.2043443143867587	보통	3년	17.245791047295555	0.888584795975244	헐값	N	FCF<=0	98200000.0	23.927509491436204	22.033930735079842		-2.454967748200776	537.5044036865235	488.1386009216309	Y	Y	강한 상승추세	
DLTR	DOLLAR TREE, INC.	0000935703	S&P 500	제외	PEG=헐값, PEGY=판정불가	124.04000091552734	6.22	2025		717800000.0	0.0	717800000.0	2431700000.0	0.0	3754900000.0	9711300000.0	27.883887065393353	72.11611293460665	0.3866526623624026	-8.30780416868638	-8.30780416868638	21.27778216788002	21.27778216788002	136.22597553873032	-4.80407167954946	23.90309540249904	280.95195107746065	-1.1081433590989196	56.30619080499808	1747.5211357018052	-6.89265169359528	350.22450680708806	1308.8367645949043	-105.5567975191239	182.34803629644838	5년	56.30619080499808	350.22450680708806	182.34803629644838				9.05186621425109	7.2975380098678935	판정불가		판정불가	5년	23.90309540249904	0.8901684827671086	헐값	N	주당순현금<=0	206300000.0	10.601871803724228	6.180449614419081		-12.159199052466096	127.31219894409179	117.22569965362548	N	Y	상승전환	
RJF	RAYMOND JAMES FINANCIAL INC	0000720005	S&P 500	보류	PEG=헐값, PEGY=보통	176.5500030517578	10.3	2025	1.21	11389000000.0		11389000000.0	1190836000.0		12503000000.0	75726000000.0	14.171077536864296	85.8289224631357	0.1651084171882841	49.36187802516941	49.36187802516941	12.348361653066835	12.348361653066835	6.185567010309293	13.848488040155704	12.055643508520287	20.871134020618584	36.19697608031141	32.611287017040574	214.97268041237143	372.82885362720754	335.89625627551794	21.76305675245418	111.17465147701422	90.25559358220221	3년	36.19697608031141	372.82885362720754	111.17465147701422	0.5989107881750881	1.219472547308799	1.0742836888993803	10.871248789932237	6.157603286330839	3년	1.219472547308799	보통	3년	13.848488040155704	0.8916758000773056	헐값	Y		206600000.0	16.634741855594616	18.776913197466726		-2.555464075058622	172.8533999633789	160.44740020751954	Y	Y	강한 상승추세	
TROW	PRICE T ROWE GROUP INC	0001113169	S&P 500	양호	PEG=헐값, PEGY=양호	109.41999816894531	9.24	2025	4.74	3378200000.0		3378200000.0			10860100000.0	2288600000.0	82.59447702054196	17.405522979458045	4.745302805208424	15.334543803903768	15.334543803903768	10.182408481065101	10.182408481065101	0.9836065573770475	11.309540391033558	22.643785680119024	10.467213114754095	31.119080782067115	53.78757136023805	96.71704918032785	287.54030642630016	496.99715936859957	-11.60934856625021	162.78588122651558	354.2105352636107	3년	31.119080782067115	287.54030642630016	162.78588122651558	0.5621073411089815	1.576202763901959	2.68932303502075	6.71448025419882	6.136428775872955	3년	1.576202763901959	양호	3년	11.309540391033558	0.9003379561859056	헐값	Y		220300000.0	3.314129341392591	22.750727976392525		-10.07560988287487	114.45820053100586	103.69194984436035	N	Y	상승전환	
VRT	Vertiv Holdings Co	0001674101	S&P 500	제외	PEG=헐값, PEGY=보통	290.8299865722656	3.41	2025	9.0	1728400000.0		1728400000.0	2892100000.0	20900000.0	3941300000.0	8271100000.0	32.27293570469359	67.7270642953064	0.4765146111158129	-2.9788598174833623	-3.032360006694845	86.16095202045423	86.1766412255016	166.40624999999997		95.30556878636357	341.31249999999994		199.11113757272713	1163.875625		678.9689791229996	300.19106651191186		133.45906903389033	5년	199.11113757272713	678.9689791229996	133.45906903389033	2.035797491633557		1.2105897896950104	4.8477826951533824	1.6668785610072578	5년	1.2105897896950104	보통	5년	95.30556878636357	0.9040495022236544	헐값	N	주당순현금<=0	390652824.0	0.4524722327658992	7.690879508789705		-22.698886829941344	282.43519927978514	258.0327001953125	Y	Y	강한 상승추세	단기위험부채 존재
FIX	COMFORT SYSTEMS USA INC	0001035983	S&P 500	보류	PEG=헐값, PEGY=보통	1648.469970703125	28.88	2025	22.0	981898000.0		981898000.0	139063000.0	500000.0	2448774000.0	3992395000.0	38.0175399838135	61.9824600161865	0.6133596500346283	23.80015813401858	23.786039025216727	56.25587993660341	56.25636882541234	97.80821917808218	61.78475841689988	89.88133018013103	204.11643835616437	132.06951683379975	188.26266036026206	5894.882739726027	3814.167646160137	5437.025631204368	257.59721708559067	131.3762284995263	229.82254622965948	3년	132.06951683379975	3814.167646160137	131.3762284995263	2.1297012741263313	1.4893511311407743	1.9887935324487638	29.126394261994182	1.766874421714267	3년	1.4893511311407743	보통	3년	61.78475841689988	0.9105138771767995	헐값	Y		35413000.0	-9.996400993325839	19.141814697720207		-20.229277239741627	1706.8129907226562	1495.496346435547	N	Y	중립/개선	단기위험부채 존재
GOOG	Alphabet Inc.	0001652044	S&P 500	양호	PEG=헐값, PEGY=양호	335.3800048828125	10.81	2025	26.0	30708000000.0	96135000000.0	126843000000.0	46547000000.0	0.0	415265000000.0	180016000000.0	69.75949173583568	30.24050826416432	2.306822726868723	6.565494685200327	6.565494685200327	30.417623515042752	30.417623515042752	34.45273631840798	33.33790189024399	-28.686657181224508	77.40547263681596	75.17580378048798	-48.873314362449015	836.7531592039805	812.6504388670751	-528.3205282580739	149.4940506355936	142.30736091468214	-257.5289285485812	3년	75.17580378048798	812.6504388670751	142.30736091468214	1.9874247009636252	1.9507737631409299	-0.08832567672145217	5.99067865903516	1.786236082001491	3년	1.9507737631409297	양호	3년	33.33790189024399	0.9124036544106624	헐값	Y		12230000000.0	-7.427752084632133	9.26921867719972		-15.953288467049253	346.54399963378904	335.03589935302733	N	Y	중립/개선	
FOX	Fox Corp	0001754301	S&P 500	제외	PEG=헐값, PEGY=안심	58.2400016784668	3.84	2026	99.0	4205000000.0		4205000000.0	6606000000.0	0.0	11628000000.0					-5.469248291571754	-5.469248291571754	16.590950513030872	16.590950513030872	-21.792260692464364	18.120452257112785	54.94321165488696	-35.08452138492873	44.74090451422557	118.38642330977392	-134.7245621181263	171.80507333462617	454.60386550953183	-331.3265079591134	194.9949663173654	680.5698015245997	3년	44.74090451422557	171.80507333462617	194.9949663173654	4.653605545197371	7.059297305788718	9.278745755644128	3.343963553530752	5.741695496494333	3년	7.059297305788718	안심	3년	18.120452257112785	0.9155925182009992	헐값	N	주당순현금<=0	439000000.0	-4.367815731961466	9.721174961213407		-14.049587009492493	54.539200134277344	56.959100036621095	Y	Y	중립/개선	
BR	BROADRIDGE FINANCIAL SOLUTIONS, INC.	0001383312	S&P 500	제외	PEG=헐값, PEGY=보통	168.6199951171875	9.6	2026	2.52	402900000.0	900000.0	403800000.0	3254600000.0	400000000.0	2840500000.0	6104700000.0	31.754460492778254	68.24553950722175	0.46529723000311235	-24.345004269854826	-27.760888129803586	20.100520769483577	20.456342004894907	35.21126760563381	21.898526092374706	34.26713142263553	78.92253521126761	52.297052184749404	77.03426284527106	757.6563380281691	502.0517009735943	739.5289233146021	349.3276953908184	197.7414989394813	338.577241566544	3년	52.297052184749404	502.0517009735943	197.74149893948132	1.8771288584182888	1.214820569696218	1.8301581259767863	10.917164816396243	6.474418890125714	3년	1.214820569696218	보통	3년	21.898526092374702	0.917893774434563	헐값	N	주당순현금<=0	117100000.0	12.383366210648795	-9.650114823140965		-33.82780383384699	161.6513998413086	176.84545005798338	Y	N	중립/개선	단기위험부채 존재
GOOGL	Alphabet Inc.	0001652044	S&P 500	양호	PEG=헐값, PEGY=양호	338.3599853515625	10.81	2025	26.0	30708000000.0	96135000000.0	126843000000.0	46547000000.0	0.0	415265000000.0	180016000000.0	69.75949173583568	30.24050826416432	2.306822726868723	6.565494685200327	6.565494685200327	30.693292383567265	30.693292383567265	34.45273631840798	33.33790189024399	-28.686657181224508	77.40547263681596	75.17580378048798	-48.873314362449015	836.7531592039805	812.6504388670751	-528.3205282580739	147.29672403034834	140.17332842201057	-256.1415507537449	3년	75.17580378048798	812.6504388670751	140.17332842201057	1.9695748361871235	1.9332530752553814	-0.08753238810779727	5.99067865903516	1.7705044681364228	3년	1.9332530752553811	양호	3년	33.33790189024399	0.9206725871537031	헐값	Y		12230000000.0	-7.1103123372580175	10.200617487951359		-15.960461612673093	348.58879821777344	336.2113993835449	N	Y	중립/개선	
JPM	JPMORGAN CHASE & CO	0000019617	S&P 500	제외	PEG=헐값, PEGY=보통	353.510009765625	20.02	2025	1.67	278793000000.0		278793000000.0	267889000000.0	64776000000.0	362438000000.0	4062462000000.0	8.19087437004226	91.80912562995775	0.08921634220824712	3.9201869494876864	-19.367966924321408	17.46202911169517	18.625273560936385	1.3670886075949347	18.30758541328956	17.65495483894246	11.23417721518987	45.115170826579124	43.80990967788492	224.9082278481012	903.205719948114	877.074391751256	-36.37854045569628	155.49650504859363	148.1045423106268	3년	45.115170826579124	903.205719948114	155.49650504859363	0.1739252974650494	1.1440586477953814	1.1066843787357792			3년	1.1440586477953814	보통	3년	18.307585413289562	0.9538138819234676	헐값	N	FCF<=0	2781500000.0	13.050846167404174	22.43618477968483		-3.195679704314258	350.26440002441404	318.6123007202148	Y	Y	강한 상승추세	단기위험부채 존재
MPC	Marathon Petroleum Corp	0001510295	S&P 500	보류	PEG=헐값, PEGY=보통	397.7699890136719	13.22	2025	1.03	3672000000.0	0.0	3672000000.0	3292000000.0	0.0	17314000000.0	59869000000.0	22.43240091730044	77.56759908269956	0.2891980824800815	1.2418300653594772	1.2418300653594772	29.99456572982696	29.99456572982696	31.150793650793656	-22.2431402744799		70.80158730158732	-35.9862805489598		935.9969841269844	-475.73862885724856		135.31111194384576	-219.6014385190072		1년	70.80158730158732	935.9969841269844	135.31111194384576	1.0728874670384936	-0.7072327856170725		15.57843137254902	3.9164421154994598	1년	1.0728874670384936	보통	1년	31.150793650793656	0.9628828743842538	헐값	Y		306000000.0	54.08483378588564	84.81159546051902		0.0	324.8515982055664	242.6636491394043	Y	Y	강한 상승추세	
XYZ	Block, Inc.	0001512673	S&P 500	보류	PEG=헐값, PEGY=판정불가	80.0999984741211	2.1	2025		6564092000.0	1081851000.0	7645943000.0	4109829000.0	455000.0	22204278000.0	17380005000.0	56.093672329495014	43.906327670504986	1.2775760421242686	5.677421737273577	5.676691210234443	35.43932225564167	35.439670125660314	-53.94736842105262		36.69521853880895	-99.39473684210525		81.8904370776179	-208.72894736842102		171.96991786299762	-360.5854573591006		114.69403388135903	5년	81.8904370776179	171.96991786299762	114.69403388135903				3.8929480860191576	4.860110062644884	판정불가		판정불가	5년	36.69521853880895	0.9657749338149044	헐값	Y		622838000.0	17.293889881773982	22.1036590507242		-5.598114420059453	80.38179916381836	68.90029975891113	N	Y	상승전환	단기위험부채 존재
BBY	BEST BUY CO INC	0000764478	S&P 500	보류	PEG=헐값, PEGY=보통	89.33000183105469	5.04	2026	4.25	1738000000.0	0.0	1738000000.0	1144000000.0	110000000.0	2964000000.0					2.8005657708628005	2.281942479962282	17.168538900831724	17.27144034743897	17.757009345794387	-7.119053945313414		44.014018691588774	-5.738107890626829		221.83065420560743	-28.920063768759217		148.32715734758915	-132.37441304821002		1년	44.014018691588774	221.83065420560743	148.32715734758915	1.2818219111661426	-0.1671111305327458		5.931164545025931	6.639610907255149	1년	1.2818219111661426	보통	1년	17.757009345794387	0.9668598223099972	헐값	Y		212100000.0	18.916398515599386	37.854934605024624		-1.0413147745297002	84.25460006713867	71.54330011367797	Y	Y	강한 상승추세	단기위험부채 존재
DG	DOLLAR GENERAL CORP	0000029534	S&P 500	제외	PEG=헐값, PEGY=보통	127.87000274658203	6.85	2025	1.77	1138501000.0		1138501000.0	4172068000.0		8511962000.0	22451768000.0	27.490105358753613	72.50989464124639	0.3791221252598014	-13.738109902451837	-13.738109902451837	20.67271717504144	20.67271717504144	34.050880626223076	-13.760458357934102	21.193089282505095	76.60176125244615	-19.020916715868204	50.88617856501019	524.7220645792561	-130.2932795036972	348.5703231703198	310.355871829589	-201.89510964656637	172.59741587800747	5년	50.88617856501019	348.5703231703198	172.59741587800747	1.7327611229292248	-0.5800136603431313	1.1107920206168573			5년	1.1107920206168571	보통	5년	21.193089282505095	0.9754461418754452	헐값	N	주당순현금<=0 | FCF<=0	220814000.0	16.90437553250741	-12.417806337957515		-18.157963229093266	122.98179992675782	126.221149559021	Y	Y	상승전환	
SMCI	Super Micro Computer, Inc.	0001375365	S&P 500	제외	PEG=헐값, PEGY=판정불가	40.2599983215332	3.26	2026		7521474000.0	23110000.0	7544584000.0	120179000.0	170123000.0	14479452000.0	15465851000.0	48.352998799177286	51.647001200822714	0.9362208390601978	10.646628369193	10.402671263128308	9.08385581360129	9.158689281719294	94.04761904761905	-34.17506232770905	9.298515353860616	196.5952380952381	-59.8501246554181	27.09703070772123	640.9004761904762	-195.11140637666298	88.3363201071712	1491.9038820418637	-584.6284513437422	119.41461448080642	5년	27.09703070772123	88.3363201071712	119.41461448080642				-9.997712763211482	-24.832869299609904	판정불가		판정불가	5년	9.298515353860616	0.9769146436726373	헐값	N	FCF<=0	697348000.0	-0.9350420123579672	26.64358968882199		-31.390596264223035	31.899199829101562	31.39504991531372	Y	Y	강한 상승추세	단기위험부채 존재
JCI	Johnson Controls International plc	0000833444	S&P 500	제외	PEG=헐값, PEGY=보통	146.3699951171875	5.03	2025	1.1	379000000.0	100000000.0	479000000.0	9195000000.0	723000000.0	12927000000.0	8245000000.0	61.05705648970338	38.942943510296615	1.5678593086719224	-13.325179636141263	-14.430515211741325	31.748543688534543	31.968292311914276	99.60317460317462	31.9394360396549	43.04007850240077	207.70634920634924	72.3788720793098	94.58015700480153	1044.7629365079367	364.0657265589283	475.7381897341517	613.7821762386978	148.7297524792893	225.02439407288617	3년	72.3788720793098	364.0657265589283	148.7297524792893	3.1718990197191905	1.0406598917980148	1.390302463490356			3년	1.0406598917980148	보통	3년	31.9394360396549	0.9940233023875764	헐값	N	주당순현금<=0 | FCF<=0	654100000.0	-0.9340134570642977	9.280269112447503		-5.421297290933824	144.72579956054688	134.87679988861083	Y	Y	강한 상승추세	단기위험부채 존재
C	CITIGROUP INC	0000831001	S&P 500	제외	PEG=헐값, PEGY=불리(<1)	136.74000549316406	6.99	2025	1.95	188105000000.0		188105000000.0	315827000000.0	51878000000.0	212291000000.0	2443380000000.0	7.993874241199306	92.00612575880069	0.08688415228085684	-68.18749666328546	-95.88382894666596	29.31723922123741	33.27951851785837	17.67676767676767	-0.047641741369786	29.48968947668986	43.85353535353534	8.404716517260429	67.47937895337972	306.53621212121203	58.7489684556504	471.6808588841243	124.17449159495351	-57.03600548810319	244.9472282694216	5년	67.47937895337972	471.6808588841243	244.9472282694216	0.6694616614019385	0.06488872448986074	1.0723959796976703	-39.58784902034061	-28.95118285066889	3년	0.0648887244898607	불리(<1)	5년	29.48968947668986	0.9941521847631268	헐값	N	주당순현금<=0 | FCF<=0	1873100000.0	1.4918799297594987	25.484081821947278		-6.130289550374268	135.18660049438478	123.37244979858399	Y	Y	강한 상승추세	단기위험부채 존재
FFIV	F5, INC.	0001048695	S&P 500	보류	PEG=보통, PEGY=판정불가	389.6199951171875	11.8	2025		1344273000.0	0.0	1344273000.0	0.0	0.0	3591999000.0	1628778000.0	68.80200016204483	31.197999837955155	2.2053336918843454	22.906976347897213	22.906976347897213	31.07737447197375	31.07737447197375	23.560209424083766	30.824915840645065	56.42360566588014	55.62041884816753	70.14983168129012	121.34721133176028	656.3209424083769	827.7680138392235	1431.8970937147715	68.45155552424171	112.45521898593849	267.51119338320774	3년	70.14983168129012	827.7680138392235	112.45521898593847				15.445538818076477	3.964257227976933	판정불가		판정불가	3년	30.824915840645062	1.0081900833933763	보통	Y		58684000.0	-1.4194306386654199	36.164106790827354		-9.655431457942832	404.55700134277345	328.01485038757323	N	Y	중립/개선	
FOXA	Fox Corp	0001754301	S&P 500	제외	PEG=보통, PEGY=안심	65.2300033569336	3.84	2026	89.0	4205000000.0		4205000000.0	6606000000.0	0.0	11628000000.0					-5.469248291571754	-5.469248291571754	18.411263450131603	18.411263450131603	-21.792260692464364	18.120452257112785	54.94321165488696	-35.08452138492873	44.74090451422557	118.38642330977392	-134.7245621181263	171.80507333462617	454.60386550953183	-306.53772065735427	163.38351141041946	596.9244858412382	3년	44.74090451422557	171.80507333462617	163.38351141041946	3.650359981517468	5.818202131931749	7.818214759935884	3.343963553530752	5.126419410455705	3년	5.818202131931749	안심	3년	18.120452257112785	1.0160487822760973	보통	N	주당순현금<=0	439000000.0	-4.5228283836258765	12.156127111537597		-14.295095475190688	61.01299987792969	63.43749990463257	Y	Y	중립/개선	
IEX	IDEX CORP /DE/	0000832101	S&P 500	제외	PEG=보통, PEGY=보통	225.66000366210938	6.41	2025	1.31	580000000.0		580000000.0	1820100000.0	0.0	4027500000.0	2900800000.0	58.131143281901764	41.868856718098236	1.3884100937672366	-16.46879150066401	-16.46879150066401	37.77360298951223	37.77360298951223	-3.4638554216867403	-5.969686551893727	37.169267564172536	1.5722891566265194	-3.439373103787453	82.83853512834507	10.07837349397599	-22.046381595277573	530.9950101726919	-95.53382374793064	-109.76973377536967	135.30754300960396	5년	82.83853512834507	530.9950101726919	135.30754300960396	-0.05702012122816969	-0.12335827623294182	1.0186814208550938	8.191235059760956	3.6299011463396287	5년	1.0186814208550938	보통	5년	37.169267564172536	1.0162590081791714	보통	N	주당순현금<=0	75300000.0							판정불가	판정불가	판정불가	
DXCM	DEXCOM INC	0001093557	S&P 500	보류	PEG=보통, PEGY=판정불가	84.52999877929688	2.09	2025		917700000.0	1730000000.0	2647700000.0	4600000.0		2746000000.0	3593900000.0	43.31298600924305	56.68701399075695	0.7640724561061799	6.518125770653514	6.518125770653514	37.32625502805903	37.32625502805903	47.183098591549296	36.597938323358605	-16.208656508885298	102.86619718309859	81.69587664671721	-23.917313017770596	214.99035211267605	170.74438219163895	-49.987184207140544	154.33615901734944	101.9926471754046	-159.13543703893134	3년	81.69587664671721	170.74438219163895	101.9926471754046				2.656473489519112	3.1426399241469483	판정불가		판정불가	3년	36.597938323358605	1.0199004845099588	보통	Y		405500000.0	8.108448829684667	24.69390417124957		-8.457870769255171	81.5102001953125	71.02030002593995	Y	Y	강한 상승추세	
GILD	GILEAD SCIENCES, INC.	0000882095	S&P 500	제외	PEG=보통, PEGY=보통	146.63999938964844	6.78	2025	2.17	5412000000.0	68000000.0	5480000000.0	22129000000.0	2807000000.0	22703000000.0					-13.26613545816733	-15.502788844621515	23.58497564127076	23.914865521278752	1684.2105263157894	23.0389935777624	40.69054645685804	3376.9210526315787	54.5779871555248	89.88109291371607	22895.524736842104	370.0387529144582	609.393809954995	15513.423917170541	152.34503167938493	315.571339669559	3년	54.5779871555248	370.0387529144582	152.34503167938493	71.50232215482276	1.0688581561920214	1.817281777550681	7.534661354581673	5.13820334556927	3년	1.0688581561920214	보통	3년	23.0389935777624	1.023698173345356	보통	N	주당순현금<=0	1255000000.0	16.84462102760831	-1.2924058969427832		-5.87933471289237	136.97940002441408	134.45864990234375	Y	Y	상승전환	단기위험부채 존재
LMT	LOCKHEED MARTIN CORP	0000936468	S&P 500	제외	PEG=보통, PEGY=불리(<1)	536.1500244140625	21.49	2025	2.63	4121000000.0	3000000.0	4124000000.0	20532000000.0	0.0	6721000000.0	53119000000.0	11.231617647058824	88.76838235294117	0.1265272313108304	-70.26980728051392	-70.26980728051392	28.21869854325623	28.21869854325623	-3.6754818467055146	-0.2623064045820689	27.492062613344558	1.1490363065889708	7.975387190835862	63.484125226689116	24.69279022859698	171.39107073106265	1364.2738511215491	-95.39442523469383	-68.0330014125488	154.45748186107252	5년	63.484125226689116	1364.2738511215491	154.45748186107252	-0.03704925814005573	0.0839051309112825	1.067450455490379	32.61241970021413	6.0827041341376376	3년	0.0839051309112825	불리(<1)	5년	27.492062613344558	1.0264307534916992	보통	N	주당순현금<=0	233500000.0	1.135574194216904	-17.669904404931103		-20.769910633601196	555.503798828125	557.1670512390136	N	N	중립/개선	
LLY	ELI LILLY & Co	0000059478	S&P 500	제외	PEG=보통, PEGY=안심	1123.9100341796875	22.95	2025	60.0	7268000000.0	154800000.0	7422800000.0	40868000000.0	1000000000.0	26535000000.0					-37.19025909040365	-38.30223507172245	50.59260537124581	50.64105748372157	95.98633646456018	49.27183319275166	27.579995682880675	200.47267292912036	107.04366638550331	63.65999136576135	4600.8478437233125	2456.652143547301	1460.996801844223	309.36086553238675	118.58085334564588	29.992326557575954	3년	107.04366638550331	2456.652143547301	118.58085334564588	3.0831844954404075	2.159838031485448	1.7310829327769028			3년	2.159838031485448	안심	3년	49.27183319275166	1.026805825821972	보통	N	주당순현금<=0 | FCF<=0	899300000.0	-1.8144825240830942	12.23948285633445		-12.217843371030012	1189.8184057617189	1063.7963537597657	N	Y	중립/개선	단기위험부채 존재
INTU	INTUIT INC.	0000896878	S&P 500	제외	PEG=보통, PEGY=보통	318.92999267578125	13.67	2025	1.66	2884000000.0	485000000.0	3369000000.0	5973000000.0	0.0	19710000000.0	17248000000.0	53.33080794415282	46.66919205584718	1.1427411873840445	-9.201413427561837	-9.201413427561837	24.003760504999494	24.003760504999494	31.064237775647175	23.370799285623757	52.08691360323674	70.62847555129434	55.24159857124751	112.67382720647348	965.4912607861937	755.1526524689534	1540.2512179124924	202.7282735894004	136.7769321829285	382.94335850635576	3년	55.24159857124751	755.1526524689534	136.7769321829285	1.3632962955463326	1.0427865783950956	2.2391038934104657	21.636042402826856	6.783947229704948	3년	1.0427865783950956	보통	3년	23.370799285623754	1.027083421993406	보통	N	주당순현금<=0	283000000.0	8.560825788340477	-29.743367309278078		-54.57420266967618	316.7082012939453	425.61045166015623	Y	N	중립/개선	
PEG	PUBLIC SERVICE ENTERPRISE GROUP INC	0000788784	S&P 500	제외	PEG=보통, PEGY=보통	74.23999786376953	4.22	2025	3.64	132000000.0		132000000.0	21670000000.0	1529000000.0	13130000000.0					-42.99001996007984	-46.041916167664674	27.77962507674156	28.50282323019768	19.20903954802259	27.00332083242836	2.3351713791253115	46.91807909604518	62.506641664856716	13.170342758250623	197.99429378531067	263.77802782569535	55.578846439817625	166.6949077081473	255.304465807944	-25.1362499473601	3년	62.506641664856716	263.77802782569535	255.30446580794398	0.8225107244932873	1.1030861916881816	0.21509186544522566	0.05189620758483034	0.06990329886601011	3년	1.1030861916881816	보통	3년	27.003320832428358	1.028748473164861	보통	N	주당순현금<=0	501000000.0	-5.53505366690522	-10.844240594849087		-14.617595779834701	77.07580017089843	79.90225009918213	N	N	주의	단기위험부채 존재
HSIC	HENRY SCHEIN INC	0001000228	S&P 500	제외	PEG=보통, PEGY=판정불가	88.86000061035156	3.27	2025		80209000.0		80209000.0	363524000.0	764000000.0	3245000000.0	6421000000.0	33.57128077798469	66.4287192220153	0.5053729948606136	-2.327636739241161	-8.604446893240233	27.886127629844868	29.805641438407278	7.213114754098368	-5.784216280166666	26.993797939062315	22.926229508196734	-3.0684325603333313	62.48759587812463	74.96877049180333	-10.033774472289993	204.33443852146755	-15.632714408208104	-111.291665995241	129.950975824846	5년	62.48759587812463	204.33443852146755	129.950975824846						판정불가		판정불가	5년	26.993797939062315	1.033056841160216	보통	N	주당순현금<=0 | FCF<=0	121717876.0	11.033364945319658	16.47660184031514		-2.2011886270801306	87.51239990234374	79.17259998321533	Y	Y	강한 상승추세	단기위험부채 존재
ICE	Intercontinental Exchange, Inc.	0001571949	S&P 500	제외	PEG=보통, PEGY=불리(<1)	157.75999450683594	5.77	2025	1.29	837000000.0	16000000.0	853000000.0	18609000000.0	1035000000.0	28915000000.0	107896000000.0	21.134996454963417	78.86500354503659	0.26798954548824794	-30.88	-32.68	32.69323994919167	33.0051983547376	20.711297071129692	30.77318536913174	44.058395353098234	49.922594142259385	70.04637073826348	96.61679070619647	288.05336820083664	404.16755915978024	557.4788823747535	82.58961601849886	156.1914130532422	253.37151482380236	3년	70.04637073826348	404.16755915978024	156.1914130532422	0.6729616613502286	0.9807282918108118	1.3870878329457053	7.459130434782609	4.728150795200108	3년	0.9807282918108118	불리(<1)	3년	30.77318536913174	1.0623937547260194	보통	N	주당순현금<=0	575000000.0	11.443908750801413	-1.5046536115754572		-10.450135581232377	148.62019973754883	155.25265045166014	Y	Y	상승전환	단기위험부채 존재
XYL	Xylem Inc.	0001524472	S&P 500	제외	PEG=보통, PEGY=불리(<1)	108.80999755859375	3.92	2025	1.63	1479000000.0		1479000000.0	1408000000.0	534000000.0	11480000000.0	5885000000.0	66.10999136193493	33.89000863806507	1.9507221750212405	0.2909907620679197	-1.8975876455978427	27.68342010115455	28.24173091943663	7.397260273972603	25.99210498948732	36.73964338359592	23.294520547945204	60.48420997897464	81.97928676719184	91.3145205479452	237.0981031175806	321.358804127392	-16.078924182704178	117.90102788110455	195.33940937214115	3년	60.48420997897464	237.0981031175806	117.90102788110457	0.3260890540615	0.9977851323484169	1.3860152843613314			3년	0.9977851323484168	불리(<1)	3년	25.99210498948732	1.0650703401033237	보통	N	FCF<=0	243994000.0	-1.8580365626010509	-11.327521497502612		-28.859104459207852	117.3738003540039	124.08890018463134	N	N	주의	단기위험부채 존재
RMD	RESMED INC	0000943819	S&P 500	보류	PEG=보통, PEGY=불리(<1)	221.0500030517578	10.43	2026	1.16	1469234000.0		1469234000.0	1078611000.0	259950000.0	6585393000.0	2380557000.0	73.44891506198451	26.55108493801549	2.766324435835815	2.6745107973763127	0.8946896353403536	20.93724757951884	21.1078919862337	9.674027339642482	19.643471363879893	26.342032619655285	27.848054679284964	47.78694272775979	61.18406523931057	290.45521030494217	498.4178126505346	638.1498004460092	31.397967109248782	125.47740591246787	188.69024729060487	3년	47.78694272775979	498.4178126505346	125.47740591246787	0.5174523202486513	0.9936106111784336	1.3135457521435734	11.294069316828022	5.109282588059304	3년	0.9936106111784336	불리(<1)	3년	19.643471363879893	1.0658629114820266	보통	Y		146054000.0	12.242307459869561	-10.545909713984313		-21.967663088004453	215.69720031738282	228.26395027160643	Y	N	중립/개선	단기위험부채 존재
PPG	PPG INDUSTRIES INC	0000079879	S&P 500	제외	PEG=보통, PEGY=보통	109.72000122070312	6.94	2025	2.63	2163000000.0	56000000.0	2219000000.0	6602000000.0	4000000.0	7941000000.0	14001000000.0	36.19086683073557	63.80913316926442	0.567173773301907	-19.299867899603697	-19.31748128577719	18.590759239237293	18.593297191135495	46.10526315789475	17.118429805639778	43.51289451505902	100.7105263157895	42.736859611279556	95.52578903011803	698.9310526315792	296.5938057022801	662.9489758690191	537.0133474804387	170.31881370988873	504.2188921739886	3년	42.736859611279556	296.5938057022801	170.31881370988873	2.62147782835222	1.062271290349408	2.482033892282932	5.121092029942757	4.6674188597953234	3년	1.062271290349408	보통	3년	17.118429805639778	1.0860084394605192	보통	N	주당순현금<=0	227100000.0	-5.706427771415578	3.6561197943977275		-16.60078803829682	115.51940032958984	111.45049999237061	N	N	판정불가	단기위험부채 존재
ORCL	ORACLE CORP	0001341439	S&P 500	제외	PEG=보통, PEGY=불리(<1)	162.52000427246094	5.83	2026	1.26	31289000000.0	605000000.0	31894000000.0	0.0	0.0	42508000000.0					10.945092656142759	10.945092656142759	25.99912720691564	25.99912720691564	34.331797235023046	23.834995611269672	5.082750468287545	77.16359447004609	56.169991222539345	18.66550093657509	449.86375576036875	327.4710488274044	108.81987046023278	176.8051587090675	101.49584064642708	-33.04216859495103	3년	56.169991222539345	327.4710488274044	101.49584064642707	1.368961232881533	0.9652245404835946	0.24396013057701427	-8.128345916266301	-5.001443331640161	3년	0.9652245404835946	불리(<1)	3년	23.834995611269672	1.0907963916143002	보통	N	FCF<=0	2914000000.0	-21.033960351614223	8.78180114590037		-50.501016989293426	140.1184001159668	168.4951498031616	Y	N	판정불가	
DLR	DIGITAL REALTY TRUST, INC.	0001297996	S&P 500	제외	PEG=보통, PEGY=불리(<1)	189.5	3.58	2025	2.59	3451647000.0		3451647000.0	2940210000.0		22925663000.0	24564494000.0	48.2745571887665	51.72544281123349	0.93328456104164	1.470449383283977	1.470449383283977	52.52222084265811	52.52222084265811	122.36024844720497	47.747457450932274	86.18839525621738	253.22049689440993	103.99491490186455	180.87679051243475	906.5293788819876	372.3017953486751	647.5389100345164	378.3796194627903	96.46532736077842	241.70918735330682	3년	103.99491490186455	372.3017953486751	96.46532736077842	2.3789978116409243	0.9584030652802978	1.6903016253286895			3년	0.9584030652802978	불리(<1)	3년	47.747457450932274	1.1000003695826657	보통	N	FCF<=0	347810000.0							판정불가	판정불가	판정불가	
NVDA	NVIDIA CORP	0001045810	S&P 500	보류	PEG=보통, PEGY=양호	225.72999572753906	4.9	2026	43.0	10605000000.0	34621000000.0	45226000000.0	7469000000.0	0.0	157293000000.0	49510000000.0	76.05934149891442	23.940658501085572	3.1769945465562515	1.5402219140083218	1.5402219140083218	45.75301506398586	45.75301506398586	66.66666666666669	41.21547046890686	-6.616661124591561	141.83333333333337	90.93094093781372	-4.7333222491831215	694.9833333333336	445.5616105952872	-23.1932790209973	207.88257940348936	97.38697515995598	-110.27478822486316	3년	90.93094093781372	445.5616105952872	97.38697515995598	2.3969276453868056	1.8406540061049752	0.7952118308383858	4.184517622583014	1.8537711876067267	3년	1.8406540061049752	양호	3년	41.21547046890686	1.1100932378899362	보통	Y		24514000000.0	8.424993073848164	22.168095744955842		-4.246207488068999	211.23039947509767	196.90130012512208	Y	Y	강한 상승추세	
MET	METLIFE INC	0001099219	S&P 500	제외	PEG=보통, PEGY=보통	95.5	4.71	2025	2.43	22032000000.0	3601000000.0	25633000000.0	23692000000.0	355000000.0	28398000000.0	716245000000.0	3.813639556136296	96.1863604438637	0.03964844431723782	2.882815980989158	2.355562156542403	19.66394565159466	19.775889138738343	-20.707070707070713	17.4111403260089	102.01265397268551	-32.914141414141426	43.3222806520178	212.52530794537103	-155.02560606060612	204.04794187100384	1000.9942004226975	-262.3304775503729	113.66276635707209	948.1614664112016	3년	43.3222806520178	204.04794187100384	113.66276635707209	-0.929471176889086	1.0090111454513644	5.311378287104637			3년	1.0090111454513644	보통	3년	17.4111403260089	1.1293887294803144	보통	N	FCF<=0	673300000.0	11.604534697429013	35.26912473660489		-4.452223195711113	94.52679962158203	82.05169967651368	Y	Y	강한 상승추세	단기위험부채 존재
CPRT	COPART INC	0000900075	S&P 500	제외	PEG=보통, PEGY=판정불가	32.599998474121094	1.59	2025		186319000.0		186319000.0	325386000.0	50370000.0	5987440000.0	883411000.0	87.14262614630996	12.85737385369003	6.777638041636339	-0.1422588620886838	-0.19378495299024207	20.592614676861494	20.625021023340462	13.571428571428584	-29.408420975097684	18.170645193625703	35.64285714285717	-50.31684195019537	44.841290387251405	56.6721428571429	-80.00377870081064	71.29765171572974	73.84093714645734	-345.410375599619	118.7044633524387	5년	44.841290387251405	71.29765171572974	118.7044633524387				1.2590083708159985	3.8619890482983887	판정불가		판정불가	5년	18.170645193625703	1.1332902303373038	보통	N	주당순현금<=0	977563000.0	4.120086330828321	-10.217578515155147		-33.333338534011105	30.12360023498535	34.40470012664795	Y	N	중립/개선	단기위험부채 존재
PLTR	Palantir Technologies Inc.	0001321655	S&P 500	보류	PEG=보통, PEGY=판정불가	170.3000030517578	0.63	2025		1423796000.0	5753247000.0	7177043000.0	0.0		7387268000.0	1412381000.0	83.9495757160314	16.0504242839686	5.230364894458365	2.7978525625907094	2.7978525625907094	265.87642934788425	265.87642934788425	231.57894736842107			471.65789473684214			297.14447368421054			74.48295264792331			1년	471.65789473684214	297.14447368421054	74.48295264792331				0.8188809670368397	0.48084612587350584	판정불가		판정불가	1년	231.57894736842107	1.1481027630931364	보통	Y		2565197000.0	28.94676581162612	12.676990697024992		-17.80094165836632	151.03639923095704	151.3867498397827	Y	Y	상승전환	
CCI	CROWN CASTLE INC.	0001051470	S&P 500	제외	PEG=보통, PEGY=불리(<1)	75.97000122070312	1.01	2025	5.6	99000000.0		99000000.0	24337000000.0		7089221000.0	33153000000.0	17.616376094152457	82.38362390584754	0.21383346906765602	-55.464530892448515	-55.464530892448515	130.13320011203135	130.13320011203135	111.24721603563475	-36.03957271499858	-15.540072887114587	230.9944320712695	-63.579145429997155	-22.580145774229173	233.3043763919822	-64.21493688429713	-22.805947231971466	207.100661633796	-184.5267024515954	-130.0196746946431	1년	230.9944320712695	233.3043763919822	207.100661633796	0.8979047309605948	-0.2339108904475816	-0.07638383501333405			1년	0.8979047309605948	불리(<1)	1년	111.24721603563475	1.1697659029089504	보통	N	주당순현금<=0 | FCF<=0	437000000.0	-17.9323739103882	-14.177582352344453		-23.16172842087897	76.27560012817383	84.69959983825683	N	N	주의	
AMZN	AMAZON COM INC	0001018724	S&P 500	보류	PEG=보통, PEGY=판정불가	256.9700012207031	7.17	2025		86810000000.0	36219000000.0	123029000000.0	65648000000.0	455000000.0	411065000000.0					5.29980604045442	5.257781472245313	35.10044563183385	35.10630679894809	29.656419529837247		-12.638188158251552	67.8128390596745		-16.776376316503104	486.2180560578662		-120.28661818932726	89.21199118502142		-146.8095955239604	1년	67.8128390596745	486.2180560578662	89.21199118502142				12.263507896924356	4.7723500169934745	판정불가		판정불가	1년	29.656419529837247	1.1835699045368366	보통	Y		10827000000.0	5.233628998535056	19.894554670539954		-9.52397325515939	254.43499938964842	239.29494995117187	Y	Y	강한 상승추세	단기위험부채 존재
MSFT	MICROSOFT CORP	0000789019	S&P 500	보류	PEG=보통, PEGY=안심	493.95001220703125	17.95	2026	73.0	20935000000.0	55908000000.0	76843000000.0	31067000000.0	0.0	442387000000.0	315989000000.0	58.33346519404623	41.66653480595377	1.4000075952010989	6.141956259224473	6.141956259224473	27.17593626450177	27.17593626450177	31.5982404692082	22.855998285745223	17.396112163192925	71.6964809384164	54.21199657149045	43.29222432638585	1286.9518328445743	973.1053384582535	777.0954266586259	160.54292965685138	97.00482121870904	57.32268599133443	3년	54.21199657149045	973.1053384582535	97.00482121870905	3.8489286790769506	3.527238118046219	3.326329267311085	8.987924325774856	1.819602004991491	3년	3.527238118046219	안심	3년	22.855998285745226	1.1890067510834037	보통	Y		7453000000.0	22.443669647011767	21.73452294925431		-8.877081274929555	446.59179931640625	431.0472993469238	Y	Y	강한 상승추세	
DVA	DAVITA INC.	0000927066	S&P 500	제외	PEG=보통, PEGY=판정불가	180.05999755859375	9.84	2025		676438000.0	337399000.0	1013837000.0	4417624000.0	87345000.0	-651082000.0	16321665000.0	-4.154803940606422	104.15480394060641	-0.03989066066482801	-44.85454305857547	-46.00556104632009	22.85716876190744	22.974142134645714	-8.294501397949679	18.926802949554716	45.67357145242303	-8.089002795899358	46.353605899109425	99.84714290484607	-79.59578751164968	456.1194820472367	982.4958861836852	-144.20514750132006	153.31527725852033	445.64917222325795	3년	46.353605899109425	456.1194820472367	153.31527725852033				17.27134479804968	9.591994353120754	판정불가		판정불가	3년	18.926802949554713	1.207661369055739	보통	N	주당순현금<=0	75885000.0	-9.147789827679386	18.812269173692542		-25.273907477762634	207.54460083007814	164.397799949646	N	Y	중립/개선	단기위험부채 존재
CBRE	CBRE GROUP, INC.	0001138118	S&P 500	제외	PEG=보통, PEGY=판정불가	142.25999450683594	3.85	2025		1864000000.0		1864000000.0	5050000000.0	2465000000.0	8878000000.0	21251000000.0	29.46662683793023	70.53337316206976	0.41776857559644254	-10.593461930091989	-18.789596160373456	39.70219647712413	41.83106251096348	22.611464968152863	-3.5428381522206065	32.860400171986704	53.722929936305725	1.414323695558787	74.22080034397341	206.83328025477704	5.44514622790133	285.75008132429764	45.391036300678465	-96.17239811742036	100.86467900894421	5년	74.22080034397341	285.75008132429764	100.86467900894421				4.318714363628149	3.035789772521483	판정불가		판정불가	5년	32.860400171986704	1.2082079423661438	보통	N	주당순현금<=0	300751541.0	4.526075038259081	5.698787709072861		-17.1027364367629	144.87900115966798	147.13560054779052	N	N	중립/개선	단기위험부채 존재
WST	WEST PHARMACEUTICAL SERVICES INC	0000105770	S&P 500	보류	PEG=보통, PEGY=불리(<1)	337.75	6.79	2025	26.0	791300000.0	7500000.0	798800000.0	202800000.0	0.0	3176000000.0	1094000000.0	74.37939110070258	25.620608899297427	2.903107861060329	8.198074277854195	8.198074277854195	48.53489333168569	48.53489333168569	1.4947683109118033	-4.229866358140244	39.39782987966147	11.489536621823607	0.04026728371951194	87.29565975932294	78.01395366218229	0.2734148564554861	592.7375297658028	-76.90186420068622	-99.91904815500948	75.49593775449381	5년	87.29565975932294	592.7375297658028	75.49593775449381	0.5664948745846325	0.4485460283817554	1.3474394480015666	6.449793672627235	1.9096354323100622	3년	0.4485460283817554	불리(<1)	5년	39.39782987966147	1.2319179376105962	보통	Y		72700000.0	0.9233240614586302	44.44254259726215		-7.652975059259537	349.8570001220703	294.1158003234863	N	Y	상승전환	
GS	GOLDMAN SACHS GROUP INC	0000886982	S&P 500	제외	PEG=보통, PEGY=불리(<1)	1036.530029296875	51.32	2025	1.93	164259000000.0		164259000000.0	236027000000.0	69709000000.0	124972000000.0	1684348000000.0	6.907125328852828	93.09287467114717	0.07419606874588862	-225.9697732997481	-445.4565491183879	24.600541749739342	28.877369026018375	26.591021213616184	19.517790861873507	15.71173099479697	61.68204242723237	47.535581723747015	39.92346198959394	3165.522417365565	2439.526054062697	2048.872069305961	205.39611278921478	135.3550775289682	97.6664458718869	3년	47.535581723747015	2439.526054062697	135.3550775289682	1.1593655742934352	0.8718422171373832	0.7171277435377574	-148.6712846347607	-14.343171971159496	3년	0.8718422171373832	불리(<1)	3년	19.517790861873507	1.2604163003813404	보통	N	주당순현금<=0 | FCF<=0	317600000.0	0.43798214052948037	24.312497131462575		-10.02889775610879	1044.0418017578124	949.3820013427735	N	Y	상승전환	단기위험부채 존재
HBAN	HUNTINGTON BANCSHARES INC /MD/	0000049196	S&P 500	제외	PEG=보통, PEGY=불리(<1)	16.760000228881836	1.39	2025	3.64	2672000000.0		2672000000.0	17221000000.0	1261000000.0	24342000000.0	200727000000.0	10.8153499593458	89.1846500406542	0.12126918650704688	-9.668163175256307	-10.506128242546032	19.013067197221687	19.615919763617175	13.93442622950819	-1.3987851140241592	15.035833064612024	36.36885245901638	5.702429771951682	38.57166612922405	50.55270491803277	7.926377383012837	53.61461591962142	201.62711353020936	-52.70657950616475	219.89627200141385	5년	38.57166612922405	53.61461591962142	219.89627200141385	0.9243340933479833	0.11787760821164835	0.9822630336751274	1.4719211927412688	8.782345898807126	3년	0.1178776082116483	불리(<1)	5년	15.035833064612024	1.2645170450828151	보통	N	주당순현금<=0	1504836000.0	-0.3567150239654593	4.815512625300222		-13.025429004961875	17.494200172424318	16.99450002193451	N	N	판정불가	단기위험부채 존재
MTB	M&T BANK CORP	0000036270	S&P 500	제외	PEG=보통, PEGY=불리(<1)	238.44000244140625	17.0	2025	2.5	1420888000.0		1420888000.0	10911000000.0	2149000000.0	29177000000.0	184333000000.0	13.665402088895135	86.33459791110486	0.15828419219564593	-59.76479775302127	-73.29831035763992	17.541458834966328	18.3375478117086	16.12021857923497	13.816843747424093	11.330076475388973	40.74043715846994	36.13368749484818	31.160152950777945	692.587431693989	614.2726874124191	529.722600163225	190.46612338639943	157.62149015384668	122.16179950484522	3년	36.13368749484818	614.2726874124191	157.62149015384668	1.0614977211654877	0.9301873864047644	0.7884222518494722			3년	0.9301873864047644	불리(<1)	3년	13.816843747424091	1.269570616533651	보통	N	주당순현금<=0 | FCF<=0	158791000.0	5.771197350982615	16.813643026257786		-6.159232603424858	244.879599609375	221.0211501312256	N	Y	상승전환	단기위험부채 존재
WBD	Warner Bros. Discovery, Inc.	0001437107	S&P 500	제외	PEG=보통, PEGY=판정불가	28.1200008392334	0.29	2025		4566000000.0		4566000000.0	32567000000.0	0.0	35919000000.0	62919000000.0	36.34128574030232	63.65871425969769	0.5708768416535546	-11.067588932806323	-11.067588932806323	135.12961990358525	135.12961990358525	106.27705627705627			221.05411255411255			64.10569264069264			127.97187314180847			1년	221.05411255411255	64.10569264069264	127.97187314180847				1.2205533596837945	4.340516796787795	판정불가		판정불가	1년	106.27705627705627	1.2714844072394376	보통	N	주당순현금<=0	2530000000.0							판정불가	판정불가	판정불가	
SWK	STANLEY BLACK & DECKER, INC.	0000093556	S&P 500	제외	PEG=보통, PEGY=불리(<1)	93.80999755859375	2.65	2025	3.45	280100000.0		280100000.0	4703300000.0	605600000.0	9054600000.0					-29.12337534073401	-33.110786288995115	46.389952037482175	47.89463541418448	35.8974358974359		-1.0951545801409002	80.2948717948718		6.3096908397182	212.78141025641025		16.720680725253228	126.82167763996257		-82.17601411319781	1년	80.2948717948718	212.78141025641025	126.82167763996257	0.848188760049675		0.05076197142770122	4.5292932485284245	4.828156237504885	5년	0.0507619714277012	불리(<1)	1년	35.8974358974359	1.2922915210441464	보통	N	주당순현금<=0	151878000.0	17.08686263443213	26.547957688300585		-9.798079270582939	95.220400390625	82.11815013885499	N	Y	상승전환	단기위험부채 존재
TDG	TransDigm Group INC	0001260221	S&P 500	제외	PEG=보통, PEGY=보통	1145.1400146484375	32.08	2025	19.08063618465733	2808000000.0		2808000000.0	19384000000.0	124000000.0	-9686000000.0	32588000000.0	-42.293249497860444	142.29324949786044	-0.2972259727507058	-284.8109965635739	-286.94158075601376	44.574532768454226	44.640947487669926	25.214676034348155	33.77548076206609		58.92935206869631	76.05096152413218		1890.4536143637774	2439.71484569416		65.08493198922527	113.04947993133942		3년	76.05096152413218	2439.71484569416	113.04947993133942	0.993735872658516	1.1857918336752626		31.20274914089347	2.724797731434862	3년	1.1857918336752626	보통	3년	33.77548076206609	1.3197305193806972	보통	N	주당순현금<=0	58200000.0	-8.916354590744424	-9.711351188200645		-21.024826575969826	1238.3721997070313	1268.325447998047	N	N	주의	단기위험부채 존재
WTW	WILLIS TOWERS WATSON PLC	0001140536	S&P 500	제외	PEG=보통, PEGY=불리(<1)	325.3399963378906	16.26	2025	1.15	3132000000.0	0.0	3132000000.0	5756000000.0	988000000.0	7976000000.0	21478000000.0	27.079513818157125	72.92048618184288	0.37135673712636186	-26.505050505050505	-36.484848484848484	21.638686767708556	22.252450481103264	1793.7500000000005		16.276465322384226	3596.000000000001		41.05293064476845	58470.96000000002		667.5206522839351	17872.26306576626		105.17632624261282	5년	41.05293064476845	667.5206522839351	105.17632624261282	82.948656693831		0.805338397355507	16.454545454545453	5.05764604406528	5년	0.805338397355507	불리(<1)	5년	16.276465322384226	1.3294463103085368	보통	N	주당순현금<=0	99000000.0	24.57497004741116	12.473202431784358		-7.24447716667409	317.2225988769531	300.257099609375	Y	Y	강한 상승추세	단기위험부채 존재
FDS	FACTSET RESEARCH SYSTEMS INC	0001013237	S&P 500	제외	PEG=보통, PEGY=불리(<1)	289.0	15.55	2025	1.54	337651000.0	17445000.0	355096000.0	1368260000.0	0.0	2186413000.0	2117859000.0	50.79634837203597	49.203651627964035	1.0323694825765077	-26.394789631366418	-26.394789631366418	20.28262312741906	20.28262312741906	11.79007907979871	14.904095738686006	46.6827292996804	32.08015815959742	38.30819147737201	101.8654585993608	498.84645938173986	595.6923774731348	1584.0078812200607	72.6112316199792	106.12192992149994	448.0996128789137	3년	38.30819147737201	595.6923774731348	106.12192992149994	0.6572167217256256	0.8107479804451948	2.377539088348514	17.33682428031783	5.998901135058073	3년	0.8107479804451948	불리(<1)	3년	14.904095738686006	1.3608757943477383	보통	N	주당순현금<=0	38385000.0	17.446251634892352	36.31432832789476		-22.491012349446006	273.9205987548828	249.81274963378905	Y	Y	강한 상승추세	
JBHT	HUNT J B TRANSPORT SERVICES INC	0000728535	S&P 500	제외	PEG=보통, PEGY=보통	274.7799987792969	6.12	2025	66.0	17284000.0		17284000.0	766938000.0	699859000.0	3565085000.0	4362070000.0	44.97307041429113	55.02692958570887	0.8172920196145408	-7.673962001474081	-14.838188928015724	46.15260797071421	47.32323328550859	10.071942446043176	-12.736907999542591	33.56042305195701	28.64388489208635	-16.973815999085183	75.62084610391402	175.30057553956848	-103.87975391440132	462.7995781559538	-36.2032985230596	-137.80469989660253	68.42549683817202	5년	75.62084610391402	462.7995781559538	68.42549683817202	1.6482696382903013	1.1540646204490785	2.1572003713231616	9.700116698059126	3.530139290032625	3년	1.1540646204490783	보통	5년	33.56042305195701	1.375209361910082	보통	N	주당순현금<=0	97688000.0	-4.321182338038154	27.301362524641327		-7.918636973567694	276.2152001953125	237.968699798584	N	Y	중립/개선	단기위험부채 존재
JNJ	JOHNSON & JOHNSON	0000200406	S&P 500	제외	PEG=보통, PEGY=불리(<1)	269.1199951171875	11.03	2025	1.95	19709000000.0	393000000.0	20102000000.0	39438000000.0	8495000000.0	81544000000.0	117666000000.0	40.933688067868076	59.066311932131924	0.693012424999575	-7.959166872478801	-11.455915040750803	25.120504260169206	25.43752585294092	90.50086355785837	17.90172233284293	14.890675456717407	189.50172711571673	44.30344466568586	38.281350913434814	2090.2040500863554	488.666994662515	422.24330057518597	676.6810671857296	81.5795940579318	56.8977810033481	3년	44.30344466568586	488.666994662515	81.5795940579318	3.6802948937791604	0.7902597068610442	0.6703955972500041	8.108174857989628	3.0128474305519166	3년	0.7902597068610442	불리(<1)	3년	17.90172233284293	1.403245106426577	보통	N	주당순현금<=0	2429400000.0	13.552740555775312	10.426321325883613		-3.343748088746601	262.0575994873047	236.16884994506836	Y	Y	강한 상승추세	단기위험부채 존재
SWKS	SKYWORKS SOLUTIONS, INC.	0000004127	S&P 500	보류	PEG=보통, PEGY=불리(<1)	75.37999725341797	3.08	2025	4.13	1161300000.0	212900000.0	1374200000.0	496400000.0		5757100000.0	2159900000.0	72.71820133889099	27.281798661109008	2.665447474420112	5.659574468085107	5.659574468085107	22.636500904328848	22.636500904328848	-16.531165311653112	-26.666925336211623	16.101965535917493	-24.562330623306224	-44.833850672423246	40.70393107183499	-75.65197831978317	-138.0882600710636	125.36810770125176	-200.3608133142415	-283.18952653557204	66.31482126455923	5년	40.70393107183499	125.36810770125176	66.31482126455923	-0.547839322166687	-0.9956011059952211	0.8937761901199346	7.129593810444875	9.458203860735212	5년	0.8937761901199346	불리(<1)	5년	16.101965535917493	1.4058222180289257	보통	Y		155100000.0	2.474170412219645	37.22919503846296		-9.63797781347877	65.02420036315918	63.952299995422365	Y	Y	강한 상승추세	
LRCX	LAM RESEARCH CORP	0000707549	S&P 500	제외	PEG=보통, PEGY=불리(<1)	320.4200134277344	5.76	2026	43.0	5579171000.0	2574947000.0	8154118000.0	3721914000.0	147000.0	12470921000.0	11058822000.0	53.00066813309435	46.99933186690564	1.12768982085072	3.5145483870456156	3.5144318223268223	55.01830990289735	55.018330139827704	38.79518072289155	-44.23206854382806	-26.525939643495455	86.0903614457831	-79.96413708765613	-44.55187928699091	495.88048192771066	-460.5934296248993	-256.6188246930676	54.75952223550748	-243.74677308625067	-180.08826351008935	1년	86.0903614457831	495.88048192771066	54.75952223550748	1.4866901740030385	-0.022393791194287135	0.2994286881145543			5년	0.2994286881145543	불리(<1)	1년	38.79518072289155	1.418173826689591	보통	N	FCF<=0	1261102000.0	-2.0601510450330207	48.87330752603647		-26.056348889601132	320.71039978027346	261.78114929199216	N	Y	중립/개선	단기위험부채 존재
TJX	TJX COMPANIES INC /DE/	0000109198	S&P 500	보류	PEG=보통, PEGY=불리(<1)	128.9199981689453	4.87	2026	1.45	6230000000.0	0.0	6230000000.0	1870000000.0	999000000.0	10190000000.0					3.8652482269503547	2.979609929078014	25.678593417247424	25.860449330568233	14.319248826291089	17.920914155588186		37.138497652582174	44.34182831117637		180.8644835680752	215.94470387542893		40.292030822912665	67.50287538201844		3년	44.34182831117637	215.94470387542893	67.50287538201844	0.6141009583375167	0.754360405993944		4.35904255319149	3.3811996704181695	3년	0.754360405993944	불리(<1)	3년	17.920914155588186	1.4328841260165404	보통	Y		1128000000.0	-21.805057325736797	-19.187614144408805		-23.448729074547803	149.52180023193358	154.6318002319336	N	N	주의	단기위험부채 존재
HCA	HCA Healthcare, Inc.	0000860730	S&P 500	제외	PEG=보통, PEGY=안심	402.0199890136719	28.33	2025	77.0	1040000000.0	103000000.0	1143000000.0	41603000000.0	4698000000.0	-6027000000.0	45623000000.0	-15.221234468128095	115.22123446812809	-0.13210442101571576	-168.93880874339757	-188.55508465729974	20.153858021781485	20.846278632932286	28.772727272727266	13.944298430482704	20.983259927461795	66.04545454545453	36.38859686096541	50.46651985492359	1871.0677272727269	1030.88894907115	1429.7165074899851	365.4165908176013	156.4272865138782	255.63318903562364	3년	36.38859686096541	1030.88894907115	156.4272865138782	5.248262003156533	4.512500699974851	4.861761942629814	32.117580742813004	7.989050699098634	3년	4.512500699974851	안심	3년	13.944298430482704	1.4453117252370673	보통	N	주당순현금<=0	239495000.0	7.233927863086542	-25.22506174013991		-26.252456219118812	403.08919921875	451.61559982299804	N	N	중립/개선	단기위험부채 존재
ISRG	INTUITIVE SURGICAL INC	0001035267	S&P 500	제외	PEG=보통, PEGY=판정불가	350.1600036621094	7.87	2025		3368000000.0	2566900000.0	5934900000.0			17824000000.0	2517000000.0	87.62597709060518	12.374022909394819	7.0814461660707195	16.3631100082713	16.3631100082713	42.41383655067828	42.41383655067828	22.58566978193147	29.189521389942357	21.11377974023332	53.67133956386294	66.87904277988471	50.72755948046664	422.3934423676013	526.3380666776927	399.22589311127246	20.628694868073616	50.3135884090258	14.012419732697312	3년	66.87904277988471	526.3380666776927	50.3135884090258						판정불가		판정불가	3년	29.189521389942353	1.4530500854766517	보통	N	FCF<=0	362700000.0							판정불가	판정불가	판정불가	
EW	Edwards Lifesciences Corp	0001099800	S&P 500	보류	PEG=보통, PEGY=판정불가	86.72000122070312	1.83	2025		2938000000.0	1288300000.0	4226300000.0	598300000.0	0.0	10337600000.0	3359600000.0	75.47235931431241	24.527640685687587	3.0770329801166807	6.193240013656538	6.193240013656538	44.003694648659334	44.003694648659334	181.53846153846155	-9.143970358393016	30.15204668909448	371.5769230769231	-9.787940716786032	68.80409337818895	679.9857692307693	-17.91193151171844	125.91149088208579	684.1164202710281	-120.65490228272996	45.193137811010864	5년	68.80409337818895	125.91149088208579	45.193137811010864				2.278934790030727	2.627922921992147	판정불가		판정불가	5년	30.15204668909448	1.4593932910224223	보통	Y		585800000.0	-0.9367142863243583	1.0958293947109787		-8.888420946992381	89.55559997558593	84.96119995117188	N	Y	중립/개선	
ZTS	Zoetis Inc.	0001555280	S&P 500	제외	PEG=보통, PEGY=불리(<1)	73.55999755859375	6.02	2025	2.8	1564000000.0	0.0	1564000000.0	9042000000.0	0.0	3331000000.0	12136000000.0	21.53617378935799	78.46382621064201	0.2744726433750824	-16.84860364775198	-16.84860364775198	15.018040067499292	15.018040067499292	10.05484460694698	10.268140283428306	11.973196718056611	28.60968921389396	29.03628056685661	32.446393436113226	172.23032906764163	174.79840901247678	195.3272884854016	134.13585479044184	137.6269913185386	165.53465873869135	3년	29.03628056685661	174.79840901247678	137.62699131853861	0.855960201808643	0.8701628324796665	0.9836967175249086	5.1438034404677415	6.992663963005814	3년	0.8701628324796665	불리(<1)	3년	10.268140283428306	1.4625861794795327	보통	N	주당순현금<=0	443835000.0	-10.510948552818899	-38.949291341374725		-51.15862342441429	75.5259994506836	102.81540012359619	N	N	주의	
NTRS	NORTHERN TRUST CORP	0000073124	S&P 500	보류	PEG=보통, PEGY=불리(<1)	184.8800048828125	8.74	2025	1.76	5873100000.0		5873100000.0	1421600000.0		12957900000.0	164174800000.0	7.315363001862446	92.68463699813756	0.07892746024359402	23.155164963319883	23.155164963319883	18.503986260811512	18.503986260811512	-10.542476970317292	12.490113204685828	9.86611256684804	-12.584953940634584	33.48022640937165	28.23222513369608	-109.99249744114627	292.61717881790827	246.74964766850374	-159.4939931502413	58.27410811860685	33.46475614002053	3년	33.48022640937165	292.61717881790827	58.27410811860685	-0.4746262154829403	0.7701104510040245	0.6283031344154362	28.398432689485546	15.360467297416013	3년	0.7701104510040245	불리(<1)	3년	12.490113204685827	1.481490676471171	보통	Y		192246525.0	8.370456194844532	33.99044108385401		-3.4417905133318993	184.04440002441407	158.77645042419434	Y	Y	강한 상승추세	
ESS	ESSEX PROPERTY TRUST, INC.	0000920522	S&P 500	제외	PEG=보통, PEGY=불리(<1)	277.4100036621094	10.4	2025	3.72	76241000.0		76241000.0	638959000.0		5541372000.0	7422114000.0	42.74600211702315	57.25399788297685	0.7466029220246415	-8.737930546901023	-8.737930546901023	27.514224443174072	27.514224443174072	-9.878682842287684	18.3737118876667	3.6579731144279037	-11.257365684575369	45.2474237753334	15.815946228855807	-117.07660311958384	470.5732072634674	164.4858407801004	-142.20345393967312	69.63094374802519	-40.70659363083126	3년	45.2474237753334	470.5732072634674	69.63094374802519	-0.22383632346270166	0.8029923552196605	0.26815122954549736			3년	0.8029923552196605	불리(<1)	3년	18.3737118876667	1.4974777340251488	보통	N	주당순현금<=0 | FCF<=0	64399459.0	-2.5879609343278376	9.091985916237523		-7.0123634404041795	288.94899780273437	267.1428495788574	N	Y	중립/개선	
MMM	3M CO	0000066740	S&P 500	제외	PEG=보통, PEGY=불리(<1)	167.52000427246094	6.0	2025	1.85	2398000000.0	404000000.0	2802000000.0	10932000000.0	1670000000.0	4702000000.0	32986000000.0	12.476119719804712	87.52388028019529	0.1425453222579276	-15.019397746166636	-18.10456308886015	30.423233669771264	30.937427893553515	351.12781954887214	-16.156804116139433	20.313637898738858	710.7556390977443	-23.813608232278867	49.127275797477715	4264.533834586466	-142.8816493936732	294.7636547848663	2445.686321527586	-185.2922909202444	75.9572870505969	5년	49.127275797477715	294.7636547848663	75.9572870505969	11.602245289907936	-0.47025915362688003	0.7285102609181483	2.5789765379641603	1.5395036247549363	5년	0.7285102609181483	불리(<1)	5년	20.313637898738858	1.4976752968339584	보통	N	주당순현금<=0	541300000.0	7.11682647627736	7.903384394499802		-8.847532166088822	171.6793991088867	160.89205017089844	N	Y	상승전환	단기위험부채 존재
MCK	MCKESSON CORP	0000927653	S&P 500	보류	PEG=보통, PEGY=안심	889.1199951171875	38.38	2026	41.0	3975000000.0		3975000000.0	3072000000.0	0.0	-2172000000.0					7.2763900080580175	7.2763900080580175	22.976644218580756	22.976644218580756	49.22239502332816	15.31382381030486	56.03117347520965	106.94479004665632	39.12764762060972	120.5623469504193	4104.54104199067	1501.719115679001	4627.182875957093	361.6408431406027	68.89948757491074	420.4227664846545	3년	39.12764762060972	1501.719115679001	68.89948757491074	3.926700268543441	2.450915950762078	4.223035032972415	46.08380338436744	5.1830803083326815	3년	2.450915950762078	안심	3년	15.31382381030486	1.5003858280725084	보통	Y		124100000.0	13.37490497184801	-4.2608413162836145		-10.703131201770821	849.7576037597656	843.3667001342774	Y	Y	상승전환	
SBAC	SBA COMMUNICATIONS CORP	0001034054	S&P 500	제외	PEG=보통, PEGY=불리(<1)	188.69000244140625	3.47	2025	2.64	264568000.0	6648000.0	271216000.0	10964466000.0	1935802000.0	-4853519000.0					-99.44156677485051	-117.44350106478942	83.03503435626996	88.22291167325523	115.527950310559	54.54935861402714	29.8495127277137	239.555900621118	117.59871722805428	68.1990254554274	831.2589751552796	408.06754878134836	236.6506183303331	340.54214022993074	116.26347103793444	25.417677284635154	3년	117.59871722805428	408.06754878134836	116.26347103793444	1.4231095492000139	0.688737700386208	0.391274755042724	9.917969367542987	5.256224092011873	3년	0.688737700386208	불리(<1)	3년	54.54935861402714	1.5222000123557429	보통	N	주당순현금<=0	107533000.0	-7.857210876942988	-2.5864711335925494		-15.66927265188548	183.27659973144532	192.92739974975586	Y	N	주의	단기위험부채 존재
VMC	Vulcan Materials CO	0001396009	S&P 500	제외	PEG=보통, PEGY=안심	258.29998779296875	8.11	2025	79.0	183300000.0	0.0	183300000.0	4361700000.0	0.0	8525100000.0	8151500000.0	51.120132401088945	48.87986759891105	1.0458320554499172	-31.48756593820648	-31.48756593820648	35.73212746377007	35.73212746377007	18.394160583941606	23.456661319602468	56.64065143238312	45.28832116788321	55.413322639204935	121.78130286476625	367.28828467153284	449.402046603952	987.6463662332542	42.194464587400525	73.9845403957798	282.3640777810905	3년	55.413322639204935	449.402046603952	73.9845403957798	2.7256748337387027	2.8673540757819835	3.7960418553279105	8.555388093443858	3.3121906688981837	3년	2.8673540757819835	안심	3년	23.456661319602468	1.5233253776789255	보통	N	주당순현금<=0	132700000.0	-7.419359213989695	-5.036769193761492		-21.814937309501847	281.37039978027343	288.2681999206543	N	N	주의	
NEM	NEWMONT Corp /DE/	0001164727	S&P 500	제외	PEG=보통, PEGY=안심	127.08999633789062	6.39	2025	81.0	7647000000.0	594000000.0	8241000000.0	5115000000.0	0.0	33867000000.0	23079000000.0	59.47213149299336	40.52786850700664	1.4674379305862473	2.82129963898917	2.82129963898917	19.447370375414938	19.447370375414938	118.83561643835617		12.729803073711565	246.17123287671234		33.95960614742313	1573.0341780821918		217.0018832820338	1137.732491470068		70.74662800768121	5년	33.95960614742313	217.0018832820338	70.74662800768121	10.27571402100642		4.819664626339575			5년	4.819664626339575	안심	5년	12.729803073711565	1.5277039450496983	보통	N	FCF<=0	1108000000.0	28.973000971288343	6.88813684348788		-5.9567878408429475	107.77059982299805	108.70349994659423	Y	Y	상승전환	
PNR	PENTAIR plc	0000077360	S&P 500	제외	PEG=보통, PEGY=불리(<1)	58.619998931884766	3.96	2025	1.76	82500000.0		82500000.0	1638600000.0	3694000.0	4663800000.0	2999600000.0	60.85810475767936	39.14189524232064	1.5548073076410187	-9.402416918429003	-9.424737160120847	17.177377739978223	17.18301416464788	5.882352941176464	10.942784716109877	45.36942418564116	20.264705882352928	30.385569432219754	99.23884837128232	80.24823529411759	120.32685495159022	392.98583955027794	36.895661474447294	105.26587707960822	570.395507865702	3년	30.385569432219754	120.32685495159022	105.26587707960822	0.44490800964281246	0.7395066294982683	2.7436914352738047	4.507552870090635	7.689445500209439	3년	0.7395066294982683	불리(<1)	3년	10.942784716109877	1.5697446477851136	보통	N	주당순현금<=0	165500000.0	-21.399842460883754	-34.98225759664605		-47.934984600264166	66.69380012512207	85.50265008926391	N	N	주의	단기위험부채 존재
GRMN	GARMIN LTD	0001121788	S&P 500	보류	PEG=보통, PEGY=불리(<1)	275.67999267578125	8.59	2025	1.52	2278646000.0	167989000.0	2446635000.0			8972564000.0					12.63653313775721	12.63653313775721	30.622055825148315	30.622055825148315	17.671232876712327	19.45038186480894	37.78102526893068	43.842465753424655	47.40076372961788	84.06205053786135	376.60678082191777	407.1725604374176	722.093014120229	36.61012435705968	47.69753745469687	161.93159942856656	3년	47.40076372961788	407.1725604374176	47.69753745469687	0.6267127519554568	0.6848129983352407	1.2834221677779967	7.039258119163706	2.5534163908087306	3년	0.6848129983352407	불리(<1)	3년	19.45038186480894	1.5743678472735791	보통	Y		193616000.0	15.90497607799155	14.22888740323529		-11.968326270288332	273.37139892578125	238.7967000579834	Y	Y	강한 상승추세	
GNRC	GENERAC HOLDINGS INC.	0001474735	S&P 500	제외	PEG=보통, PEGY=불리(<1)	190.2100067138672	2.69	2025	5.783081652768823	341413000.0		341413000.0	1193750000.0	50618000.0	2632422000.0	2934633000.0	47.28571928964237	52.71428071035763	0.8970191502651268	-14.379177897293332	-15.233118564899213	76.05545896325671	76.37290902556371	-50.09276437847866	47.98739628823825	6.42832098504873	-91.68552875695732	104.4747925764765	21.35664197009746	-246.6340723562152	281.03719203072177	57.449366899562165	-229.66408898098967	47.75100263441232	-69.79687457454159	3년	104.4747925764765	281.03719203072177	47.75100263441232	-0.5825970065753777	0.7069903814134397	0.16055918673394667	4.523398856608908	2.378107721437313	3년	0.7069903814134397	불리(<1)	3년	47.98739628823825	1.584904888492522	보통	N	주당순현금<=0	59275781.0	-27.119807720191012	-9.729011127524611		-35.639845295275684	214.77200012207032	208.74260032653808	N	N	주의	단기위험부채 존재
CHD	CHURCH & DWIGHT CO INC /DE/	0000313927	S&P 500	제외	PEG=보통, PEGY=불리(<1)	96.54000091552734	3.02	2025	1.25	409000000.0		409000000.0	2205100000.0	0.0	4002200000.0	4910200000.0	44.90597369956465	55.09402630043535	0.8150788155268625	-7.352026197298404	-7.352026197298404	34.40133348106813	34.40133348106813	27.426160337552734	21.59038130727984	38.621625217033674	63.35232067510547	51.680762614559676	85.74325043406735	191.3240084388185	156.07590309597023	258.9446163108834	98.1810717054243	61.66967227661091	168.22520598219216	3년	51.680762614559676	156.07590309597023	61.66967227661091	0.8335769993722455	0.6639388359712696	1.1590139445895602	4.474007367990176	4.634356044708286	3년	0.6639388359712696	불리(<1)	3년	21.590381307279838	1.593363868449544	보통	N	주당순현금<=0	244300000.0	-0.5049962588210222	-4.538709050281808		-8.284249519031405	99.21760009765624	94.98749984741211	N	Y	중립/개선	
ALL	ALLSTATE CORP	0000899051	S&P 500	제외	PEG=보통, PEGY=불리(<1)	253.4600067138672	14.37	2025	1.66	678000000.0	4887000000.0	5565000000.0	7490000000.0		30610000000.0	89169000000.0	25.555397857721303	74.4446021422787	0.3432807365788559	-7.207038562336204	-7.207038562336204	18.139669121517286	18.139669121517286	103.25318246110325		11.203898286185531	215.0063649222065		30.907796572371062	3089.6414639321074		444.1450367449721	1118.9857895095954		75.23278820329655	5년	30.907796572371062	444.1450367449721	75.23278820329655	5.783632642816796		0.7091583754924375	36.997379258704605	14.596929803000917	5년	0.7091583754924375	불리(<1)	5년	11.203898286185531	1.619049785902073	보통	N	주당순현금<=0	267100000.0	16.705044323418328	22.149400825960086		-7.8695720949673476	256.98579956054687	221.96334999084473	N	Y	상승전환	
CME	CME GROUP INC.	0001156375	S&P 500	보류	PEG=보통, PEGY=불리(<1)	278.2300109863281	11.16	2025	1.85	4416900000.0	125000000.0	4541900000.0		0.0	28728200000.0	169696000000.0	14.478173529236857	85.52182647076314	0.16929214595511974	12.605534123393744	12.605534123393744	23.80147642140989	23.80147642140989	15.408479834539815	14.67730855550884	56.73155320469705	39.31695966907963	37.854617111017674	121.9631064093941	438.77726990692867	422.45752695895726	1361.1082675288383	57.703070330716265	51.83751223002191	389.20253523467727	3년	37.854617111017674	422.45752695895726	51.83751223002191	0.7251012302335782	0.6943816535953292	2.461257115630096	11.63886653159779	4.183181566337108	3년	0.6943816535953292	불리(<1)	3년	14.677308555508839	1.6216512946766712	보통	Y		360310000.0	8.709075694419766	-9.176074194555195		-14.773626701937403	259.5874026489258	278.7836998748779	Y	N	중립/개선	
LIN	LINDE PLC	0001707925	S&P 500	제외	PEG=보통, PEGY=불리(<1)	468.3800048828125	14.61	2025	1.34	5056000000.0		5056000000.0	20683000000.0	4510000000.0	38245000000.0	47076000000.0	44.824837964862105	55.175162035137895	0.812409720452035	-33.0943783818126	-42.6455172121687	34.32405087369097	34.97779069780843	7.268722466960355	21.083080176239765	25.40817902227086	23.03744493392071	50.66616035247953	59.31635804454172	336.57707048458155	740.2326027497259	866.6119910307546	-28.14017102015439	58.04103399651533	85.02326785866504	3년	50.66616035247953	740.2326027497259	58.041033996515324	0.25080729831800974	0.6532760442161802	0.7792838648532905	10.7773271635659	2.3009793439543516	3년	0.6532760442161802	불리(<1)	3년	21.083080176239765	1.628037771841969	보통	N	주당순현금<=0	472195000.0	-9.156504104741003	-2.000250556504901		-14.316553429766143	500.4877996826172	480.74460006713866	N	N	주의	단기위험부채 존재
AXP	AMERICAN EXPRESS CO	0000004962	S&P 500	제외	PEG=보통, PEGY=불리(<1)	326.1000061035156	15.38	2025	1.17	654000000.0	742000000.0	1396000000.0	56387000000.0	1371000000.0	33474000000.0	266578000000.0	11.156066281844481	88.84393371815553	0.12556925177621558	-79.01005747126437	-80.97988505747126	26.34005614920546	26.46813336547379	9.77872947894362	16.01301181321386	54.27257678866031	28.05745895788724	40.52602362642772	117.04515357732062	431.52371877230576	623.2902433744584	1800.1544620191912	32.32864480086055	91.1346923362535	452.02527700896724	3년	40.52602362642772	623.2902433744584	91.1346923362535	0.415668418355816	0.6523528923355079	2.10487694007185	22.992816091954023	7.050848102301259	3년	0.6523528923355079	불리(<1)	3년	16.01301181321386	1.6449158007533455	보통	N	주당순현금<=0	696000000.0							판정불가	판정불가	판정불가	단기위험부채 존재
MCO	MOODYS CORP /DE/	0001059556	S&P 500	제외	PEG=보통, PEGY=안심	481.25	13.67	2025	83.0	2384000000.0	64000000.0	2448000000.0	6994000000.0	129900000.0	4054000000.0	11625000000.0	25.856240831685696	74.1437591683143	0.3487311827956989	-25.26959421901056	-25.99166203446359	37.05337192531167	37.10619327245528	21.403197158081706	22.48000431974093	7.800452654910939	51.30639431616341	53.46000863948186	24.100905309821876	701.3584103019539	730.7983181017171	329.45937558526504	45.736812530276126	51.85419596918797	-31.54090896929558	3년	53.46000863948186	730.7983181017171	51.85419596918797	2.8176436241356604	2.846704600389852	2.4505314344383295	14.313507504168983	2.9742353255416067	3년	2.846704600389852	안심	3년	22.48000431974093	1.648281352542849	보통	N	주당순현금<=0	179900000.0	6.958705024826317	6.417086064318989		-10.815215977432334	489.85720092773437	473.11764999389646	N	Y	상승전환	단기위험부채 존재
EL	ESTEE LAUDER COMPANIES INC	0001001250	S&P 500	보류	PEG=보통, PEGY=불리(<1)	101.69000244140625	0.5	2026	1.35	2181000000.0	534000000.0	2715000000.0	1080100000.0	1000000000.0	5590000000.0	8745000000.0	38.99546564352982	61.004534356470174	0.6392224128073185	4.4816337719298245	1.740405701754386	194.41673733895286	199.89919347930373	115.87301587301589	-43.62040735317784	-42.25870639790483	240.24603174603178	-78.74081470635568	-76.01741279580966	120.12301587301589	-39.37040735317784	-38.00870639790483	18.126672228403894	-138.71610424619968	-137.3770336172481	1년	240.24603174603178	120.12301587301589	18.126672228403894	0.6029471406499597	-0.21742164759962077	-0.21041761608509651	3.607456140350877	3.5475032488365734	1년	0.6029471406499597	불리(<1)	1년	115.87301587301589	1.6778430756649354	보통	Y		364800000.0	17.479211309555296	7.871015235562329		-14.98202330699967	88.92039978027344	92.33529998779296	Y	Y	상승전환	단기위험부채 존재
FICO	FAIR ISAAC CORP	0000814547	S&P 500	제외	PEG=보통, PEGY=불리(<1)	933.2999877929688	26.54	2025	0.008571734816924284	134136000.0		134136000.0	2656150000.0	399541000.0	-1745784000.0	3613917000.0	-93.4507339680847	193.45073396808473	-0.48307252214148805	-102.68368551769065	-118.9509791946582	39.03480306370232	39.64773801761971	29.7799511002445	23.23712626480905		68.059902200489	54.9742525296181		1806.3098044009782	1459.0166621360643		93.5401080066945	56.32879901630447		3년	54.9742525296181	1459.0166621360643	56.32879901630447	0.7631272735371163	0.5955121116325468		31.3458328243964	3.3586020823295835	3년	0.5955121116325468	불리(<1)	3년	23.23712626480905	1.67984640694653	보통	N	주당순현금<=0	24561000.0							판정불가	판정불가	판정불가	단기위험부채 존재
PH	Parker-Hannifin Corp	0000076334	S&P 500	제외	PEG=보통, PEGY=안심	955.8699951171875	28.48	2026	83.0	501000000.0	8390000.0	509390000.0	8796284000.0	1000000000.0	15404000000.0	15464000000.0	49.90281197356486	50.09718802643515	0.9961200206932229	-64.69081967213114	-72.49722092115535	35.834298272096866	36.108399439548556	5.014749262536871	21.091002216465117	16.36215183053762	18.52949852507374	50.68200443293023	41.22430366107524	527.7201179941002	1443.4234862498529	1174.0681682674228	-44.79164314291475	51.00625541372836	22.82718092050633	3년	50.68200443293023	1443.4234862498529	51.00625541372836	2.4561594200679915	2.9047869565097018	2.772822592368386	30.483996877439502	3.1891362876917415	3년	2.9047869565097018	안심	3년	21.091002216465114	1.6990325023114408	보통	N	주당순현금<=0	128100000.0	5.559171335201385	0.5766033296106476		-10.988294722502523	990.9574035644531	936.7822991943359	N	Y	상승전환	단기위험부채 존재
CPT	CAMDEN PROPERTY TRUST	0000906345	S&P 500	제외	PEG=보통, PEGY=불리(<1)	104.70999908447266	3.54	2025	4.01	25203000.0	0.0	25203000.0	3900800000.0		4362523000.0	4604736000.0	48.64945910450451	51.35054089549549	0.9473991559993885	-35.741529409594776	-35.741529409594776	39.675573020923	39.675573020923	136.0	-16.313493007414216	23.343513504709378	280.5	-24.126986014828432	55.187027009418756	992.97	-85.40953049249265	195.3620756133424	848.3048502358804	-181.56769290351176	86.57442204324539	5년	55.187027009418756	195.3620756133424	86.57442204324539	3.5288715282364143	-0.3101024653361892	0.6894295764873879			5년	0.6894295764873879	불리(<1)	5년	23.343513504709378	1.6996401596922737	보통	N	주당순현금<=0 | FCF<=0	108434000.0	-9.263433535578402	1.0616721046628363		-10.945741236740536	111.00400024414063	107.33939979553223	N	N	판정불가	
FAST	FASTENAL CO	0000815556	S&P 500	보류	PEG=보통, PEGY=불리(<1)	49.380001068115234	1.09	2025	1.93	276800000.0	27165000.0	303965000.0	100000000.0	25000000.0	3943600000.0					0.1773093413120836	0.15557652669780128	45.140084153030415	45.16002251506186	-45.49999999999999	-16.762013813238276	26.237828742825165	-82.49999999999999	-25.024027626476553	60.97565748565033	-89.925	-27.276190112859446	66.46346665935887	-282.1081370086579	-155.23732183649494	34.5959198495734	5년	60.97565748565033	66.46346665935887	34.5959198495734	-0.9652175182547812	-0.32857745153854684	0.6240092208807758	0.9132998013505995	1.8495337820887958	5년	0.6240092208807758	불리(<1)	5년	26.237828742825165	1.7204199553049582	보통	Y		1150334204.0	6.011161715313196	6.652271882953542		-5.727376744606749	48.72599998474121	45.41299993515015	Y	Y	강한 상승추세	단기위험부채 존재
TT	Trane Technologies plc	0001466258	S&P 500	제외	PEG=보통, PEGY=안심	446.0	12.98	2025	94.0	1763300000.0		1763300000.0	3922100000.0	763300000.0	8579200000.0	12819800000.0	40.0915930650965	59.9084069349035	0.6692148083433439	-9.598932859048466	-12.992885726989773	35.10007186895597	35.36154743659397	15.480427046263348	20.16860829862783	29.821435131157937	39.460854092526695	48.83721659725566	68.14287026231588	512.2018861209965	633.9070714323785	884.4944560048601	14.84347222443867	42.13163036600416	98.31714260198659	3년	48.83721659725566	633.9070714323785	42.13163036600416	3.1190940991517624	3.2526602431148723	3.5276689914891883	12.556247220987105	2.8153020674858977	3년	3.2526602431148723	안심	3년	20.16860829862783	1.7403318736347315	보통	N	주당순현금<=0	224900000.0	-5.259582218538938	2.843172502246394		-11.413020384998173	467.78399841308595	444.5833499145508	N	Y	중립/개선	단기위험부채 존재
HOOD	Robinhood Markets, Inc.	0001783879	S&P 500	제외	PEG=보통, PEGY=판정불가	117.33999633789062	2.05	2025		4261000000.0		4261000000.0			7972000000.0	28986000000.0	21.570431300395043	78.42956869960496	0.2750293245014835	4.637662377147143	4.637662377147143	54.97674827353341	54.97674827353341	31.410256410256395			71.32051282051279			146.2070512820512			24.601206617593043			1년	71.32051282051279	146.2070512820512	24.601206617593043						판정불가		판정불가	1년	31.410256410256395	1.7502801491165747	보통	N	FCF<=0	918781846.0	40.074013417789466	49.420601250315265		-23.035556099567046	102.82639999389649	95.11132499694824	Y	Y	강한 상승추세	
WAB	WESTINGHOUSE AIR BRAKE TECHNOLOGIES CORP	0000943452	S&P 500	제외	PEG=보통, PEGY=양호	284.45001220703125	6.83	2025	44.0	473000000.0		473000000.0	4291000000.0	1250000000.0	11142000000.0	10879000000.0	50.59715725898006	49.40284274101994	1.0241750160860372	-22.314436002337814	-29.62010520163647	44.91426767340689	45.983911772864964	13.079470198675496	25.44351122642632	25.77438254899549	34.65894039735099	59.387022452852634	60.04876509799098	236.72056291390726	405.61336335298347	410.1330656192784	-16.779556071308967	42.59565686281845	44.1845835888983	3년	59.387022452852634	405.61336335298347	42.59565686281845	1.2708538545864225	1.5461347768460412	1.5535015077248588	8.760958503798948	3.0799641862635814	3년	1.5461347768460412	양호	3년	25.443511226426317	1.765254302902884	보통	N	주당순현금<=0	171100000.0	7.028642798490847	15.278627034257841		-6.978644083054042	283.72339904785156	254.6678997039795	Y	Y	강한 상승추세	단기위험부채 존재
BALL	BALL Corp	0000009389	S&P 500	제외	PEG=보통, PEGY=불리(<1)	61.02000045776367	3.3	2025	1.28	1212000000.0		1212000000.0	6337000000.0	2000000.0	5421000000.0	14103000000.0	27.76582667486171	72.2341733251383	0.3843863007870666	-18.570724566260346	-18.577971678286204	24.11840152243152	24.120597616984814	3099.9999999999995	13.617128057248994	13.396657763302722	6208.499999999999	35.73425611449799	35.29331552660544	20488.049999999996	117.92304517784335	116.46794123779794	33475.958450182654	93.25310438086012	90.86846995095286	3년	35.73425611449799	117.92304517784335	93.25310438086012	128.58563603875774	0.6176664752593075	0.6085253100066592	2.855362138187932	4.679387277560467	3년	0.6176664752593075	불리(<1)	3년	13.617128057248994	1.771181222724291	보통	N	주당순현금<=0	275972000.0	12.624584928129789	-1.612383090324243		-9.946873473994478	62.89519996643067	59.16649978637695	N	Y	상승전환	단기위험부채 존재
SBUX	STARBUCKS CORP	0000829224	S&P 500	제외	PEG=보통, PEGY=불리(<1)	102.01000213623047	1.63	2025	2.37	6455700000.0	247200000.0	6702900000.0	14575900000.0	0.0	-8096600000.0	40108900000.0	-25.292153328564332	125.29215332856434	-0.201865421390265	-6.9073521670468505	-6.9073521670468505	66.82046276274683	66.82046276274683	-50.755287009063444	-16.7980082334351	37.63685261204004	-93.01057401812689	-25.096016466870203	83.77370522408008	-151.60723564954682	-40.90650684099843	136.55113951525053	-248.61997105644713	-140.10048621150833	33.860539805588566	5년	83.77370522408008	136.55113951525053	33.860539805588566	-0.72410882847161	-0.21592200408224171	0.5987215735707881	2.142481137041586	2.1002657505882456	5년	0.5987215735707881	불리(<1)	5년	37.63685261204004	1.775399857462336	보통	N	주당순현금<=0	1139800000.0	4.722306027291934	1.2305304500070946		-6.02487400429551	105.38920043945312	97.73590026855469	N	Y	상승전환	
ABBV	AbbVie Inc.	0001551152	S&P 500	제외	PEG=보통, PEGY=불리(<1)	248.77999877929688	1.02	2025	2.7	5229000000.0	28000000.0	5257000000.0	64503000000.0	2499000000.0	-3270000000.0					-33.41567963902989	-34.82515510434292	276.662429821889	278.04426851337234	5200.0	-9.58502599188228	152.18545481323272	10408.5	-10.670051983764559	312.87090962646545	10616.67	-10.88345302343985	319.12832781899476	4167.49338857361	-104.37472991271096	28.277325100442184	5년	312.87090962646545	319.12832781899476	28.277325100442184	18.80522774035281	-0.02488601721713625	0.5598355183714159	10.048505358150027	4.039113034591047	5년	0.5598355183714159	불리(<1)	5년	152.18545481323272	1.8179295134440987	보통	N	주당순현금<=0	1773000000.0	10.36287853788551	9.589888022223336		-6.463135828292876	254.38699981689453	228.4140995025635	N	Y	상승전환	단기위험부채 존재
KDP	Keurig Dr Pepper Inc.	0001418135	S&P 500	제외	PEG=보통, PEGY=불리(<1)	32.54999923706055	1.53	2025	2.82	1026000000.0		1026000000.0	13036000000.0	0.0	25516000000.0	29943000000.0	46.0087632304946	53.9912367695054	0.8521524229369135	-8.812738479600823	-8.812738479600823	27.034469095857105	27.034469095857105	45.714285714285715	14.847977704937376	38.520495126762675	99.92857142857143	38.195955409874756	85.54099025352535	152.8907142857143	58.439811777108375	130.8777150878938	369.71034675674304	79.53859645738606	302.0820834271479	3년	38.195955409874756	58.439811777108375	79.53859645738606	1.7952742309159437	0.6535352198813811	1.529177250723148	1.1043439976518932	3.3927619770710074	3년	0.6535352198813811	불리(<1)	3년	14.847977704937376	1.820750921983629	보통	N	주당순현금<=0	1362800000.0	3.398982561574093	16.084158966755812		-2.8358231729535888	31.27340000152588	29.16020004272461	Y	Y	강한 상승추세	
AON	Aon plc	0000315293	S&P 500	제외	PEG=보통, PEGY=불리(<1)	315.7900085449219	17.02	2025	1.02	1195000000.0	1603000000.0	2798000000.0	14660000000.0		9352000000.0	41236000000.0	18.48659761208192	81.51340238791809	0.22679212338733146	-54.63841547673883	-54.63841547673883	21.76430223394011	21.76430223394011	36.269015212169734	11.921526017460929	15.032502900053736	81.03803042433947	32.343052034921854	38.56500580010747	1379.2672778222577	550.47874563437	656.3763987178291	336.76723154654644	74.31797420407082	107.85217421610031	3년	32.343052034921854	550.47874563437	74.31797420407082	1.713310852392951	0.5946216827148908	0.73756110935736	14.822662367572548	4.6938351329959795	3년	0.5946216827148908	불리(<1)	3년	11.921526017460927	1.8256305612270531	보통	N	주당순현금<=0	217100000.0	-4.764916905656147	-1.6107873404152429		-17.172008483383827	352.8857989501953	337.0694998168945	N	N	주의	
ALLE	Allegion plc	0001579241	S&P 500	제외	PEG=보통, PEGY=불리(<1)	156.0500030517578	7.44	2025	1.4	356200000.0		356200000.0	1979900000.0	200000.0	1318300000.0	3156100000.0	29.463168246021816	70.53683175397819	0.41769905896517856	-18.749422632794456	-18.75173210161663	23.494546462977453	23.494856875453554	9.090909090909092	12.754839878198432	17.023921536797502	26.681818181818183	34.009679756396864	42.547843073595004	198.5127272727273	253.03201738759267	316.55595246754683	27.210973015415885	62.14803744904023	102.85546060678597	3년	34.009679756396864	253.03201738759267	62.14803744904023	0.4465252865144937	0.6024734250777529	0.7841786418746065	7.98729792147806	5.118422150128941	3년	0.6024734250777529	불리(<1)	3년	12.754839878198432	1.842010302546892	보통	N	주당순현금<=0	86600000.0	19.076687842675067	5.775099534303374		-13.194637957928112	153.0410006713867	151.06650039672851	Y	Y	강한 상승추세	단기위험부채 존재
NFLX	NETFLIX INC	0001065280	S&P 500	제외	PEG=보통, PEGY=판정불가	76.7699966430664	2.53	2025		9033681000.0	28678000.0	9062359000.0	13463971000.0	998865000.0	26615488000.0	28981505000.0	47.87217179173701	52.127828208263	0.9183611410104479	-1.0132943879675764	-1.2432429383707544	30.744383806732802	30.835272561832873	-87.24155320221885	-36.64720009551697	16.282594168366128	-165.9831064044377	-64.79440019103394	41.065188336732255	-419.93725920322737	-163.92983248331586	103.8949264919326	-647.0070047751586	-313.533723657029	35.33272246315256	5년	41.065188336732255	103.8949264919326	35.33272246315256				2.1780274838317877	2.8370816452660343	판정불가		판정불가	5년	16.282594168366128	1.8881747889082123	보통	N	주당순현금<=0	4343863000.0	-5.699553875837204	-20.80669000450177		-39.228182467702275	75.4993995666504	86.69689971923827	Y	N	주의	단기위험부채 존재
HRL	HORMEL FOODS CORP /DE/	0000048465	S&P 500	제외	PEG=보통, PEGY=불리(<1)	21.209999084472656	0.87	2025	5.43	670679000.0	32909000.0	703588000.0	2850778000.0	185000000.0	7901171000.0					-3.900464308550834	-4.236524879381503	28.862601601176426	29.248878119372595	-40.816326530612244	-21.81034655991424	15.135740743060389	-73.13265306122449	-35.12069311982848	38.77148148612078	-63.625408163265305	-30.55500301425078	33.731188892925076	-399.9783635532732	-244.0594263703641	59.034372225027056	5년	38.77148148612078	33.731188892925076	59.034372225027056	-1.2260269195265445	-0.5675284157075634	0.7125393970799271	0.970668270069174	4.576465402960707	5년	0.7125393970799271	불리(<1)	5년	15.135740743060389	1.906917017880984	보통	N	주당순현금<=0	550496000.0	-11.55129487339993	-9.125968526949924		-19.99245982138842	24.331799926757814	23.4316499710083	N	N	주의	단기위험부채 존재
CFG	CITIZENS FINANCIAL GROUP INC/RI	0000759944	S&P 500	제외	PEG=보통, PEGY=불리(<1)	69.98999786376953	3.86	2025	2.6	4074000000.0		4074000000.0	11224000000.0	58000000.0	26317000000.0	200034000000.0	11.626632972684018	88.37336702731598	0.13156263435216015	-16.365648187670065	-16.49840449464697	22.371929028870362	22.406321854512047	27.392739273927397	-1.9905807112054583	11.698377840871576	63.285478547854794	4.518838577589083	31.89675568174315	244.2819471947195	17.44271690949386	123.12147693152856	249.0240815126136	-75.07827197902643	75.91295997918961	5년	31.89675568174315	123.12147693152856	75.91295997918961	1.3406416243866406	0.027240355000594837	0.639121365994855	4.772360345635256	6.818631934986354	3년	0.0272403550005948	불리(<1)	5년	11.698377840871576	1.91239583241257	보통	N	주당순현금<=0	436890731.0	6.5783459955494505	18.848698572192934		-6.342841268886779	71.46660018920899	64.10220010757446	N	Y	상승전환	단기위험부채 존재
MS	MORGAN STANLEY	0000895421	S&P 500	제외	PEG=보통, PEGY=불리(<1)	216.24000549316406	10.21	2025	2.11	111695000000.0		111695000000.0	341681000000.0	941000000.0	111632000000.0	1307618000000.0	7.865562797252069	92.13443720274793	0.08537049811183388	-144.46356783919597	-145.05464824120602	35.32845967995691	35.386351981818805	28.427672955974852	18.408680655257537	41.34141455266054	65.35534591194971	45.317361310515075	91.18282910532108	667.2780817610067	462.690258980359	930.9766851653283	208.58216093695998	113.97070256501908	330.52934772273625	3년	45.317361310515075	462.690258980359	113.97070256501908	0.8643929917301195	0.5807974885159942	1.22992666383675			3년	0.5807974885159942	불리(<1)	3년	18.408680655257537	1.9191195904562048	보통	N	주당순현금<=0 | FCF<=0	1592000000.0							판정불가	판정불가	판정불가	단기위험부채 존재
O	REALTY INCOME CORP	0000726728	S&P 500	제외	PEG=보통, PEGY=불리(<1)	61.02000045776367	1.17	2025	5.31	434842000.0		434842000.0	3975000000.0	516800000.0	39438695000.0	32671644000.0	54.69215031703013	45.30784968296987	1.2071230636572803	-3.897418790885291	-4.466372501744953	55.484973716793995	55.97125893975097	19.38775510204081	-6.251173723614811	28.805493048681363	47.27551020408162	-4.0023474472296225	66.11098609736273	55.31234693877549	-4.682746513258658	77.34985373391439	-9.353742176614466	-107.6741174666164	26.76147681685741	5년	66.11098609736273	77.34985373391439	26.76147681685741	0.4451251113157756	-0.016962677650686903	0.6148600380134164			5년	0.6148600380134164	불리(<1)	5년	28.805493048681363	1.9261942027176635	보통	N	주당순현금<=0 | FCF<=0	908334000.0	-0.3755094567123751	-5.949440442448461		-9.680280250392315	63.206999893188474	61.87499982833862	N	N	주의	단기위험부채 존재
JKHY	JACK HENRY & ASSOCIATES INC	0000779152	S&P 500	보류	PEG=보통, PEGY=불리(<1)	159.8300018310547	6.98	2026	1.47	50992000.0		50992000.0	0.0	0.0	2051949000.0	1093762000.0	65.23005450913959	34.769945490860415	1.8760470742263857	0.7077995086267923	0.7077995086267923	22.796877123557003	22.796877123557003	11.858974358974363	11.613630584727662	11.119848679617505	32.21794871794873	31.727261169455325	30.73969735923501	224.88128205128214	221.45628296279818	214.56308756746037	40.700293733956585	38.55739249561194	34.24456304158732	3년	31.727261169455325	221.45628296279818	38.55739249561194	0.5846842217349566	0.5739220558068359	0.5522619879635999	9.64503143955693	6.034556296728339	3년	0.5739220558068359	불리(<1)	3년	11.613630584727662	1.9629414727153205	보통	Y		72043000.0	25.50451805740217	-6.543095639021779		-17.014539581503563	155.64799926757811	159.92009956359863	Y	N	중립/개선	
TGT	TARGET CORP	0000027419	S&P 500	제외	PEG=보통, PEGY=불리(<1)	162.7100067138672	8.13	2025	2.82	5488000000.0	4611000000.0	10099000000.0	14654000000.0	970000000.0	16165000000.0					-9.997805092186129	-12.126865671641792	21.243273284877404	21.50515035492115	-8.23927765237019	10.780448872111425	-1.2094597080639313	-7.978555304740379	30.06089774422285	6.081080583872137	-64.86565462753929	244.3950986605318	49.43918514688048	-139.86580539057346	50.20286926194497	-69.61515388920026	3년	30.06089774422285	244.3950986605318	50.20286926194497	-0.2551055847042201	0.6402237870654929	0.07581413044676948	6.222563652326603	3.824327573945258	3년	0.6402237870654929	불리(<1)	3년	10.780448872111425	1.970536991259508	보통	N	주당순현금<=0	455600000.0	28.5127603897698	34.76065064822367		-4.226259757240736	147.48299911499024	122.87444984436036	Y	Y	강한 상승추세	단기위험부채 존재
LH	LABCORP HOLDINGS INC.	0000920148	S&P 500	제외	PEG=보통, PEGY=안심	324.8599853515625	10.46	2025	88.0	532300000.0		532300000.0	5084600000.0	500100000.0	8619800000.0	9756000000.0	46.90843391852327	53.09156608147673	0.8835383353833538	-54.32338902147971	-60.29116945107398	36.250800609277455	36.82133411115071	18.325791855203633		-8.010928076671341	45.151583710407266		-7.521856153342682	472.28556561086003		-78.67861536396447	45.38126790215606		-124.21923872182002	1년	45.151583710407266	472.28556561086003	45.38126790215606	2.93306051364814		2.2065463542578287	14.391408114558473	4.43003409576102	5년	2.2065463542578287	안심	1년	18.325791855203633	1.9781301073210649	보통	N	주당순현금<=0	83800000.0	19.768469638586538	20.900621731740166		-4.267110020214049	307.59919921875	275.89710037231447	Y	Y	강한 상승추세	단기위험부채 존재
TXN	TEXAS INSTRUMENTS INC	0000097476	S&P 500	제외	PEG=보통, PEGY=불리(<1)	258.9200134277344	5.45	2025	2.2	3225000000.0	1656000000.0	4881000000.0	13548000000.0	0.0	16273000000.0	18312000000.0	47.05219025589128	52.94780974410872	0.888652249890782	-9.49288061336254	-9.49288061336254	49.2500723011187	49.2500723011187	4.8076923076923075	-16.644237941707228	24.802935181675736	18.115384615384613	-24.788475883414456	58.10587036335147	98.72884615384615	-135.0971935646088	316.67699348026554	-61.86897843592081	-152.1771923985764	22.306881298170246	5년	58.10587036335147	316.67699348026554	22.306881298170246	0.14228795979926165	-0.2932835885680341	0.5482821429495114	2.8510405257393208	1.1011279074164957	5년	0.5482821429495114	불리(<1)	5년	24.802935181675736	1.985655001731584	보통	N	주당순현금<=0	913000000.0	-10.293452154130945	31.125293540036616		-22.077761412383058	279.4999987792969	239.88745010375976	N	Y	중립/개선	
SCHW	SCHWAB CHARLES CORP	0000316709	S&P 500	보류	PEG=보통, PEGY=불리(<1)	106.87000274658203	4.65	2025	1.17	46030000000.0		46030000000.0	18914000000.0	17050000000.0	49425000000.0	441570000000.0	10.066293954113585	89.93370604588642	0.11193015829879747	14.989496959646214	5.564400221116639	19.75924855633028	21.786151080745242	55.51839464882943	9.933056473764434	52.16529750329273	119.53678929765886	28.36611294752887	112.83059500658545	555.8460702341138	131.90242520600924	524.6622667806224	420.11420973963726	23.423244892007645	390.9350175883685	3년	28.36611294752887	131.90242520600924	23.423244892007645	2.868954985166586	0.5619169394074626	2.6992573807269444	4.844112769485903	4.5327151164884105	3년	0.5619169394074626	불리(<1)	3년	9.933056473764434	1.989241539954913	보통	Y		1809000000.0	20.389778965852166	14.704309162692564		-5.965682963719998	105.39779998779296	97.5033498764038	Y	Y	강한 상승추세	단기위험부채 존재
HWM	Howmet Aerospace Inc.	0000004281	S&P 500	제외	PEG=보통, PEGY=불리(<1)	231.52999877929688	3.71	2025	22.0	742000000.0		742000000.0	2859000000.0	0.0	5353000000.0	5826000000.0	47.884426156185704	52.1155738438143	0.9188122210779265	-5.214285714285714	-5.214285714285714	63.81247560473925	63.81247560473925	32.02846975088968			72.55693950177935			269.1862455516014			16.264089738194087			1년	72.55693950177935	269.1862455516014	16.264089738194087	0.8466756576809108			3.5246305418719213	1.5223213235671167	1년	0.8466756576809108	불리(<1)	1년	32.02846975088968	1.9923672938813035	보통	N	주당순현금<=0	406000000.0	-9.966559541851838	-8.814148540832868		-20.88501499808907	274.6024008178711	245.69040061950685	N	N	주의	
KIM	KIMCO REALTY CORP	0000879101	S&P 500	제외	PEG=불리, PEGY=불리(<1)	23.760000228881836	0.45	2020	4.75	211648000.0	223991000.0	435639000.0	7718700000.0		10391836000.0	9120372000.0	53.258124349637924	46.74187565036207	1.1394092258517525	-10.785262091668777	-10.785262091668777	76.76724960122358	76.76724960122358	104.54545454545455	38.33153542625083	-12.352677767919173	217.5909090909091	85.16307085250166	-16.205355535838347	97.9159090909091	38.32338188362575	-7.292409991127256	312.10399052053	61.29369324265059	-130.69196094646017	3년	85.16307085250166	38.32338188362575	61.29369324265059	1.4237250274459814	0.5611968078841287	-0.09903543252379327	1.631347931743768	6.8659424075289275	3년	0.5611968078841287	불리(<1)	3년	38.33153542625083	2.0027178339600398	불리	N	주당순현금<=0	675279000.0	-5.676856986336221	2.5906752393038968		-9.931762756768137	24.868800010681152	23.0578999710083	N	Y	중립/개선	
FTNT	Fortinet, Inc.	0001262039	S&P 500	제외	PEG=불리, PEGY=판정불가	157.47000122070312	2.42	2025		2495300000.0	775500000.0	3270800000.0	496600000.0	499700000.0	1237500000.0	9151700000.0	11.911408000616024	88.08859199938398	0.1352207786531464	3.628302380329584	2.9747580434213967	63.57094993403865	63.84100957738915	7.079646017699122	31.674951451459886	-3.62054294817038	22.659292035398245	71.84990290291978	1.2589141036592402	54.83548672566375	173.87676502506585	3.046572130855361	-65.1771853047688	10.418977378026264	-98.06529998905289	3년	71.84990290291978	173.87676502506585	10.418977378026263						판정불가		판정불가	3년	31.674951451459886	2.006978606785164	불리	N	FCF<=0	764600000.0	13.787124730981004	87.01901060340901		-8.860977929598324	158.89959930419923	110.44194980621337	N	Y	상승전환	단기위험부채 존재
VLTO	Veralto Corp	0001967680	S&P 500	보류	PEG=불리, PEGY=안심	95.52999877929688	3.76	2025	54.0	2031000000.0		2031000000.0	1973000000.0	700000000.0	3105000000.0					0.2317219336795845	-2.5649220934878145	25.345286395110985	26.089074700208695	12.574850299401197			33.6497005988024			126.522874251497			32.443081616490986			1년	33.6497005988024	126.522874251497	32.443081616490986	2.626715250384515			4.051138633639632	4.240697880672002	1년	2.626715250384515	안심	1년	12.574850299401197	2.015553727611207	불리	Y		250300000.0	10.875109933761706	4.074515553400393		-12.438130050059593	95.27039962768555	93.41920009613037	Y	Y	강한 상승추세	단기위험부채 존재
MA	Mastercard Inc	0001141391	S&P 500	제외	PEG=불리, PEGY=안심	570.8900146484375	16.52	2025	60.0	10566000000.0		10566000000.0	18251000000.0	749000000.0	7737000000.0	46411000000.0	14.288616384723351	85.71138361527665	0.16670616879619055	-8.48233995584989	-9.309050772626932	35.07096577507793	35.12100880272787	18.9344852411807	17.359895932136805	20.99686615184875	46.3689704823614	43.21979186427361	50.4937323036975	766.0153923686103	713.9909615978	834.1564576570827	34.17915407757375	25.06629005194394	46.115089816515464	3년	43.21979186427361	713.9909615978	25.06629005194394	2.2507074868543535	2.2058102542220315	2.3095134211960198	18.939293598233995	3.3175030412639273	3년	2.2058102542220315	안심	3년	17.359895932136805	2.0202290331795263	불리	N	주당순현금<=0	906000000.0	15.275427248567052	10.91273840969922		-4.829455441363784	559.1507934570312	530.566997680664	Y	Y	강한 상승추세	단기위험부채 존재
CRH	CRH PUBLIC LTD CO	0000849395	S&P 500	제외	PEG=불리, PEGY=불리(<1)	90.61000061035156	5.51	2025	1.65	4096000000.0		4096000000.0	16478000000.0	120000000.0	24004000000.0	32851000000.0	42.2196816462932	57.7803183537068	0.7306931295850964	-18.289512555391433	-18.466765140324963	19.763976981078585	19.796146234242563	9.76095617529881			28.02191235059762			154.40073705179287			70.40143031866802			1년	28.02191235059762	154.40073705179287	70.40143031866802	0.5773613370539393			4.301329394387001	4.747080195798612	1년	0.5773613370539393	불리(<1)	1년	9.76095617529881	2.02479927438805	불리	N	주당순현금<=0	677000000.0	-12.622947659703387	-14.744070708436807		-31.03212266495705	99.3231997680664	111.38514991760253	N	N	주의	단기위험부채 존재
TYL	TYLER TECHNOLOGIES INC	0000860731	S&P 500	보류	PEG=불리, PEGY=불리(<1)	347.82000732421875	7.2	2025	0.006708642259974805	1015400000.0	81800000.0	1097200000.0	597934000.0	0.0	3702789000.0	1936119000.0	65.66500109595688	34.334998904043125	1.9124800696651394	11.395645028759244	11.395645028759244	46.72560587436937	46.72560587436937	19.008264462809922	22.991144762697367	41.04203232039028	46.516528925619845	54.482289525394734	90.58406464078055	334.9190082644629	392.2724845828421	652.20526541362	-3.7091020608628344	12.780310598173038	87.51229132304343	3년	54.482289525394734	392.2724845828421	12.780310598173038	0.40694973878338253	0.4921895173877771	0.8785063391797969	14.55144709212088	4.1836141641377225	3년	0.4921895173877771	불리(<1)	3년	22.991144762697367	2.0323305497245467	불리	Y		43812000.0	12.592254371885891	-1.8123258488993876		-37.71242920939133	326.327802734375	356.98234985351564	Y	N	중립/개선	
J	JACOBS SOLUTIONS INC.	0000052988	S&P 500	제외	PEG=불리, PEGY=보통	144.27000427246094	2.38	2025	98.0	1235448000.0		1235448000.0	2236456000.0	0.0	3640807000.0					-8.209559426565626	-8.209559426565626	64.06704357101957	64.06704357101957	-5.179282868525893	-21.81636262954282	30.86908124949421	-1.8585657370517854	-35.13272525908564	70.23816249898843	-4.423386454183249	-83.61588611662381	167.16682674759247	-103.0660472192331	-157.9579147711891	15.87081291817929	5년	70.23816249898843	167.16682674759247	15.87081291817929	1.4488060000549352	1.1891236605292412	2.0114722650911823	4.98205557195814	3.453285800525302	3년	1.1891236605292412	보통	5년	30.86908124949421	2.0754438090725262	불리	N	주당순현금<=0	121932000.0	15.011161881832935	9.428100940410866		-12.265870754977847	138.82299926757813	132.68319980621337	Y	Y	강한 상승추세	
WDAY	Workday, Inc.	0001327811	S&P 500	보류	PEG=불리, PEGY=판정불가	186.27999877929688	2.59	2026		1501000000.0	3942000000.0	5443000000.0	2987000000.0	0.0	7805000000.0	10269000000.0	43.18357862122386	56.81642137877614	0.7600545330606681	9.160180070640802	9.160180070640802	68.38603038944251	68.38603038944251	32.82051282051282			74.14102564102564			192.0252564102564			3.084205319201483			1년	74.14102564102564	192.0252564102564	3.084205319201483				10.357418589645565	5.56013455954386	판정불가		판정불가	1년	32.82051282051282	2.083636863428327	불리	Y		268117000.0	32.83891068586426	30.731975295090884		-24.793089368488573	167.02999893188476	159.98389949798585	Y	Y	강한 상승추세	
ADI	ANALOG DEVICES INC	0000006281	S&P 500	제외	PEG=불리, PEGY=불리(<1)	363.20001220703125	4.56	2025	1.21	2499406000.0	1152915000.0	3652321000.0	8145066000.0	446639000.0	33815755000.0					-9.0450243502735	-9.944220861711788	81.63268345554928	81.82987567296998	39.02439024390244	-4.58825332599776		86.54878048780488	-0.6765066519955205		394.6624390243902	-3.0848703330995733		8.662562158567532	-100.84935854334198		1년	86.54878048780488	394.6624390243902	8.662562158567532	0.49287109697687337	-0.041383587835101494		8.613997330428884	2.3716952205163286	1년	0.4928710969768733	불리(<1)	1년	39.02439024390244	2.0918375135484504	불리	N	주당순현금<=0	496709000.0	-10.236761259947135	13.923658288124763		-18.469964252071026	376.89100036621096	348.96340110778806	N	Y	중립/개선	단기위험부채 존재
ROK	ROCKWELL AUTOMATION, INC	0001024478	S&P 500	제외	PEG=불리, PEGY=불리(<1)	429.1300048828125	7.67	2025	1.27	468000000.0	300000.0	468300000.0	2614000000.0	608000000.0	3654000000.0					-18.971706454465075	-24.347480106100797	58.42264815349121	59.123531289297695	-7.3671497584541	-1.270785701033128	27.797562094762206	-6.2342995169082	5.958428597933744	64.09512418952441	-47.817077294685895	45.701147346151814	491.60960253365226	-111.14279513215206	-89.35027920999559	14.559596611731163	5년	64.09512418952441	491.60960253365226	14.559596611731163	-0.10436277627188913	-1.3448569312773887e-05	0.49753927652156915	12.232537577365164	2.8505435271778876	5년	0.4975392765215691	불리(<1)	5년	27.797562094762206	2.1017184152454718	불리	N	주당순현금<=0	113100000.0	-6.806088617023587	14.719169267925691		-13.321076084303918	452.85320068359374	420.8506495666504	N	Y	중립/개선	단기위험부채 존재
BX	Blackstone Inc.	0001393818	S&P 500	제외	PEG=불리, PEGY=불리(<1)	133.97000122070312	3.87	2025	3.84	2631241000.0		2631241000.0	12576587000.0		8665526000.0	25827803000.0	25.122324377562975	74.87767562243702	0.3355115415740162	-12.746916027812693	-12.746916027812693	37.91134812623147	37.91134812623147	6.906077348066299	17.923308120835912	20.871508213597355	22.3121546961326	44.346616241671825	50.24301642719471	86.34803867403316	171.62140485526996	194.44047357324354	-35.54673592054179	28.104354177424877	45.137323133199736	3년	44.346616241671825	171.62140485526996	28.104354177424874	0.2834527886554083	0.574057879671589	0.6518235155161645	5.8284613995335155	4.350572028383927	3년	0.574057879671589	불리(<1)	3년	17.923308120835912	2.115198147051849	불리	N	주당순현금<=0	780215856.0	11.37251658579872	21.83521492919047		-28.996180612053113	132.96280029296875	130.80945041656494	Y	Y	강한 상승추세	
MRSH	MARSH & MCLENNAN COMPANIES, INC.	0000062709	S&P 500	제외	PEG=불리, PEGY=불리(<1)	180.52000427246094	8.43	2025	2.13	2687000000.0	414000000.0	3101000000.0	18320000000.0	268000000.0	15315000000.0					-30.807692307692307	-31.350202429149796	25.068528657194932	25.1328833572492	3.0562347188264063	11.754120579715522	63.117645068661396	14.612469437652813	32.008241159431044	134.7352901373228	123.1831173594132	269.8294729740037	1135.8184958576312	-31.762068222925866	49.47344703512577	529.1925930509768	3년	32.008241159431044	269.8294729740037	49.47344703512577	0.2068822941205168	0.553846648504065	2.60277122606215	10.123481781376519	5.6079556513288304	3년	0.553846648504065	불리(<1)	3년	11.754120579715522	2.132743873706428	불리	N	주당순현금<=0	494000000.0	9.062348726930104	3.7471288922189316		-12.800695320787991	185.1681994628906	177.94099952697755	N	Y	상승전환	단기위험부채 존재
MDLZ	Mondelez International, Inc.	0001103982	S&P 500	제외	PEG=불리, PEGY=불리(<1)	61.630001068115234	1.89	2025	3.39	4475000000.0		4475000000.0	23095000000.0	2688000000.0	25838000000.0	45596000000.0	36.170451045720526	63.82954895427948	0.5666725151329064	-14.345146379044683	-16.41602465331279	40.19849071278303	41.294193503401075	-44.73684210526316	-1.2049365987475746	18.761141546758097	-80.97368421052632	6.090126802504851	46.022283093516194	-153.0402631578947	11.510339656734168	86.9821150467456	-348.3210457659253	-81.32347970591042	41.13599470915228	5년	46.022283093516194	86.9821150467456	41.13599470915228	-1.0285670275703898	0.054356851774974235	0.5510441102136724	2.4922958397534667	4.04396527106808	3년	0.0543568517749742	불리(<1)	5년	18.761141546758097	2.142646310332288	불리	N	주당순현금<=0	1298000000.0							판정불가	판정불가	판정불가	단기위험부채 존재
ETN	Eaton Corp plc	0001551182	S&P 500	제외	PEG=불리, PEGY=불리(<1)	422.1300048828125	10.45	2025	1.07	622000000.0	181000000.0	803000000.0	8024000000.0	1000000.0	19425000000.0					-18.458588957055216	-18.461145194274028	42.16158792726007	42.16183254326187	9.999999999999993	19.3940377642204	24.525465160026606	28.499999999999986	47.28807552844079	57.55093032005321	297.8249999999998	494.16038927220626	601.407221844556	-29.44709057517032	17.063554723950535	42.46966926966318	3년	47.28807552844079	494.16038927220626	17.063554723950535	0.26256126830656096	0.4853716088570073	0.6070801983119226	9.082310838445808	2.1515435371544243	3년	0.4853716088570073	불리(<1)	3년	19.394037764220396	2.173945850772911	불리	N	주당순현금<=0	391200000.0	5.080654087446401	16.914088444347296		-8.224625462008317	415.7114013671875	381.45375106811525	Y	Y	강한 상승추세	단기위험부채 존재
MO	ALTRIA GROUP, INC.	0000764180	S&P 500	제외	PEG=불리, PEGY=불리(<1)	68.16999816894531	4.12	2025	6.45	4474000000.0		4474000000.0	24140000000.0	0.0	-3502000000.0	38469000000.0	-10.015157148168273	110.01515714816827	-0.0910343393381684	-11.68508615567439	-11.68508615567439	19.38230202053876	19.38230202053876	-37.00305810397553	8.90191356086536	11.413340246469872	-65.50611620795107	26.30382712173072	31.326680492939744	-269.8851987767584	108.37176774153056	129.06592363091175	-495.9002582160901	58.97281891214583	89.32951019163653	3년	26.30382712173072	108.37176774153056	58.97281891214583	-1.5763379433257985	0.7920583192129327	0.921631508349251	5.3915626856803325	7.908996377436382	3년	0.7920583192129327	불리(<1)	3년	8.90191356086536	2.177318605490323	불리	N	주당순현금<=0	1683000000.0	-4.737282707245328	1.53410603017623		-9.009610471130403	69.71599975585937	66.4328002166748	N	Y	중립/개선	
STX	Seagate Technology Holdings plc	0001137789	S&P 500	제외	PEG=불리, PEGY=불리(<1)	904.3800048828125	6.77	2027	35.0	891000000.0	411000000.0	1302000000.0	4995000000.0	0.0	-453000000.0	8476000000.0	-5.6462669824255265	105.64626698242552	-0.05344502123643228	-17.018433179723502	-17.018433179723502	136.10021241691817	136.10021241691817	-51.29496402877698	62.4216285007507	-1.6572902196046346	-94.08992805755396	133.3432570015014	5.185419560790731	-636.9888129496403	902.7338499001644	35.105290426553246	-170.4337567737557	-0.1820202761848355	-96.11830312069957	3년	133.3432570015014	902.7338499001644	-0.18202027618483552	-0.11972768990881758	0.7158080562160867	0.24498646393185677	3.769585253456221	0.41681430738229064	3년	0.7158080562160867	불리(<1)	3년	62.4216285007507	2.180337419669873	불리	N	주당순현금<=0	217000000.0	6.899444976231206	135.3378918976225		-17.33574891301146	853.6133996582031	596.6725495147705	Y	Y	강한 상승추세	
AEP	AMERICAN ELECTRIC POWER CO INC	0000004904	S&P 500	제외	PEG=불리, PEGY=불리(<1)	125.41999816894531	6.66	2025	3.05	197000000.0	220000000.0	417000000.0	44128000000.0	1508000000.0	31138000000.0	82204000000.0	27.472605036085472	72.52739496391453	0.37878935331614033	-81.32765295651676	-84.13340209651417	31.04319085967899	31.464474514333254	19.35483870967742	14.044924681547055	8.545142209229773	47.20967741935484	36.58984936309411	25.590284418459547	314.41645161290324	243.68839675820678	170.4312942269406	150.6908437276269	94.29787937801564	35.888452172805344	3년	36.58984936309411	243.68839675820678	94.29787937801564	0.7217311780529092	0.5506819437093082	0.3735164423542019	12.919842193728178	10.301261666679885	3년	0.5506819437093082	불리(<1)	3년	14.044924681547055	2.210278201097449	불리	N	주당순현금<=0	537467865.0	-1.8315622480892024	-5.207466946401529		-9.568104433531355	129.01519973754884	126.90030002593994	N	N	주의	단기위험부채 존재
OKE	ONEOK INC /NEW/	0001039684	S&P 500	제외	PEG=불리, PEGY=불리(<1)	97.51000213623047	5.42	2025	4.48	78000000.0		78000000.0	30755000000.0	820000000.0	22485000000.0					-49.01262182457261	-50.32273526122384	27.03369445771275	27.27541280395836	4.835589941972921	12.173263216522322	51.01846065815958	18.17117988394584	32.846526433044644	110.53692131631917	98.48779497098644	178.02817326710198	599.1101135344499	1.002761576591804	82.57426865644018	514.4088815601068	3년	32.846526433044644	178.02817326710198	82.57426865644018	0.34459181879653045	0.6160187703005989	2.0529365952912073	3.909570218884806	4.00940430031247	3년	0.6160187703005989	불리(<1)	3년	12.173263216522322	2.220743442154517	불리	N	주당순현금<=0	625900000.0	11.071877342905868	15.151159405782977		0.0	91.84980026245117	85.0719497680664	Y	Y	강한 상승추세	단기위험부채 존재
ROST	ROSS STORES, INC.	0000745732	S&P 500	보류	PEG=불리, PEGY=안심	229.30999755859375	6.61	2025	77.0	4594392000.0	0.0	4594392000.0	1017863000.0	499743000.0	6187443000.0					11.024514820477412	9.484076001183665	33.023522350698386	33.256569070712565	4.588607594936709	14.703265747939431	58.06122059198926	17.67721518987342	37.906531495878866	124.62244118397852	116.8463924050633	250.56217318775933	823.7543362260981	-49.04435321220285	9.267880099181092	259.2317583168657	3년	37.906531495878866	250.56217318775933	9.267880099181092	2.470620993378414	2.7769074653540122	4.089849022090552	6.804867824028408	2.9675408383751845	3년	2.776907465354012	안심	3년	14.703265747939431	2.245999148544698	불리	Y		324416000.0	-0.06101520658552406	7.692671509998861		-10.155545430724066	234.83400115966796	212.96460021972655	N	Y	중립/개선	단기위험부채 존재
IDXX	IDEXX LABORATORIES INC /DE	0000874716	S&P 500	제외	PEG=불리, PEGY=판정불가	520.2100219726562	13.08	2025		180070000.0	0.0	180070000.0	374842000.0	74995000.0	1605383000.0	1745376000.0	47.91102553182726	52.08897446817274	0.919792067726381	-2.4038506633755015	-3.3294291885220613	39.955189039451966	40.02595192363749	22.58669165885661	17.66051173291583	14.281792796945748	53.67338331771322	43.82102346583166	37.063585593891496	702.0478537956889	573.1789869330781	484.79169956810074	34.95469601556245	10.182226932030549	-6.808465986535184	3년	43.82102346583166	573.1789869330781	10.182226932030547				13.046948472693613	2.5080155940131807	판정불가		판정불가	3년	17.66051173291583	2.262402678002988	불리	N	주당순현금<=0	81025000.0	-10.136639290870797	-13.131828808431855		-32.14769826494662	557.5196032714844	606.3928485107422	N	N	주의	단기위험부채 존재
LHX	L3HARRIS TECHNOLOGIES, INC. /DE/	0000202058	S&P 500	제외	PEG=불리, PEGY=불리(<1)	255.74000549316406	8.53	2025	1.95	1069000000.0		1069000000.0	10443000000.0	0.0	19635000000.0	21560000000.0	47.66355140186916	52.336448598130836	0.9107142857142857	-49.75583864118896	-49.75583864118896	35.81428418925593	35.81428418925593	8.386277001270638	15.822311734425586	10.447613089419638	25.272554002541277	40.14462346885117	29.395226178839277	215.57488564167707	342.4336381893005	250.741279305499	-15.705450453101133	33.8991283467591	-1.95461252846445	3년	40.14462346885117	342.4336381893005	33.8991283467591	0.2886076668920681	0.49623529093894814	0.3461639223027902	14.235668789808917	5.566461438974763	3년	0.4962352909389481	불리(<1)	3년	15.822311734425586	2.263530436663852	불리	N	주당순현금<=0	188400000.0	-17.013338628050878	-29.2989039505381		-32.42971938552333	281.9620004272461	313.94305061340333	N	N	주의	
NUE	NUCOR CORP	0000073309	S&P 500	제외	PEG=불리, PEGY=안심	256.3999938964844	7.52	2025	86.0	2260000000.0	439000000.0	2699000000.0	4233276000.0	122000000.0	20936000000.0	12980000000.0	61.7289774737587	38.271022526241296	1.6129429892141756	-6.641887445887446	-7.170025974025974	34.978973582762215	35.049204770014676	516.3934426229508	15.425826725292405	42.054467881799674	1041.2868852459017	39.351653450584806	92.60893576359935	7830.47737704918	295.92443394839773	696.419196942267	2954.008410082317	15.41514859312767	171.6143578472277	3년	39.351653450584806	295.92443394839773	15.41514859312767	17.221587168578694	2.899622725787342	3.660898384534229	-0.8138528138528138	-0.3174153015703223	3년	2.899622725787342	안심	3년	15.425826725292403	2.2675590881239573	불리	N	주당순현금<=0 | FCF<=0	231000000.0	0.8178619504418227	50.44300000895312		-6.67540110278273	248.89539978027344	206.55519981384276	Y	Y	강한 상승추세	단기위험부채 존재
LVS	LAS VEGAS SANDS CORP	0001300514	S&P 500	보류	PEG=불리, PEGY=불리(<1)	43.97999954223633	0.58	2025	2.7	3841000000.0		3841000000.0			1590000000.0	19986000000.0	7.369299221357063	92.63070077864293	0.0795556889822876	5.542568542568542	5.542568542568542	66.27143275804791	66.27143275804791	28.888888888888875			66.27777777777774			38.44111111111109			-12.594107523366272			1년	66.27777777777774	38.44111111111109	-12.594107523366272	0.47665921158242597			2.676767676767677	6.086329478464489	1년	0.4766592115824259	불리(<1)	1년	28.888888888888875	2.2940111339324285	불리	Y		693000000.0	-14.849954999129233	-19.020441115537977		-36.71031674449586	46.028600158691404	54.11299991607666	N	N	주의	
USB	US BANCORP DE	0000036104	S&P 500	제외	PEG=불리, PEGY=불리(<1)	62.4900016784668	4.62	2025	3.28	8252000000.0		8252000000.0	39829000000.0	17162000000.0	65193000000.0	626694000000.0	9.422492401215806	90.5775075987842	0.1040268456375839	-20.26765083440308	-31.28305519897304	17.912911799322483	20.297198458320313	21.899736147757256	7.780088648706851	8.588568965361265	52.29947229551451	24.060177297413702	25.67713793072253	241.62356200527705	111.1580191140513	118.62837723993809	286.6595543532162	77.88128681128654	89.8357722093258	3년	24.060177297413702	111.1580191140513	77.88128681128654	1.4056752151657235	0.6174366720839419	0.6625706137742591			3년	0.6174366720839419	불리(<1)	3년	7.780088648706851	2.302404587934848	불리	N	주당순현금<=0 | FCF<=0	1558000000.0	11.549448710878153	20.288740636643965		-4.478747435779318	63.085800094604494	56.804349994659425	N	Y	상승전환	단기위험부채 존재
MSI	Motorola Solutions, Inc.	0000068505	S&P 500	제외	PEG=불리, PEGY=불리(<1)	462.9800109863281	12.75	2025	1.03	1165000000.0	246000000.0	1411000000.0	8413000000.0	749000000.0	2410000000.0					-41.43195266272189	-45.86390532544379	39.56172263914117	39.90932676955074	38.13651137594799	17.15090983184706	40.00784395357051	84.77302275189598	42.80181966369412	88.51568790714101	1080.8560400866738	545.7232007121	1128.575020816048	133.45630792656223	17.87187087181077	143.76322822485204	3년	42.80181966369412	545.7232007121	17.87187087181077	0.9900102615146952	0.4595580935057519	1.0373118564096322			3년	0.4595580935057519	불리(<1)	3년	17.15090983184706	2.3066836119492677	불리	N	주당순현금<=0 | FCF<=0	169000000.0	11.812013137143884	-0.24347124623453897		-5.752784750802508	445.8255993652344	423.11490097045896	Y	Y	상승전환	단기위험부채 존재
DRI	DARDEN RESTAURANTS INC	0000940944	S&P 500	제외	PEG=불리, PEGY=불리(<1)	212.9199981689453	10.38	2026	2.99	219500000.0		219500000.0	901000000.0	0.0	2207500000.0	10654900000.0	17.162426918770993	82.83757308122901	0.20718167228223633	-5.859845227858985	-5.859845227858985	21.077056203931047	21.077056203931047	17.155756207674962	9.114765771480716	16.82500139829013	42.811512415349924	26.729531542961432	42.15000279658026	444.3834988713322	277.4525374159397	437.51702902850315	108.7091408476943	30.308350461185807	105.4842348257711	3년	26.729531542961432	277.4525374159397	30.308350461185807	0.9558145128406316	0.5743100770032143	0.9401218655285678	9.622527944969905	4.519316188108705	3년	0.5743100770032143	불리(<1)	3년	9.114765771480716	2.3124078810537583	불리	N	주당순현금<=0	116300000.0	5.977798162322645	4.644417796995937		-6.48278064900254	209.6068002319336	201.48374992370606	Y	Y	강한 상승추세	
GEN	Gen Digital Inc.	0000849399	S&P 500	제외	PEG=불리, PEGY=불리(<1)	29.809999465942383	1.57	2026	1.63	1006000000.0	0.0	1006000000.0	8015000000.0	181000000.0	2611000000.0	12978000000.0	16.748989672204758	83.25101032779524	0.2011866235167206	-11.323101777059774	-11.615508885298869	26.199427543313476	26.38567410907086	52.42718446601942	-10.088488131506812	11.281344719290054	113.35436893203884	-11.676976263013625	31.062689438580108	177.96635922330097	-18.332852732931393	48.76842241857077	497.0022221121664	-161.49900389591247	63.59752865573913	5년	31.062689438580108	48.76842241857077	63.59752865573913	2.0632963974747494	-0.3228501125653624	0.492810184418905	2.4604200323101777	8.253673520260147	5년	0.492810184418905	불리(<1)	5년	11.281344719290054	2.3223674300560004	불리	N	주당순현금<=0	619000000.0	19.383261055995927	36.8686801016517		-4.851581428232155	27.841800079345703	24.62335005760193	Y	Y	강한 상승추세	단기위험부채 존재
NEE	NEXTERA ENERGY INC	0000753308	S&P 500	제외	PEG=불리, PEGY=불리(<1)	83.83000183105469	3.3	2025	2.99	2812000000.0		2812000000.0	89556000000.0	400000000.0	54608000000.0	146242000000.0	27.18844909136171	72.8115509086383	0.373408459949946	-41.89317106152806	-42.086351782092144	38.09793117957053	38.15647079186268	-2.077151335311581	16.260329205681433		4.345697329376838	41.02065841136287		14.340801186943565	135.36817275749746		-82.89299669127404	61.47938661663077		3년	41.02065841136287	135.36817275749746	61.47938661663077	0.02396058359142402	0.5052854212725374				3년	0.5052854212725374	불리(<1)	3년	16.260329205681433	2.342998760828221	불리	N	주당순현금<=0 | FCF<=0	2070600000.0	-1.1788282192797483	-8.422546435833455		-14.354307127723843	86.45900009155274	87.80655025482177	N	N	주의	단기위험부채 존재
DPZ	DOMINOS PIZZA INC	0001286681	S&P 500	제외	PEG=불리, PEGY=불리(<1)	335.4100036621094	17.57	2025	2.33	125675000.0		125675000.0	1536443000.0	100000.0	-3901142000.0	5617601000.0	-227.278484368109	327.278484368109	-0.6944498194157969	-41.20516930398778	-41.2080900655378	21.435126520551915	21.43529275626905	5.272618334331929	9.073110679208952	7.235872833479218	19.045236668663858	26.646221358417904	22.971745666958434	334.624808268424	468.17410926740257	403.6135713684597	-0.23410017146549	39.58263145276944	20.33438685837716	3년	26.646221358417904	468.17410926740257	39.582631452769434	0.35468035735840275	0.5319824293211283	0.4462708827170905	19.613030638847075	5.847479331178553	3년	0.5319824293211283	불리(<1)	3년	9.073110679208952	2.362489258471248	불리	N	주당순현금<=0	34237646.0	5.577764828772458	-16.256363511819615		-26.92114892693781	334.4361999511719	364.3012504577637	Y	N	중립/개선	단기위험부채 존재
CASY	CASEYS GENERAL STORES INC	0000726958	S&P 500	제외	PEG=불리, PEGY=보통	733.489990234375	19.16	2026	34.0	522991000.0		522991000.0	2330237000.0	101357000.0	3951719000.0	4984336000.0	44.222187531298765	55.777812468701235	0.79282757021196	-48.47547934636911	-51.19416244767903	40.81239402822255	40.95428771827004	30.874316939890704	17.173098488337637	17.985950946001218	70.24863387978141	42.84619697667527	44.471901892002435	1345.9638251366118	820.9331340730982	852.0816402507667	83.50132149813396	11.921518357841832	16.168134752390763	3년	42.84619697667527	820.9331340730982	11.921518357841832	1.589573914606158	1.253861717912222	1.273778522035535	19.35590141349151	2.638877376814187	3년	1.253861717912222	보통	3년	17.173098488337637	2.3765305984786917	불리	N	주당순현금<=0	37281653.0	-3.637773287244106	6.315226171654831		-19.949145808925618	825.8197985839844	728.0372982788086	N	Y	중립/개선	단기위험부채 존재
HPQ	HP INC	0000047217	S&P 500	제외	PEG=불리, PEGY=불리(<1)	31.170000076293945	2.65	2025	3.68	3690000000.0	5000000.0	3695000000.0	8821000000.0	788000000.0	-346000000.0					-5.378803777544596	-6.2056663168940185	13.792001454278696	14.104025054033194	-5.693950177935949	-3.836586737518144	5.789648870565345	-2.8879003558718974	0.8268265249637121	20.079297741130688	-7.652935943060528	2.191090291153837	53.21013901399632	-124.55224871456095	-92.97051560541942	70.7094606472741	5년	20.079297741130688	53.21013901399632	70.7094606472741	-0.14602305434873344	-0.011353445548656454	0.6866043990756378			5년	0.6866043990756378	불리(<1)	5년	5.789648870565345	2.3821827130825537	불리	N	주당순현금<=0 | FCF<=0	953000000.0	24.97994951414999	65.88610195615392		-4.503674451111339	27.373799934387208	22.90739996910095	Y	Y	강한 상승추세	단기위험부채 존재
ADP	AUTOMATIC DATA PROCESSING INC	0000008670	S&P 500	제외	PEG=불리, PEGY=불리(<1)	267.9599914550781	10.94	2026	2.45	4230100000.0	2032200000.0	6262300000.0	4964100000.0	0.0	6031200000.0	57162100000.0	9.544049764769365	90.45595023523063	0.10551046934944658	3.2189437143565582	3.2189437143565582	24.1993645101208	24.1993645101208	9.619238476953898	10.041893559840132	12.503420358905348	27.738476953907796	28.583787119680263	33.5068407178107	303.45893787575125	312.70663108930205	366.564837452849	13.247853244025908	16.699000246731032	36.79834644803734	3년	28.583787119680263	312.70663108930205	16.699000246731032	0.49874195960419665	0.5162075043175492	0.6179261588729505			3년	0.5162075043175492	불리(<1)	3년	10.041893559840132	2.409840770161087	불리	N	FCF<=0	403300000.0	15.914692035099499	23.273679658784907		-10.089590795350368	262.8849996948242	237.13190032958985	Y	Y	강한 상승추세	
MU	MICRON TECHNOLOGY INC	0000723125	S&P 500	보류	PEG=불리, PEGY=불리(<1)	1000.260009765625	7.59	2025	5.0	9642000000.0	665000000.0	10307000000.0	3038000000.0	224000000.0	54165000000.0	28633000000.0	65.41824681755598	34.58175318244402	1.8916983899696154	6.461333333333333	6.262222222222222	130.9352669871267	130.96150033509917	984.2857142857143	-0.6929629272242499	54.22135148690352	1977.0714285714287	7.1140741455515	116.94270297380704	15005.972142857143	53.995822764735884	887.5951155711955	1400.2071457773518	-94.6018213027043	-11.26356078364349	5년	116.94270297380704	887.5951155711955	-11.26356078364349	7.555532875516104	0.03289440020158365	0.45229488471372686	1.4826666666666666	0.1482281259063907	3년	0.0328944002015836	불리(<1)	5년	54.22135148690352	2.414828538878313	불리	Y		1125000000.0	6.877944428263594	148.13575602531222		-17.576390003745924	935.6382043457031	610.3383507537842	Y	Y	강한 상승추세	단기위험부채 존재
SPGI	S&P Global Inc.	0000064040	S&P 500	제외	PEG=불리, PEGY=안심	429.30999755859375	14.66	2025	87.0	1745000000.0	56000000.0	1801000000.0	12370000000.0	400000000.0	31127000000.0	25048000000.0	55.41076991544281	44.58923008455719	1.2426940274672629	-34.64110127826942	-35.95214683710259	31.647414654629134	31.736844774604116		12.852521260492766	50.79787589706457		34.20504252098553	110.09575179412914		501.44592335764787	1614.0037213019332		16.802759360200724	275.9529781464379	3년	34.20504252098553	501.44592335764787	16.802759360200724		3.1551557165156026	4.354159017438366	18.297194362504097	4.262000527953424	3년	3.1551557165156026	안심	3년	12.852521260492766	2.462350694716203	불리	N	주당순현금<=0	305100000.0	6.817161234221691	4.211984663811941		-17.626226138469104	427.26631896972657	429.9297297668457	Y	N	중립/개선	단기위험부채 존재
STT	STATE STREET CORP	0000093751	S&P 500	제외	PEG=불리, PEGY=불리(<1)	191.8800048828125	9.4	2025	1.89	4433000000.0		4433000000.0	11534000000.0	2380000000.0	27841000000.0	338206000000.0	7.605853893079304	92.39414610692069	0.08231965133675925	-24.5693189721091	-32.80407170462841	23.02652381435336	23.90256133908946	14.494518879415338	9.345182660480011	8.263522928949719	37.489037758830676	27.190365320960023	25.027045857899438	352.3969549330084	255.58943401702422	235.25423106425472	83.65486031138518	33.20274521210336	22.60487027188285	3년	27.190365320960023	255.58943401702422	33.20274521210336	0.7115498201774689	0.4879235246736057	0.4409490121396708	37.51656465491888	19.552096987818764	3년	0.4879235246736057	불리(<1)	3년	9.345182660480011	2.463999330021722	불리	N	주당순현금<=0	289019000.0							판정불가	판정불가	판정불가	단기위험부채 존재
ROL	ROLLINS INC	0000084839	S&P 500	제외	PEG=불리, PEGY=불리(<1)	34.95000076293945	1.09	2025	2.04	100004000.0		100004000.0	486147000.0	123683000.0	1374321000.0	1766202000.0	43.7608958762601	56.2391041237399	0.7781222079920643	-0.7975738773554313	-1.0530396759661838	32.795940036967785	33.030312329271226	13.54166666666668	13.271785112236143	15.512803857109425	35.58333333333336	35.04357022447229	39.52560771421885	38.785833333333365	38.1974915446748	43.08291240849855	10.975200247953598	9.291818915148475	23.270132955714097	3년	35.04357022447229	38.1974915446748	9.291818915148475	0.4751096217733942	0.4668805070071663	0.5352127073449883	1.3426108186150074	3.841518710462219	3년	0.4668805070071663	불리(<1)	3년	13.271785112236145	2.4711023995356145	불리	N	주당순현금<=0	484147000.0							판정불가	판정불가	판정불가	단기위험부채 존재
QCOM	QUALCOMM INC/DE	0000804328	S&P 500	제외	PEG=불리, PEGY=불리(<1)	174.08999633789062	5.01	2025	2.18	5520000000.0	4635000000.0	10155000000.0	14811000000.0	1000000000.0	4909000000.0	28937000000.0	14.503929563316198	85.49607043668381	0.16964439990323807	-4.213574660633484	-5.118552036199095	35.589535129445935	35.770169336145656	-44.147157190635454	-23.90448036479093	14.194083679524194	-79.79431438127091	-39.30896072958187	36.88816735904839	-399.76951505016723	-196.93789325520515	184.80971846883241	-329.63382357378885	-213.1241871433952	6.157575022367112	5년	36.88816735904839	184.80971846883241	6.157575022367112	-1.1791993640263323	-0.6104176490582092	0.4600814149431434			5년	0.4600814149431434	불리(<1)	5년	14.194083679524194	2.5073499588272785	불리	N	주당순현금<=0 | FCF<=0	1105000000.0							판정불가	판정불가	판정불가	단기위험부채 존재
ATO	ATMOS ENERGY CORP	0000731802	S&P 500	제외	PEG=불리, PEGY=불리(<1)	168.07000732421875	7.46	2025	2.39	202687000.0		202687000.0	3529452000.0	0.0	13558890000.0					-20.718084609492255	-20.718084609492255	25.306714736422386	25.306714736422386	9.224011713030746	10.031474661040264	69.70420030995797	26.948023426061493	28.562949322080527	147.90840061991594	201.03225475841873	213.07960194272073	1103.3966686245728	19.612212767155725	26.780265756563782	556.5101568039107	3년	28.562949322080527	213.07960194272073	26.780265756563782	0.4589300442192688	0.4908371074797317	2.848817045627707			3년	0.4908371074797317	불리(<1)	3년	10.031474661040264	2.52273126250394	불리	N	주당순현금<=0 | FCF<=0	160573000.0	0.26847167410823936	-8.378758674568232		-12.595551930710226	172.72139923095702	175.5361498260498	N	N	중립/개선	
CMI	CUMMINS INC	0000026172	S&P 500	보류	PEG=불리, PEGY=불리(<1)	561.5499877929688	20.5	2025	1.57	2101000000.0	764000000.0	2865000000.0	1630000000.0	24000000.0	12349000000.0	20584000000.0	37.49734309051711	62.50265690948289	0.5999319860085504	8.904109589041095	8.731074260994953	26.95833552214281	26.966776269852378	-27.74057102573141	10.67954284093311	43.57635272286971	-46.98114205146282	29.85908568186622	95.65270544573941	-963.1134120549877	612.1112564782575	1960.880461637658	-271.5098269061074	9.003876731260751	249.19072286768386	3년	29.85908568186622	612.1112564782575	9.003876731260751	-0.9707784445458677	0.4543879510243384	1.6746713715239494	17.202595529920693	3.0634130360381944	3년	0.4543879510243384	불리(<1)	3년	10.67954284093311	2.524296772219078	불리	Y		138700000.0	-16.09013281209529	0.5083076566776645		-22.820549063886887	630.2600024414063	600.5394020080566	N	N	판정불가	단기위험부채 존재
RVTY	REVVITY, INC.	0000031791	S&P 500	제외	PEG=불리, PEGY=불리(<1)	127.08000183105469	2.07	2025	22.0	919860000.0	0.0	919860000.0	2631236000.0	588828000.0	7250360000.0	4918051000.0	59.58345752785635	40.416542472143654	1.4742344070852458	-14.677953600068614	-19.728153008276514	68.48210407300643	70.92181393204406	-5.909090909090924	27.023182791188983	-9.341040767937725	-3.3181818181818485	62.546365582377966	-10.18208153587545	-6.868636363636426	129.47097675552237	-21.076908779262183	-105.4049703058455	1.881472214366453	-116.58554333929163	3년	62.546365582377966	129.47097675552237	1.881472214366453	0.23496516803506956	0.7158539220542501	0.1848506175944447	4.3690638535100135	3.4380420133440226	3년	0.7158539220542501	불리(<1)	3년	27.023182791188983	2.534198306771447	불리	N	주당순현금<=0	116595000.0	22.039762972224032	40.730894281604236		-2.9479154867733115	116.6781997680664	102.53325000762939	Y	Y	강한 상승추세	단기위험부채 존재
MRK	Merck & Co., Inc.	0000310158	S&P 500	제외	PEG=불리, PEGY=불리(<1)	148.4600067138672	7.28	2025	2.26	14565000000.0	498000000.0	15063000000.0	46750000000.0	2300000000.0	52606000000.0					-12.639409652971679	-13.55684084563223	22.12904070973061	22.255061477953216	8.011869436201781	8.433903046142621	21.232013056721488	24.523738872403563	25.367806092285242	50.964026113442976	178.53281899109794	184.67762835183657	371.0181101058649	20.256507421012905	24.39554088649143	149.91115002503176	3년	25.367806092285242	184.67762835183657	24.39554088649143	0.4641805115250668	0.48325199390320994	1.0615920213112333	4.93019545273235	3.320891303901467	3년	0.4832519939032099	불리(<1)	3년	8.433903046142621	2.623819670283224	불리	N	주당순현금<=0	2507000000.0	24.130441979889138	26.79136677522054		-5.107056817021416	134.98559997558593	118.66495014190674	Y	Y	강한 상승추세	단기위험부채 존재
NRG	NRG ENERGY, INC.	0001013871	S&P 500	제외	PEG=불리, PEGY=불리(<1)	119.63999938964844	4.01	2025	1.6	4708000000.0		4708000000.0	10892000000.0		1681000000.0	27459000000.0	5.768702814001372	94.23129718599863	0.061218544011071054	-31.07537688442211	-31.07537688442211	37.584881863857994	37.584881863857994	-19.63927855711424	-8.120643852977938	14.13919505192036	-30.778557114228477	-7.741287705955877	36.77839010384072	-123.42201402805618	-31.042563700883065	147.48134431640128	-203.16116236852383	-125.9466431454771	23.270933691731322	5년	36.77839010384072	147.48134431640128	23.270933691731322	-0.47996102854485734	-0.17349113605298455	0.41876398890734123	3.849246231155779	3.217357280836651	5년	0.4187639889073412	불리(<1)	5년	14.13919505192036	2.658205203750498	불리	N	주당순현금<=0	199000000.0							판정불가	판정불가	판정불가	
KO	COCA COLA CO	0000021344	S&P 500	제외	PEG=불리, PEGY=불리(<1)	88.36000061035156	3.04	2025	2.41	10270000000.0	2348000000.0	12618000000.0	35547000000.0	2373000000.0	32169000000.0					-5.316253188036169	-5.866450266635752	30.81455717052228	30.995543051640563	23.577235772357728	11.551776147388226	11.17422496891589	55.654471544715456	31.603552294776453	30.84844993783178	169.189593495935	96.07479897612042	93.77928781100861	91.47758298692685	8.73109813544417	6.1331905423529065	3년	31.603552294776453	96.07479897612042	8.73109813544417	0.8433428275002942	0.4530902738639481	0.44083790961989827	1.2279156039879435	1.3896736028814498	3년	0.4530902738639481	불리(<1)	3년	11.551776147388226	2.6675168196960977	불리	N	주당순현금<=0	4313000000.0	8.630445769015616	13.45660468224228		-3.946078201668979	86.18039962768555	78.53179996490479	Y	Y	강한 상승추세	단기위험부채 존재
HST	HOST HOTELS & RESORTS, INC.	0001070750	S&P 500	제외	PEG=불리, PEGY=불리(<1)	22.06999969482422	1.1	2025	3.63	768000000.0		768000000.0	1274000000.0		6558000000.0	6317000000.0	50.935922330097085	49.064077669902915	1.038151021054298	-0.7290015847860539	-0.7290015847860539	20.7263647996457	20.7263647996457	11.111111111111121	7.721734501594191		30.722222222222243	23.943469003188383		33.79444444444447	26.337815903507224		53.12390082347773	19.33763601131304		3년	23.943469003188383	26.337815903507224	19.33763601131304	0.7112251112825683	0.5476953923819887		2.175479037602651	9.85717747025088	3년	0.5476953923819887	불리(<1)	3년	7.721734501594191	2.6841592125922795	불리	N	주당순현금<=0	694100000.0	-9.80792679148329	14.64934906402191		-13.586535224411433	23.440799903869628	20.951149969100953	N	Y	중립/개선	
BRO	BROWN & BROWN, INC.	0000079282	S&P 500	제외	PEG=불리, PEGY=안심	68.18000030517578	3.16	2025	92.0	1079000000.0	10000000.0	1089000000.0	6894000000.0	25000000.0	5578800000.0	3863400000.0	59.08368812353053	40.91631187646947	1.4440130455039601	-18.54632587859425	-18.62619808306709	27.445039931572794	27.47031594564648	-8.670520231213867	10.064241629820891	56.18583117469611	-8.841040462427735	28.628483259641783	120.87166234939222	-27.937687861271645	90.46600710046803	381.95445302407944	-140.97636804960646	32.68701480718599	460.21480098920443	3년	28.628483259641783	90.46600710046803	32.68701480718599	3.0362309538097567	3.7188592869346166	5.399366572034863	4.415335463258786	6.475998010407169	3년	3.7188592869346166	안심	3년	10.064241629820891	2.7269853945330227	불리	N	주당순현금<=0	313000000.0	15.344272713872797	-0.5832626351692127		-28.949561321736162	70.11279998779297	69.38630018234252	N	N	중립/개선	단기위험부채 존재
WELL	WELLTOWER INC.	0000766704	S&P 500	제외	PEG=불리, PEGY=불리(<1)	237.25	1.39	2025	1.44	5033678000.0		5033678000.0	19197302000.0		42129498000.0	24100108000.0	63.61127680572341	36.38872319427659	1.7481041163798934	-20.843541259210532	-20.843541259210532	185.67880666130256	185.67880666130256	-11.464968152866252	66.71109926452392	28.940704466365673	-14.429936305732504	141.92219852904785	66.38140893273135	-20.05761146496818	197.27185595537648	92.27015841649657	-108.45420925815307	-16.85064027170644	-61.10846852834707	3년	141.92219852904785	197.27185595537648	-16.85064027170644	-0.0539909122270095	0.36703757682393234	0.1636196667387207			3년	0.3670375768239323	불리(<1)	3년	66.71109926452392	2.783327043151335	불리	N	주당순현금<=0 | FCF<=0	679521000.0	14.741014217601677	14.216251976583205		-5.87932197151757	237.3047998046875	211.10424964904786	N	Y	상승전환	
PNC	PNC FINANCIAL SERVICES GROUP, INC.	0000713676	S&P 500	제외	PEG=불리, PEGY=불리(<1)	242.91000366210938	16.59	2025	3.26	39713000000.0		39713000000.0	57101000000.0	14000000.0	60585000000.0	512936000000.0	10.563693395708265	89.43630660429174	0.11811415069326388	-43.90909090909091	-43.94444444444444	17.288673572706465	17.29080458749571	20.742358078602617	6.201879866723403	-0.4401788836301823	49.984716157205234	20.903759733446805	7.619642232739635	829.2464410480349	346.7933739778825	126.40986464115055	241.3801113771857	42.76619684229888	-47.96020635815883	3년	20.903759733446805	346.7933739778825	42.766196842298875	1.3883284901911164	0.5472877850884306	0.163102224384724			3년	0.5472877850884306	불리(<1)	3년	6.201879866723403	2.7876505098832998	불리	N	주당순현금<=0 | FCF<=0	396000000.0	4.621419297446372	17.694657871244026		-5.471454835896616	249.41600006103516	225.00705017089842	N	Y	상승전환	단기위험부채 존재
ETR	ENTERGY CORP /DE/	0000065984	S&P 500	제외	PEG=불리, PEGY=불리(<1)	108.52999877929688	3.91	2025	2.39	1928916000.0		1928916000.0	27902021000.0	657774000.0	16923076000.0					-57.69853670100379	-59.15976350773198	42.513691938695814	42.88740723453423	59.59183673469387	-10.03626231922775	15.165895704950483	127.68367346938774	-11.572524638455501	38.831791409900966	499.24316326530607	-45.24857133636101	151.83230441271277	360.00476262839635	-141.6922250486495	39.898927596483325	5년	38.831791409900966	151.83230441271277	39.898927596483325	1.4579264681145752	-0.17985411218234257	0.41294686263112257	-5.629813158795977	-5.187333660847619	5년	0.4129468626311225	불리(<1)	5년	15.165895704950483	2.8032430636337824	불리	N	주당순현금<=0 | FCF<=0	450151884.0	-1.0304621968592498	3.598698516790666		-7.955223977171988	110.1665998840332	105.57725006103516	N	Y	중립/개선	단기위험부채 존재
MDT	Medtronic plc	0001613103	S&P 500	제외	PEG=불리, PEGY=불리(<1)	92.38999938964844	3.73	2026	3.06	1949000000.0	7271000000.0	9220000000.0	22140000000.0	0.0	49463000000.0	42956000000.0	53.52038000843983	46.47961999156018	1.1514805847844305	-10.030277152395	-10.030277152395	27.458519180172505	27.458519180172505	3.3240997229916927	9.77073559217516	6.995481881143495	15.148199445983385	28.04147118435032	22.490963762286988	56.502783933518025	104.5946875176267	83.89129483333046	-38.84318183051237	13.209966672373085	-9.198727797881324	3년	28.04147118435032	104.5946875176267	13.209966672373085	0.2324997819839309	0.4672770409789649	0.3662062697250057	4.212405869109541	4.559374279616574	3년	0.4672770409789649	불리(<1)	3년	9.77073559217516	2.810281674407657	불리	N	주당순현금<=0	1288100000.0	12.698213718521888	2.7811770129880564		-12.301850282092063	86.96419998168945	89.67819984436035	Y	Y	상승전환	
ZBRA	ZEBRA TECHNOLOGIES CORP	0000877212	S&P 500	제외	PEG=불리, PEGY=판정불가	352.5400085449219	8.18	2025		125000000.0	0.0	125000000.0	2361000000.0	141000000.0	3588000000.0	4914000000.0	42.201834862385326	57.798165137614674	0.7301587301587301	-43.66130504148459	-46.4145447601113	48.43536840909614	48.7719502817889	-19.64636542239686	-2.4059043989460127	17.195332607402314	-30.792730844793716	3.6881912021079746	42.89066521480463	-251.88453831041258	30.169404033243232	350.84564145710186	-171.44849725001257	-91.442275117152	-0.48061696452932345	5년	42.89066521480463	350.84564145710186	-0.48061696452932345				16.22654046935317	4.602751482399629	판정불가		판정불가	5년	17.195332607402314	2.816774151158058	불리	N	주당순현금<=0	51212395.0	50.52946760833332	65.9246041885796		-7.9674174302169165	316.8621987915039	257.8527995300293	Y	Y	강한 상승추세	단기위험부채 존재
PCG	PG&E Corp	0001004980	S&P 500	제외	PEG=불리, PEGY=불리(<1)	14.819999694824219	1.18	2025	1.4	713000000.0		713000000.0	57387000000.0	2675000000.0	32540000000.0					-25.737511353315167	-26.952316076294277	34.3707720746944	35.4002676026428	2.6086956521739157	11.995586155825675		13.717391304347831	32.491172311651354		16.18652173913044	38.3395833277486		9.220796710161006	158.7016472148675		3년	32.491172311651354	38.3395833277486	158.70164721486753	0.11663094571929422	0.38973771455335515		-1.3946412352406903	-9.410534844530117	3년	0.3897377145533551	불리(<1)	3년	11.995586155825677	2.8652849163191725	불리	N	주당순현금<=0 | FCF<=0	2202000000.0	-10.615200464297892	-18.660810903753532		-22.44898366567044	17.03980005264282	16.758199992179872	N	N	주의	단기위험부채 존재
RSG	REPUBLIC SERVICES, INC.	0001060391	S&P 500	제외	PEG=불리, PEGY=불리(<1)	221.6300048828125	6.85	2025	1.2	76000000.0		76000000.0	13710000000.0		11968000000.0					-43.67520053304631	-43.67520053304631	38.73068692202319	38.73068692202319	5.546995377503843	13.459076140014382	56.06006028771993	19.593990755007688	35.418152280028764	120.62012057543986	134.21883667180265	242.614343118197	826.2478259417629	-39.440132782214555	9.468184710134375	272.8050389109741	3년	35.418152280028764	242.614343118197	9.468184710134375	0.17420283278444362	0.3784873779679565	1.4784158205869697	7.716998539248097	3.4819286058891183	3년	0.3784873779679565	불리(<1)	3년	13.459076140014382	2.8776631114282263	불리	N	주당순현금<=0	312168000.0	5.447717483125891	-0.8499950372926612		-4.580875357959413	217.6534002685547	215.0469997406006	Y	Y	상승전환	
INVH	Invitation Homes Inc.	0001687229	S&P 500	제외	PEG=불리, PEGY=불리(<1)	28.219999313354492	0.96	2025	4.23	129971000.0		129971000.0	8380020000.0		9530132000.0	9112398000.0	51.12037904726451	48.87962095273549	1.0458423787020716	-13.454578621849206	-13.454578621849206	43.41101868250386	43.41101868250386	29.729729729729726	15.0739165329576	22.36032947934692	67.95945945945945	38.647833065915194	53.22065895869384	65.24108108108108	37.101919743278586	51.09183260034608	131.1873942895781	31.473850623805365	81.04831269846275	3년	38.647833065915194	37.101919743278586	31.473850623805365	0.7822836404301352	0.4446778057465338	0.6125248908306256	1.9605145330390512	6.947252235088755	3년	0.4446778057465338	불리(<1)	3년	15.073916532957599	2.8798765461909017	불리	N	주당순현금<=0	613177806.0	-5.302013302540964	9.592230343124243		-7.838019138143803	29.849400024414063	27.884149932861327	N	Y	중립/개선	
FRT	FEDERAL REALTY INVESTMENT TRUST	0000034903	S&P 500	제외	PEG=불리, PEGY=불리(<1)	117.25	4.68	2024	3.96	107415000.0		107415000.0	4963602000.0		3248731000.0	5629819000.0	36.59078340494788	63.40921659505212	0.5770578059436724	-56.20261558937562	-56.20261558937562	37.06252469858454	37.06252469858454	67.14285714285715	12.808740658788563	19.50578386760935	142.7857142857143	34.11748131757713	47.5115677352187	668.2371428571429	159.66981256626096	222.3541370008235	469.92506853487663	36.178944619412334	89.64105501136332	3년	34.11748131757713	159.66981256626096	36.178944619412334	1.91845692437603	0.45244464037899135	0.6331404581433044			3년	0.4524446403789913	불리(<1)	3년	12.808740658788565	2.8935338520695653	불리	N	주당순현금<=0 | FCF<=0	86405000.0	-5.7778867730187695	9.784641057714083		-7.771570413647866	120.73999984741211	111.27554977416992	N	Y	중립/개선	
MAA	MID AMERICA APARTMENT COMMUNITIES INC.	0000912595	S&P 500	제외	PEG=불리, PEGY=불리(<1)	127.88999938964844	3.78	2025	4.77	60258000.0		60258000.0			5662851000.0	6135738000.0	47.996001894802845	52.003998105197155	0.9229290755244113	0.5143705878838061	0.5143705878838061	33.69725629676313	33.69725629676313	-15.812917594654795	-11.64378965026387	11.534580200891554	-23.12583518930959	-14.787579300527739	31.56916040178311	-87.41565701559024	-55.89704975599485	119.33142631874014	-168.35222256062173	-143.70713114611152	-6.692136298188956	5년	31.56916040178311	119.33142631874014	-6.692136298188956	-0.32770969533550864	-0.20398662697426045	0.48385482952384257			5년	0.4838548295238425	불리(<1)	5년	11.534580200891554	2.921411591048501	불리	N	FCF<=0	117149000.0							판정불가	판정불가	판정불가	
MSCI	MSCI Inc.	0001408198	S&P 500	제외	PEG=불리, PEGY=불리(<1)	551.3900146484375	15.69	2025	1.43	515332000.0	70898000.0	586230000.0	6202286000.0	0.0	-2654540000.0	8356999000.0	-46.55079501667614	146.55079501667615	-0.3176427327561006	-73.28221723471998	-73.28221723471998	39.813399100264974	39.813399100264974	11.672597864768674	13.538386829039872	53.02284334613518	31.84519572953735	35.576773658079745	114.54568669227037	499.65112099644097	558.1995786952712	1797.221824201722	-9.383357020889271	1.234981386301559	225.94384672483022	3년	35.576773658079745	558.1995786952712	1.234981386301559	0.3291002064850442	0.37596354913942154	1.367701441642866	20.214089983819616	3.666023947986795	3년	0.3759635491394215	불리(<1)	3년	13.538386829039872	2.940778661669287	불리	N	주당순현금<=0	76636000.0	-9.242184121154096	0.23268606841537753		-14.357827374877841	578.4707995605469	573.0618992614747	N	N	판정불가	
GD	GENERAL DYNAMICS CORP	0000040533	S&P 500	제외	PEG=불리, PEGY=불리(<1)	356.5799865722656	15.45	2025	1.77	2333000000.0		2333000000.0	7007000000.0	0.0	25622000000.0					-17.157015692392402	-17.157015692392402	24.19009723395845	24.19009723395845	13.352898019075557	8.220181851997577	7.03040276544542	35.205796038151114	24.940363703995153	22.56080553089084	543.9295487894346	385.3286192267251	348.56444545226344	52.54068351343104	8.062323668474637	-2.247894279500662	3년	24.940363703995153	385.3286192267251	8.062323668474637	0.6251689636801372	0.412986428098073	0.36380187645923445	14.532440121134258	4.075506385210172	3년	0.412986428098073	불리(<1)	3년	8.220181851997577	2.942769110160263	불리	N	주당순현금<=0	272425000.0	3.153203577711139	0.2784077855312539		-9.947726981085758	378.1248016357422	354.60905029296873	N	Y	상승전환	
ABNB	Airbnb, Inc.	0001559720	S&P 500	보류	PEG=불리, PEGY=판정불가	174.5399932861328	4.030497592295345	2025		6560000000.0	4454000000.0	11014000000.0	0.0	1999000000.0	8199000000.0	14009000000.0	36.919128242074926	63.080871757925074	0.5852666143193661	17.67897271268058	14.470304975922954	38.91852481770639	39.714621990147656	-1.825115293410216	13.128576286013535		4.849769413179568	34.757152572027074		19.546983943007856	140.08861975659707		-88.80085671198381	-19.73838366835373		3년	34.757152572027074	140.08861975659707	-19.73838366835373				7.417335473515249	4.249648079999414	판정불가		판정불가	3년	13.128576286013537	2.9644131983426143	불리	Y		623000000.0	32.88160272225613	31.7879719636462		-8.377956280245247	163.54220001220702	139.7049249649048	Y	Y	강한 상승추세	단기위험부채 존재
MLM	MARTIN MARIETTA MATERIALS INC	0000916076	S&P 500	제외	PEG=불리, PEGY=안심	511.9800109863281	18.77	2025	65.0	67000000.0		67000000.0	5293000000.0	30000000.0	10032000000.0	8677000000.0	53.621251803944624	46.378748196055376	1.1561599631208943	-86.23762376237623	-86.73267326732673	31.870944845429108	31.897319352885184	-42.085775995063244	10.610393458663768	10.217788506018909	-75.67155199012649	29.720786917327537	28.935577012037818	-1420.3550308546742	557.8591704382378	543.1207805159498	-377.42392288291956	8.961123182040565	6.082419012732365	3년	29.720786917327537	557.8591704382378	8.961123182040565	0.7189690834730018	2.372392592229901	2.3600740069306902	16.138613861386137	3.1521960848227533	3년	2.372392592229901	안심	3년	10.610393458663768	3.003747690374793	불리	N	주당순현금<=0	60600000.0	-10.532108171895482	-15.72900064145486		-27.697671042989136	550.4909997558593	600.6089489746093	N	N	주의	단기위험부채 존재
WMT	Walmart Inc.	0000104169	S&P 500	제외	PEG=불리, PEGY=양호	106.05000305175781	2.73	2026	92.0	10727000000.0		10727000000.0	34624000000.0	6596000000.0	99617000000.0					-2.9789329344303166	-3.801171777611568	39.9373391890799	40.238525578523586	13.278008298755179	-13.852054624316834	-10.485413986679248	35.05601659751036	-19.204109248633667	-12.470827973358496	95.70292531120327	-52.42721824876991	-34.04536036726869	-9.756791553796218	-149.43631941545797	-132.10312059175786	1년	35.05601659751036	95.70292531120327	-9.756791553796218	2.6360796797284243	1.956763944781059	2.0410620153585333	1.8602592869608576	1.7541341192163435	3년	1.956763944781059	양호	1년	13.278008298755179	3.0077808576775817	불리	N	주당순현금<=0	8022000000.0	-10.792391065008433	-15.241367707966392		-20.976150921479654	110.68999923706055	118.69254955291748	N	N	주의	단기위험부채 존재
FDX	FEDEX CORP	0001048911	S&P 500	제외	PEG=불리, PEGY=불리(<1)	314.1300048828125	18.55	2026	1.51	13311000000.0		13311000000.0	23293000000.0	745000000.0	31647000000.0					-41.76569037656904	-44.88284518828452	19.185751766004397	19.353792456662912	10.350981558596088	6.216255240021917	-0.9430705522987193	29.201963117192175	20.932510480043835	6.6138588954025614	541.6964158239149	388.29806940481313	122.68708250971751	72.44338566957238	23.6106272464069	-60.94385107990992	3년	20.932510480043835	388.29806940481313	23.6106272464069	0.6182182331584624	0.40270797486873655	0.029549503955629924			3년	0.4027079748687365	불리(<1)	3년	6.216255240021917	3.086384169440371	불리	N	주당순현금<=0 | FCF<=0	239000000.0	-5.314083784621115	8.447253000801759		-7.431855242993568	319.3543994140625	292.1623262023926	N	Y	중립/개선	단기위험부채 존재
NDAQ	NASDAQ, INC.	0001120193	S&P 500	제외	PEG=불리, PEGY=불리(<1)	95.04000091552734	3.09	2025	1.2	604000000.0	291000000.0	895000000.0	8573000000.0	431000000.0	12227000000.0	18821000000.0	39.38095851584643	60.61904148415357	0.6496466712714521	-13.270015025137837	-14.014919489299652	35.0517850940664	35.29285449994401	60.10362694300518	10.989871033323162	-11.180293383285411	128.70725388601036	30.479742066646324	-13.860586766570822	397.705414507772	94.18240298593713	-42.82921310870384	318.46108025741415	-0.9023547152029798	-145.0644072981133	3년	30.479742066646324	94.18240298593713	-0.9023547152029798	1.7489445053508192	0.3477674817590581	-0.2847299604428673	3.4376217615263296	3.617026229389168	3년	0.3477674817590581	불리(<1)	3년	10.989871033323162	3.189462823338274	불리	N	주당순현금<=0	578597687.0	8.592326966293019	8.493153619864714		-5.8823551633387705	93.0984001159668	90.435	Y	Y	강한 상승추세	단기위험부채 존재
FIS	Fidelity National Information Services, Inc.	0001136893	S&P 500	제외	PEG=불리, PEGY=불리(<1)	39.41999816894531	0.73	2025	4.2	599000000.0		599000000.0	9069000000.0	2729000000.0	13899000000.0	19586000000.0	41.50813797222637	58.491862027773635	0.7096395384458286	-16.319845857418112	-21.578034682080926	76.3559507210458	83.55894911099485	-72.03065134099617		23.901501752560208	-135.56130268199234		56.303003505120415	-98.95975095785441		41.1011925587379	-351.03946107185243		4.264826148868317	5년	56.303003505120415	41.1011925587379	4.264826148868317	-0.8883479375275485		0.36803289707208975	8.05587668593449	20.436014865877976	5년	0.3680328970720897	불리(<1)	5년	23.901501752560208	3.1946089208753143	불리	N	주당순현금<=0	519000000.0	-1.4007038011578987	-21.986940191464132		-42.56993222687846	41.923599853515626	49.48075002670288	N	N	주의	단기위험부채 존재
AMT	AMERICAN TOWER CORP /MA/	0001053507	S&P 500	제외	PEG=불리, PEGY=불리(<1)	175.72999572753906	5.4	2025	3.97	1474800000.0	4026000.0	1478826000.0	18294659000.0	3387800000.0	3652500000.0	52835100000.0	6.466020861215559	93.53397913878445	0.06913018050500519	-35.873241359595696	-43.1004401000945	39.18578464576569	40.5241547828951	106.10687022900764	12.230302192084208	7.337360126949077	220.71374045801528	32.96060438416842	23.174720253898155	1191.8541984732826	177.98726367450948	125.14348937105004	578.2303690038185	1.2845091912880855	-28.78649495611494	3년	32.96060438416842	177.98726367450948	1.2845091912880857	2.8091021074118583	0.41342293738744285	0.2885577060448353	8.071559464711994	4.593159768367923	3년	0.4134229373874428	불리(<1)	3년	12.230302192084208	3.203991531061908	불리	N	주당순현금<=0	468757000.0	-7.912805092819697	-5.582419762641056		-10.896463523045629	171.11940002441406	177.61765029907227	Y	N	주의	단기위험부채 존재
DTE	DTE ENERGY CO	0000936340	S&P 500	제외	PEG=불리, PEGY=불리(<1)	137.25999450683594	7.03	2025	3.42	208000000.0		208000000.0	10982000000.0	882000000.0	12303000000.0					-52.04830917874396	-56.309178743961354	26.92863494816215	27.534733037097766	3.8404726735598333	8.394043095201798	37.69982747513958	16.180945347119668	25.288086190403597	83.89965495027916	113.75204579025127	177.77524591853728	589.8145743004625	-17.12658433438441	29.517159429642525	329.70610367545083	3년	25.288086190403597	177.77524591853728	29.517159429642525	0.26961903889804684	0.438716745870852	1.5269926438638868			3년	0.438716745870852	불리(<1)	3년	8.394043095201798	3.2080648911077296	불리	N	주당순현금<=0 | FCF<=0	207000000.0	-5.954095665029691	-7.106118293415498		-11.118305370248216	143.17020050048828	141.49325004577636	N	N	주의	단기위험부채 존재
AZO	AUTOZONE INC	0000866787	S&P 500	제외	PEG=불리, PEGY=판정불가	2951.610107421875	144.87	2025		271803000.0		271803000.0	8799775000.0	180910000.0	-3414313000.0					-494.51852710930706	-505.0091040881415	23.78773130759427	23.8601450369988	-3.1293881644934842	7.323782044011162	36.18199999564493	2.2412236710130315	23.147564088022325	80.86399999128986	324.6860732196579	3353.3876094317943	11714.767678738162	-88.99969638932903	13.61214684146943	296.8941442936916	3년	23.147564088022325	3353.3876094317943	13.61214684146943				103.80284140330531	3.516820908774206	판정불가		판정불가	3년	7.323782044011162	3.248011910327955	불리	N	주당순현금<=0	17245000.0	-5.932272889112422	-20.783836588371287		-32.21763766220107	3032.7926025390625	3377.0684985351563	N	N	주의	단기위험부채 존재
CAT	CATERPILLAR INC	0000018230	S&P 500	제외	PEG=불리, PEGY=안심	822.47998046875	18.81	2025	80.0	9980000000.0		9980000000.0	30696000000.0	5514000000.0	21318000000.0	77267000000.0	21.623979307196837	78.37602069280317	0.2759004490921092	-43.8619521490578	-55.53673512597925	46.057519012110994	46.67818796356881	-14.693877551020417	14.168748532167829	67.65638212373489	-20.887755102040835	36.83749706433566	143.81276424746977	-392.8986734693881	692.9133197801536	2705.1180954949064	-147.76999839503281	-15.753168923911486	228.8977433776805	3년	36.83749706433566	692.9133197801536	-15.753168923911486	1.4179253214183571	2.044590124522465	3.205912634697238	18.882066483167478	2.2957478518086436	3년	2.044590124522465	안심	3년	14.168748532167829	3.2506412904107176	불리	N	주당순현금<=0	472300000.0	-10.08199743167909	14.762514493805835		-22.76458243849686	869.1917993164062	774.5936486816406	N	Y	중립/개선	단기위험부채 존재
ADM	Archer-Daniels-Midland Co	0000007084	S&P 500	제외	PEG=불리, PEGY=불리(<1)	84.5	2.23	2025	2.46	1015000000.0	433000000.0	1448000000.0	6606000000.0	798000000.0	22740000000.0					-10.65702479338843	-12.305785123966942	42.671311566541895	43.41066597487307	-38.9041095890411	-33.86721254408997	12.82075623743526	-69.3082191780822	-59.23442508817995	34.141512474870524	-154.5573287671233	-132.0927679466413	76.13557281896126	-282.908081381211	-256.32280230371754	-9.898730391761813	5년	34.141512474870524	76.13557281896126	-9.898730391761813	-0.8540658407513427	-0.7360264166034217	0.35810373940829915	8.685950413223141	10.279231258252237	5년	0.3581037394082991	불리(<1)	5년	12.82075623743526	3.328299109372827	불리	N	주당순현금<=0	484000000.0	5.4667961848076985	21.775473041156502		-3.229500348923353	81.12480010986329	72.23870021820068	Y	Y	강한 상승추세	단기위험부채 존재
DUK	Duke Energy CORP	0001326160	S&P 500	제외	PEG=불리, PEGY=불리(<1)	121.23999786376953	6.31	2025	3.61	245000000.0	44000000.0	289000000.0	80108000000.0	2624000000.0	51842000000.0					-102.72715572715573	-106.10424710424711	35.49400215387088	36.02919888558109	10.507880910683006			29.515761821366013			186.24445709281952			53.61634804884423			1년	29.515761821366013	186.24445709281952	53.61634804884423	0.39775398810988544			-2.18018018018018	-1.798235086270724	1년	0.3977539881098854	불리(<1)	1년	10.507880910683006	3.377845871643381	불리	N	주당순현금<=0 | FCF<=0	777000000.0	-2.0836713272601726	-6.515540456909486		-9.15630768421648	124.5984001159668	124.25835025787353	N	N	주의	단기위험부채 존재
ALGN	ALIGN TECHNOLOGY INC	0001097149	S&P 500	보류	PEG=불리, PEGY=판정불가	153.49000549316406	5.65	2025		1094908000.0	318202000.0	1413110000.0			4049147000.0	2184546000.0	64.95582955400594	35.04417044599405	1.8535416512172322	19.467542844547307	19.467542844547307	23.720789849312702	23.720789849312702	0.533807829181499	7.016113370463617	-24.086097409967156	9.567615658362998	22.532226740927236	-39.67219481993431	54.05702846975094	127.3070810862389	-224.14790073262887	-64.78140169709066	-17.058390429265614	-246.0341994336639	3년	22.532226740927236	127.3070810862389	-17.058390429265614				6.761145092852813	4.404941592860867	판정불가		판정불가	3년	7.016113370463617	3.3809017324566493	불리	Y		72588000.0							판정불가	판정불가	판정불가	
PM	Philip Morris International Inc.	0001413329	S&P 500	제외	PEG=불리, PEGY=불리(<1)	184.72999572753906	7.26	2025	3.22	4872000000.0		4872000000.0	14828000000.0	168000000.0	-9994000000.0	77213000000.0	-14.867820110385457	114.86782011038545	-0.12943416264100605	-6.390243902439025	-6.498074454428755	26.325101877407448	26.339954570518984	60.61946902654868	7.709372585660357	41.71851076645543	129.73893805309734	23.918745171320715	91.93702153291086	941.9046902654867	173.6500899437884	667.4627763289328	409.8818340551015	-5.99789208033793	261.31802726471307	3년	23.918745171320715	173.6500899437884	-5.99789208033793	2.4250416702598425	0.41516924175856995	1.7070593297502965	6.844672657252889	3.7052307776524804	3년	0.4151692417585699	불리(<1)	3년	7.709372585660357	3.4146879768624565	불리	N	주당순현금<=0	1558000000.0	3.495988594506483	6.8606472756083114		-7.713444863188112	188.00660003662108	174.54430000305175	N	Y	상승전환	단기위험부채 존재
ABT	ABBOTT LABORATORIES	0000001800	S&P 500	제외	PEG=불리, PEGY=불리(<1)	105.5199966430664	3.72	2025	2.33	8522000000.0	417000000.0	8939000000.0	9896000000.0	0.0	52130000000.0					-0.5474828375286042	-0.5474828375286042	28.512763301235218	28.512763301235218	-51.30890052356021	-1.6467472577444189	8.273103706617114	-94.11780104712042	5.206505484511163	25.046207413234228	-350.118219895288	19.368200402381525	93.17189157723134	-431.80272084314345	-81.64499524398518	-11.702146947183822	5년	25.046207413234228	93.17189157723134	-11.702146947183822	-1.717788627012464	0.023963048934860055	0.3718721891174179	4.230549199084668	4.009239323040342	3년	0.02396304893486	불리(<1)	5년	8.273103706617114	3.4464409382937777	불리	N	주당순현금<=0	1748000000.0	15.638352485552232	-4.549983057292573		-22.763870286662424	104.60179962158203	106.18304988861084	Y	N	중립/개선	
PWR	QUANTA SERVICES, INC.	0001050915	S&P 500	제외	PEG=불리, PEGY=불리(<1)	639.0499877929688	6.8	2025	7.000000000000001	439508000.0		439508000.0	1040532000.0	0.0	8938249000.0	15899027000.0	35.98723547622533	64.01276452377466	0.5621884282604213	-3.972635516983826	-3.972635516983826	94.56215048675773	94.56215048675773	12.769485903814253	26.99606847284017	17.23954045081646	34.038971807628506	62.49213694568034	42.97908090163292	231.46500829187383	424.9465312306263	292.2577501311038	-63.77982744491328	-33.50339733230774	-54.26684051110791	3년	62.49213694568034	424.9465312306263	-33.50339733230774	0.20906341281422874	0.35951031462213734	0.2563344882285742	10.713234759503209	1.676431416030939	3년	0.3595103146221373	불리(<1)	3년	26.99606847284017	3.5028119217394007	불리	N	주당순현금<=0	151291000.0	-7.645064452753392	13.296693843299634		-18.617238584317654	651.1994055175782	588.8589514160157	N	Y	중립/개선	
PLD	Prologis, Inc.	0001045609	S&P 500	제외	PEG=불리, PEGY=불리(<1)	138.47999572753906	1.49	2025	3.12	1145647000.0		1145647000.0	35037073000.0		53193178000.0	40970248000.0	56.49027468478048	43.50972531521952	1.2983367345006065	-35.42045625564362	-35.42045625564362	116.71171274039106	116.71171274039106	8.759124087591232	33.234053078207104	31.425771273344495	26.018248175182464	74.96810615641421	71.35154254668899	38.76718978102187	111.70247817305717	106.31379839456659	-72.00520582243752	-19.336740598379965	-23.228046162176252	3년	74.96810615641421	111.70247817305717	-19.336740598379965	0.10178176473182848	0.3114859016684266	0.29599232555336363			3년	0.3114859016684266	불리(<1)	3년	33.234053078207104	3.5118109869338685	불리	N	주당순현금<=0 | FCF<=0	956832000.0							판정불가	판정불가	판정불가	
SO	SOUTHERN CO	0000092122	S&P 500	제외	PEG=불리, PEGY=불리(<1)	88.98999786376953	3.92	2025	3.45	1639000000.0		1639000000.0		722000000.0	36016000000.0	116853000000.0	23.560041604249392	76.43995839575061	0.3082163059570572	1.477908025247971	0.8268710550045085	22.32451271390856	22.490593573664547	-1.754385964912288	6.338245126558739	5.994587569440402	4.991228070175424	21.17649025311748	20.489175138880803	19.565614035087663	83.01184179222051	80.31756654441274	-78.0136931062301	-6.717784262340009	-9.745400075897281	3년	21.17649025311748	83.01184179222051	-6.717784262340009	0.07595301437559777	0.43845280082913035	0.42305906921570824	-2.6465284039675385	-2.9739616445647976	3년	0.4384528008291303	불리(<1)	3년	6.338245126558739	3.5221914375579444	불리	N	FCF<=0	1109000000.0	-4.260354184495263	-7.562064021138825		-10.760131594047662	93.22240005493164	92.39645000457763	N	N	주의	단기위험부채 존재
GEHC	GE HealthCare Technologies Inc.	0001932393	S&P 500	제외	PEG=불리, PEGY=보통	66.7750015258789	4.55	2025	20.0	4492000000.0		4492000000.0	9495000000.0	508000000.0	10379000000.0	26307000000.0	28.291446328299624	71.70855367170039	0.3945337742806097	-10.923580786026202	-12.032751091703057	17.076611497122002	17.320385190677356	4.838709677419354			18.177419354838708			82.70725806451613			23.8596123917161			1년	18.177419354838708	82.70725806451613	23.8596123917161	1.4545455743140572					1년	1.4545455743140572	보통	1년	4.838709677419354	3.5291663760718808	불리	N	주당순현금<=0 | FCF<=0	458000000.0	1.1589143537211966	-8.187820096514509		-24.25703408338402	68.31230018615723	72.715625	N	N	중립/개선	단기위험부채 존재
ADSK	Autodesk, Inc.	0000769397	S&P 500	보류	PEG=불리, PEGY=불리(<1)	212.2100067138672	5.23	2026	0.02827387875299436	2249000000.0	348000000.0	2597000000.0	2500000000.0		3045000000.0					0.4511627906976744	0.4511627906976744	40.48926270041482	40.48926270041482	2.148437500000006	11.430299124308885	4.988943736048346	12.796875000000012	31.36059824861777	18.47788747209669	66.92765625000007	164.01592884027096	96.6393514790657	-68.46159269942355	-22.71055857350713	-54.46051155854818	3년	31.36059824861777	164.01592884027096	-22.710558573507132	0.05376021279663114	0.2830027577396336	0.12391476851342956	11.204651162790698	5.279982474105691	3년	0.2830027577396336	불리(<1)	3년	11.430299124308885	3.542274988613908	불리	Y		215000000.0							판정불가	판정불가	판정불가	
SHW	SHERWIN WILLIAMS CO	0000089800	S&P 500	제외	PEG=불리, PEGY=안심	326.0899963378906	10.26	2025	96.0	207200000.0		207200000.0	9320700000.0	1200500000.0	4598300000.0					-36.39576677316294	-41.19009584664537	35.32999640458612	35.797279940013254	-2.7488151658767856	9.945304600039684	18.130624645897143	3.0023696682464287	28.390609200079368	44.761249291794286	30.804312796208357	291.2876503928143	459.25041773380934	-90.55343213770676	-10.672619931895888	40.83548188885238	3년	28.390609200079368	291.2876503928143	-10.672619931895888	2.639433748202093	2.9987352216737597	3.230417103328153	13.284496805111822	4.073874376491631	3년	2.99873522167376	안심	3년	9.945304600039684	3.552429797318138	불리	N	주당순현금<=0	250400000.0	5.004028064970267	-1.2835620157806704		-12.482557435252328	342.6478015136719	334.1726496887207	N	N	중립/개선	단기위험부채 존재
BAC	BANK OF AMERICA CORP /DE/	0000070858	S&P 500	제외	PEG=불리, PEGY=불리(<1)	62.38999938964844	3.81	2025	2.04	161560000000.0		161560000000.0	317816000000.0	45999000000.0	303243000000.0	3108495000000.0	8.888226469910645	91.11177353008935	0.09755299590316215	-20.343449335364344	-26.33220065356924	21.714815938323564	23.28666667800989	18.691588785046733	6.09903426261329	15.29664601415619	45.883177570093466	20.69806852522658	39.093292028312376	174.8149065420561	78.85964108111328	148.94544262787016	180.19699992345383	26.397887245688032	138.7328804054817	3년	20.69806852522658	78.85964108111328	26.397887245688032	0.9547209077862099	0.37481479399735784	0.7983786767245618			3년	0.3748147939973578	불리(<1)	3년	6.09903426261329	3.5603695607080077	불리	N	주당순현금<=0 | FCF<=0	7680900000.0	14.64535370978972	28.480225752143816		-3.7339889833469364	61.70999977111816	54.9267499923706	Y	Y	강한 상승추세	단기위험부채 존재
CTAS	CINTAS CORP	0000723254	S&P 500	제외	PEG=불리, PEGY=불리(<1)	200.5	4.91	2026	1.04	289018000.0	0.0	289018000.0	1429086000.0	0.0	5139887000.0					-2.8066873955248317	-2.8066873955248317	41.40665731069752	41.40665731069752	11.590909090909085	-27.696811943297327	-13.671080138691515	31.68181818181817	-46.89362388659465	-18.84216027738303	155.55772727272722	-230.24769328317976	-92.51500696195068	-22.415098617093655	-214.83675475470312	-146.1421481106986	1년	31.68181818181817	155.55772727272722	-22.415098617093655	0.3050453697851591	-0.6437808235346365	-0.30504950070983494	4.631188807401335	2.3098198540655037	1년	0.3050453697851591	불리(<1)	1년	11.590909090909085	3.572339062099396	불리	N	주당순현금<=0	406197000.0	11.469397588726116	2.149990445765293		-7.403130683816162	197.848798828125	186.92689964294433	Y	Y	강한 상승추세	
CARR	CARRIER GLOBAL Corp	0001783180	S&P 500	제외	PEG=불리, PEGY=불리(<1)	59.11000061035156	1.72	2025	1.61	1555000000.0		1555000000.0	11365000000.0	325000000.0	14128000000.0	23062000000.0	37.98870664157031	62.01129335842969	0.612609487468563	-11.375231910946196	-11.75208719851577	40.97978634959172	41.198888260969376	-72.03252032520325	-25.140280284035853	11.456573996486764	-135.5650406504065	-41.78056056807171	31.413147992973528	-233.17186991869917	-71.86256417708333	54.03061454791447	-494.47110050928546	-221.5742910422141	-8.593107782082432	5년	31.413147992973528	54.03061454791447	-8.593107782082432	-1.7184696797694474	-0.5741923611632076	0.31885412688631415			5년	0.3188541268863141	불리(<1)	5년	11.456573996486764	3.5769669328857345	불리	N	주당순현금<=0 | FCF<=0	862400000.0	-17.02694780622237	1.1637862427249512		-22.22368340743216	64.44339996337891	61.421500034332276	N	N	판정불가	단기위험부채 존재
AEE	AMEREN CORP	0001002910	S&P 500	제외	PEG=불리, PEGY=불리(<1)	106.7300033569336	5.35	2025	2.82	13000000.0		13000000.0	18214000000.0	643000000.0	13401000000.0					-66.8662747979427	-69.22850844966936	32.44790245885539	32.88944145917812	21.04072398190045	8.922553391323573	8.85719705051664	50.5814479638009	26.345106782647147	26.21439410103328	270.61074660633477	140.94632128716222	140.24700844052805	153.54702341884155	32.05876216062706	31.403545422466305	3년	26.345106782647147	140.94632128716222	32.05876216062706	0.7353548973514187	0.36188944435509734	0.3598752512685086	-2.8471711976487875	-2.667639003183657	3년	0.3618894443550973	불리(<1)	3년	8.922553391323573	3.636616228086482	불리	N	주당순현금<=0 | FCF<=0	272200000.0	-1.166769637707965	-3.3155141343881978		-9.795466842278577	109.9597999572754	107.82799968719482	N	N	주의	단기위험부채 존재
RTX	RTX Corp	0000101829	S&P 500	제외	PEG=불리, PEGY=불리(<1)	198.80999755859375	4.96	2025	1.45	7435000000.0	750000000.0	8185000000.0	41078000000.0	204000000.0	65245000000.0	103941000000.0	38.56406558462284	61.43593441537716	0.627711875006013	-24.250221173695074	-24.40061928634621	44.971818292800165	45.00214049293144	39.718309859154935	12.323650810265118	122.97071854507217	87.93661971830987	33.147301620530236	254.44143709014435	436.16563380281696	164.41061603782998	1262.0295279671159	119.38817924600053	-17.30264168964919	534.7917828403814	3년	33.147301620530236	164.41061603782998	-17.30264168964919	0.9154246241750436	0.30627293565468827	2.7666374913951723	5.853730462990268	2.9443843543456825	3년	0.3062729356546882	불리(<1)	3년	12.323650810265118	3.649228543163557	불리	N	주당순현금<=0	1356400000.0	9.50099153555728	-3.95652291855374		-11.832013519277307	207.8879995727539	193.2108497619629	N	Y	상승전환	단기위험부채 존재
KEY	KEYCORP /NEW/	0000091576	S&P 500	보류	PEG=불리, PEGY=불리(<1)	21.790000915527344	1.52	2025	3.7	1287000000.0	10163000000.0	11450000000.0	9917000000.0	343000000.0	20381000000.0	164000000000.0	11.053741979922009	88.94625802007799	0.12427439024390244	1.3835814995388063	1.074013036171676	13.425275931571406	13.62893939431294	575.0	-7.651730931537582	3.659228783256574	1158.5	-6.803461863075164	15.818457566513148	1760.92	-10.34126203187425	24.044055501099987	7981.321367660823	-147.4587498732282	10.344444657487028	5년	15.818457566513148	24.044055501099987	10.344444657487028	43.10525928477242	-0.29435007158732107	0.5481621994785465	1.8556057162764419	8.515858826578365	5년	0.5481621994785465	불리(<1)	5년	3.659228783256574	3.668881266184024	불리	Y		1107994000.0	-1.4027124913640665	10.273282708157039		-9.170483020343434	22.68520004272461	21.441300020217895	N	Y	중립/개선	단기위험부채 존재
MAR	MARRIOTT INTERNATIONAL INC /MD/	0001048286	S&P 500	제외	PEG=불리, PEGY=안심	328.7900085449219	9.51	2025	87.0	358000000.0		358000000.0	1816000000.0	355000000.0	-3771000000.0					-5.328947368421052	-6.626461988304094	35.13343384998348	35.2698707185306	14.1656662665066	9.516775967882673		36.831332533013196	27.533551935765345		350.2659723889555	261.8440789091284		6.531817660480832	-20.36130292768516		3년	27.533551935765345	261.8440789091284	-20.361302927685156	2.879469928799862	2.7471489516225596		8.998538011695906	2.7368648005818144	3년	2.74714895162256	안심	3년	9.516775967882673	3.69173698829858	불리	N	주당순현금<=0	273600000.0	-16.468072259077736	0.8558308420005822		-18.321160241086886	360.9370001220703	344.9849003601074	N	N	판정불가	단기위험부채 존재
IQV	IQVIA HOLDINGS INC.	0001478242	S&P 500	제외	PEG=불리, PEGY=판정불가	259.2099914550781	7.84	2025		1980000000.0	46000000.0	2026000000.0	13884000000.0	1840000000.0	6503000000.0	23314000000.0	21.80970587248885	78.19029412751115	0.27893111435189155	-68.34582132564842	-78.95100864553314	41.78007816080696	43.13278062507797	4.672897196261677	11.081058953610356	66.64690241687414	17.845794392523352	30.66211790722071	141.79380483374828	139.9110280373831	240.39100439261037	1111.6634298965864	-46.024060549521636	-7.260131816997939	328.86596448549363	3년	30.66211790722071	240.39100439261037	-7.260131816997939						판정불가		판정불가	3년	11.081058953610356	3.7704048264443584	불리	N	주당순현금<=0 | FCF<=0	173500000.0	39.17314977453859	51.6468744878178		-4.568884428686926	231.4917999267578	202.09724960327148	Y	Y	강한 상승추세	단기위험부채 존재
CPAY	CORPAY, INC.	0001175454	S&P 500	보류	PEG=불리, PEGY=판정불가	407.04998779296875	15.03	2025		2408097000.0		2408097000.0	474939000.0	3345530000.0	3883864000.0					27.205353373300685	-19.876326381266008	25.272430766444984	28.40494438950331	7.587687902648523	6.564477917470324	43.85131319574005	23.675375805297044	21.628955834940648	96.2026263914801	355.84089835361453	325.0832061991579	1445.9254746639458	-12.58054071368745	-20.1367851742819	255.22061614687078	3년	21.628955834940648	325.0832061991579	-20.1367851742819				18.282881589687296	4.491556845098402	판정불가		판정불가	3년	6.564477917470324	3.849876728077094	불리	Y		71058000.0	13.751953934353267	23.69332818833727		-4.2775850952730625	385.9169982910156	337.6165495300293	Y	Y	강한 상승추세	단기위험부채 존재
TER	TERADYNE, INC	0000097210	S&P 500	보류	PEG=불리, PEGY=불리(<1)	372.05999755859375	3.47	2025	15.0	293751000.0	586882000.0	880633000.0	171059000.0	200000000.0	2795752000.0	1387847000.0	66.82648121868276	33.173518781317235	2.014452601763739	4.442639886300315	3.190440711499571	105.9416016346667	106.30246595017124	4.518072289156637	-6.31450812985902	27.007110355932152	17.536144578313277	-4.129016259718039	62.514220711864304	60.850421686747076	-14.327686421221596	216.92434587016916	-83.64499755791024	-103.8509075190125	-41.69640722098674	5년	62.514220711864304	216.92434587016916	-41.69640722098674	0.18423425725111792	0.08198376970071099	0.39651194344589175	2.819990107626519	0.757939613538382	3년	0.0819837697007109	불리(<1)	5년	27.007110355932152	3.922729986231069	불리	Y		159719000.0	0.7719200914047875	23.70250063136494		-23.102678493994343	370.63539794921877	317.33149894714353	Y	Y	강한 상승추세	단기위험부채 존재
EQIX	EQUINIX INC	0001101239	S&P 500	제외	PEG=불리, PEGY=불리(<1)	1041.2099609375	13.76	2025	1.99	1727000000.0	1500000000.0	3227000000.0	15334000000.0	1299000000.0	14156000000.0	25963000000.0	35.28502704454249	64.71497295545751	0.5452374532989254	-123.38595436340104	-136.62444075293254	84.63633105384454	85.59843035540933	61.882352941176464	21.50878828113374	89.03782666520712	132.26470588235293	51.51757656226748	186.57565333041424	1819.9623529411763	708.8818534968005	2567.2809898265	74.79302169780355	-31.917492139767177	146.5670792771646	3년	51.51757656226748	708.8818534968005	-31.917492139767177	0.7546682629772987	0.2776442219143941	1.0755171630407323	39.70668446745411	3.8135136962868104	3년	0.2776442219143941	불리(<1)	3년	21.50878828113374	3.9349650918309806	불리	N	주당순현금<=0	98123000.0	-1.757813017401444	8.905200765743594		-6.696595192621135	1044.67939453125	962.4152984619141	N	Y	중립/개선	단기위험부채 존재
TFC	TRUIST FINANCIAL CORP	0000092230	S&P 500	제외	PEG=불리, PEGY=불리(<1)	50.54999923706055	3.82	2025	4.03	20295000000.0		20295000000.0	41963000000.0	27839000000.0	65189000000.0	482349000000.0	11.9058403252377	88.0941596747623	0.1351490310957419	-16.633146541797803	-38.00337760036847	17.587210936873912	23.181512261107073	13.69047619047619	-4.818353706579703	4.400488140687586	35.88095238095238	-1.1367074131594066	17.30097628137517	137.06523809523807	-4.3422223182689335	66.08972939485315	171.14785393458365	-108.5899552597529	30.741306414105154	5년	17.30097628137517	66.08972939485315	30.741306414105154	1.0075773955336416	-0.04482539667087379	0.4793533307212432	3.9725186151838487	7.858592829159552	5년	0.4793533307212432	불리(<1)	5년	4.400488140687586	3.996650002134961	불리	N	주당순현금<=0	1302700000.0	2.2658282924742146	8.360123437548307		-9.424837854864753	51.531599807739255	49.70345001220703	N	Y	상승전환	단기위험부채 존재
AMD	ADVANCED MICRO DEVICES INC	0000002488	S&P 500	보류	PEG=불리, PEGY=판정불가	505.739990234375	2.65	2025		5539000000.0	5013000000.0	10552000000.0	2348000000.0	874000000.0	62999000000.0					5.014669926650367	4.480440097799511	188.95295105951874	189.15454722134925	165.0	46.66355102918431	12.817266899716717	338.5	101.82710205836862	34.134533799433434	897.025	269.84182045467685	90.4565145684986	77.36880953082073	-46.64415991117805	-82.11402769898058	3년	101.82710205836862	269.84182045467685	-46.64415991117805				4.1167481662591685	0.814004873205962	판정불가		판정불가	3년	46.66355102918431	4.0492621519811856	불리	Y		1636000000.0	6.357380464745654	148.85105588074552		-12.940040003660581	498.9578002929687	342.3751502990723	Y	Y	강한 상승추세	단기위험부채 존재
CHTR	CHARTER COMMUNICATIONS, INC. /MO/	0001091667	S&P 500	제외	PEG=불리, PEGY=판정불가	145.74000549316406	36.21	2025		477000000.0		477000000.0	94006000000.0	750000000.0	16054000000.0					-679.0075792662888	-684.4524753354194	22.776790520835483	22.927160475796285	3.545896482699463	5.610772798941088	43.025880490420356	15.591792965398927	19.721545597882177	94.55176098084071	564.5788232770951	714.1171660993136	3423.7192651162422	287.3876780549296	389.99392012017546	2249.1966077062016	3년	19.721545597882177	714.1171660993136	389.99392012017546				32.07406777789203	22.007730594875316	판정불가		판정불가	3년	5.610772798941088	4.059474752770974	불리	N	주당순현금<=0	137743676.0	7.660494016417307	-33.552179694310794		-48.454406689215034	143.5128010559082	181.89150035858154	Y	N	중립/개선	단기위험부채 존재
DELL	Dell Technologies Inc.	0001571996	S&P 500	제외	PEG=불리, PEGY=보통	533.8800048828125	8.68	2026	48.0	11528000000.0	2187000000.0	13715000000.0	23513000000.0		-2470000000.0	103756000000.0	-2.438639101159094	102.43863910115908	-0.023805852191680483	-14.324561403508772	-14.324561403508772	63.15720809750246	63.15720809750246	303.72093023255815		15.515817208402405	615.9418604651163		39.531634416804806	5346.3753488372095		343.13458673786573	901.4189143515025		-35.72814422724366	5년	39.531634416804806	343.13458673786573	-35.72814422724366	5.568975273409321		1.0056780393196976	12.502923976608187	2.341897778949897	5년	1.0056780393196976	보통	5년	15.515817208402405	4.070504779039317	불리	N	주당순현금<=0	684000000.0	39.83969998162296	271.2656422480419		0.0	442.14019958496095	255.5071496963501	Y	Y	강한 상승추세	
WMB	WILLIAMS COMPANIES, INC.	0000107263	S&P 500	보류	PEG=불리, PEGY=불리(<1)	75.83000183105469	2.14	2025	2.83	152000000.0		152000000.0		700000000.0	12807000000.0					0.12408163265306123	-0.4473469387755102	35.37659822355216	35.643620920481396	17.582417582417587	8.61732445982799	65.95600451405528	43.664835164835175	25.73464891965598	140.41200902811056	93.44274725274728	55.072148688063805	300.4816993201566	23.226618747725848	-27.374195755973084	296.25701182180404	3년	25.73464891965598	55.072148688063805	-27.374195755973084	0.5770034035897752	0.32358465863478286	1.944392846349501	0.8204081632653061	1.0819044487076934	3년	0.3235846586347828	불리(<1)	3년	8.61732445982799	4.105287945054155	불리	Y		1225000000.0	5.922622866401728	2.6950238242941182		-4.496221191709482	73.33040008544921	70.23099994659424	Y	Y	강한 상승추세	단기위험부채 존재
MKC	MCCORMICK & CO INC	0000063754	S&P 500	제외	PEG=불리, PEGY=불리(<1)	51.900001525878906	2.93	2025	3.69	95900000.0		95900000.0	3105800000.0	381400000.0	5736500000.0	7432300000.0	43.56129639754571	56.43870360245429	0.7718337526741386	-11.17260579064588	-12.588344469190794	21.52648713874566	22.009674401047675	0.34246575342466545	5.153167622194932	31.68223228750233	9.184931506849331	18.806335244389864	71.86446457500466	26.91184931506854	55.10256226606231	210.56288120476367	-48.146727314353775	6.170637082903574	305.70881505614346	3년	18.806335244389864	55.10256226606231	6.170637082903574	0.18732576882767854	0.4108040278563639	1.6431957550489333	2.599109131403118	5.007917254312842	3년	0.4108040278563639	불리(<1)	3년	5.153167622194932	4.177331054792412	불리	N	주당순현금<=0	269400000.0	6.724245087273251	-18.125884168482642		-27.564549308301967	52.87120010375977	57.05020004272461	N	N	중립/개선	단기위험부채 존재
OTIS	Otis Worldwide Corp	0001781335	S&P 500	제외	PEG=불리, PEGY=불리(<1)	70.05999755859375	3.5	2025	2.47	1096000000.0		1096000000.0	6900000000.0	215000000.0	-5392000000.0	15924000000.0	-51.196353968856826	151.1963539688568	-0.33860838985179603	-14.697391744745506	-15.24183337553811	24.216396943811215	24.371951695466244	-14.00491400491401	5.744740983915486	43.261010500751794	-19.50982800982802	19.989481967830972	95.02202100150359	-68.28439803439807	69.9631868874084	332.57707350526255	-197.46560150432396	-0.1381825214943566	374.703233078357	3년	19.989481967830972	69.9631868874084	-0.1381825214943566	-0.4763265993565526	0.339222263451329	1.8884316526054834			3년	0.339222263451329	불리(<1)	3년	5.744740983915486	4.215402750378811	불리	N	주당순현금<=0 | FCF<=0	394900000.0	-1.6977678426625453	-18.620048160278092		-25.16556771714945	72.28599945068359	79.89329971313477	N	N	주의	단기위험부채 존재
UBER	Uber Technologies, Inc	0001543151	S&P 500	제외	PEG=불리, PEGY=판정불가	73.12999725341797	4.73	2025		7105000000.0	528000000.0	7633000000.0	10521000000.0	0.0	27041000000.0	33719000000.0	44.504608294930875	55.49539170506912	0.8019514220469172	-1.362464021844714	-1.362464021844714	15.748934730499508	15.748934730499508	3.728070175438615			15.95614035087723			75.4725438596493			3.2032636321777774			1년	15.95614035087723	75.4725438596493	3.2032636321777774				4.605864350855243	6.298187506960384	판정불가		판정불가	1년	3.728070175438615	4.224420139475141	불리	N	주당순현금<=0	2119689000.0	3.9073601979523254	1.0641191771303626		-26.943058573248322	74.02820007324219	76.233150100708	N	N	중립/개선	
YUM	YUM BRANDS INC	0001041061	S&P 500	제외	PEG=불리, PEGY=불리(<1)	149.50999450683594	5.55	2025	1.99	709000000.0	0.0	709000000.0	2884000000.0	38000000.0	-7926000000.0	15521000000.0	-104.35813034891378	204.35813034891373	-0.5106629727466013	-7.740213523131673	-7.875444839857651	28.33337081621038	28.357736819224073	6.321839080459772	6.690461655968871	38.731105019357614	21.143678160919542	21.880923311937742	85.96221003871523	117.34741379310346	121.43912438125447	477.0902657148695	-21.51199377661801	-18.77524657677517	219.10259062517446	3년	21.880923311937742	121.43912438125447	-18.775246576775174	0.29335863827767067	0.30636882961354234	1.4372135699455795	5.832740213523132	3.901237661577498	3년	0.3063688296135423	불리(<1)	3년	6.690461655968871	4.234890247212293	불리	N	주당순현금<=0	281000000.0	-1.3981470076552593	-6.0866850673097606		-11.090633176214515	153.0947998046875	154.84060012817383	N	N	주의	단기위험부채 존재
COST	COSTCO WHOLESALE CORP /NEW	0000909832	S&P 500	보류	PEG=불리, PEGY=양호	910.1799926757812	18.21	2025	64.0	14161000000.0	1123000000.0	15284000000.0	5713000000.0	36000000.0	29164000000.0	47935000000.0	37.82669035914863	62.17330964085137	0.6084072181078544	21.517390844935846	21.436456139009852	48.80080185781688	48.80524637763709	9.963768115942043	11.49058481522638	42.2175267261373	28.427536231884087	31.481169630452758	92.9350534522746	517.6654347826093	573.2720989705448	1692.3473233659206	-43.12493803991922	-37.01552400803516	85.93545639150939	3년	31.481169630452758	573.2720989705448	-37.01552400803516	1.5156260819532943	1.5469127953096196	2.176552898364383	17.619035842833792	1.935774899977387	3년	1.5469127953096196	양호	3년	11.490584815226379	4.247025076839437	불리	Y		444803000.0	-6.030418707625551	-8.741075835827816		-16.826884517431708	942.726396484375	960.3379479980468	N	N	주의	단기위험부채 존재
BMY	BRISTOL MYERS SQUIBB CO	0000014272	S&P 500	제외	PEG=불리, PEGY=불리(<1)	64.69000244140625	3.46	2025	3.77	10209000000.0	130000000.0	10339000000.0	42850000000.0	2261000000.0	18473000000.0	71533000000.0	20.524187276403797	79.4758127235962	0.25824444661904294	-15.944580676802355	-17.053457577243748	23.304792808730813	23.625277462037573	178.4580498866213	5.459253851176027		365.4160997732426	19.418507702352052		1264.3397052154194	67.1880366501381		1854.4592015754063	3.8615460109071353		3년	19.418507702352052	67.1880366501381	3.8615460109071353	7.819337909683202	0.3960238534160414		6.299656694458068	9.738222996921445	3년	0.3960238534160414	불리(<1)	3년	5.459253851176027	4.268860442111611	불리	N	주당순현금<=0	2039000000.0	14.536124231074755	7.583571083136098		-4.993382404681301	63.04340003967285	58.225699977874754	Y	Y	강한 상승추세	단기위험부채 존재
WM	WASTE MANAGEMENT INC	0000823768	S&P 500	보류	PEG=불리, PEGY=불리(<1)	217.77999877929688	6.7	2025	1.73	201000000.0	177000000.0	378000000.0		743000000.0	9990000000.0	35844000000.0	21.7960466029585	78.20395339704149	0.2787077335118848	0.9351806036615536	-0.9030183077684315	32.36489823516945	32.63925628165154	-1.6152716593245144	7.521507767680924	13.738220149762249	5.269456681350971	23.543015535361846	35.9764402995245	35.305359765051506	157.73820408692438	241.04215000681415	-83.7885205423154	-27.56993067725204	10.681491118517105	3년	23.543015535361846	157.73820408692438	-27.569930677252042	0.003544838603905002	0.2858500496574321	0.4779319878396418	8.000989609104403	3.673886332056042	3년	0.2858500496574321	불리(<1)	3년	7.521507767680924	4.302980098516655	불리	Y		404200000.0	-1.5906029028104784	-7.540118456767209		-11.654698133037499	228.17920104980467	225.24804985046387	N	N	주의	단기위험부채 존재
SNA	Snap-on Inc	0000091440	S&P 500	제외	PEG=불리, PEGY=불리(<1)	379.8800048828125	19.19	2025	2.55	1624500000.0		1624500000.0	1186400000.0	193600000.0	5931800000.0	2455500000.0	70.72359400522218	29.27640599477782	2.415719812665445	8.266037735849057	4.613207547169812	19.364980049346713	19.55533076267028	-1.6401845207585868	4.491988613427633	38.10274863898202	5.219630958482826	17.483977226855266	84.70549727796404	100.16471809328544	335.5175229833526	1625.49849276413	-73.63253743134366	-11.678024989271307	327.89788140220037	3년	17.483977226855266	335.5175229833526	-11.678024989271307	0.04698251570220988	0.3636455392922131	2.09929204860469			3년	0.3636455392922131	불리(<1)	3년	4.491988613427633	4.311003814982998	불리	N	FCF<=0	53000000.0	-1.9056976441432671	2.6702715899493246		-9.40354222540839	402.3255981445312	376.77484924316406	N	Y	중립/개선	단기위험부채 존재
LOW	LOWES COMPANIES INC	0000060667	S&P 500	제외	PEG=불리, PEGY=불리(<1)	200.8000030517578	11.85	2025	2.45	982000000.0	370000000.0	1352000000.0	39819000000.0	0.0	-9917000000.0	64061000000.0	-18.31597222222222	118.31597222222223	-0.15480557593543653	-68.69107142857143	-68.69107142857143	22.741862825344242	22.741862825344242	-3.1071136549468585	5.228278564465261	8.863759852581033	2.285772690106283	18.95655712893052	26.227519705162067	27.086406377759452	224.63520197782665	310.79610850617047	-86.51075400094605	11.870118806684047	54.77893614675906	3년	18.95655712893052	224.63520197782665	11.870118806684049	-0.028894451610821888	0.33762751202194163	0.49748606521241634	13.6625	6.804033761134147	3년	0.3376275120219416	불리(<1)	3년	5.228278564465261	4.349780246965521	불리	N	주당순현금<=0	560000000.0	-7.622943569785956	-20.035043381908146		-30.129791288192365	212.90220001220703	236.14010047912598	N	N	주의	
AME	AMETEK INC/	0001037868	S&P 500	제외	PEG=불리, PEGY=양호	237.75999450683594	6.4	2025	56.99999999999999	457951000.0	4563000.0	462514000.0	1074334000.0	273315000.0	10628786000.0	5438757000.0	66.1506616164027	33.84933838359729	1.9542674916345775	-2.6456051440160167	-3.8274618501334	37.56337494544562	37.74804005577646	7.925801011804396	8.504416556765815	11.164911034441637	24.35160202360879	25.50883311353163	30.829822068883274	155.85025295109628	163.25653192660243	197.31086124085297	-34.45059869118757	-31.335575496949897	-17.01259009106345	3년	25.50883311353163	163.25653192660243	-31.335575496949897	1.728433643305428	1.7438373589140959	1.814664181092341	7.227891671243065	3.0399948848565663	3년	1.743837358914096	양호	3년	8.504416556765815	4.4169255697572245	불리	N	주당순현금<=0	231259000.0	3.463877871788057	5.064070393519637		-8.030324690187896	241.36100006103516	226.2239498901367	N	Y	상승전환	단기위험부채 존재
BEN	FRANKLIN TEMPLETON INC	0000038777	S&P 500	보류	PEG=불리, PEGY=불리(<1)	34.650001525878906	0.91	2025	3.8	4647200000.0	58700000.0	4705900000.0	1850750000.0	0.0	12077800000.0	18179500000.0	39.916978712575144	60.083021287424856	0.6643637063725625	5.518264398917665	5.518264398917665	32.01289794171565	32.01289794171565	7.058823529411772	-28.882967962082805	-10.560604841265263	22.617647058823543	-49.26593592416561	-12.621209682530527	20.582058823529426	-44.83200169099071	-11.48530081110278	-40.600121451199975	-229.3852805677576	-133.14660982777966	1년	22.617647058823543	20.582058823529426	-40.600121451199975	0.3392015165006902	-0.7835269399149731	-0.21118378141129157	1.761886354851179	5.08480888099034	1년	0.3392015165006902	불리(<1)	1년	7.058823529411772	4.535160541743046	불리	Y		517400000.0	8.962271563506485	37.39096934681929		-3.131112433748029	33.745800247192385	28.5992000579834	Y	Y	강한 상승추세	
HLT	Hilton Worldwide Holdings Inc.	0001585689	S&P 500	보류	PEG=불리, PEGY=불리(<1)	304.4700012207031	6.12	2025	19.0	918000000.0		918000000.0		46000000.0	-5388000000.0	22120000000.0	-32.201769065264166	132.2017690652642	-0.24358047016274864	3.857142857142857	3.6638655462184873	49.11974809862096	49.15132935857592	-0.3257328990227944	10.548046712372283		7.848534201954411	29.596093424744566		48.033029315960995	181.12809175943676		-84.22405191861809	-40.51036521389795		3년	29.596093424744566	181.12809175943676	-40.51036521389795	0.38017839715878926	0.6015512671817193		8.521008403361344	2.798636440108484	3년	0.6015512671817193	불리(<1)	3년	10.548046712372283	4.656762473473518	불리	Y		238000000.0							판정불가	판정불가	판정불가	단기위험부채 존재
ED	CONSOLIDATED EDISON INC	0001047862	S&P 500	제외	PEG=불리, PEGY=불리(<1)	108.2699966430664	5.64	2025	3.27	1629000000.0		1629000000.0	25551000000.0	400000000.0	24190000000.0					-66.69082798996376	-67.80596598829105	31.021422807274856	31.219142310524376	7.633587786259531	6.569042175811535	11.45025129540247	23.76717557251906	21.63808435162307	31.40050259080494	134.0468702290075	122.03879574315411	177.09883461213985	23.807956391575136	12.717095711639567	63.57147880587954	3년	21.63808435162307	122.03879574315411	12.717095711639569	0.3514857411279834	0.31716927482462776	0.47451889575968814	0.9339280735991079	0.8625917636979225	3년	0.3171692748246277	불리(<1)	3년	6.569042175811535	4.722366210632906	불리	N	주당순현금<=0	358700000.0	1.7575141826785323	-2.722377651043162		-6.227267017511329	109.66059967041015	107.30819972991944	N	Y	상승전환	단기위험부채 존재
KMI	KINDER MORGAN, INC.	0001506307	S&P 500	제외	PEG=불리, PEGY=불리(<1)	31.979999542236328	1.37	2025	3.76	63000000.0	0.0	63000000.0	30777000000.0	1000000000.0	31162000000.0	40299000000.0	43.60700242090091	56.39299757909909	0.7732698081838258	-13.816464237516868	-14.266306792622583	33.42807575164467	33.75642798164884	17.09401709401711	6.94673115572082		42.68803418803422	22.39346231144164		58.48260683760689	30.679043366675046		82.87244426119607	-4.068030625963881		3년	22.39346231144164	30.679043366675046	-4.068030625963881	0.6238473685698491	0.32029157870967334		1.3004948268106162	4.066588009462098	3년	0.3202915787096733	불리(<1)	3년	6.94673115572082	4.812058362747456	불리	N	주당순현금<=0	2223000000.0							판정불가	판정불가	판정불가	단기위험부채 존재
CMS	CMS ENERGY CORP	0000811156	S&P 500	제외	PEG=불리, PEGY=불리(<1)	68.79000091552734	3.53	2025	3.33	509000000.0		509000000.0	17807000000.0	950000000.0	9144000000.0					-57.46843853820598	-60.62458471760797	35.76726330134089	36.66135570343777	6.006006006005998	7.393158422805435	45.03820062775774	20.512012012011994	23.28631684561087	98.57640125551548	72.40740240240234	82.20069846500637	347.9746964319696	5.258615262001642	19.49512628433756	405.85069312511735	3년	23.28631684561087	82.20069846500637	19.49512628433756	0.2610209768454943	0.29980371527064614	1.352303647619147	-0.46179401993355484	-0.6713098034416777	3년	0.2998037152706461	불리(<1)	3년	7.393158422805435	4.837886767177987	불리	N	주당순현금<=0 | FCF<=0	301000000.0	-5.287066615867064	-9.996074001233602		-13.94796245353075	72.159599609375	73.50369972229004	N	N	주의	단기위험부채 존재
CL	COLGATE PALMOLIVE CO	0000021665	S&P 500	제외	PEG=불리, PEGY=불리(<1)	88.41000366210938	2.63	2025	2.39	1288000000.0	107000000.0	1395000000.0	6871000000.0	1115000000.0	54000000.0	15965000000.0	0.33709969411324053	99.66290030588677	0.0033823989978077045	-6.751325360621379	-8.126001726051042	36.18301483754021	36.70570547078343	-25.07122507122507	7.281634513092983	28.522420757238454	-41.64245014245014	23.063269026185964	65.5448415144769	-109.51964387464386	60.65639753886908	172.38293318307424	-223.87698149319453	-31.391929616144665	94.98125330013289	3년	23.063269026185964	60.65639753886908	-31.391929616144665	-0.6268472976357151	0.26729764107601595	0.8543351319958704	4.3175933916902975	4.8836027744004324	3년	0.2672976410760159	불리(<1)	3년	7.281634513092983	4.969078683155568	불리	N	주당순현금<=0	811100000.0	0.6947614910582267	-4.411281539512702		-10.823074231993001	91.75679977416992	87.76605007171631	N	Y	상승전환	단기위험부채 존재
HUBB	HUBBELL INC	0000048898	S&P 500	제외	PEG=불리, PEGY=불리(<1)	464.75	4.19	2025	1.23	482500000.0	15400000.0	497900000.0	2036300000.0	56100000.0	3847900000.0	4370900000.0	46.818270307100796	53.181729692899204	0.8803450090370404	-28.755140186915888	-29.80373831775701	117.78165636919232	118.03191845292528	-70.84203201113432	-25.34455002230137	23.13753669964718	-133.18406402226864	-42.18910004460274	54.77507339929436	-558.0412282533057	-176.7723291868855	229.50755754304336	-220.07342189420243	-138.0360041284315	-50.616986004724396	5년	54.77507339929436	229.50755754304336	-50.616986004724396	-0.5910260914732938	-0.20473943707085543	0.2068873664271281			5년	0.2068873664271281	불리(<1)	5년	23.13753669964718	5.090501115055535	불리	N	주당순현금<=0 | FCF<=0	53500000.0	-4.4648182141141195	-2.784168854655611		-16.68907047780185	484.0300024414062	485.7814012145996	N	N	주의	단기위험부채 존재
PSA	Public Storage	0001393311	S&P 500	제외	PEG=불리, PEGY=불리(<1)	301.6000061035156	9.01	2025	3.97	318095000.0		318095000.0	10253881000.0	700000000.0	9248128000.0	10866770000.0	45.976509550284575	54.023490449715425	0.851046631151667	-56.484781298677674	-60.464269877545455	39.74303966728006	40.1847143153231	-15.319548872180459	-27.352783933755788	7.4520805832128945	-22.139097744360917	-46.205567867511576	23.404161166425787	-199.47327067669187	-416.3121664862793	210.87149210949633	-166.13835100793347	-238.03453516622008	-30.08239793034995	5년	23.404161166425787	210.87149210949633	-30.08239793034995	-0.28557324671681816	-0.5883491582302534	0.2873982634150792			5년	0.2873982634150792	불리(<1)	5년	7.4520805832128945	5.333146793501959	불리	N	주당순현금<=0 | FCF<=0	175902000.0	-6.584891350006372	-1.4346822677097526		-8.736041096180102	319.980400390625	297.9019004821777	N	Y	중립/개선	단기위험부채 존재
VRTX	VERTEX PHARMACEUTICALS INC / MA	0000875320	S&P 500	보류	PEG=불리, PEGY=판정불가	528.9000244140625	15.32	2025		5084800000.0	1523300000.0	6608100000.0			18665800000.0	6977200000.0	72.79101509183793	27.20898490816207	2.675256549905406	25.61279069767442	25.61279069767442	32.85164710942481	32.85164710942481	836.5384615384615	6.118290879552779	46.11882992489094	1681.576923076923	20.736581759105558	100.73765984978188	25761.758461538462	317.68443254949716	1543.3009488986584	4770.818164563031	-39.93488033935313	191.79445597651306	3년	20.736581759105558	317.68443254949716	-39.93488033935313				12.37906976744186	2.340531139350184	판정불가		판정불가	3년	6.118290879552779	5.369415700586325	불리	Y		258000000.0	18.6486388606661	5.955888812746601		-5.2082580138721575	509.515400390625	466.61464981079104	Y	Y	강한 상승추세	
PNW	PINNACLE WEST CAPITAL CORP	0000764622	S&P 500	제외	PEG=불리, PEGY=불리(<1)	98.04000091552734	5.05	2025	3.73	6604000.0		6604000.0	9205676000.0	757005000.0	7046458000.0					-75.42015725049397	-81.62659156684786	34.34854617148937	35.577543065816876	-3.62595419847329	5.834499340033372	0.7285270633833552	1.2480916030534202	20.168998680066743	9.95705412676671	6.3028625954197715	101.85344333433704	50.28312334017188	-93.5711316436539	3.8896801134216794	-48.71162497897513	3년	20.168998680066743	101.85344333433704	3.8896801134216785	0.0030291180595315016	0.27845426971730985	0.12980249705835023			3년	0.2784542697173098	불리(<1)	3년	5.834499340033372	5.887145437793965	불리	N	주당순현금<=0 | FCF<=0	121971000.0	-4.4909893247194415	-2.8922327609196663		-10.359332126293442	102.71100036621094	98.55545017242432	N	N	주의	단기위험부채 존재
PAYX	PAYCHEX INC	0000723531	S&P 500	제외	PEG=불리, PEGY=불리(<1)	116.93000030517578	4.89	2026	3.91	1088200000.0	36300000.0	1124500000.0	4556100000.0	0.0	3735100000.0	12439400000.0	23.09252217997465	76.90747782002535	0.3002636783124588	-9.532222222222222	-9.532222222222222	25.861395199876892	25.861395199876892	6.768558951965057	4.379080767859933	10.04574277704604	22.037117903930113	17.258161535719864	28.59148555409208	107.76150655021824	84.39240990967014	139.81236435951027	-7.841010631171363	-27.82655461437248	19.569284182514135	3년	17.258161535719864	84.39240990967014	-27.82655461437248	0.41291503685059844	0.32051947328423297	0.5396361127922624	6.4494444444444445	5.515645623545737	3년	0.3205194732842329	불리(<1)	3년	4.379080767859933	5.905667552351499	불리	N	주당순현금<=0	360000000.0	16.6035118952518	22.928928646795544		-13.679318979979405	116.71420013427735	104.06284992218018	Y	Y	강한 상승추세	
PG	PROCTER & GAMBLE Co	0000080424	S&P 500	제외	PEG=불리, PEGY=불리(<1)	145.5800018310547	6.62	2026	2.97	4239000000.0		4239000000.0	22842000000.0	4837000000.0	54311000000.0	72210000000.0	42.92647070446803	57.07352929553197	0.7521257443567373	-7.679256965944273	-9.675954592363261	23.150945437613135	23.45256139326555	1.6897081413210495	3.912707147347039	3.77650968724621	11.879416282642099	16.325414294694077	16.053019374492422	78.6417357910907	108.07424263087479	106.27098825913984	-45.98039922931566	-25.762988548183465	-27.001657561134586	3년	16.325414294694077	108.07424263087479	-25.762988548183465	0.201275069041045	0.29729702252957524	0.2914140031743678	6.252631578947368	4.294979736436283	3년	0.2972970225295752	불리(<1)	3년	3.9127071473470387	5.916861284471632	불리	N	주당순현금<=0	2422500000.0							판정불가	판정불가	판정불가	단기위험부채 존재
AMGN	AMGEN INC	0000318154	S&P 500	제외	PEG=불리, PEGY=불리(<1)	393.1700134277344	14.23	2025	2.31	9129000000.0	0.0	9129000000.0	50005000000.0	0.0	8658000000.0					-75.41697416974169	-75.41697416974169	32.92951423734898	32.92951423734898	88.22751322751324	5.524568667280372	38.82227702083121	184.95502645502648	19.549137334560744	86.14455404166242	2631.910026455027	278.1842242707994	1225.8370040128561	569.4076192407229	-29.24581866110948	211.78293413726172	3년	19.549137334560744	278.1842242707994	-29.245818661109478	2.7494336106794037	0.23791935133966619	1.2491006312561566	14.944649446494465	3.801065426176335	3년	0.2379193513396661	불리(<1)	3년	5.524568667280372	5.960558411080351	불리	N	주당순현금<=0	542000000.0	14.104537559993169	4.725254001555834		-11.472120654241035	397.7579998779297	358.6925009155273	N	Y	상승전환	
NI	NISOURCE INC.	0001111711	S&P 500	제외	PEG=불리, PEGY=불리(<1)	41.900001525878906	1.95	2025	2.9	110100000.0		110100000.0	6427700000.0	736000000.0	9450100000.0					-13.31422550052687	-14.865331928345627	28.314988218669633	29.110427412422837	20.37037037037036	4.679561967174672	61.04691919843306	49.24074074074072	17.859123934349345	130.59383839686612	96.0194444444444	34.82529167198122	254.65798487388892	129.16334355057106	-16.88474843975387	507.7755980906188	3년	17.859123934349345	34.82529167198122	-16.88474843975387	0.821839309649683	0.2676872725017434	2.2584123540715204	-0.8851422550052687	-2.1125112715296055	3년	0.2676872725017434	불리(<1)	3년	4.679561967174672	6.050777490989197	불리	N	주당순현금<=0 | FCF<=0	474500000.0	-9.561839262018722	-10.027911100597098		-14.629176930129484	44.047999954223634	45.04314994812012	N	N	주의	단기위험부채 존재
CHRW	C. H. ROBINSON WORLDWIDE, INC.	0001043277	S&P 500	제외	PEG=불리, PEGY=불리(<1)	150.10000610351562	4.83	2025	1.71	160871000.0		160871000.0	1089438000.0	0.0	1845647000.0	3212734000.0	36.48691152366735	63.51308847633265	0.574478621635031	-7.642400948132541	-7.642400948132541	32.6588834475462	32.6588834475462	25.129533678756484	-13.256194627034546	5.361231500071417	58.75906735751297	-18.01238925406909	19.222463000142834	283.8062953367876	-86.99984009715371	92.84449629068989	89.07813710617853	-157.96125020618237	-38.14490838417408	5년	19.222463000142834	92.84449629068989	-38.14490838417408	0.8218141848561283	-0.3535391724453476	0.21651785834713552	7.365236786225741	4.9068864002219605	5년	0.2165178583471355	불리(<1)	5년	5.361231500071417	6.091675662039804	불리	N	주당순현금<=0	121502000.0	-21.680140420672846	-14.648012292409629		-28.325848812955535	167.60680084228517	172.7165505218506	N	N	주의	
REG	REGENCY CENTERS CORP	0000910606	S&P 500	제외	PEG=불리, PEGY=불리(<1)	75.93000030517578	0.46	2018	4.01	120661000.0		120661000.0	4739301000.0		6906890000.0	5819677000.0	54.27143077940815	45.72856922059185	1.1868167253955846	-27.255045438451553	-27.255045438451553	224.31531683397247	224.31531683397247	-7.9999999999999964	36.71886432341158	-1.6538041668570203	-7.499999999999993	81.93772864682316	5.1923916662859595	-3.449999999999997	37.691355177538654	2.3885001664915415	-104.54365861468966	-50.36039111543449	-96.85433931661827	3년	81.93772864682316	37.691355177538654	-50.36039111543449	-0.017787461223404574	0.18156969795137595	0.010503945367613588			3년	0.1815696979513759	불리(<1)	3년	36.71886432341158	6.108993863705945	불리	N	주당순현금<=0 | FCF<=0	169460000.0	-4.550600386811732	-2.853125962703429		-8.164005775381511	78.62139999389649	75.96060012817382	N	N	주의	
AAPL	Apple Inc.	0000320193	S&P 500	제외	PEG=불리, PEGY=불리(<1)	316.2200012207031	7.46	2025	34.0	35934000000.0	18763000000.0	54697000000.0	78328000000.0	7979000000.0	73733000000.0	285508000000.0	20.524661717342955	79.47533828265705	0.2582519579136136	-1.5749068441701954	-2.106673663586809	42.5998536279991	42.671136043470504	22.69736842105263	6.880679389561806	59.17805489937251	53.89473684210526	22.26135877912361	126.85610979874502	402.0547368421052	166.06973649226214	946.3465790986379	27.143993197790948	-47.4828486967353	199.26841295473375	3년	22.26135877912361	166.06973649226214	-47.4828486967353	1.3309287143603663	0.9596436585569075	2.18728579945473	6.582405496092323	2.081590497338019	3년	0.9596436585569076	불리(<1)	3년	6.880679389561806	6.191227815762545	불리	N	주당순현금<=0	15004697000.0	8.834973156503988	21.236060844212457		-7.015992205849009	315.8001995849609	284.11394943237303	Y	Y	강한 상승추세	단기위험부채 존재
HD	HOME DEPOT, INC.	0000354950	S&P 500	제외	PEG=불리, PEGY=불리(<1)	313.70001220703125	14.23	2025	2.9	1389000000.0		1389000000.0	8707000000.0	4464000000.0	12813000000.0	92282000000.0	12.191826442742281	87.80817355725772	0.13884614551050042	-7.354773869346734	-11.841206030150754	22.56182614732101	22.8771059899636	-4.560697518443995	-5.176454930934304	3.5714638909686514	-0.6213950368879892	-1.8529098618686088	15.642927781937303	-8.842451374916088	-26.366907334390305	222.5988623369678	-102.81876029035037	-108.405134302956	-29.040849960165062	5년	15.642927781937303	222.5988623369678	-29.040849960165062	-0.07360652048288147	-0.10089852284428717	0.28683245091563975			5년	0.2868324509156397	불리(<1)	5년	3.5714638909686514	6.317248846999206	불리	N	주당순현금<=0 | FCF<=0	995000000.0	-2.374498081123977	-12.16575176592235		-25.912804719002537	338.41759704589845	343.7905989074707	N	N	주의	단기위험부채 존재
REGN	REGENERON PHARMACEUTICALS, INC.	0000872589	S&P 500	제외	PEG=불리, PEGY=안심	810.3099975585938	41.48	2025	45.0	3118100000.0	5487100000.0	8605200000.0	1985900000.0		31256900000.0	9301800000.0	77.06583297788144	22.934167022118558	3.360306607323314	60.951197053407	60.951197053407	18.06554485306622	18.06554485306622	8.189880020865917	2.765976893685007	32.28413389720095	24.879760041731835	14.031953787370014	73.0682677944019	1032.0124465310364	582.0454431001082	3030.8717481117906	27.360201606843848	-28.170028155425754	274.0385478697772	3년	14.031953787370014	582.0454431001082	-28.170028155425754	2.944272118747535	2.6440374360244	4.277985221358198			3년	2.6440374360244	안심	3년	2.765976893685007	6.531343372503078	불리	N	FCF<=0	108600000.0	31.50540543190907	4.958352241373576		-4.896544758253429	741.4101977539062	732.5976489257813	Y	Y	강한 상승추세	
SNPS	SYNOPSYS INC	0000883241	S&P 500	제외	PEG=불리, PEGY=판정불가	392.0299987792969	8.04	2025		2888030000.0	72929000.0	2960959000.0	13462398000.0	22117000.0	28327602000.0	19897446000.0	58.74043297997339	41.25956702002661	1.4236803055025253	-63.39304945187618	-63.52656106630608	56.64465774019566	56.661263662388436	-44.589937973811175	8.526334391298395	13.492100704033394	-80.67987594762235	25.55266878259679	35.48420140806679	-648.6662026188836	205.44345701207817	285.29297932085694	-265.463409595873	-47.59496527005891	-27.226747899598934	3년	25.55266878259679	205.44345701207817	-47.59496527005891				8.144311102525716	2.0774713996085694	판정불가		판정불가	3년	8.526334391298395	6.643494747051527	불리	N	주당순현금<=0	165656000.0	-15.74139574091955	-9.388650338662952		-35.13410626825011	411.36440002441407	447.23280151367186	N	N	주의	단기위험부채 존재
GWW	W.W. GRAINGER, INC.	0000277135	S&P 500	제외	PEG=불리, PEGY=안심	1289.1700439453125	35.4	2025	75.0	585000000.0		585000000.0	2362000000.0	0.0	3736000000.0					-37.020833333333336	-37.020833333333336	37.46301913216514	37.46301913216514	-8.550762076982696	5.601826190477133	62.54354736477112	-8.601524153965393	19.703652380954267	133.58709472954223	-304.4939550503749	697.509294285781	4728.983153425795	-123.61937872202775	-45.89470197809143	266.8238472989527	3년	19.703652380954267	697.509294285781	-45.894701978091426	1.7737288521406187	2.151503751102476	3.671448552492089	27.729166666666668	2.150931663119141	3년	2.151503751102476	안심	3년	5.601826190477133	6.687643967935078	불리	N	주당순현금<=0	48000000.0	-3.0553469236685116	16.519343410900866		-8.049755211602871	1338.1477954101563	1179.3950994873046	N	Y	중립/개선	
VRSN	VERISIGN INC/CA	0001014473	S&P 500	보류	PEG=불리, PEGY=불리(<1)	282.20001220703125	6.24	2022	1.11	307900000.0	272600000.0	580500000.0	0.0		-2154200000.0	3480100000.0	-162.47077456821782	262.4707745682178	-0.6190052009999713	6.188699360341151	6.188699360341151	44.232582186969566	44.232582186969566	-10.857142857142854	6.608652379326085	11.139222486886503	-13.214285714285708	21.71730475865217	30.778444973773006	-82.45714285714283	135.51598169398954	192.05749663634356	-129.21939733888087	-51.978747047476894	-31.94277522020664	3년	21.71730475865217	135.51598169398954	-51.978747047476894	-0.2203611540457219	0.17450150992089075	0.27692759231440456	11.389125799573561	4.035834623287728	3년	0.1745015099208907	불리(<1)	3년	6.608652379326085	6.693131919806041	불리	Y		93800000.0	-0.5953018261311893	18.268308740278606		-8.96773799773185	279.54999786376953	261.9073998260498	Y	Y	강한 상승추세	
WRB	BERKLEY W R CORP	0000011544	S&P 500	보류	PEG=불리, PEGY=안심	69.7699966430664	4.45	2025	57.99999999999999	2539938000.0		2539938000.0			9700818000.0	34359177000.0	22.01729255756838	77.98270744243162	0.2823355751507086	6.35205233818752	6.35205233818752	14.251223439298625	14.251223439298625	2.0642201834862353		-2.067551596878059	12.62844036697247		4.364896806243882	56.19655963302749		19.423790787785276	-19.45454731706342		-72.16025265537178	1년	12.62844036697247	56.19655963302749	-19.45454731706342	4.214671143100279		3.9247471377709764	8.808458439307659	12.624994787330298	5년	3.924747137770976	안심	1년	2.0642201834862353	6.903926021704678	불리	Y		399861000.0	3.79350695634606	2.814612460264976		-11.075710607707634	71.04959991455078	69.21744995117187	N	Y	상승전환	
EXR	Extra Space Storage Inc.	0001289490	S&P 500	제외	PEG=불리, PEGY=불리(<1)	139.16000366210938	4.59	2025	4.65	138920000.0		138920000.0		500000000.0	13433166000.0	14940010000.0	47.34459758752422	52.65540241247578	0.8991403620211766	0.6557453781291385	-1.7044093084859584	30.175219669712472	30.68941459054365	13.89578163771711	-10.535332538619723	4.348871143162825	36.29156327543422	-12.570665077239447	17.19774228632565	166.57827543424307	-57.69935270452906	78.93763709423473	19.702695494825683	-141.4625978629803	-43.275628760472685	5년	17.19774228632565	78.93763709423473	-43.275628760472685	0.6146030365549225	-0.19503859799658593	0.2982205677924257			5년	0.2982205677924257	불리(<1)	5년	4.348871143162825	6.938632733957436	불리	N	FCF<=0	211850521.0	-6.118864148185765	-5.126799419941285		-8.95649453369003	146.2493991088867	141.39369926452636	N	N	주의	단기위험부채 존재
CDNS	CADENCE DESIGN SYSTEMS INC	0000813672	S&P 500	보류	PEG=불리, PEGY=판정불가	284.1099853515625	4.06	2025		3001317000.0	154213000.0	3155530000.0			5474181000.0					11.545523065214846	11.545523065214846	67.13410401141569	67.13410401141569	5.454545454545442	9.527334351951566	13.985265633616972	19.409090909090885	27.554668703903133	36.470531267233945	78.80090909090899	111.87195493784671	148.0703569449698	-72.26394243292808	-60.62371591782863	-47.88273394835277	3년	27.554668703903133	111.87195493784671	-60.623715917828626				5.8062214611872145	2.043652726250539	판정불가		판정불가	3년	9.527334351951566	7.046472972543892	불리	Y		273312000.0	-27.3190100312975	-3.130015658870733		-31.768300065639288	339.77940063476564	327.03430023193357	N	N	주의	
LNT	ALLIANT ENERGY CORP	0000352541	S&P 500	제외	PEG=불리, PEGY=불리(<1)	68.61000061035156	3.14	2025	3.15	556000000.0		556000000.0	10954000000.0	88000000.0	7334000000.0					-40.33359193173003	-40.67494181536075	34.6954116376056	34.80412179162812	16.72862453531599	4.774516892465397	4.91716309026109	41.95724907063198	18.049033784930792	18.33432618052218	131.74576208178442	56.67396608468269	57.56978420683964	92.02122272231436	-17.396931088014046	-16.09126410916577	3년	18.049033784930792	56.67396608468269	-17.396931088014046	0.5729467845186186	0.22840244627264156	0.23251383135392079	-1.221877424359969	-1.7809028035129004	3년	0.2284024462726415	불리(<1)	3년	4.774516892465397	7.266790005991597	불리	N	주당순현금<=0 | FCF<=0	257800000.0	-5.19552576140817	-3.4206084936080683		-12.072277734604619	71.93359970092773	70.4374499130249	N	N	주의	단기위험부채 존재
MPWR	MONOLITHIC POWER SYSTEMS, INC.	0001280452	S&P 500	보류	PEG=불리, PEGY=불리(<1)	1218.5	12.86	2025	65.0	1099302000.0	157243000.0	1256545000.0			3531497000.0	662702000.0	84.19955753172418	15.800442468275827	5.328936686474464	26.010577739137634	26.010577739137634	92.72857093785866	92.72857093785866	-64.85378518720962	12.425319328361194	29.728257539054503	-121.20757037441925	33.35063865672239	67.956515078109	-1558.7293550150314	428.8892131254499	873.9207839044818	-227.9219823565885	-64.8018700758761	-28.278967262660505	3년	33.35063865672239	428.8892131254499	-64.8018700758761	0.0015768043366953287	0.8349672441328485	1.0215649457440246	13.790163323604297	1.131732730702035	3년	0.8349672441328485	불리(<1)	3년	12.425319328361194	7.46287226004749	불리	Y		48309000.0	-20.462407111405756	15.407935252854088		-27.894715665652647	1326.638408203125	1252.3579504394531	N	N	판정불가	
TDY	TELEDYNE TECHNOLOGIES INC	0001094285	S&P 500	제외	PEG=불리, PEGY=판정불가	605.0800170898438	18.88	2025		352400000.0		352400000.0	2025300000.0	450100000.0	10513900000.0	4771400000.0	68.78438761424374	31.21561238575625	2.203525170809406	-35.29324894514768	-44.78902953586498	33.918075531514376	34.42103001195491	9.703660662405566	4.530504261422341	40.24408367454113	27.907321324811132	17.56100852284468	88.98816734908226	526.8902266124342	331.5518409113076	1680.096599550673	-12.92222322156109	-45.20528995389416	177.66519337907803	3년	17.56100852284468	331.5518409113076	-45.20528995389416				22.658227848101266	3.7446663595133924	판정불가		판정불가	3년	4.530504261422341	7.486600513839021	불리	N	주당순현금<=0	47400000.0	-2.2898285780068472	-7.662250701384121		-12.472149895212537	646.1602014160156	614.3522984313964	N	N	주의	단기위험부채 존재
COR	Cencora, Inc.	0001140859	S&P 500	제외	PEG=불리, PEGY=양호	324.69000244140625	7.96	2025	73.0	4356138000.0		4356138000.0	7542988000.0	13976000.0	1508019000.0					-16.324904976077537	-16.39649820197322	42.84106877104068	42.850062894896915	5.7104913678618825	-0.3327811631230859		19.920982735723765	7.834437673753828		158.57102257636117	62.36212388308047		-51.16233287627112	-80.79333412973368		1년	19.920982735723765	158.57102257636117	-51.16233287627112	1.837267221051868	1.6962046214402065		16.428837071111705	5.059853074495715	3년	1.6962046214402065	양호	1년	5.7104913678618825	7.502168554556663	불리	N	주당순현금<=0	195214000.0	16.139068546384383	-7.80828524642041		-13.358238174407944	312.87580078125	321.73975028991697	Y	Y	상승전환	단기위험부채 존재
APH	AMPHENOL CORP /DE/	0000820313	S&P 500	보류	PEG=불리, PEGY=불리(<1)	81.76000213623047	3.34	2025	1.21	11130600000.0	303600000.0	11434200000.0	3541500000.0	1100000.0	13413100000.0	22727200000.0	37.11396972354961	62.88603027645039	0.5901782885705235	6.178238747553816	6.1773776908023486	22.62927047565169	22.62952827707429	73.95833333333334	2.961536144628707	23.76838535152701	156.41666666666669	14.423072289257414	56.03677070305402	522.4316666666667	48.17306144611976	187.1628141482004	538.9819630828515	-41.0799166004758	128.91733030577134	3년	14.423072289257414	48.17306144611976	-41.0799166004758	3.3217302967946694	0.1843424934585114	1.103808687885139	3.4270841487279844	4.191639015637127	3년	0.1843424934585114	불리(<1)	3년	2.961536144628707	7.641058346255221	불리	Y		1277500000.0	6.133573375093038	19.58461145493786		-7.259529559921729	80.50989974975586	72.94199993133545	Y	Y	강한 상승추세	단기위험부채 존재
AVGO	Broadcom Inc.	0001730168	S&P 500	제외	PEG=불리, PEGY=불리(<1)	368.55999755859375	4.77	2025	73.0	16178000000.0		16178000000.0	39440000000.0	3152000000.0	24941000000.0	89800000000.0	21.736781098299648	78.26321890170036	0.27773942093541204	-4.793323717288275	-5.442818874922728	78.27113653582433	78.40729904266594	287.8048780487805	-43.55912867705002	10.237702081843047	584.109756097561	-78.61825735410004	28.975404163686093	2786.203536585366	-375.00908757905717	138.21267786078266	655.9701419149305	-201.749807375511	-62.499273177684024	5년	28.975404163686093	138.21267786078266	-62.499273177684024	4.609679813243057	0.3761395659493846	1.0634533464803537	5.545847929116011	1.504734091017116	3년	0.3761395659493846	불리(<1)	5년	10.237702081843047	7.645381347308509	불리	N	주당순현금<=0	4853000000.0	-6.017953356571704	7.583633605183704		-23.46699504679506	383.73239990234373	369.97395034790037	N	N	판정불가	단기위험부채 존재
ES	EVERSOURCE ENERGY	0000072741	S&P 500	제외	PEG=불리, PEGY=불리(<1)	71.48999786376953	4.56	2025	4.43	135400000.0	91975000.0	227375000.0	26872433000.0	1150000000.0	16197271000.0					-71.76940909951273	-74.86697490193806	31.416536614754886	32.09582736090079	100.88105726872246	4.032716713858986	5.134994887862021	210.26211453744492	16.56543342771797	18.769989775724042	958.7952422907488	75.53837643039394	85.59115337730162	1241.1599817331332	5.662860102946077	19.724655105463953	3년	16.56543342771797	75.53837643039394	5.662860102946077	3.3520899696901267	0.26937140836474127	0.30445733102769157	-0.12147036955823949	-0.16991239780103495	3년	0.2693714083647412	불리(<1)	3년	4.032716713858986	7.790414959421185	불리	N	주당순현금<=0 | FCF<=0	371259264.0	2.996677844573603	-2.880047179735934		-6.19341461409989	72.73480010986329	70.16010019302368	N	Y	상승전환	단기위험부채 존재
CI	Cigna Group	0001739940	S&P 500	보류	PEG=불리, PEGY=불리(<1)	275.8299865722656	22.18	2025	2.21	7676000000.0	1056000000.0	8732000000.0		0.0	41713000000.0	116045000000.0	26.441131353085108	73.5588686469149	0.3594553836873627	32.513786336911636	32.513786336911636	10.970072147671505	10.970072147671505	83.00330033003301	1.3586099967532128	-0.6888681408957265	174.50660066006603	11.217219993506426	7.122263718208547	3870.5564026402644	248.7979394559725	157.97180926986556	1303.2398908978682	-9.800256836546271	-42.72855854688664	3년	11.217219993506426	248.7979394559725	-9.800256836546273	7.767797620922692	0.32530415011998637	0.13866197401692998	31.839829015910606	11.543280486499528	3년	0.3253041501199863	불리(<1)	3년	1.3586099967532128	8.074482135335108	불리	Y		268563000.0	-6.498309636520128	5.102112485252275		-11.3086859896252	283.31479919433593	279.59259963989257	N	N	판정불가	
VST	Vistra Corp.	0001692819	S&P 500	제외	PEG=불리, PEGY=불리(<1)	151.72000122070312	2.18	2025	62.0	785000000.0		785000000.0	17043000000.0	1800000000.0	5097000000.0	36440000000.0	12.270987312516551	87.72901268748345	0.13987376509330407	-47.03519351216827	-52.24268202993816	91.17210767562906	93.56086387644095	-68.85714285714286		10.892615869362698	-129.21428571428572		30.285231738725397	-281.6871428571429		66.02180519042138	-285.6624970938274		-56.484441959382025	5년	30.285231738725397	66.02180519042138	-56.484441959382025	-0.0752109722146505		0.7995056572422248	3.8130388146781753	2.5132077405743276	5년	0.7995056572422248	불리(<1)	5년	10.892615869362698	8.370083804393198	불리	N	주당순현금<=0	345656067.0	3.7614553098644476	-7.71289120835692		-30.378119266006863	149.4068002319336	157.64994972229005	Y	N	중립/개선	단기위험부채 존재
KEYS	Keysight Technologies, Inc.	0001601046	S&P 500	제외	PEG=불리, PEGY=판정불가	333.4200134277344	4.91	2025		1873000000.0		1873000000.0	2534000000.0	0.0	5881000000.0	5420000000.0	52.03964250951243	47.96035749048757	1.0850553505535054	-3.820809248554913	-3.820809248554913	68.68448527012	68.68448527012	39.886039886039896	-7.381515092017421	8.205839717989182	88.27207977207979	-6.263030184034843	24.911679435978364	433.4159116809118	-30.75147820361108	122.31634603065378	29.990970615460853	-109.22304509782408	-63.314635863283385	5년	24.911679435978364	122.31634603065378	-63.314635863283385				7.404624277456647	2.2208097832320224	판정불가		판정불가	5년	8.205839717989182	8.370195815493085	불리	N	주당순현금<=0	173000000.0	0.6004347210361916	16.768229827688018		-10.692661729719077	326.21300048828124	289.3068492126465	Y	Y	강한 상승추세	
PEP	PEPSICO INC	0000077476	S&P 500	제외	PEG=불리, PEGY=불리(<1)	138.4499969482422	6.0	2025	4.3	9159000000.0	371000000.0	9530000000.0	42321000000.0	4898000000.0	20406000000.0	86852000000.0	19.025154300844694	80.97484569915531	0.23495141159673927	-23.882738528769117	-27.450109249817917	27.055455912835217	27.650017699676685	-13.66906474820144	-2.230046768668525	3.222947933334197	-18.83812949640288	4.039906462662949	14.945895866668394	-113.02877697841727	24.239438775977696	89.67537520001036	-181.6386995087271	-82.49227929919037	-35.22905223787445	5년	14.945895866668394	89.67537520001036	-35.22905223787445	-0.3462911428432709	0.07650779340035	0.27805659448397174			3년	0.07650779340035	불리(<1)	5년	3.222947933334197	8.394630156139652	불리	N	주당순현금<=0 | FCF<=0	1373000000.0	-3.032638932675591	-13.888544595467467		-18.792895485129502	139.5875994873047	148.73089981079102	N	N	주의	단기위험부채 존재
CIEN	CIENA CORP	0000936395	S&P 500	제외	PEG=불리, PEGY=판정불가	341.2900085449219	0.85	2025		1091952000.0	216148000.0	1308100000.0	1524158000.0	11580000.0	2729323000.0	3135344000.0	46.53841386049711	53.46158613950289	0.8705019289749386	-1.487511015642212	-1.5672367261511346	403.26767007125187	403.36146502479176	46.55172413793104	-5.273176281409042	-18.193805923142392	101.60344827586208	-2.0463525628180843	-27.887611846284784	86.36293103448277	-1.7393996783953716	-23.704470069342065	-74.69514815195201	-100.50965443899491	-106.94555055110028	1년	101.60344827586208	86.36293103448277	-74.69514815195201				4.580386649041639	1.342080498802165	판정불가		판정불가	1년	46.55172413793104	8.66278698671578	불리	N	주당순현금<=0	145248000.0	-22.317564667515455	1.1649345992423843		-45.567781731272426	401.97539978027345	377.93609977722167	N	N	판정불가	단기위험부채 존재
NTAP	NetApp, Inc.	0001002047	S&P 500	보류	PEG=불리, PEGY=불리(<1)	189.1300048828125	6.35	2026	1.12	2070000000.0	1514000000.0	3584000000.0	2487000000.0	0.0	1351000000.0	9393000000.0	12.57446016381236	87.42553983618764	0.14383051208346642	5.45771144278607	5.45771144278607	28.924770620476608	28.924770620476608	11.992945326278655	3.1252593706817544	14.4759458626317	32.48589065255731	14.750518741363509	37.4518917252634	206.2854056437389	93.66579400765828	237.8195124554226	9.07069228468329	-50.47544462038434	25.743936083953866	3년	14.750518741363509	93.66579400765828	-50.47544462038434	0.4533465623058617	0.14676899002533225	0.5391899582287757	9.298507462686567	4.916463396935905	3년	0.1467689900253322	불리(<1)	3년	3.1252593706817544	9.255158433191694	불리	Y		201000000.0	14.624245383522737	95.16045582068222		-8.668146025460544	179.4322003173828	131.03169986724853	Y	Y	강한 상승추세	
ULTA	Ulta Beauty, Inc.	0001403568	S&P 500	보류	PEG=불리, PEGY=불리(<1)	549.22998046875	25.64	2025	0.1820730906107005	424243000.0	70000000.0	494243000.0		62287000.0	2803451000.0	4195843000.0	40.053339665400536	59.946660334599464	0.6681496423960572	10.985374852748327	9.600942410704363	20.992379314196633	21.046374339237346	1.1838989739542254	2.213584866040041	53.28338358172324	10.86779794790845	12.927169732080083	115.06676716344649	278.65033938437267	331.45263193053336	2950.311910070768	-49.26527150856666	-39.65139491335683	437.17240773214394	3년	12.927169732080083	331.45263193053336	-39.65139491335683	0.06506990199253651	0.11412036343258228	2.5468983706947674	23.73699184281301	4.321867466621952	3년	0.1141203634325822	불리(<1)	3년	2.2135848660400415	9.483430988462905	불리	Y		44991000.0	14.925714058016105	-15.141449400879804		-22.295637534660518	506.88539306640627	556.505948638916	Y	N	중립/개선	단기위험부채 존재
SYK	STRYKER CORP	0000310764	S&P 500	제외	PEG=불리, PEGY=불리(<1)	276.42999267578125	2.2	2025	1.16	4011000000.0	89000000.0	4100000000.0	14859000000.0	0.0	11730000000.0	25424000000.0	31.571297841416808	68.42870215858319	0.46137507866582755	-27.83699870633894	-27.83699870633894	138.3031779009637	138.3031779009637	56.02836879432627	14.384834642672196	8.105373722329045	120.55673758865254	37.26966928534439	24.71074744465809	265.2248226950356	81.99327242775767	54.3636443782478	-4.053529022767066	-70.33850356320568	-80.33366645492418	3년	37.26966928534439	81.99327242775767	-70.33850356320568	0.41350003421669584	0.11239680012127819	0.06699320914349347	11.08150064683053	4.0087909924549265	3년	0.1123968001212781	불리(<1)	3년	14.384834642672196	9.614512876685517	불리	N	주당순현금<=0	386500000.0	-11.967776797272556	-22.92485783352165		-29.618600213209678	327.7832000732422	338.0362002563477	N	N	주의	
EVRG	Evergy, Inc.	0001711269	S&P 500	제외	PEG=불리, PEGY=불리(<1)	82.23999786376953	3.66	2025	3.41	19800000.0		19800000.0	13039200000.0	1394000000.0	10221300000.0					-55.73373287671233	-61.701198630136986	37.69774063947592	39.32819576336244	-3.43007915567282	3.827192527443257	6.116382445678448	1.6398416886543599	16.154385054886514	20.732764891356894	6.001820580474957	59.12504930088465	75.88191950236623	-92.70206622522417	-28.10669888534624	-7.731126613032568	3년	16.154385054886514	59.12504930088465	-28.106698885346237	-0.0005326355195885042	0.1919794768778448	0.2527043341080954	-3.2178938356164384	-3.912808753894761	3년	0.1919794768778448	불리(<1)	3년	3.827192527443257	9.849972367253695	불리	N	주당순현금<=0 | FCF<=0	233600000.0	-0.036463814903298086	0.37836879951063107		-6.683308264167687	84.06739944458008	80.67199993133545	N	Y	중립/개선	단기위험부채 존재
HII	HUNTINGTON INGALLS INDUSTRIES, INC.	0001501585	S&P 500	제외	PEG=불리, PEGY=불리(<1)	287.6700134277344	15.39	2025	1.93	627000000.0		627000000.0	2214000000.0	231000000.0	5073000000.0	7676000000.0	39.79135618479881	60.20864381520119	0.6608910891089109	-40.38167938931298	-46.25954198473283	21.315899468294173	21.697826862408526	10.243553008595986	2.146574918873223	20.13587083183459	28.987106017191973	12.793149837746446	48.77174166366918	446.1115616045845	196.88657600291782	750.5971042038688	55.07753355622249	-31.55818583351312	160.92295657101096	3년	12.793149837746446	196.88657600291782	-31.558185833513118	0.5711020089348445	0.19124573771502473	1.035183660190176	20.203562340966922	7.023172870968097	3년	0.1912457377150247	불리(<1)	3년	2.146574918873223	9.930191246007515	불리	N	주당순현금<=0	39300000.0	-3.310693717955493	-31.098654715075714		-36.598856927627274	297.4222015380859	347.81925201416016	N	N	주의	단기위험부채 존재
DGX	QUEST DIAGNOSTICS INC	0001022079	S&P 500	제외	PEG=불리, PEGY=불리(<1)	235.5	8.75	2025	1.45	420000000.0		420000000.0	5167000000.0	504000000.0	7170000000.0					-42.008849557522126	-46.469026548672566	31.715297092288242	32.22503160556258	13.784135240572166	3.161245578286187	15.756447866281853	36.06827048114433	14.822491156572374	40.012895732563706	315.5973667100129	129.69679762000828	350.11283765993244	34.011620683657284	-44.92704984288396	48.6678716178057	3년	14.822491156572374	129.69679762000828	-44.92704984288396	0.48034029749878754	0.1453949986616218	0.5425283520508373	12.026548672566372	5.10681472295812	3년	0.1453949986616218	불리(<1)	3년	3.161245578286187	10.032531895064643	불리	N	주당순현금<=0	113000000.0	15.142033640806929	17.22250231692073		-3.8775510204081653	228.05	201.33475044250488	Y	Y	강한 상승추세	단기위험부채 존재
MAS	MASCO CORP /DE/	0000062996	S&P 500	제외	PEG=불리, PEGY=불리(<1)	70.93000030517578	3.86	2025	1.76	647000000.0	0.0	647000000.0	2945000000.0	206000000.0	-185000000.0	5125000000.0	-3.7449392712550607	103.74493927125505	-0.03609756097560975	-10.942857142857143	-11.923809523809524	21.210584831096615	21.464717572275987	2.659574468085109	2.0689294926649726	39.146125181238034	13.819148936170219	12.637858985329945	86.79225036247607	53.341914893617044	48.78213568337359	335.0180863991576	-24.796398330588097	-31.224960561837268	372.3221273900252	3년	12.637858985329945	48.78213568337359	-31.224960561837268	0.20836645963696473	0.18051975101843581	1.9285713009320702	4.3	6.062314932326636	3년	0.1805197510184358	불리(<1)	3년	2.0689294926649726	10.251961174266707	불리	N	주당순현금<=0	210000000.0	-1.9626789203779027	11.753582702058152		-14.30469592616862	75.90940002441407	69.65610021591186	N	Y	중립/개선	단기위험부채 존재
AMAT	APPLIED MATERIALS INC /DE	0000006951	S&P 500	보류	PEG=불리, PEGY=불리(<1)	472.7900085449219	8.66	2025	47.0	7241000000.0	1332000000.0	8573000000.0	6455000000.0	100000000.0	20415000000.0	15884000000.0	56.24121876635721	43.7587812336428	1.2852556031226392	2.621287128712871	2.4975247524752477	54.292000163534524	54.30629143099845	0.5807200929152232	5.191743203490939	47.74832161975129	9.661440185830447	18.88348640698188	103.99664323950257	83.66807200929168	163.53099228446308	900.6109304540923	-82.30333329868962	-65.41149573195236	90.48857086169181	3년	18.88348640698188	163.53099228446308	-65.41149573195236	0.8763854702275831	0.9613155353695325	1.7451617426942663	7.051980198019802	1.4915670954475684	3년	0.9613155353695324	불리(<1)	3년	5.191743203490939	10.457373956213486	불리	Y		808000000.0	-5.292358599063352	36.69191681233719		-34.60719107262491	530.6373986816407	408.30129959106443	N	Y	중립/개선	단기위험부채 존재
XEL	XCEL ENERGY INC	0000072903	S&P 500	제외	PEG=불리, PEGY=불리(<1)	76.87999725341797	3.42	2025	3.13	129000000.0		129000000.0	9263144000.0	1550000000.0	23609000000.0					-15.50788455008489	-18.13946349745331	27.01400052734002	27.783468055810314	-0.5813953488372098	2.5625825491252474	44.65267498881473	7.33720930232558	13.625165098250495	97.80534997762946	25.093255813953483	46.598064636016694	334.49429692349275	-67.3604881498121	-39.38857140900195	335.0862498354494	3년	13.625165098250495	46.598064636016694	-39.38857140900195	0.09434384398502649	0.2107271206781818	1.7688115072203168	6.932088285229202	9.016764480855926	3년	0.2107271206781818	불리(<1)	3년	2.5625825491252474	10.541709392566265	불리	N	주당순현금<=0	589000000.0	-1.2713566948057142	-6.106497517977482		-8.378031345344695	78.64340026855469	78.60830020904541	N	N	주의	단기위험부채 존재
A	AGILENT TECHNOLOGIES, INC.	0001090872	S&P 500	제외	PEG=불리, PEGY=안심	146.85000610351562	4.57	2025	68.0	1789000000.0	0.0	1789000000.0	2729000000.0	304000000.0	6741000000.0	5986000000.0	52.966134988606896	47.0338650113931	1.1261276311393251	-3.2982456140350878	-4.364912280701755	32.85519731237434	33.08860358516792	3.160270880361187	3.018045520401325	14.719612881567535	14.820541760722374	14.53609104080265	37.93922576313507	67.72987584650126	66.42993605646811	173.38226173752727	-53.87819337320423	-54.763409400445525	18.06758905771435	3년	14.53609104080265	66.42993605646811	-54.763409400445525	2.165875620949624	2.161546766716681	2.5177025143115683	4.042105263157895	2.7525400716078865	3년	2.161546766716681	안심	3년	3.0180455204013246	10.886249756764906	불리	N	주당순현금<=0	285000000.0	8.392390562841868	27.219965100295497		-7.64150559527319	142.54620056152345	131.60455005645753	Y	Y	강한 상승추세	단기위험부채 존재
MTD	METTLER TOLEDO INTERNATIONAL INC/	0001037646	S&P 500	제외	PEG=불리, PEGY=판정불가	1325.52001953125	42.05	2025		69807000.0		69807000.0	2088241000.0		-23636000.0	3736282000.0	-0.6366348959744613	100.63663489597445	-0.006326074959010053	-97.64234285817118	-97.64234285817118	33.84452704849991	33.84452704849991	3.8784584980237167	3.064056292120587	36.02403387418598	16.256916996047433	14.628112584241174	80.54806774837196	683.6033596837946	615.1121341673413	3387.046248819041	-48.42753412916838	-53.59465529725712	155.52584637814965	3년	14.628112584241174	615.1121341673413	-53.59465529725712				41.05359847381745	3.0971692519842464	판정불가		판정불가	3년	3.064056292120587	11.04566098721268	불리	N	주당순현금<=0	20671708.0	13.994786247046909	7.614496728155218		-11.985232444398763	1361.8328076171874	1319.1163000488282	N	Y	상승전환	
CTSH	COGNIZANT TECHNOLOGY SOLUTIONS CORP	0001058290	S&P 500	보류	PEG=불리, PEGY=불리(<1)	59.91999816894531	4.56	2025	2.12	1901000000.0	13000000.0	1914000000.0	543000000.0	33000000.0	15015000000.0	5677000000.0	72.56427604871448	27.435723951285524	2.6448828606658448	2.803680981595092	2.736196319018405	12.525508155120663	12.540307423229587	1.1086474501108607	1.1211696562825724	12.15182468925482	10.717294900221722	10.742339312565145	32.80364937850964	48.87086474501105	48.985067265297054	149.58464116600393	-18.43980934842666	-18.249217686584476	149.6405970244656	3년	10.742339312565145	48.985067265297054	-18.249217686584473	0.25776578563728203	0.25876552201656755	1.1394208133120916	5.306748466257669	8.856389566794066	3년	0.2587655220165675	불리(<1)	3년	1.1211696562825724	11.171822288386847	불리	Y		489000000.0	13.184736915944729	-4.858687512753768		-30.888119633134348	52.85520004272461	62.71870000839233	Y	N	중립/개선	단기위험부채 존재
FITB	FIFTH THIRD BANCORP	0000035527	S&P 500	제외	PEG=불리, PEGY=불리(<1)	54.5099983215332	3.53	2025	2.92	3499000000.0		3499000000.0	13589000000.0	926000000.0	21724000000.0	192652000000.0	10.133597044445274	89.86640295555472	0.11276290928721218	-15.003653753999819	-16.38059957919346	19.692252712615588	20.08232235148064	12.420382165605085	1.7598909234150195	14.04197322404901	33.34076433121017	12.019781846830039	36.58394644809802	117.69289808917188	42.42982991931004	129.141330961786	115.91066173759063	-22.16138098366279	136.91310757346145	3년	12.019781846830039	42.42982991931004	-22.16138098366279	0.7790059567830686	0.2376513744624508	0.8613526076263759	5.843841353143636	10.720677917972218	3년	0.2376513744624508	불리(<1)	3년	1.7598909234150195	11.18947342168418	불리	N	주당순현금<=0	672502856.0	3.414910393331416	16.999352099176555		-8.185953676582415	56.5663996887207	50.965000038146975	N	Y	상승전환	단기위험부채 존재
ITW	ILLINOIS TOOL WORKS INC	0000049826	S&P 500	제외	PEG=불리, PEGY=불리(<1)	268.69000244140625	10.49	2025	2.55	851000000.0		851000000.0	6683000000.0	1825000000.0	3226000000.0					-19.952104002736913	-26.195689360246323	27.51593007093834	28.111124099299577	-10.418445772843727	2.3985109954127504	39.022413479712895	-12.336891545687454	13.2970219908255	86.54482695942579	-129.4139923142614	139.4857606837595	907.8552348043766	-148.16479628507315	-48.08673213876745	237.88203005519506	3년	13.2970219908255	139.4857606837595	-48.08673213876745	-0.2859596514658318	0.17984167653628572	1.5108489290580323	9.261033185083818	3.4467353086958976	3년	0.1798416765362857	불리(<1)	3년	2.3985109954127504	11.472088359637988	불리	N	주당순현금<=0	292300000.0	4.732026983464244	-1.6831958577656847		-10.317090464754386	280.24700134277344	267.030500869751	N	Y	상승전환	단기위험부채 존재
VRSK	Verisk Analytics, Inc.	0001442145	S&P 500	제외	PEG=불리, PEGY=불리(<1)	175.49000549316406	6.48	2025	1.08	2178200000.0		2178200000.0	4773500000.0	195263000.0	309000000.0	5885700000.0	4.988135018644971	95.01186498135503	0.052500127427493756	-18.526903375906187	-19.9208149598809	29.940880998313308	30.155990810655084	-3.4277198211624373	2.5985568006018145	8.497453996787208	1.6445603576751253	13.697113601203629	25.494907993574415	10.656751117734812	88.75729613579952	165.20700379836222	-93.92743131565409	-49.42316179980008	-5.859593921548079	3년	13.697113601203629	88.75729613579952	-49.423161799800084	-0.078411848378633	0.12286067336525745	0.3198788304634972	8.508540875329475	4.848447551995154	3년	0.1228606733652574	불리(<1)	3년	2.5985568006018145	11.52211912065156	불리	N	주당순현금<=0	140082773.0	-3.8674321777973586	-13.406689863800292		-34.67951942936923	190.435	194.33500061035156	N	N	주의	단기위험부채 존재
DOV	DOVER Corp	0000029905	S&P 500	제외	PEG=불리, PEGY=불리(<1)	194.74000549316406	7.94	2025	1.09	513075000.0	0.0	513075000.0	2621295000.0	706677000.0	7405206000.0					-15.30168315466297	-20.430819367528688	26.453613179827084	27.099600108399592	-59.17737789203083	2.2834886521603703	44.73784358388186	-109.85475578406167	13.06697730432074	97.97568716776372	-872.2467609254496	103.75179979630668	777.926956112044	-547.9032229235858	-46.72291420883796	299.4695153376441	3년	13.06697730432074	103.75179979630668	-46.72291420883796	-2.195820188991307	0.12752468365013045	1.7323850346019698	8.100640890714706	4.159720993229129	3년	0.1275246836501304	불리(<1)	3년	2.2834886521603703	11.584735993673435	불리	N	주당순현금<=0	137777000.0	-11.870387646575043	-7.381332359526571		-16.531649937437066	206.69080047607423	210.07844985961913	N	N	주의	단기위험부채 존재
CMG	CHIPOTLE MEXICAN GRILL INC	0001058090	S&P 500	보류	PEG=불리, PEGY=판정불가	36.959999084472656	1.14	2025		350545000.0	698591000.0	1049136000.0	0.0		2830607000.0	6163924000.0	31.47031234869278	68.52968765130723	0.4592215932578014	0.7814118109720128	0.7814118109720128	31.735602871491796	31.735602871491796	2.702702702702685	-67.10947685223975	-29.806686048388155	13.90540540540537	-125.7189537044795	-51.11337209677631	15.85216216216212	-143.31960722310663	-58.26924419032499	-57.10994979753177	-487.76950966786393	-257.65488537256107	1년	13.90540540540537	15.85216216216212	-57.10994979753177				1.0781861678990865	2.9171704399528666	판정불가		판정불가	1년	2.702702702702685	11.742173062452045	불리	Y		1342616000.0	23.694779526641764	6.451606523659481		-12.747878772596854	34.94339996337891	34.88155007362366	Y	Y	강한 상승추세	
CSCO	CISCO SYSTEMS, INC.	0000858877	S&P 500	제외	PEG=불리, PEGY=불리(<1)	109.16999816894531	3.33	2026	1.54	7218000000.0	8700000000.0	15918000000.0	19372000000.0	31000000.0	50285000000.0	79352000000.0	38.78908027800705	61.21091972199295	0.6336954330073596	-0.8663155254577376	-0.8740907950840231	33.04393804636728	33.046272962170974	30.58823529411766	2.746874400366228	5.901191149181684	69.67647058823532	13.993748800732456	20.30238229836337	232.02264705882362	46.59918350643908	67.60693305355002	112.53334336395105	-57.31502767424725	-38.0718748855108	3년	13.993748800732456	46.59918350643908	-57.315027674247254	0.9722883286197697	0.1297325516816695	0.22519080924132584	3.202157010283421	2.933184083531763	3년	0.1297325516816695	불리(<1)	3년	2.746874400366228	12.02965015144547	불리	N	주당순현금<=0	3987000000.0	-9.297110655251906	40.50193366373751		-16.023078331580532	114.19119979858398	94.91365001678467	N	Y	중립/개선	단기위험부채 존재
LUV	SOUTHWEST AIRLINES CO	0000092380	S&P 500	보류	PEG=불리, PEGY=불리(<1)	38.66999816894531	0.79	2025	1.82	3231000000.0	0.0	3231000000.0	2883000000.0	271000000.0	7981000000.0					0.6236559139784946	0.13799283154121864	48.15992690502129	48.77469030051151	3.947368421052635	-3.1641996800259364		16.39473684210527	2.171600639948127		12.951842105263164	1.7155645055590205		-66.50674238804493	-95.5635774843746		1년	16.39473684210527	12.951842105263164	-66.50674238804493	0.11975450943741596	-0.02791116528637809		0.7078853046594982	1.8305801349325614	1년	0.1197545094374159	불리(<1)	1년	3.947368421052635	12.200514815938716	불리	Y		558000000.0	-10.423905932053323	-9.691736467668699		-29.434308928250342	45.1539998626709	43.103649911880495	N	N	주의	단기위험부채 존재
UNP	UNION PACIFIC CORP	0000100885	S&P 500	제외	PEG=불리, PEGY=불리(<1)	288.45001220703125	11.98	2025	1.96	1266000000.0		1266000000.0	31814000000.0	0.0	18467000000.0	51231000000.0	26.49573875864444	73.50426124135556	0.3604653432492046	-51.26363483806008	-51.26363483806008	28.356731806768888	28.356731806768888	8.025247971145182	2.239111936305682	42.34446727212804	24.550495942290365	12.978223872611364	93.18893454425609	294.11494138863856	155.47912199388415	1116.403435840188	1.963920590005519	-46.09841725980202	287.0353227923956	3년	12.978223872611364	155.47912199388415	-46.09841725980202	0.3521297178810167	0.14808166064127792	1.5623968084203679	9.228058399060245	3.1991880771483294	3년	0.1480816606412779	불리(<1)	3년	2.239111936305682	12.664276111874402	불리	N	주당순현금<=0	595900000.0							판정불가	판정불가	판정불가	
WEC	WEC ENERGY GROUP, INC.	0000783325	S&P 500	제외	PEG=불리, PEGY=불리(<1)	107.05999755859375	4.81	2025	3.6	27600000.0		27600000.0	18498100000.0	1924700000.0	9491800000.0					-57.042927733168625	-62.987029030265596	34.11703228518969	35.35281218063604	-0.41407867494824974	2.627012926537597	44.632634440111204	7.671842650103501	13.754025853075195	97.76526888022241	36.90156314699784	66.15686435329168	470.25094331386975	-65.53188493507888	-38.20580435088825	339.240569809001	3년	13.754025853075195	66.15686435329168	-38.20580435088825	0.09338213530473953	0.18251918497731595	1.413740621896036	2.107782581840642	1.9687863159973045	3년	0.1825191849773159	불리(<1)	3년	2.6270129265375974	12.987005865310277	불리	N	주당순현금<=0	323800000.0	-5.34040760125154	-6.497818726118998		-9.920068209419918	111.02939987182617	111.70495010375977	N	N	주의	단기위험부채 존재
AFL	AFLAC INC	0000004977	S&P 500	제외	PEG=불리, PEGY=불리(<1)	115.16000366210938	6.82	2025	2.08	6245000000.0		6245000000.0			29490000000.0	86980000000.0	25.31982484760024	74.68017515239977	0.3390434582662681	11.675559660333759	11.675559660333759	15.173672141022816	15.173672141022816	-29.179646936656283	1.1501008285269565	38.25795257148448	-49.859293873312566	10.800201657053913	85.01590514296896	-340.0403842159917	73.65737530110769	579.8084730750484	-395.27646179458554	-36.039099549505416	403.4807699175338	3년	10.800201657053913	73.65737530110769	-36.039099549505416	-1.7859649717480697	0.21287535400176533	2.6584173031146965			3년	0.2128753540017653	불리(<1)	3년	1.1501008285269565	13.19334076165929	불리	N	FCF<=0	534878000.0							판정불가	판정불가	판정불가	
LII	LENNOX INTERNATIONAL INC	0001069202	S&P 500	보류	PEG=불리, PEGY=불리(<1)	385.17999267578125	4.07	2025	1.39	34200000.0	500000.0	34700000.0		0.0	1163100000.0	2918700000.0	28.49478171394973	71.50521828605028	0.3984993318943365	0.980225988700565	0.980225988700565	94.39797707299279	94.39797707299279	-81.94321206743567	-33.564279747458514	7.0876315210889995	-155.38642413487133	-58.62855949491703	22.675263042178	-632.4227462289264	-238.61823714431233	92.28832058166446	-264.18888785878806	-161.94980053005122	-76.04020916544681	5년	22.675263042178	92.28832058166446	-76.04020916544681	-0.8533362108506656	-0.340836538505268	0.08980734316513703	18.045197740112993	4.6848741064550135	5년	0.089807343165137	불리(<1)	5년	7.0876315210889995	13.318691412231988	불리	Y		35400000.0	-27.192649199778817	-24.74895406969021		-32.772495947412715	469.34580200195313	497.76164932250975	N	N	주의	
TRMB	TRIMBLE INC.	0000864749	S&P 500	제외	PEG=불리, PEGY=판정불가	58.779998779296875	1.76	2025		253400000.0	0.0	253400000.0	1392200000.0	0.0	5836200000.0	3475800000.0	62.67396907216495	37.32603092783505	1.6790954600379768	-4.715527950310559	-4.715527950310559	36.07700382364059	36.07700382364059	-71.10016420361248	-0.7462964697448338	2.573740723547502	-133.70032840722496	7.0074070605103325	13.647481447095004	-235.31257799671593	12.333036426498186	24.019567346887207	-500.3276333506768	-79.01831118982253	-59.13649566908934	5년	13.647481447095004	24.019567346887207	-59.13649566908934				1.4944099378881988	2.5423783071165196	판정불가		판정불가	5년	2.573740723547502	14.01734195428747	불리	N	주당순현금<=0	241500000.0	11.010383252794842	-14.799245398780469		-29.621646142419213	56.221800003051754	64.7259998703003	Y	N	중립/개선	
AJG	Arthur J. Gallagher & Co.	0000354190	S&P 500	제외	PEG=불리, PEGY=불리(<1)	251.4499969482422	5.74	2025	1.07	738400000.0		738400000.0	12104000000.0	640000000.0	23321000000.0	47318000000.0	33.014340520109286	66.98565947989071	0.49285684094847626	-44.3795392424834	-46.87856306130418	51.538246723122924	51.97361672640181	-11.69230769230769	3.4145178584730878	51.46625205903632	-14.88461538461538	15.329035716946175	111.43250411807264	-85.43769230769229	87.98866501527104	639.622573637737	-133.9780049093731	-65.00749012401762	154.37366530149342	3년	15.329035716946175	87.98866501527104	-65.00749012401762	-0.20610533667110434	0.08701339575180161	1.0193643633489309	6.68566966028895	2.65884658637125	3년	0.0870133957518016	불리(<1)	3년	3.4145178584730873	15.0938577155868	불리	N	주당순현금<=0	256100000.0	15.848879711041208	18.76534833670407		-19.012500627837614	254.19739929199218	233.89735008239745	N	Y	상승전환	단기위험부채 존재
GLW	CORNING INC /NY	0000024741	S&P 500	제외	PEG=불리, PEGY=불리(<1)	165.9600067138672	1.83	2025	73.0	1526000000.0		1526000000.0	3458000000.0	75000000.0	11807000000.0	18669000000.0	38.741960887255544	61.258039112744456	0.6324388022925705	-2.2181400688863375	-2.304247990815155	91.90062665724236	91.94768016649309	215.51724137931038	5.9197116093949065	27.64725090252995	439.53448275862075	20.33942321878981	63.7945018050599	804.348103448276	37.221144490385356	116.74393830325963	384.66381712978495	-77.57222042382863	-29.65537865725767	3년	20.33942321878981	37.221144490385356	-77.57222042382863	3.139448030701468	0.85875052739018	1.0951748052590489			3년	0.85875052739018	불리(<1)	3년	5.9197116093949065	15.524510773699014	불리	N	주당순현금<=0 | FCF<=0	871000000.0	-4.587786372043556	21.83233389124657		-35.093275009100736	164.14340011596678	144.2078002166748	Y	Y	강한 상승추세	단기위험부채 존재
COO	COOPER COMPANIES, INC.	0000711404	S&P 500	제외	PEG=불리, PEGY=불리(<1)	67.69000244140625	1.87	2025	0.04431969111829855	110600000.0		110600000.0	2455700000.0	47100000.0	8238900000.0	4155700000.0	66.47168928404305	33.52831071595695	1.9825540823447314	-11.7255	-11.961	42.468183123746655	42.59411895262366	-4.59183673469387	-37.77093222139564	2.6595962043162835	-0.68367346938774	-67.04186444279128	13.819192408632567	-1.278469387755074	-125.3682865080197	25.8418898041429	-101.8887122789835	-285.20945780219296	-61.82318086557592	5년	13.819192408632567	25.8418898041429	-61.82318086557592	-0.10708056500379849	-0.8883500483255192	0.06366921531716413	2.1685	3.203575006334347	5년	0.0636692153171641	불리(<1)	5년	2.6595962043162835	15.967906351657684	불리	N	주당순현금<=0	200000000.0	-1.3552903934007876	-9.031045410531336		-19.72248258255006	72.57859985351563	73.36045000076294	N	N	주의	단기위험부채 존재
VTR	Ventas, Inc.	0000740260	S&P 500	제외	PEG=불리, PEGY=불리(<1)	89.87000274658203	0.54	2025	2.3	741067000.0		741067000.0	13011016000.0	0.0	12527253000.0	14630983000.0	46.12690235109526	53.87309764890473	0.8562140356529702	-26.52302454524821	-26.52302454524821	215.54264313301894	215.54264313301894	184.21052631578948		13.239815312499648	376.92105263157896		34.979630624999295	203.53736842105266		18.88900053749962	126.47976210148015		-78.98186273481781	5년	34.979630624999295	18.88900053749962	-78.98186273481781	0.8653068534595602		0.07209624548822798	3.220825092139252	3.583871140208402	5년	0.0720962454882279	불리(<1)	5년	13.239815312499648	16.27988291721306	불리	N	주당순현금<=0	462615000.0	8.972961581600192	4.40288201081338		-10.603796043127145	92.8547998046875	85.22015014648437	N	Y	상승전환	
TSCO	TRACTOR SUPPLY CO /DE/	0000916365	S&P 500	제외	PEG=불리, PEGY=불리(<1)	35.290000915527344	2.06	2025	2.74	194109000.0	15900000.0	210009000.0	1764974000.0		2581293000.0	8352386000.0	23.608640787789728	76.39135921221028	0.30904857605958347	-2.9218889168661613	-2.9218889168661613	18.549461083686165	18.549461083686165	0.980392156862746	-40.358393897568654	-20.235562235652548	10.460784313725492	-72.21678779513731	-31.971124471305096	21.549215686274515	-148.76658285798285	-65.8605164108885	-38.93676642894896	-521.5544885195133	-286.6265647556567	1년	10.460784313725492	21.549215686274515	-38.93676642894896	0.2005660509530785	-2.0280046804515086	-0.9431843953159105	1.3914310625392257	3.942847907173066	1년	0.2005660509530785	불리(<1)	1년	0.980392156862746	18.92045030535987	불리	N	주당순현금<=0	532178000.0	17.790393838219654	-29.896700817325783		-41.77528368231005	32.83099998474121	41.78739992141723	Y	N	중립/개선	
ANET	Arista Networks, Inc.	0001596532	S&P 500	보류	PEG=불리, PEGY=판정불가	194.9600067138672	2.75	2025		1963900000.0	8779100000.0	10743000000.0	0.0	98793000.0	12370500000.0	7078100000.0	63.60612074905134	36.39387925094865	1.7477147822155663	8.4212589166732	8.343816728070863	67.83227192625236	67.86043272210776	23.318385650224215	-13.642192783183182	3.548578845590522	55.13677130044843	-18.784385566366364	15.597157691181044	151.62612107623318	-51.6570603075075	42.892183650747874	-22.227064087678727	-126.49623437042754	-77.9994962178584	5년	15.597157691181044	42.892183650747874	-77.9994962178584				3.4147127067492358	1.7514939419143716	판정불가		판정불가	5년	3.548578845590522	19.11533458261496	불리	Y		1275700000.0	28.128287343368275	39.63616497066273		-7.382419613364755	183.67860107421876	152.298099899292	Y	Y	강한 상승추세	단기위험부채 존재
HSY	HERSHEY CO	0000047111	S&P 500	제외	PEG=불리, PEGY=불리(<1)	173.27000427246094	0.9006880540124623	2014	3.35	587998000.0	0.0	587998000.0	4089755000.0	218546000.0	4636750000.0	9104547000.0	33.743175771544706	66.25682422845529	0.5092784956791371	-15.574647411235695	-16.54666714108443	209.66709932747005	210.74629619870475	9.97663734289587			28.45327468579174			25.62752460702782			-85.20948578801357			1년	28.45327468579174	25.62752460702782	-85.20948578801357	0.0635609372459604			8.106961932422156	4.678802869811353	1년	0.0635609372459604	불리(<1)	1년	9.97663734289587	21.015808445394587	불리	N	주당순현금<=0	224837000.0	-1.461551478021672	-20.881276587917384		-26.667510932946957	178.75980010986328	192.39660011291505	N	N	주의	단기위험부채 존재
ELV	Elevance Health, Inc.	0001156039	S&P 500	보류	PEG=불리, PEGY=불리(<1)	401.94000244140625	25.21	2025	1.69	9491000000.0	25884000000.0	35375000000.0	30797000000.0	150000000.0	43882000000.0	77468000000.0	36.16151627523691	63.83848372476309	0.5664532452109258	20.382902938557436	19.715048975957256	15.135148730775438	15.161640359597342	-1.8302180685358211	0.5345551244794411	63.01431604750667	4.839563862928358	9.569110248958882	134.52863209501334	122.00540498442392	241.23726937625344	3391.4668151152864	-69.64586648670046	-39.98177143081936	743.7743928236367	3년	9.569110248958882	241.23726937625344	-39.98177143081936	-0.009264399777631866	0.1469794029810943	4.275102755742235	14.131789848619768	3.515895348256575	3년	0.1469794029810943	불리(<1)	3년	0.5345551244794411	28.31354155572693	불리	Y		224600000.0	-5.298869218122137	42.18905223420244		-5.822536986804838	396.4246014404297	359.6557501220703	Y	Y	강한 상승추세	단기위험부채 존재
ACN	Accenture plc	0001467373	S&P 500	보류	PEG=불리, PEGY=불리(<1)	179.02999877929688	2.25	2025	3.49	11478729000.0	5945000.0	11484674000.0		99963000.0	31195446000.0					18.246493818420028	18.087675704682475	71.4593355381675	71.52992136649529	-15.41353383458647	-4.705085797437691	2.4863174611353456	-22.32706766917294	-0.9101715948753828	13.472634922270691	-50.23590225563912	-2.0478860884696113	30.313428575109054	-128.06004725362732	-101.14387873676644	-83.0679613574267	5년	13.472634922270691	30.313428575109054	-83.0679613574267	-0.16685760852363277	-0.017003877635955567	0.08363242417701051	17.276845866001423	9.650251904039742	5년	0.0836324241770105	불리(<1)	5년	2.4863174611353456	28.741034343030552	불리	Y		629418129.0	3.2051637282920487	-11.20865226217237		-37.95314567219739	162.70619979858398	202.5956996154785	Y	N	중립/개선	단기위험부채 존재
TSLA	Tesla, Inc.	0001318605	S&P 500	보류	PEG=불리, PEGY=판정불가	368.1600036621094	1.08	2025		16513000000.0	27546000000.0	44059000000.0	0.0	50841000.0	82137000000.0	54941000000.0	59.919899619194915	40.08010038080509	1.4950037312753681	12.488378684807257	12.473967970521542	329.32557868268714	329.33892193665537	-47.05882352941176	-33.18021688674605	11.032151746146003	-85.61764705882352	-57.860433773492105	30.564303492292005	-92.46705882352941	-62.489268475371475	33.00944777167537	-125.11599790953774	-116.97339956915118	-91.03393974268567	5년	30.564303492292005	33.00944777167537	-91.03393974268567				1.7630385487528344	0.4788783494175862	판정불가		판정불가	5년	11.032151746146003	29.851436624567324	불리	Y		3528000000.0	-7.189671659841467	-7.784787930192072		-24.84690128347259	357.7167987060547	399.3929997253418	Y	N	주의	단기위험부채 존재
PHM	PULTEGROUP INC/MI/	0000822416	S&P 500	보류	PEG=불리, PEGY=안심	120.06999969482422	11.12	2025	84.0	1980869000.0		1980869000.0	43900000.0		12985442000.0	5062981000.0	71.9477928902708	28.0522071097292	2.564781894302981	9.707317439873307	9.707317439873307	9.924701641632277	9.924701641632277	-24.302246426140233	0.3319275999318138	47.00020978752231	-40.104492852280465	9.163855199863628	102.50041957504462	-445.96196051735876	101.90206982248354	1139.8046656744962	-471.41830736306946	-15.131115114947258	849.2834751157486	3년	9.163855199863628	101.90206982248354	-15.131115114947258	6.015067830698184	8.497175093523726	13.199410371995546	8.762951232102317	7.298202094090665	3년	8.497175093523726	안심	3년	0.33192759993181387	29.90020005468378	불리	Y		199537000.0	-2.207199145965144	-3.472947757875555		-15.775812464170313	128.43699966430665	125.25019992828369	N	N	주의	
URI	UNITED RENTALS, INC.	0001067701	S&P 500	제외	PEG=불리, PEGY=불리(<1)	1015.1699829101562	10.27	2025	78.0	459000000.0		459000000.0	14302000000.0		8968000000.0	20898000000.0	30.027455969999327	69.97254403000068	0.4291319743516126	-214.2746579159185	-214.2746579159185	119.71223377079598	119.71223377079598	-1.9102196752626655	3.924142525332664	20.2179802192882	4.679560649474669	16.348285050665325	48.9359604385764	48.05908787010485	167.89688747033287	502.57231370417963	-95.2659073180695	-83.46120449808532	-50.49377718365242	3년	16.348285050665325	167.89688747033287	-83.46120449808532	0.6356057182127327	0.6843422760132157	0.8204506517465774	77.28623614636865	7.613132524349725	3년	0.6843422760132157	불리(<1)	3년	3.9241425253326634	30.50659679101425	불리	N	주당순현금<=0	64604000.0	-7.220089918592643	30.856289931909274		-12.847476028863348	1085.5398046875	928.4427517700195	N	Y	중립/개선	
ON	ON SEMICONDUCTOR CORP	0001097864	S&P 500	제외	PEG=불리, PEGY=판정불가	71.08000183105469	0.29	2025		2147600000.0	400000000.0	2547600000.0	2980500000.0	0.0	7673300000.0	4832200000.0	61.359401863180196	38.6405981368198	1.587951657630065	-1.0512384652744051	-1.0512384652744051	248.72841481492793	248.72841481492793	-92.01101928374655	-59.13642526295217	6.668390127527379	-175.5220385674931	-109.77285052590435	21.83678025505476	-50.901391184572994	-31.834126652512257	6.33266627396588	-171.6114095010255	-144.78633347277716	-91.09079050248539	5년	21.83678025505476	6.33266627396588	-91.09079050248539				3.4448761534725594	4.846477299846525	판정불가		판정불가	5년	6.668390127527379	37.29961955707528	불리	N	주당순현금<=0	411800000.0	-39.247861682859245	19.281761451661627		-46.927495170461405	83.13500015258789	78.47684997558594	N	N	판정불가	
RF	REGIONS FINANCIAL CORP	0001281761	S&P 500	제외	PEG=불리, PEGY=불리(<1)	30.06999969482422	2.3	2025	3.6	3538000000.0		3538000000.0	4134000000.0	750000000.0	19043000000.0	139711000000.0	11.995288307696184	88.00471169230381	0.13630279648703394	-0.6651785714285714	-1.5022321428571428	13.363120985327301	13.727057320731028	19.170984455958546	0.2915468391792686	17.429746204664866	46.84196891191709	9.083093678358537	43.35949240932973	107.73652849740931	20.891115460224633	99.72683254145838	258.28576518393976	-30.525055961937696	231.6489310062208	3년	9.083093678358537	20.891115460224633	-30.525055961937696	1.7040169344392733	0.29121541617801594	1.5737151693646654			3년	0.2912154161780159	불리(<1)	3년	0.2915468391792686	45.8352456262113	불리	N	주당순현금<=0 | FCF<=0	896000000.0	5.13985767044578	12.369205671268757		-7.191363337417256	30.886200065612794	28.487249994277953	N	Y	상승전환	단기위험부채 존재
WSM	WILLIAMS SONOMA INC	0000719955	S&P 500	보류	PEG=불리, PEGY=불리(<1)	227.8300018310547	8.84	2025	1.34	1019801000.0		1019801000.0	299620000.0	0.0	2082559000.0	3329353000.0	38.48102112525111	61.51897887474889	0.6255146270161199	5.847855919060031	5.847855919060031	25.111102478732427	25.111102478732427	0.5688282138794165	-18.483779224854192	0.5286435792482447	9.637656427758833	-28.467558449708385	9.55728715849649	85.19688282138807	-251.65321669542212	84.48641848110897	-62.605064242344575	-210.4565749343378	-62.91690391866865	5년	9.55728715849649	84.48641848110897	-62.91690391866865	0.07601530898518206	-0.6827171064820403	0.07441503537452694	8.57024189422913	3.7616827570340434	5년	0.0744150353745269	불리(<1)	5년	0.5286435792482447	47.501007227670414	불리	Y		123153000.0	6.877142087551524	20.93529516916246		-9.512271452998167	232.54960052490233	204.6068497467041	N	Y	상승전환	
NOW	ServiceNow, Inc.	0001373715	S&P 500	보류	PEG=불리, PEGY=판정불가	134.2100067138672	1.67	2025		3726000000.0	2558000000.0	6284000000.0		0.0	12964000000.0	13074000000.0	49.788770258852445	50.211229741147555	0.9915863545969099	6.003682080002599	6.003682080002599	76.77025427177522	76.77025427177522	-75.58479532163743	1.437568278374224	23.132555206176452	-142.66959064327486	11.375136556748448	54.765110412352904	-238.258216374269	18.996478049769905	91.45773438862935	-277.5264171487826	-85.84570665414691	-31.85475760863701	3년	11.375136556748448	18.996478049769905	-85.84570665414691				4.37187288321004	3.2574865244815747	판정불가		판정불가	3년	1.4375682783742239	53.4028577471091	불리	Y		1046691000.0	25.465088512957767	15.09305034850781		-30.182588723514115	117.73720001220703	118.43625	Y	Y	상승전환	
DHR	DANAHER CORP /DE/	0000313616	S&P 500	보류	PEG=불리, PEGY=보통	205.22999572753906	5.05	2025	77.0	19912300000.0		19912300000.0	18416000000.0	764600000.0	52534000000.0	8444400000.0	86.15181769282238	13.848182307177623	6.221164321917484	2.089512637899735	1.0217846669459574	40.22583823557215	40.43726951694913	-4.536862003780722	-19.44272804312125	0.6459964100776094	-0.5737240075614434	-30.3854560862425	9.791992820155219	-2.8973062381852888	-153.44655323552462	49.449563741783855	-101.41173624640705	-174.76809259365697	-75.90529417179714	5년	9.791992820155219	49.449563741783855	-75.90529417179714	1.8014077810351092	1.4308532645064989	1.9302517937690709	7.345342829213797	3.5790785860393375	3년	1.4308532645064989	보통	5년	0.6459964100776094	62.2694454768556	불리	Y		716100000.0	8.92733492834823	5.127545561030544		-15.211735947115645	201.80819946289063	202.72549987792968	Y	Y	상승전환	단기위험부채 존재
LEN	LENNAR CORP /NEW/	0000920760	S&P 500	제외	PEG=불리, PEGY=불리(<1)	80.37000274658203	14.31	2024	2.39	3756305000.0		3756305000.0	5874995000.0		21959417000.0	12289828000.0	64.1164995023978	35.88350049760221	1.7867961211499461	-7.788757402975527	-7.788757402975527	6.160640122261185	6.160640122261185	4.224326292789512	0.0933489456862446	46.369977497318125	16.948652585579026	8.68669789137249	101.23995499463625	242.53521849963587	124.30664682554033	1448.7437559732448	201.77331119968187	54.66796388883641	1702.5926421096915	3년	8.68669789137249	124.30664682554033	54.66796388883641	1.073642699707284	0.4030991741771735	7.914758292912814	0.10360673335318489	0.12891219337128998	3년	0.4030991741771735	불리(<1)	3년	0.09334894568624463	65.9958189883336	불리	N	주당순현금<=0	272019000.0	-13.169830524568694	-18.58792367019624		-42.62973456524812	85.45319961547851	98.18425003051757	N	N	주의	
WAT	WATERS CORP /DE/	0001000697	S&P 500	제외	PEG=불리, PEGY=판정불가	402.9100036621094	3.77	2025		587831000.0	934000.0	588765000.0	947445000.0		2561242000.0	2515308000.0	50.45241354857137	49.54758645142863	1.0182617794719375	-6.0017067416294365	-6.0017067416294365	108.46464466942675	108.46464466942675	-2.8350515463917496	-0.3511881428137187	1.5554382507588116	2.829896907216501	7.797623714372563	11.610876501517623	10.668711340206208	29.397041403184563	43.77300441072144	-97.35208576524865	-92.70381942965167	-89.13578615252487	5년	11.610876501517623	43.77300441072144	-89.13578615252487						판정불가		판정불가	5년	1.5554382507588116	69.73253011909209	불리	N	주당순현금<=0 | FCF<=0	59763000.0	8.557189893012108	34.46917768455479		-4.355981027898892	392.2752020263672	360.9058506774902	Y	Y	강한 상승추세	
CTVA	Corteva, Inc.	0001755672	S&P 500	보류	PEG=불리, PEGY=양호	85.9000015258789	1.6	2025	82.0	4521000000.0	9000000.0	4530000000.0		782000000.0	24144000000.0					6.648077487525683	5.5004402700322865	49.53245252397076	50.249725784904136	23.076923076923077	0.4201730021000882	11.94783991051851	54.65384615384615	9.340346004200176	32.39567982103702	87.44615384615385	14.944553606720284	51.83308771365924	1.7999444619440919	-82.60238260622386	-39.65880466481296	3년	9.340346004200176	14.944553606720284	-82.60238260622386	2.121375335212245	1.6639630949469668	1.8966926756766858	3.2917522747285	3.8320747569914784	3년	1.6639630949469668	양호	3년	0.42017300210008823	117.88585243792454	불리	Y		681400000.0	14.51806303094141	12.567165868301311		-5.0933604038732145	83.41800048828125	77.48225009918212	Y	Y	강한 상승추세	단기위험부채 존재
TMO	THERMO FISHER SCIENTIFIC INC.	0000097745	S&P 500	제외	PEG=불리, PEGY=불리(<1)	603.02001953125	17.74	2025	31.0	9852000000.0	253000000.0	10105000000.0	19107000000.0	693000000.0	53407000000.0					-23.814814814814813	-25.64814814814815	35.33454534081538	35.43788994810588	7.3200241984270855	0.2075477652143886	2.137246520494207	23.14004839685417	8.915095530428777	12.774493040988414	410.5044585601929	158.1537947098065	226.61950654713445	-31.92523543757413	-73.7730440802371	-62.41923995768926	3년	8.915095530428777	158.1537947098065	-73.7730440802371	1.084491786403804	0.8832021882326629	0.9378144306336087	16.64814814814815	2.760795265319612	3년	0.8832021882326629	불리(<1)	3년	0.20754776521438867	170.24777551478903	불리	N	주당순현금<=0	378000000.0	22.051533303363648	20.584713590434546		-5.697082176923396	572.5334027099609	536.2062007141113	Y	Y	강한 상승추세	단기위험부채 존재
CNP	CENTERPOINT ENERGY INC	0001130310	S&P 500	제외	PEG=불리, PEGY=불리(<1)	40.119998931884766	1.6	2025	2.42	38000000.0	510000000.0	548000000.0	20566000000.0	500000000.0	11153000000.0					-30.53153359261801	-31.294135590635246	44.15720782781424	44.633834076575006	1.2658227848101276	0.2092056307007928		11.031645569620256	8.918411261401586		17.65063291139241	14.269458018242538		-56.00540034569932	-64.43305484013335		3년	8.918411261401586	14.269458018242538	-64.43305484013335	0.08347046758895067	0.05954193573454794		-3.6360863265461756	-9.063026977442043	3년	0.0595419357345479	불리(<1)	3년	0.2092056307007928	211.07083819827085	불리	N	주당순현금<=0 | FCF<=0	655650000.0	-5.355037722218048	-7.043560996929942		-10.923627627961318	41.79280014038086	41.461700115203854	N	N	주의	단기위험부채 존재
MCD	MCDONALDS CORP	0000063908	S&P 500	제외	PEG=불리, PEGY=불리(<1)	255.80999755859375	11.95	2025	2.91	774000000.0		774000000.0	39973000000.0	798000000.0	-1791000000.0					-54716638.74930207	-55830541.59687325	4578819.628393275	4672033.255805089	4.91659350307286	12.78230543570502	13.62338129334184	18.33318700614572	34.06461087141004	35.74676258668368	219.08158472344135	407.07209991335	427.17381291086997	-14.357692500559793	59.1306453220654	66.98870919344151	3년	34.06461087141004	407.07209991335	59.1306453220654	1.7093037372645407e-06	3.427150818170907e-06	3.6108391758474807e-06	10030709.10106086	3921156.0129753365	3년	3.427150818170907e-06	불리(<1)	3년	12.782305435705021	358215.4761850068	불리	N	주당순현금<=0	716.4	-9.367582795892382	-21.99487843685679		-24.995602125797276	269.19220092773435	295.69835052490237	N	N	주의	단기위험부채 존재
GM	General Motors Co	0001467858	S&P 500	보류	PEG=판정불가, PEGY=안심	85.79000091552734	3.27	2025	82.0	20945000000.0	5966000000.0	26911000000.0			61119000000.0	218116000000.0	21.88801547083997	78.11198452916003	0.28021328100643694	27.65775950668037	27.65775950668037	17.777443855916506	17.777443855916506	-48.665620094191524	-18.898461530269618	-5.460789481150885	-88.83124018838305	-29.296923060539235	-2.421578962301769	-290.47815541601256	-95.8009384079633	-7.918563206726785	-438.59208802437274	-211.66911922788435	-109.23017032547155	판정불가				1.8750940897903312	3.5495282100823276	4.30541146067949	18.051387461459402	21.041365274297647	3년	3.549528210082328	안심	판정불가			판정불가	Y		973000000.0							판정불가	판정불가	판정불가	
HUM	HUMANA INC	0000049071	S&P 500	보류	PEG=판정불가, PEGY=양호	403.0899963378906	9.84	2025	88.0	4200000000.0	15703000000.0	19903000000.0	12369000000.0	1694000000.0	17657000000.0	31172000000.0	36.1608879968871	63.83911200311291	0.5664378288207366	62.35412907817854	48.33396785460083	34.62762878655611	36.05244191903352	-1.4028056112224505	-23.616654426020823	-17.217108695019935	5.694388777555099	-38.733308852041645	-25.93421739003987	56.03278557114218	-381.1357591040898	-255.1926991179923	-86.09918725837775	-194.5535147403168	-163.30911246531574	판정불가				2.5008121382656787	1.8593056420593106	2.0441160363963746	3.103636634499197	0.769961215285921	3년	1.8593056420593104	양호	판정불가			판정불가	Y		120826000.0	10.989042476725274	132.16795742092887		-1.546093713604224	388.73260009765625	280.56805015563964	Y	Y	강한 상승추세	단기위험부채 존재
ODFL	OLD DOMINION FREIGHT LINE, INC.	0000878927	S&P 500	제외	PEG=판정불가, PEGY=불리(<1)	187.00999450683594	4.84	2025	62.0	120091000.0	0.0	120091000.0	45000000.0	20000000.0	4311057000.0	1159103000.0	78.81043698904602	21.189563010953975	3.719304496666819	0.3548757549693286	0.2603569031843401	38.56510718013773	38.58463586852306	-11.67883211678833	-26.48103950985108	-3.150049031832014	-14.85766423357666	-44.46207901970216	2.199901936335972	-71.91109489051104	-215.19646245535844	10.647525371866104	-138.45307577284723	-215.0721719568267	-94.30644046595226	판정불가				1.3048367180249583	0.9210128815211054	1.5259895608037517			3년	0.9210128815211054	불리(<1)	판정불가			판정불가	N	FCF<=0	211598000.0	-24.814056318447307	-4.1072759666409775		-24.814056318447307	213.98580017089844	196.83249992370605	N	N	주의	단기위험부채 존재
IBKR	Interactive Brokers Group, Inc.	0001381197	S&P 500	제외	PEG=판정불가, PEGY=불리(<1)	90.97000122070312	2.22	2025	38.0	4963000000.0		4963000000.0		16000000.0	5363000000.0	182768000000.0	2.850673201120496	97.14932679887951	0.02934321106539438	11.1814650484052	11.145417609200186	35.94078205959366	35.957019644821145	-67.96536796536795	-16.033270923831843	-1.7104104038610624	-127.43073593073589	-23.566541847663686	5.079179192277875	-282.8962337662337	-52.31772290181339	11.275777806856883	-410.9774980434447	-157.51096207516247	-87.60494926288874	판정불가				-0.8337427915642505	0.6111922951410732	1.0097050625099622			3년	0.6111922951410732	불리(<1)	판정불가			판정불가	N	FCF<=0	443859546.0	5.374724071857173	32.80292149007755		-7.35309200650196	92.0233999633789	79.03574989318848	N	Y	상승전환	단기위험부채 존재
CEG	Constellation Energy Corp	0001868275	S&P 500	제외	PEG=판정불가, PEGY=불리(<1)	299.04998779296875	7.4	2025	56.99999999999999	3641000000.0		3641000000.0	7250000000.0	1650000000.0	14517000000.0	42396000000.0	25.50735332876496	74.49264667123504	0.3424143787149731	-11.493630573248408	-16.748407643312103	41.96535383327259	42.67545884274065	-37.76282590412111			-67.02565180824222			-495.98982338099245			-265.855155869247			판정불가				0.4584060978565258			4.101910828025478	1.3716472146674075	1년	0.4584060978565258	불리(<1)	판정불가			판정불가	N	주당순현금<=0	314000000.0	18.83568251385781	-5.6892392548702375		-25.968565724488567	267.11950042724607	296.1599002838135	Y	Y	상승전환	단기위험부채 존재
TPL	Texas Pacific Land Corp	0001811074	S&P 500	보류	PEG=판정불가, PEGY=불리(<1)	381.8999938964844	6.97	2025	66.0	144809000.0		144809000.0			1458907000.0	164371000.0	89.87413123322068	10.12586876677932	8.875695834423347	2.0978453048822923	2.0978453048822923	54.49098258129155	54.49098258129155	-64.65517241379311	-50.58674419585327		-120.81034482758622	-92.67348839170654		-842.0481034482759	-645.9342140901946		-320.4891638926071	-269.1370056070956		판정불가				0.024679818981069555	0.2828588341410929		7.633813495643156	1.9989038014261749	3년	0.2828588341410929	불리(<1)	판정불가			판정불가	Y		69027492.0							판정불가	판정불가	판정불가	
VZ	VERIZON COMMUNICATIONS INC	0000732712	S&P 500	제외	PEG=판정불가, PEGY=불리(<1)	50.40999984741211	4.06	2025	5.64	19048000000.0	350000000.0	19398000000.0	89658000000.0	441000000.0	105741000000.0					-16.606003308910424	-16.71023398723706	16.506404718306047	16.532077299174674	-1.932367149758456	-7.0765828174263685	-1.1420692869857585	4.635265700483088	-5.653165634852737	6.215861426028483	18.819178743961334	-22.95185247750211	25.236397389675638	-62.66776671111723	-145.53035617333057	-49.9377157983245	판정불가				0.22461783250289985	-0.0870318426055045	0.272496088020059			5년	0.272496088020059	불리(<1)	판정불가			판정불가	N	주당순현금<=0 | FCF<=0	4231000000.0	10.113589321913796	-0.5915977962468677		-1.8878964588131875	46.48940032958984	45.76185001373291	Y	Y	상승전환	단기위험부채 존재
UPS	UNITED PARCEL SERVICE INC	0001090727	S&P 500	제외	PEG=판정불가, PEGY=불리(<1)	100.4800033569336	6.56	2025	6.41	5887000000.0	206000000.0	6093000000.0	17321000000.0	2341000000.0	16227000000.0					-13.209411764705882	-15.963529411764705	17.330703524640164	17.750538531813767	-2.8148148148148207	-20.79061596362501		2.8703703703703587	-33.08123192725003		18.82962962962955	-217.01288144276018		-81.26032145645802	-315.97618848784134		판정불가				0.20744600356665704	-0.8297768144945287		5.605882352941176	5.5791024737802655	1년	0.207446003566657	불리(<1)	판정불가			판정불가	N	주당순현금<=0	850000000.0	-6.850838232580458	-0.43598376931710536		-16.266663869222008	107.57120025634765	104.92805015563965	N	N	주의	단기위험부채 존재
IR	Ingersoll Rand Inc.	0001699150	S&P 500	제외	PEG=판정불가, PEGY=불리(<1)	75.11000061035156	1.45	2025	10.0	1248800000.0		1248800000.0	2778100000.0	0.0	10089800000.0	8143200000.0	55.33812318323918	44.661876816760824	1.2390460752529717	-3.813715710723192	-3.813715710723192	54.43014918694811	54.43014918694811	-29.611650485436897	-0.455587184000239		-50.723300970873794	7.588825631999522		-73.548786407767	11.003797166399307		-197.9214296499827	-85.34975758623176		판정불가				-0.36030859327755815	0.1753515828740082				3년	0.1753515828740082	불리(<1)	판정불가			판정불가	N	주당순현금<=0 | FCF<=0	401000000.0	1.6235920562636563	-13.08724577439062		-23.946943108866957	81.54159973144532	82.0408999633789	N	N	중립/개선	
FTV	Fortive Corp	0001659166	S&P 500	제외	PEG=판정불가, PEGY=불리(<1)	56.5099983215332	0.58	2025	49.0	375500000.0		375500000.0	2306500000.0	899500000.0	6453400000.0					-5.771069934249851	-8.459354453078303	107.3811521651432	112.01612547346812	-75.42372881355932	-34.87672497401558	-29.666922875134137	-142.34745762711864	-61.25344994803116	-50.833845750268274	-82.56152542372881	-35.52700096985807	-29.483630535155598	-246.10073947262646	-162.8685224298095	-152.17418405748	판정불가				-0.2460741785757881	0.1315247111919977	0.18004162495046813	2.9231918708906157	5.172875522413048	3년	0.1315247111919977	불리(<1)	판정불가			판정불가	N	주당순현금<=0	334600000.0	-9.98725801159357	1.2361136339686496		-11.827115695864155	60.552799758911135	58.08989984512329	N	N	판정불가	단기위험부채 존재
NKE	NIKE, Inc.	0000320187	S&P 500	보류	PEG=판정불가, PEGY=불리(<1)	38.099998474121094	2.1	2026	4.27	7563000000.0	2583000000.0	10146000000.0	5942000000.0	5000000.0	14865000000.0					2.838622552329507	2.8352464550979066	16.791131391329326	16.792739056677707	-2.77777777777778	-13.36921346091703	-10.018369318341202	2.94444444444444	-18.23842692183406	-11.536738636682404	6.183333333333325	-38.30069653585152	-24.22715113703305	-83.7707780026992	-200.52676658731824	-163.58832574098136	판정불가				0.08886966503000385	-0.5419059174068354	-0.3423455623311702	1.4746792707629979	3.870549422107336	1년	0.0888696650300038	불리(<1)	판정불가			판정불가	Y		1481000000.0	-14.669659189062878	-32.06134588065767		-48.90706902233559	41.45339981079101	51.2973498916626	N	N	주의	단기위험부채 존재
BF-B	BROWN FORMAN CORP	0000014693	S&P 500	제외	PEG=판정불가, PEGY=불리(<1)	26.389999389648438	1.53	2026	3.46	308000000.0		308000000.0	2083000000.0	68000000.0	4020000000.0	3874000000.0	50.92475297694451	49.07524702305548	1.0376871450696954	-3.8030308548999106	-3.9487244313129777	19.734006695783233	19.82923125553034	-16.847826086956523	-2.0882960100536807	-4.036359234531672	-25.195652173913047	4.323407979892639	0.42728153093665533	-38.549347826086965	6.614814209235737	0.6537407423330827	-246.0755919577932	-74.93439044250066	-97.52277090771926	판정불가				-0.6784139831987204	0.06950965463285393	-0.029206397029085278	1.9132994667186594	7.250092879763981	3년	0.0695096546328539	불리(<1)	판정불가			판정불가	N	주당순현금<=0	466733000.0	-1.2719796423888985	3.8976369527026433		-14.54015509437825	27.19819995880127	27.238649950027465	N	N	판정불가	단기위험부채 존재
KLAC	KLA CORP	0000319201	S&P 500	제외	PEG=판정불가, PEGY=불리(<1)	188.97999572753906	3.66	2026	50.0	1649842000.0	1475936000.0	3125778000.0	3469670000.0	0.0	6349820000.0	11601715000.0	35.37201693337088	64.62798306662913	0.5473173578216669	-0.26059669620265635	-0.26059669620265635	51.705079897197194	51.705079897197194	-87.94863351992097	-46.684357143962295	-2.244895179579909	-167.39726703984195	-84.86871428792459	4.010209640840182	-612.6739973658216	-310.619494293804	14.677367285475068	-424.20045042711354	-264.3663357584355	-92.23337516282089	판정불가				-0.7339440069597122	0.06412605613665125	0.923605667283937	2.854683082341833	1.5105742125518713	3년	0.0641260561366512	불리(<1)	판정불가			판정불가	N	주당순현금<=0	1319633000.0	-11.665584328745437	30.067303172404756		-37.36369325519123	204.56800048828126	171.8995400619507	N	Y	중립/개선	
PFE	PFIZER INC	0000078003	S&P 500	제외	PEG=판정불가, PEGY=불리(<1)	27.790000915527344	1.36	2025	6.05	1142000000.0	8525000000.0	9667000000.0	61641000000.0	0.0	86476000000.0	121385000000.0	41.60280187240512	58.39719812759488	0.7124109239197595	-9.097496936810783	-9.097496936810783	27.12316018554274	27.12316018554274	-3.5460992907801296	-37.11932514902995	-4.476866683376013	1.4078014184397407	-65.7386502980599	-0.4537333667520258	1.9146099290780476	-89.40456440536147	-0.6170773787827551	-93.1104358906002	-421.7148667145516	-102.22050146978575	판정불가				0.09231596510477809	-1.1454906042102941	0.05799963226491958	1.588482408541922	5.716021432926171	5년	0.0579996322649195	불리(<1)	판정불가			판정불가	N	주당순현금<=0	5713000000.0	8.132296072153288	2.319591574575286		-4.238454592812624	26.05199993133545	26.176450004577635	Y	Y	상승전환	
SLB	SLB LIMITED/NV	0000087347	S&P 500	제외	PEG=판정불가, PEGY=불리(<1)	57.099998474121094	2.35	2025	2.05	3130000000.0	1176000000.0	4306000000.0	9742000000.0	1178000000.0	26109000000.0	27577000000.0	48.632790671683495	51.36720932831651	0.946767233564202	-3.7828810020876826	-4.602644398051496	25.907608287748417	26.25644377539259	-24.43729903536977	-0.5610216224331555		-40.37459807073954	7.377956755133689		-94.88030546623791	17.33819837456417		-266.16516287516123	-69.63537856761555		판정불가				-0.8641206392624291	0.0574726297012517		3.336812804453723	5.843805417903883	3년	0.0574726297012517	불리(<1)	판정불가			판정불가	N	주당순현금<=0	1437000000.0	2.2381379304409643	18.68633911809845		-4.991680659179709	50.99060005187988	49.16285005569458	Y	Y	강한 상승추세	단기위험부채 존재
EMR	EMERSON ELECTRIC CO	0000032604	S&P 500	제외	PEG=판정불가, PEGY=불리(<1)	152.14999389648438	1.12	2025	1.45	2354000000.0	99000000.0	2453000000.0	8319000000.0	4192000000.0	20282000000.0					-10.35115581436386	-17.74836774307394	145.09031224182877	151.69496574960561	-35.26011560693641	-3.335847899742972	-1.3703810340970568	-62.02023121387282	1.8283042005140562	5.759237931805886	-69.46265895953756	2.047700704575743	6.450346483622593	-145.6540662149462	-98.6541565647588	-95.76053451043113	판정불가				-0.23302807116841484	-0.01299775202495768	0.0005487545286293031	4.706193753308629	3.093127796318217	5년	0.0005487545286293	불리(<1)	판정불가			판정불가	N	주당순현금<=0	566700000.0	6.831902719165095	8.600990198433944		-7.440084330844843	149.60140106201172	142.83830074310302	Y	Y	강한 상승추세	단기위험부채 존재
CSX	CSX CORP	0000277948	S&P 500	제외	PEG=판정불가, PEGY=판정불가	49.0	1.54	2025	1.13	1958000000.0	5000000.0	1963000000.0	9832000000.0		13160000000.0	30522000000.0	30.126825694794196	69.87317430520581	0.4311644060022279	-4.201281366791244	-4.201281366791244	34.5462866018125	34.5462866018125	-13.966480446927374	-7.566647873326204	-15.619198935967571	-19.432960893854748	-6.633295746652408	-22.738397871935142	-29.92675977653631	-10.21527544984471	-35.01713272278012	-161.07501995211493	-120.84750091805044	-171.46353616893902	판정불가				-0.37157337906916743	-0.18631952972301516	-0.4194140777841919	0.9135077415910304	1.8643015134510825	판정불가		판정불가	판정불가			판정불가	N	주당순현금<=0	1873000000.0	3.6379045370370955	19.775116555273332		-7.946645836207377	50.16679992675781	43.234649906158445	N	Y	상승전환	
APTV	Aptiv PLC	0001521332	S&P 500	제외	PEG=판정불가, PEGY=판정불가	45.72999954223633	0.64	2025	1.9243385279005525	1851000000.0		1851000000.0	7470000000.0	81000000.0	9207000000.0	13914000000.0	39.820942000778516	60.179057999221484	0.6617076326002588	-25.99703895623207	-26.371796058110483	112.07349765385688	112.65905562554188	-43.85964912280701	-9.379349728076658	-9.25361634386701	-79.21929824561401	-10.258699456153316	-10.007232687734021	-50.70035087719297	-6.565567651938123	-6.404628920149774	-210.86890746711254	-114.35724407972964	-114.00531157721628	판정불가				-0.374176870292968	-0.06651894833514684	-0.06539706504568281	6.204312019987046	13.567268930883609	판정불가		판정불가	판정불가			판정불가	N	주당순현금<=0	216140000.0	-33.22138244666694	-36.530190693558		-48.42675032528394	52.98819976806641	66.22499988555909	N	N	주의	단기위험부채 존재
AXON	AXON ENTERPRISE, INC.	0001069183	S&P 500	제외	PEG=판정불가, PEGY=판정불가	505.42999267578125	1.51	2025		1201147000.0	505417000.0	1706564000.0	1730170000.0	80552000.0	3242658000.0	3757655000.0	46.32161447638127	53.67838552361873	0.8629472370401221	-0.28658492169479177	-1.264513779288576	334.9116407930305	335.5592757980595	-68.54166666666667	-9.393302099393695		-128.58333333333334	-10.286604198787394		-194.16083333333336	-15.532772340168965		-138.41498054071394	-103.0731797806334		판정불가							0.9115090445550564	0.1803432834940136	판정불가		판정불가	판정불가			판정불가	N	주당순현금<=0	82370000.0	11.694765147309315	-4.630446890186235		-34.999616558126846	567.6392016601562	505.41770111083986	N	Y	상승전환	단기위험부채 존재
UNH	UNITEDHEALTH GROUP INC	0000731766	S&P 500	제외	PEG=판정불가, PEGY=판정불가	400.8399963378906	13.23	2025	2.34	24365000000.0	3756000000.0	28121000000.0	72320000000.0	3620000000.0	32454000000.0	207883000000.0	13.503538780961733	86.49646121903827	0.1561166617760952	-48.51701427003293	-52.49066959385291	33.96500458109777	34.26535645742581	-14.700193423597675	-14.517352798270888	-3.7667253412291712	-20.90038684719535	-20.534705596541777	0.9665493175416575	-276.5121179883945	-271.6741550422477	12.78744747107613	-168.98316548114795	-167.7762093414546	-96.80983744439094	판정불가				-0.3639096645515066	-0.35852645829018487	-0.04200574558506533	17.64544456641054	4.402116736758025	판정불가		판정불가	판정불가			판정불가	N	주당순현금<=0	911000000.0	-2.9443108140700613	41.97067420025926		-8.137964768860561	411.1973986816406	351.92684921264646	N	Y	중립/개선	단기위험부채 존재
KR	KROGER CO	0000056873	S&P 500	제외	PEG=판정불가, PEGY=판정불가	57.20000076293945	1.54	2025	2.46	3334000000.0		3334000000.0	14509000000.0	1366000000.0	5927000000.0	44017000000.0	11.86729136633029	88.13270863366971	0.13465252061703434	-17.061068702290076	-19.146564885496183	48.22147367872047	49.57569197950367	-47.97297297297297	-20.45740326595622		-87.44594594594594	-32.41480653191244		-134.66675675675674	-49.91880205914516		-335.4313897911849	-187.2706318065089		판정불가				-0.94383206279026	-0.3732238335531883				판정불가		판정불가	판정불가			판정불가	N	주당순현금<=0 | FCF<=0	655000000.0	-9.191936436329161	-20.819487189344276		-24.33862180232743	57.688800201416015	64.00165002822877	N	N	주의	단기위험부채 존재
DVN	DEVON ENERGY CORP/DE	0001090012	S&P 500	제외	PEG=판정불가, PEGY=판정불가	48.400001525878906	4.17	2025	2.66	1384000000.0	2343000000.0	3727000000.0	7391000000.0	998000000.0	15528000000.0					-5.788309636650869	-7.3649289099526065	12.994798839935196	13.372884996602282	-8.552631578947361	-22.960449726899977		-8.605263157894722	-37.420899453799954		-35.88394736842099	-156.0451507223458		-174.14038478745556	-422.4073260388439		판정불가				-0.4534607770024354	-1.5621980745491257		10.552922590837282	21.803558384589635	판정불가		판정불가	판정불가			판정불가	N	주당순현금<=0	633000000.0	9.825282189786865	10.755150299506111		-7.048200865094511	44.93760002136231	43.573050041198734	Y	Y	강한 상승추세	단기위험부채 존재
CVS	CVS HEALTH Corp	0000064803	S&P 500	제외	PEG=판정불가, PEGY=판정불가	96.06999969482422	1.39	2025	2.75	8453000000.0	2145000000.0	10598000000.0	71348000000.0	0.0	75214000000.0	178156000000.0	29.68544026522477	70.31455973477523	0.4221805608567772	-47.7970102281668	-47.7970102281668	103.50144598776333	103.50144598776333	-62.02185792349728	-23.78711813669546	-23.938579568888617	-115.54371584699456	-39.07423627339092	-39.377159137777234	-160.60576502732243	-54.31318842001338	-54.734251201510354	-267.17577343343646	-156.53501466903774	-156.97330214986894	판정불가				-0.5726669551119586	-0.20325434041938523	-0.2047177154548515	6.142407553107789	6.393679163755333	판정불가		판정불가	판정불가			판정불가	N	주당순현금<=0	1271000000.0	-1.0199854612317316	25.87788270305691		-13.137431265604127	100.62860015869141	86.64375022888184	N	Y	중립/개선	
COP	CONOCOPHILLIPS	0001163165	S&P 500	제외	PEG=판정불가, PEGY=판정불가	135.0399932861328	6.35	2025	2.5	6497000000.0	484000000.0	6981000000.0	16147000000.0	961000000.0	64487000000.0	57452000000.0	52.88463904083189	47.11536095916811	1.1224500452551696	-7.312640512634768	-8.079326911570183	22.41773760610513	22.53847562168551	-18.693982074263765	-24.182162850978774		-28.88796414852753	-39.86432570195755		-183.43857234314981	-253.1384682074304		-235.8401817707932	-287.4544437151013		판정불가				-0.7223736114144533	-0.9671878238539988				판정불가		판정불가	판정불가			판정불가	N	주당순현금<=0 | FCF<=0	1253446000.0	15.62633121632171	18.300474359186005		-1.5743467275179501	120.75140014648437	112.96405029296875	Y	Y	강한 상승추세	단기위험부채 존재
SRE	SEMPRA	0001032208	S&P 500	제외	PEG=판정불가, PEGY=판정불가	85.47000122070312	2.75	2025	3.13	29000000.0		29000000.0		4166000000.0	31594000000.0					0.04435430833279802	-6.327371502509842	31.0638716044983	33.38086280844108	-37.782805429864254	-25.38521336020446	-26.568336591560993	-67.06561085972851	-42.27042672040892	-44.636673183121985	-184.4304298642534	-116.24367348112453	-122.75085125358547	-315.78381564311877	-236.0052320356902	-243.61863753413863	판정불가				-1.1155340155618672	-0.7164339861931996	-0.7545207786709669			판정불가		판정불가	판정불가			판정불가	N	FCF<=0	653826000.0	-5.942556798351173	-8.06711831937661		-14.31578824992168	88.59640029907227	90.97650024414062	N	N	주의	단기위험부채 존재
CVX	CHEVRON CORP	0000093410	S&P 500	제외	PEG=판정불가, PEGY=판정불가	209.8000030517578	6.63	2025	3.41	8178000000.0	0.0	8178000000.0	33477000000.0	977000000.0	186450000000.0	131836000000.0	58.57939086230623	41.42060913769377	1.414257107315149	-13.63092672413793	-14.157327586206897	33.69998940812907	33.779386219904175	-31.79012345679013	-28.68529133996226		-55.08024691358026	-48.87058267992452		-365.1820370370371	-324.0119631678995		-274.0619788966097	-254.43849306711667		판정불가				-0.8421404266063155	-0.7500088808296593				판정불가		판정불가	판정불가			판정불가	N	주당순현금<=0 | FCF<=0	1856000000.0	12.336693736665616	12.62011413007822		-0.9349304650825285	191.92800048828124	181.40075012207032	Y	Y	강한 상승추세	단기위험부채 존재
ORLY	O REILLY AUTOMOTIVE INC	0000898173	S&P 500	제외	PEG=판정불가, PEGY=판정불가	85.88999938964844	2.97	2025		193793000.0		193793000.0	6016904000.0	25000.0	-763352000.0					-6.803343540685509	-6.803372749056861	31.20987977452321	31.20988960899168	-92.6955238563699	-29.203737570730283	-11.269579863367396	-176.8910477127398	-49.907475141460566	-14.039159726734791	-525.3664117068373	-148.2252011701379	-41.69630438840233	-711.6735538947448	-272.575622567768	-148.54616915206034	판정불가							1.861365386210611	2.167150307879668	판정불가		판정불가	판정불가			판정불가	N	주당순현금<=0	855919000.0	-4.022794234056604	-9.312638348731884		-20.339454987244366	88.93420059204101	92.10739990234374	N	N	주의	단기위험부채 존재
KMB	KIMBERLY CLARK CORP	0000055785	S&P 500	제외	PEG=판정불가, PEGY=판정불가	102.93000030517578	1.5	2025	4.88	688000000.0		688000000.0	6439000000.0	963000000.0	1502000000.0					-17.259903961584634	-20.150060024009605	80.12660284450693	82.05337355279026	-80.13245033112582	-35.99237051910854	-26.238981580201248	-151.76490066225165	-63.48474103821708	-43.977963160402496	-227.64735099337747	-95.22711155732563	-65.96694474060374	-321.1671527430573	-192.51638130281555	-164.08913294959606	판정불가				-0.9391693602330821	-0.38829014852264443	-0.26656542049649007			판정불가		판정불가	판정불가			판정불가	N	주당순현금<=0 | FCF<=0	333200000.0	2.3975365525199743	1.1994899534802705		-21.40948358721929	109.59639999389648	103.23855003356934	N	N	중립/개선	단기위험부채 존재
VLO	VALERO ENERGY CORP/TX	0001035002	S&P 500	제외	PEG=판정불가, PEGY=판정불가	382.8500061035156	7.57	2025	1.29	4688000000.0		4688000000.0	8261000000.0		23725000000.0					-11.563106796116505	-11.563106796116505	52.102128520426966	52.102128520426966	-11.77156177156177	-36.119777156007146		-15.043123543123539	-63.73955431201429		-113.8764452214452	-482.50842614194823		-129.74440209115605	-226.03066957023552		판정불가				-0.20117338905746251	-0.6684904848436646		14.475728155339805	3.7810442535100375	판정불가		판정불가	판정불가			판정불가	N	주당순현금<=0	309000000.0	50.85901487314064	76.41231156868884		0.0	317.4758020019531	240.65455154418945	Y	Y	강한 상승추세	
IRM	IRON MOUNTAIN INC	0001020569	S&P 500	제외	PEG=판정불가, PEGY=판정불가	116.08000183105469	0.49	2025	2.96	158535000.0		158535000.0	16215885000.0	216074000.0	-981007000.0					-53.91701587557418	-54.64254438982459	346.9326891972018	348.41335963444754	-19.672131147540984	-36.34769139588404	-16.260604064943717	-30.84426229508197	-64.19538279176808	-24.021208129887434	-15.113688524590165	-31.45573756796636	-11.770391983644842	-113.02006227273063	-127.09832621621398	-110.13989644898157	판정불가				-0.04817110542743222	-0.09623679876676589	-0.03833770780067211	-3.1282033201708437	-2.6948684276587946	판정불가		판정불가	판정불가			판정불가	N	주당순현금<=0 | FCF<=0	297816000.0	-7.975263681045586	7.710870786709756		-12.76115740199215	122.12500015258789	109.69214981079102	N	Y	중립/개선	단기위험부채 존재
FANG	Diamondback Energy, Inc.	0001539838	S&P 500	제외	PEG=판정불가, PEGY=판정불가	199.64999389648438	5.73	2025	2.21	104000000.0		104000000.0	13726000000.0	763000000.0	36972000000.0	28092000000.0	56.824050165990414	43.17594983400959	1.316104228961982	-47.12206697823086	-49.76148388502797	43.066677290526215	43.52730851335294	-63.10367031551834	-38.48028199276532		-117.70734063103669	-68.46056398553064		-674.4630618158403	-392.2790316370906		-437.82273099669595	-296.48336770823124		판정불가				-1.4139393644123481	-0.8421890026037379				판정불가		판정불가	판정불가			판정불가	N	주당순현금<=0 | FCF<=0	289079000.0	2.785208118989013	11.930256972489172		-6.570269261320094	195.55200012207033	181.11859992980956	Y	Y	강한 상승추세	단기위험부채 존재
COF	CAPITAL ONE FINANCIAL CORP	0000927628	S&P 500	보류	PEG=판정불가, PEGY=판정불가	213.9600067138672	4.03	2025	1.46	62093000000.0		62093000000.0	31377000000.0	1087000000.0	113616000000.0	555393000000.0	16.98273117402008	83.01726882597991	0.20456865678897646	56.74487345279882	54.7367448734528	39.011199320364355	39.50949425320456	-65.22864538395167	-39.17672229952939	-4.896815963113765	-121.95729076790334	-69.85344459905878	-1.2936319262275298	-491.4878817946505	-281.5093817342069	-5.213336662696945	-329.7101637559428	-231.57102865054347	-102.4365939891135	판정불가				-1.6346240693672702	-0.966817810183056	-0.08809818777654708	48.29115093293922	22.570176396339292	판정불가		판정불가	판정불가			판정불가	Y		541300000.0	16.694845700234005	15.735388308005183		-17.050475037321743	212.0150003051758	207.64909927368163	Y	Y	강한 상승추세	단기위험부채 존재
MGM	MGM Resorts International	0000789570	S&P 500	제외	PEG=판정불가, PEGY=판정불가	40.7400016784668	0.76	2025	0.029455079787938796	2062994000.0		2062994000.0	6230141000.0	0.0	2429917000.0	38097468000.0	5.995740904576005	94.00425909542399	0.06378158779475844	-15.028931566134704	-15.028931566134704	73.38017532184408	73.38017532184408	-68.33333333333333	-39.83701324007897		-128.16666666666666	-71.17402648015793		-97.40666666666667	-54.09226012492003		-339.09342821198544	-232.7743198241216		판정불가				-0.9308219550303043	-0.5424838246255999		5.267157154449554	12.928711186660355	판정불가		판정불가	판정불가			판정불가	N	주당순현금<=0	277275000.0	-13.59490909855834	16.400004795619427		-19.629112680621486	44.782000122070315	39.63620002746582	N	Y	중립/개선	
WY	WEYERHAEUSER CO	0000106535	S&P 500	제외	PEG=판정불가, PEGY=판정불가	22.690000534057617	0.45	2025	3.65	464000000.0		464000000.0	5050000000.0	522000000.0	9426000000.0	7187000000.0	56.738698609522665	43.261301390477335	1.3115347154584667	-6.338044714587592	-7.059470650264592	64.50676721921158	66.10993596516046	-16.66666666666667	-43.761896821361546		-24.833333333333343	-79.02379364272309		-11.175000000000004	-35.56070713922539		-149.25077010565232	-256.7241353117153		판정불가				-0.20178761435110348	-0.6218246325234434		0.268116152339728	1.181648946800537	판정불가		판정불가	판정불가			판정불가	N	주당순현금<=0	723567000.0	-7.9513148673611145	-6.162116428092956		-16.27306193850666	24.084200172424318	24.274500093460084	N	N	주의	단기위험부채 존재
TSN	TYSON FOODS, INC.	0000100493	S&P 500	보류	PEG=판정불가, PEGY=판정불가	52.279998779296875	1.33	2025	3.97	1229000000.0		1229000000.0			18085000000.0					3.442577030812325	3.442577030812325	36.71986597630417	36.71986597630417	-40.888888888888886	-46.97317852013001	-5.767715060111856	-73.27777777777777	-85.44635704026003	-3.0354301202237117	-97.45944444444444	-113.64365486354583	-4.037122059897537	-286.41822249437166	-317.3750143784419	-107.72211582662901	판정불가				-1.0054200337417667	-1.1711148005790804	-0.048957560500682264	3.2969187675070026	6.306271699479453	판정불가		판정불가	판정불가			판정불가	Y		357000000.0	-7.419873119942677	-13.21381586550533		-23.956365411931824	57.47740005493164	60.46680002212524	N	N	주의	
OXY	OCCIDENTAL PETROLEUM CORP /DE/	0000797468	S&P 500	제외	PEG=판정불가, PEGY=판정불가	60.650001525878906	1.61	2025	1.87	1968000000.0		1968000000.0	35745000000.0	440000000.0	36034000000.0					-33.773622637736224	-34.213578642135786	58.64821376622057	58.92147836522651	-34.01639344262294	-49.362988839182776		-59.53278688524588	-90.22597767836555		-95.84778688524588	-145.26382406216854		-258.0342695364127	-339.5116577205452		판정불가				-0.5481222935580384	-0.8097942936249691		4.104589541045895	6.767666014475691	판정불가		판정불가	판정불가			판정불가	N	주당순현금<=0	1000100000.0	7.250225188564441	14.175456975535305		-8.43900440544566	56.33160011291504	52.493749980926516	Y	Y	강한 상승추세	단기위험부채 존재
DOC	HEALTHPEAK PROPERTIES, INC.	0000765880	S&P 500	제외	PEG=판정불가, PEGY=판정불가	20.510000228881836	0.1	2025	5.91	467457000.0		467457000.0	9847894000.0		7500094000.0	12033567000.0	38.395741586792155	61.604258413207845	0.6232644069709339	-13.47678738700427	-13.47678738700427	339.86787615886107	339.86787615886107	-72.22222222222223	-52.27593913804323	-33.51833999568201	-135.94444444444446	-96.05187827608646	-58.536679991364025	-13.594444444444447	-9.605187827608646	-5.853667999136403	-166.28202970617707	-146.83172949985044	-128.5405555037165	판정불가				-0.1951117680543205	-0.13642342330809418	-0.08123256692485206			판정불가		판정불가	판정불가			판정불가	N	주당순현금<=0 | FCF<=0	696044000.0	0.0487816043016398	17.873567118010403		-10.122697181570562	21.522000007629394	18.62700002193451	N	Y	상승전환	
GPC	GENUINE PARTS CO	0000040987	S&P 500	제외	PEG=판정불가, PEGY=판정불가	134.05999755859375	0.47	2025	3.08	333547000.0		333547000.0	3498423000.0	943540000.0	4422991000.0					-22.728014362657092	-29.503885098743268	333.59151472606567	348.00826097305753	-92.73570324574962	-61.61464058703222	-16.81535450665752	-176.97140649149924	-114.72928117406444	-25.13070901331504	-83.17656105100464	-53.92276215181028	-11.811433236258068	-162.04428059507504	-140.22285777548385	-108.81055754987288	판정불가				-0.2687589440617874	-0.1754680140323681	-0.041174172304522014	3.0227935368043086	2.254806498473292	판정불가		판정불가	판정불가			판정불가	N	주당순현금<=0	139250000.0	34.85564090135065	23.035975298294552		-10.18357062015438	129.64800033569335	119.88635021209717	Y	Y	강한 상승추세	단기위험부채 존재
CSGP	COSTAR GROUP, INC.	0001057352	S&P 500	보류	PEG=판정불가, PEGY=판정불가	30.34000015258789	0.02	2025		1633000000.0	0.0	1633000000.0	993000000.0	0.0	8334000000.0	2167000000.0	79.3638701076088	20.6361298923912	3.845869866174435	1.5212740670311387	1.5212740670311387	1440.9363042778375	1440.9363042778375	-94.11764705882352	-72.19119357371476	-53.398733410393206	-179.73529411764704	-135.8823871474295	-98.29746682078641	-3.5947058823529408	-2.71764774294859	-1.9659493364157283	-111.84807470096972	-108.95730958892824	-106.47972750998171	판정불가							0.2923698597575469	0.9636448855871507	판정불가		판정불가	판정불가			판정불가	Y		420700000.0	-10.580607486880167	-34.513276595099995		-66.00941135282257	30.29560001373291	43.5442999458313	Y	N	주의	
APD	Air Products & Chemicals, Inc.	0000002969	S&P 500	제외	PEG=판정불가, PEGY=판정불가	297.7099914550781	-1.77	2025	2.4	1856000000.0	0.0	1856000000.0	4918100000.0	34700000.0	15024900000.0	23709700000.0	38.78935112276879	61.21064887723121	0.6337026617797779	-13.749887741356085	-13.905702739110911			-110.30267753201397			-212.10535506402795			375.4264784633295			26.104762768762548			판정불가							-23.661427929950605	-7.94781116156154	판정불가		판정불가	판정불가			판정불가	N	주당순현금<=0 | FCF<=0 | 순현금차감PER<=0/불가	222700000.0	5.205307759162414	8.210961303728004		-5.245237231697564	300.5743994140625	282.7347494506836	N	Y	상승전환	단기위험부채 존재
ALB	ALBEMARLE CORP	0000915913	S&P 500	제외	PEG=판정불가, PEGY=판정불가	129.57000732421875	-5.76	2025	1.3	613110000.0		613110000.0	3119464000.0	367178000.0	9533365000.0					-21.300941664400327	-24.421505303236334			48.57142857142857			105.64285714285714			-608.5028571428571			-569.6324942084942			1년	105.64285714285714	-608.5028571428571	-569.6324942084942				5.885113543649714	4.5420338125964514	판정불가		판정불가	1년	48.57142857142857		판정불가	N	주당순현금<=0 | 순현금차감PER<=0/불가	117664000.0	-15.197321148139286	-22.198863607731646		-39.908167026068874	127.89380004882813	156.61654987335206	Y	N	주의	단기위험부채 존재
ARE	ALEXANDRIA REAL ESTATE EQUITIES, INC.	0001035443	S&P 500	제외	PEG=판정불가, PEGY=판정불가	50.77000045776367	-8.44	2025	5.47	549062000.0		549062000.0	12400555000.0		15470070000.0	14925399000.0	50.89597400191456	49.10402599808544	1.036492893757815	-69.58899516755037	-69.58899516755037			-568.8888888888889			-1129.2777777777778			9531.104444444445			18673.102931865273			판정불가									판정불가		판정불가	판정불가			판정불가	N	주당순현금<=0 | FCF<=0 | 순현금차감PER<=0/불가	170307000.0	-4.117092112870369	-0.5484794975150642		-41.94396543225473	50.6683999633789	50.13110010147095	Y	Y	중립/개선	
APO	Apollo Global Management, Inc.	0001858681	S&P 500	제외	PEG=판정불가, PEGY=판정불가	131.80999755859375	5.54	2025	1.68	8980000000.0		8980000000.0	13364000000.0		23341000000.0	418434000000.0	5.283458774262916	94.71654122573709	0.055781795934364796	-7.384732856185598	-7.384732856185598	25.12540260194573	25.12540260194573	-24.42019099590723			-40.34038199181446			-223.4857162346521			-269.5514151992193			판정불가				-0.9050677259255624					판정불가		판정불가	판정불가			판정불가	N	주당순현금<=0 | FCF<=0	593657223.0	-0.670685312823005	21.854488111136238		-13.680418996163525	127.25239944458008	127.8046501159668	Y	Y	중립/개선	
ARES	Ares Management Corp	0001176948	S&P 500	보류	PEG=판정불가, PEGY=판정불가	138.6199951171875	0.039510671963162464	2014	3.85	488896000.0		488896000.0			4275463000.0	19931981000.0	17.661769660605227	82.33823033939478	0.21450266283115563	6.083971489795992	6.083971489795992	3354.4360812430796	3354.4360812430796													판정불가							40.42582623597222	29.163055590787433	판정불가		판정불가	판정불가			판정불가	Y		80358036.0	6.1327574224060655	27.5487621714571		-24.952633815923875	131.62719985961914	133.21245044708252	Y	Y	상승전환	
AVB	AVB		S&P 500	판정불가																																																												SEC ticker mapping 없음
BKR	Baker Hughes Co	0001701605	S&P 500	제외	PEG=판정불가, PEGY=판정불가	63.91999816894531	2.98	2024	1.45	7023000000.0		7023000000.0			18834000000.0									56.020942408376975		111.75011009858267	120.54188481675395		232.00022019716533	359.21481675392675		691.3606561875526	461.9756368022653		981.6030600630417	5년	232.00022019716533	691.3606561875526	981.6030600630417						판정불가		판정불가	5년	111.75011009858267		판정불가	N	주당순현금<=0 | FCF<=0 | 순현금차감PER<=0/불가		0.5822170516549541	7.718230543613647		-8.253193844008166	60.10760009765625	58.577750053405765	Y	Y	강한 상승추세	
BAX	BAXTER INTERNATIONAL INC	0000010456	S&P 500	제외	PEG=판정불가, PEGY=판정불가	24.860000610351562	-1.87	2025	15.0	1966000000.0	5148000000.0	7114000000.0	9438000000.0	1000000.0	6129000000.0	13953000000.0	30.519868538990142	69.48013146100986	0.43926037411309393	-4.530214424951267	-4.5321637426900585			-87.00000000000001			-165.50000000000003			309.48500000000007			1144.9114738602714			판정불가									판정불가		판정불가	판정불가			판정불가	N	주당순현금<=0 | FCF<=0 | 순현금차감PER<=0/불가	513000000.0	24.113828048574824	42.38259973598624		-12.310404670750252	24.77240001678467	20.37854998588562	Y	Y	강한 상승추세	단기위험부채 존재
BLK	BlackRock, Inc.	0002012383	S&P 500	제외	PEG=판정불가, PEGY=판정불가	1095.3699951171875	35.31	2025	2.04	11468000000.0		11468000000.0	12768000000.0		55888000000.0	108456000000.0	34.006717616706425	65.99328238329359	0.5153057461090211	-8.081234006422008	-8.081234006422008	31.250388816868007	31.250388816868007	-15.94858367055462			-23.39716734110924			-826.1539788145673			-175.422367099455			판정불가				-0.4450691398452998			22.080417839085364	2.0157953876327515	판정불가		판정불가	판정불가			판정불가	N	주당순현금<=0	160866521.0	8.242417816262805	13.232923803345354		-8.915754642105966	1094.6863989257813	1059.6437017822266	Y	Y	강한 상승추세	
BK	BK		S&P 500	판정불가																																																												SEC ticker mapping 없음
BG	Bunge Global SA	0001996862	S&P 500	제외	PEG=판정불가, PEGY=판정불가	123.88999938964844	0.49	2025	2.43	1135000000.0	861000000.0	1996000000.0	8831000000.0	3883000000.0	15904000000.0					-41.05920370735475	-64.3851565962587	336.6310267285779	384.235012216137	-88.76146788990825			-169.0229357798165			-82.82123853211009			-166.85062469943816			판정불가				-0.2564572515162615			-5.2803277335427685	-4.26210974215564	판정불가		판정불가	판정불가			판정불가	N	주당순현금<=0 | FCF<=0	166466940.0	-2.2024004647980377	3.4572019955310562		-5.722550843082619	113.89940078735351	114.33215038299561	Y	Y	중립/개선	단기위험부채 존재
CNC	CENTENE CORP	0001071739	S&P 500	제외	PEG=판정불가, PEGY=판정불가	64.58000183105469	-13.53	2025		17888000000.0	2432000000.0	20320000000.0	17351000000.0	50000000.0	19953000000.0	56691000000.0	26.03334899013621	73.96665100986378	0.35196062867121763	6.020895691885885	5.919499671476894			-314.42155309033285			-620.3431061806657			8393.242226624407			12896.658390598457			판정불가							8.762644083745002	13.568664966391028	판정불가		판정불가	판정불가			판정불가	N	순현금차감PER<=0/불가	493116000.0	-2.4618596525554537	77.4175800106518		-6.024446036245401	65.50999977111816	50.47379991531372	N	Y	중립/개선	단기위험부채 존재
CRL	CHARLES RIVER LABORATORIES INTERNATIONAL, INC.	0001100682	S&P 500	제외	PEG=판정불가, PEGY=판정불가	280.760009765625	-2.91	2025		213770000.0	1063000.0	214833000.0	1626760000.0	166000.0	3164630000.0	3924228000.0	44.64231051038122	55.35768948961878	0.8064337749998216	-28.4869461706077	-28.490295375675895			-1555.0			-3101.5			9025.365			3114.6191359425666			판정불가									판정불가		판정불가	판정불가			판정불가	N	주당순현금<=0 | FCF<=0 | 순현금차감PER<=0/불가	49564000.0							판정불가	판정불가	판정불가	단기위험부채 존재
COIN	Coinbase Global, Inc.	0001679788	S&P 500	보류	PEG=판정불가, PEGY=판정불가	178.94000244140625	4.45	2025		11285452000.0	309765000.0	11595217000.0	5937034000.0	452105000.0	14793058000.0	14878774000.0	49.855559980253325	50.144440019746675	0.9942390414694114	19.700576931781384	18.126444505569115	35.78414056396065	36.13787818782857	-53.05907172995781			-97.61814345991561			-434.4007383966245			-342.76334663562363			판정불가							8.437931958956717	4.715509021924659	판정불가		판정불가	판정불가			판정불가	Y		287209000.0	15.073956553959	-8.94565512357779		-53.794508348776525	163.74499969482423	192.34624969482422	Y	N	중립/개선	단기위험부채 존재
CAG	CONAGRA BRANDS INC.	0000023217	S&P 500	제외	PEG=판정불가, PEGY=판정불가	15.260000228881836	-4.0	2026	7.91	218000000.0		218000000.0	6456000000.0	34200000.0	8932700000.0	10916800000.0	45.0021411118668	54.9978588881332	0.8182526014949436	-13.022964509394573	-13.094363256784968			-266.6666666666667			-524.8333333333334			2099.3333333333335			13657.098963603099			판정불가							2.04321503131524	13.389351249472131	판정불가		판정불가	판정불가			판정불가	N	주당순현금<=0 | 순현금차감PER<=0/불가	479000000.0	16.133940868855333	-15.59734351064186		-23.77622437583875	15.036000099182129	15.864900040626527	Y	N	중립/개선	단기위험부채 존재
STZ	CONSTELLATION BRANDS, INC.	0000016918	S&P 500	제외	PEG=판정불가, PEGY=판정불가	120.9800033569336			3.21	102400000.0		102400000.0	9692900000.0	272000000.0	8082400000.0	13513600000.0	37.42544915725134	62.57455084274866	0.5980937721998579																	판정불가									판정불가		판정불가	판정불가			판정불가	N	주당순현금<=0 | FCF<=0 | 순현금차감PER<=0/불가		-13.641225983663109	-19.39502544554872		-27.41780137208267	132.61099990844727	145.1067502975464	N	N	주의	단기위험부채 존재 | EPS 없음
CTRA	CTRA		S&P 500	판정불가																																																												SEC ticker mapping 없음
CRWD	CrowdStrike Holdings, Inc.	0001535527	S&P 500	제외	PEG=판정불가, PEGY=판정불가	210.02000427246094	-0.65	2026		5230125000.0	0.0	5230125000.0	745471000.0		4428390000.0	6614079000.0	40.10325951560289	59.89674048439711	0.6695399314099514	17.897380435476663	17.897380435476663															판정불가							5.228916576208416	2.4897231072450094	판정불가		판정불가	판정불가			판정불가	N	순현금차감PER<=0/불가	250576000.0	30.25910201576998	92.5331842739872		-9.082249232700889	201.50854919433593	142.89761241912842	Y	Y	강한 상승추세	
DDOG	Datadog, Inc.	0001561550	S&P 500	보류	PEG=판정불가, PEGY=판정불가	210.22999572753906	0.31	2025		401305000.0	4073531000.0	4474836000.0			3732206000.0	2911638000.0	56.175400867329216	43.824599132670784	1.2818234959153576	12.311363736408858	12.311363736408858	638.4471999713878	638.4471999713878	-40.38461538461539			-72.26923076923077			-22.40346153846154			-110.65664367300694			판정불가							2.752776004754149	1.3094116256948338	판정불가		판정불가	판정불가			판정불가	Y		363472000.0	-7.5261726427237825	70.80759879749637		-27.041471393172223	248.64380004882813	176.53742515563965	N	Y	중립/개선	
DOW	DOW INC.	0001751788	S&P 500	제외	PEG=판정불가, PEGY=판정불가	29.56999969482422	-3.7	2025	4.76	3816000000.0	21000000.0	3837000000.0	15060000000.0	62000000.0	16008000000.0					-15.77150084317032	-15.858628442945475			-335.6687898089172			-662.8375796178344			2452.4990445859876			8193.875785921162			판정불가									판정불가		판정불가	판정불가			판정불가	N	주당순현금<=0 | FCF<=0 | 순현금차감PER<=0/불가	711600000.0	-10.987361203358958	-12.747122374229802		-29.37664091434661	30.014000091552735	31.515050096511843	N	N	주의	단기위험부채 존재
DD	DuPont de Nemours, Inc.	0001666700	S&P 500	제외	PEG=판정불가, PEGY=판정불가	131.32000732421875	-0.3	2025	1.82	715000000.0	0.0	715000000.0	7859000000.0	60000000.0	13919000000.0	7472000000.0	65.0694217194147	34.930578280585294	1.8628211991434689	-17.041984732824428	-17.185114503816795			-117.96407185628743			-227.42814371257487			68.22844311377246			-48.04413698719815			판정불가									판정불가		판정불가	판정불가			판정불가	N	주당순현금<=0 | FCF<=0 | 순현금차감PER<=0/불가	419200000.0							판정불가	판정불가	판정불가	단기위험부채 존재
SATS	SATS		S&P 500	판정불가																																																												SEC ticker mapping 없음
EA	EA		S&P 500	판정불가																																																												SEC ticker mapping 없음
EQR	EQR		S&P 500	판정불가																																																												SEC ticker mapping 없음
ERIE	ERIE INDEMNITY CO	0000922621	S&P 500	제외	PEG=판정불가, PEGY=판정불가	243.35000610351562			2.31	266417000.0	33902000.0	300319000.0	0.0	0.0	2283374000.0	1072107000.0	68.04908148787014	31.950918512129856	2.1298004770046273																	판정불가									판정불가		판정불가	판정불가			판정불가	N	주당순현금<=0 | FCF<=0 | 순현금차감PER<=0/불가								판정불가	판정불가	판정불가	EPS 없음
XOM	ExxonMobil Holdings Corp	0002115436	S&P 500	제외	PEG=판정불가, PEGY=판정불가	160.66000366210938			2.58																											판정불가									판정불가		판정불가	판정불가			판정불가	N	주당순현금<=0 | FCF<=0 | 순현금차감PER<=0/불가		7.890672024064838	8.458785098406985		-6.304308323110086	153.44280059814454	144.9488499069214	Y	Y	강한 상승추세	EPS 없음
F	FORD MOTOR CO	0000037996	S&P 500	제외	PEG=판정불가, PEGY=판정불가	14.0	-2.06	2025	4.1	23356000000.0	15131000000.0	38487000000.0	291000000.0		35952000000.0	253180000000.0	12.434459001424955	87.56554099857505	0.14200173789398846	9.59939683337522	9.59939683337522			-241.0958904109589			-473.6917808219178			975.8050684931507			6870.036203522504			판정불가									판정불가		판정불가	판정불가			판정불가	N	FCF<=0 | 순현금차감PER<=0/불가	3979000000.0	-6.354513855420807	14.379087106151589		-19.724773100435577	14.110999965667725	13.505449981689454	N	Y	중립/개선	
GIS	GENERAL MILLS INC	0000040704	S&P 500	제외	PEG=판정불가, PEGY=판정불가	37.689998626708984	-3.74	2026	6.37	453800000.0		453800000.0	12416000000.0	68400000.0	7368400000.0	22636100000.0	24.55764968588045	75.44235031411955	0.32551543772999764	-22.246977868700018	-22.37418634926539			-805.6603773584906			-1602.8207547169811			5994.54962264151			15804.881509848286			판정불가							3.0245490050213872	8.024805293779034	판정불가		판정불가	판정불가			판정불가	N	주당순현금<=0 | 순현금차감PER<=0/불가	537700000.0	11.77342011354494	-10.856197457686456		-26.257096113054157	37.83459999084473	39.85594997406006	N	N	중립/개선	단기위험부채 존재
GDDY	GoDaddy Inc.	0001609711	S&P 500	제외	PEG=판정불가, PEGY=판정불가	92.87999725341797	6.22	2025		932400000.0	0.0	932400000.0	3765200000.0	15100000.0	215100000.0					-20.14492856685701	-20.252309399022906	18.171209938950962	18.188473738334547													판정불가							11.203874243534038	12.062741790317762	판정불가		판정불가	판정불가			판정불가	N	주당순현금<=0	140621000.0	13.865388746975071	2.9597585589654196		-37.61418981244235	93.61779968261719	96.01494983673096	N	N	중립/개선	단기위험부채 존재
HAL	HALLIBURTON CO	0000045012	S&P 500	제외	PEG=판정불가, PEGY=판정불가	36.79999923706055	-1.29	2019	1.83	2206000000.0		2206000000.0	7158000000.0	0.0	10461000000.0	14505000000.0	41.90098534006248	58.099014659937524	0.7211995863495346	-5.805392731535756	-5.805392731535756			-168.25396825396825			-328.0079365079365			423.1302380952381			1049.8104534445536			판정불가									판정불가		판정불가	판정불가			판정불가	N	주당순현금<=0 | FCF<=0 | 순현금차감PER<=0/불가	853000000.0	-7.117616786594061	4.131293373426148		-14.37878169147655	34.1427997970581	34.85074996948242	Y	Y	중립/개선	
HAS	HASBRO, INC.	0000046080	S&P 500	제외	PEG=판정불가, PEGY=판정불가	90.30999755859375	-2.3	2025	3.03	4580369000.0		4580369000.0	2767900000.0	0.0	2995530000.0	4986500000.0	37.528423220659406	62.4715767793406	0.6007279655068686	12.927738944365192	12.927738944365192			-183.63636363636363			-358.77272727272725			825.1772727272726			813.7164157178631			판정불가							5.919400855920114	6.55453550652525	판정불가		판정불가	판정불가			판정불가	N	순현금차감PER<=0/불가	140200000.0	7.180151043174354	-5.006839330503976		-14.753638401563386	89.31859985351562	89.66749977111816	Y	Y	상승전환	
HPE	Hewlett Packard Enterprise Co	0001645590	S&P 500	제외	PEG=판정불가, PEGY=판정불가	56.029998779296875	-0.04	2025	1.1	5773000000.0		5773000000.0	21748000000.0	4609000000.0	24688000000.0	14276000000.0	63.361051226773434	36.63894877322657	1.7293359484449426	-12.06570996978852	-15.546827794561933			-102.07253886010363			-195.64507772020727			7.825803108808291			-86.03283369747291			판정불가									판정불가		판정불가	판정불가			판정불가	N	주당순현금<=0 | FCF<=0 | 순현금차감PER<=0/불가	1324000000.0	16.076234199175566	165.54501311053573		-6.335675250522055	50.25320022583008	33.43405013084411	Y	Y	강한 상승추세	단기위험부채 존재
HON	HONEYWELL INTERNATIONAL INC	0000773840	S&P 500	제외	PEG=판정불가, PEGY=판정불가	208.24000549316406	-0.18	2025	1.34	12487000000.0	443000000.0	12930000000.0	29046000000.0	5893000000.0	13904000000.0					-25.07156191661481	-34.23926571250778			-102.06659012629163			-195.63318025258326			35.21397244546498			-83.08971786565719			판정불가							8.434971997510889	4.050601121304612	판정불가		판정불가	판정불가			판정불가	N	주당순현금<=0 | 순현금차감PER<=0/불가	642800000.0	-7.947684196304728	-17.47772472162856		-19.949671216407783	228.20539978027344	229.78103042602538	N	N	주의	단기위험부채 존재
INTC	INTEL CORP	0000050863	S&P 500	제외	PEG=판정불가, PEGY=판정불가	104.47000122070312	-0.06	2025	0.47860629286650525	14265000000.0	23151000000.0	37416000000.0	44086000000.0	0.0	114281000000.0					-1.4724061810154525	-1.4724061810154525			98.63013698630138			205.76027397260276			-12.345616438356165			-111.81737943342686			1년	205.76027397260276	-12.345616438356165	-111.81737943342686				-1.0924944812362032	-1.04574946728315	판정불가		판정불가	1년	98.63013698630138		판정불가	N	주당순현금<=0 | FCF<=0 | 순현금차감PER<=0/불가	4530000000.0	-3.1968096801126	123.32194088670593		-25.876259819042502	100.1297998046875	74.50564994812012	Y	Y	강한 상승추세	
IFF	INTERNATIONAL FLAVORS & FRAGRANCES INC	0000051253	S&P 500	제외	PEG=판정불가, PEGY=판정불가	85.62000274658203	-1.41	2025	1.85	590000000.0		590000000.0	4740000000.0	314000000.0	14154000000.0					-16.2109375	-17.4375			-248.42105263157896			-488.3421052631579			688.5623684210526			704.2073654903498			판정불가							1.0	1.1679513757547972	판정불가		판정불가	판정불가			판정불가	N	주당순현금<=0 | 순현금차감PER<=0/불가	256000000.0	12.984961897325142	17.52917575831836		-2.78187459603928	81.67919982910156	74.74699987411499	Y	Y	강한 상승추세	단기위험부채 존재
IP	INTERNATIONAL PAPER CO /NEW/	0000051434	S&P 500	제외	PEG=판정불가, PEGY=판정불가	36.4900016784668	-4.52	2025	4.97	1145000000.0		1145000000.0	8839000000.0	992000000.0	14827000000.0					-15.214554083448686	-17.176191417836662			-387.8980891719745			-767.296178343949			3468.178726114649			9404.463049014505			판정불가							2.301759936721376	6.307919514510939	판정불가		판정불가	판정불가			판정불가	N	주당순현금<=0 | 순현금차감PER<=0/불가	505700000.0	6.946080951858669	-6.65131354303401		-25.81825025981277	39.444800186157224	38.382950115203855	N	N	중립/개선	단기위험부채 존재
IVZ	Invesco Ltd.	0000914208	S&P 500	제외	PEG=판정불가, PEGY=판정불가	32.34000015258789	-1.6	2025	2.6	1037500000.0	363900000.0	1401400000.0	1186000000.0	0.0	12231000000.0	14089100000.0	46.4701881831756	53.5298118168244	0.8681179067506086	0.4734065934065934	0.4734065934065934			-235.5932203389831			-462.6864406779662			740.298305084746			2189.1103945325935			판정불가							3.167032967032967	9.792928114069712	판정불가		판정불가	판정불가			판정불가	N	순현금차감PER<=0/불가	455000000.0	15.872448331763579	34.91865281185132		-2.91204197151701	30.551399955749513	27.28764995574951	Y	Y	강한 상승추세	
KKR	KKR & Co. Inc.	0001404912	S&P 500	제외	PEG=판정불가, PEGY=판정불가	105.7300033569336			72.0	5363009000.0		5363009000.0	36914472000.0		30902561000.0	328512161000.0	8.59802314942458	91.40197685057542	0.09406824059703531																	판정불가									판정불가		판정불가	판정불가			판정불가	N	주당순현금<=0 | FCF<=0 | 순현금차감PER<=0/불가		10.319289854910952	17.530018266955373		-29.201817363304894	102.90340057373047	105.63815017700195	Y	Y	상승전환	EPS 없음
KHC	Kraft Heinz Co	0001637459	S&P 500	제외	PEG=판정불가, PEGY=판정불가	24.899999618530273	-4.93	2025	6.44	2615000000.0		2615000000.0		0.0	41664000000.0	39997000000.0	51.020683067804704	48.979316932195296	1.0416781258594394	2.203032855939343	2.203032855939343			-318.14159292035396			-627.7831858407079			3094.97110619469			12329.603026545634			판정불가							3.08424599831508	12.386530303477684	판정불가		판정불가	판정불가			판정불가	N	순현금차감PER<=0/불가	1187000000.0	6.274004670114164	5.240911999641429		-9.847940398464594	25.453800010681153	24.02975001335144	N	Y	상승전환	
LYV	Live Nation Entertainment, Inc.	0001335258	S&P 500	제외	PEG=판정불가, PEGY=판정불가	170.4499969482422	-0.24	2025		7094200000.0		7094200000.0	1715688000.0		271007000.0					23.19881058106669	23.19881058106669			-108.75912408759125			-209.0182481751825			50.1643795620438			-70.56944531522848			판정불가							1.4389441534685132	0.8442030972317672	판정불가		판정불가	판정불가			판정불가	N	순현금차감PER<=0/불가	231844300.0	4.789126466709548	2.9722698031945383		-9.55640938343435	181.38919982910156	160.63670066833495	N	Y	상승전환	
LITE	Lumentum Holdings Inc.	0001633978	S&P 500	제외	PEG=판정불가, PEGY=판정불가	978.5349731445312	-92.96	2026		2043500000.0	694900000.0	2738400000.0	40500000.0	1596900000.0	4643900000.0	2663600000.0	63.54977762572699	36.450222374273004	1.7434674876107523	36.16487935656836	14.758713136729222			-25224.324324324323			-50440.14864864865			4688916.218378378			479077.1727187739			판정불가							4.022788203753351	0.4111031607614477	판정불가		판정불가	판정불가			판정불가	N	순현금차감PER<=0/불가	74600000.0	19.077949950815952	45.61532338460286		-7.079641350272103	819.6193005371093	688.8784252166748	Y	Y	강한 상승추세	단기위험부채 존재
LYB	LyondellBasell Industries N.V.	0001489393	S&P 500	제외	PEG=판정불가, PEGY=판정불가	64.58999633789062	-2.34	2025	4.35	3443000000.0	0.0	3443000000.0	5772000000.0	226000000.0	10082000000.0					-4.071678321678322	-4.466783216783217			-156.38554216867468			-304.27108433734935			711.9943373493975			1002.329118621916			판정불가							0.6713286713286714	1.0393694215691538	판정불가		판정불가	판정불가			판정불가	N	주당순현금<=0 | 순현금차감PER<=0/불가	572000000.0	1.4927670605803245	-1.55464755825655		-21.595049172921932	60.82259979248047	60.5921999168396	Y	Y	상승전환	단기위험부채 존재
MRNA	Moderna, Inc.	0001682852	S&P 500	제외	PEG=판정불가, PEGY=판정불가	140.3300018310547	-7.26	2025		2595000000.0	3204000000.0	5799000000.0	590000000.0		8650000000.0	3688000000.0	70.10860755389852	29.891392446101474	2.3454446854663775	13.390745501285346	13.390745501285346			21.76724137931034			52.03448275862068			-377.77034482758614			-369.2014108874518			1년	52.03448275862068	-377.77034482758614	-369.2014108874518				-5.308483290488432	-3.782856995098875	판정불가		판정불가	1년	21.76724137931034		판정불가	N	FCF<=0 | 순현금차감PER<=0/불가	389000000.0	194.00796810583776	155.2382739167748		-19.52632302920293	86.95720062255859	55.40092511177063	Y	Y	강한 상승추세	
TAP	MOLSON COORS BEVERAGE CO	0000024545	S&P 500	제외	PEG=판정불가, PEGY=판정불가	38.84000015258789	-10.75	2025	4.74	896500000.0		896500000.0	3865400000.0	7000000.0	10230300000.0	12195700000.0	45.618032640684916	54.38196735931508	0.838844838754643	-14.911602209944752	-14.946760421898544			-300.9345794392524			-593.3691588785048			6378.718457943926			16323.064966231508			판정불가									판정불가		판정불가	판정불가			판정불가	N	주당순현금<=0 | FCF<=0 | 순현금차감PER<=0/불가	199100000.0	-4.146101397325852	-15.325918776968273		-28.5766837261777	41.00680000305176	44.04559997558594	N	N	주의	단기위험부채 존재
MNST	Monster Beverage Corp	0000865752	S&P 500	보류	PEG=판정불가, PEGY=판정불가	43.150001525878906	2.28	2010	0.006034762243144463	2088117000.0	677084000.0	2765201000.0	373951000.0		8254108000.0					2.429018813531603	2.429018813531603	17.86008013699443	17.86008013699443													판정불가							1.9969526162297564	4.627931739543737	판정불가		판정불가	판정불가			판정불가	Y		984451000.0	-4.270658246207459	12.516305717709209		-13.648187969222258	47.29320014953613	41.818350067138674	N	Y	중립/개선	
NCLH	Norwegian Cruise Line Holdings Ltd.	0001513761	S&P 500	제외	PEG=판정불가, PEGY=판정불가	15.390000343322754	0.92	2025		209893000.0	240000000.0	449893000.0	1552480000.0		2209888000.0	20331513000.0	9.803685227905754	90.19631477209424	0.1086927470670776	-2.307911555273571	-2.307911555273571	19.23686075934383	19.23686075934383	-51.322751322751316			-94.14550264550263			-86.61386243386242			-662.7931156703418			판정불가							-2.4487259618083104	-15.911149494358115	판정불가		판정불가	판정불가			판정불가	N	주당순현금<=0 | FCF<=0	477742311.0	-19.127694230075143	-24.373464104027455		-42.8730510830292	18.64119997024536	19.83435004234314	N	N	주의	
OMC	OMNICOM GROUP INC.	0000029989	S&P 500	제외	PEG=판정불가, PEGY=판정불가	81.12999725341797	-0.27	2025	3.87	5316800000.0	0.0	5316800000.0	9272900000.0	62000000.0	12045800000.0					-19.307467057101025	-19.610053684724257			-103.61930294906168			-198.73860589812335			53.65942359249331			-33.859946494411275			판정불가							13.608589555880917	16.77380748993874	판정불가		판정불가	판정불가			판정불가	N	주당순현금<=0 | 순현금차감PER<=0/불가	204900000.0							판정불가	판정불가	판정불가	단기위험부채 존재
PANW	Palo Alto Networks Inc	0001327567	S&P 500	제외	PEG=판정불가, PEGY=판정불가	336.9800109863281	1.6	2025		2268600000.0	634600000.0	2903200000.0	1991500000.0		7824400000.0	15751800000.0	33.18770624612957	66.81229375387043	0.4967305323836006	1.2853517552516565	1.2853517552516565	209.80916201942279	209.80916201942279	-78.02197802197801			-147.54395604395603			-236.07032967032967			-170.05469819392565			판정불가									판정불가		판정불가	판정불가			판정불가	N	FCF<=0	709300000.0	29.34900399087752	103.51492164504083		-14.904037629715116	349.9597998046875	233.74690017700195	N	Y	상승전환	
PSKY	Paramount Skydance Corp	0002041610	S&P 500	제외	PEG=판정불가, PEGY=판정불가	10.800000190734863	-0.53	2025	1.84	3274000000.0		3274000000.0		0.0	11693000000.0					2.970961887477314	2.970961887477314															판정불가							0.29310344827586204	2.7139207694395275	판정불가		판정불가	판정불가			판정불가	N	순현금차감PER<=0/불가	1102000000.0	5.468754220055505	4.549857410455704		-45.26102158484531	9.587200021743774	10.984200026988983	Y	N	중립/개선	
PPL	PPL Corp	0000922224	S&P 500	제외	PEG=판정불가, PEGY=판정불가	35.08000183105469	1.59	2025	3.25	1071000000.0	0.0	1071000000.0	17990000000.0	456000000.0	13933000000.0					-22.76053746024742	-23.373978271280745	36.3776976674856	36.76350949832417													판정불가							-1.8847161760037021	-5.372622798255532	판정불가		판정불가	판정불가			판정불가	N	주당순현금<=0 | FCF<=0	743348000.0	-1.8741207522945835	-7.293864456669263		-11.881435265183738	35.50920021057129	36.27945009231567	N	N	주의	단기위험부채 존재
Q	Qnity Electronics, Inc.	0002058873	S&P 500	제외	PEG=판정불가, PEGY=판정불가	123.27999877929688	3.3	2025	27.0	915000000.0		915000000.0	4100000000.0		7095000000.0	6704000000.0	51.41676933111094	48.58323066888905	1.0583233890214798	-15.181124880838894	-15.181124880838894	41.9579162606472	41.9579162606472													판정불가									판정불가		판정불가	판정불가			판정불가	N	주당순현금<=0 | FCF<=0	209800000.0	-14.803039820800446	8.168814125538981		-29.810977449500875	134.89239974975587	121.83795005798339	N	Y	중립/개선	
SJM	J M SMUCKER Co	0000091419	S&P 500	제외	PEG=판정불가, PEGY=판정불가	124.66000366210938	-1.3	2026	3.55	101300000.0	18600000.0	119900000.0	6392800000.0	420900000.0	5543800000.0	10675600000.0	34.18005598234213	65.81994401765786	0.519296339315823	-57.86808118081181	-61.75092250922509			88.76404494382022			186.02808988764045			-241.83651685393258			-293.99687931137066			1년	186.02808988764045	-241.83651685393258	-293.99687931137066				10.666051660516604	8.55611370702901	판정불가		판정불가	1년	88.76404494382022		판정불가	N	주당순현금<=0 | 순현금차감PER<=0/불가	108400000.0	10.917345261228872	14.925788014388019		-5.8032287201918	119.6613998413086	106.91005012512207	Y	Y	강한 상승추세	단기위험부채 존재
TTWO	TAKE TWO INTERACTIVE SOFTWARE INC	0000946581	S&P 500	제외	PEG=판정불가, PEGY=판정불가	213.2899932861328	-1.62	2026	0.0004688452489463394	1545500000.0	443800000.0	1989300000.0	2488000000.0	30000000.0	3510900000.0	5872300000.0	37.416872708670816	62.58312729132919	0.5978747679784752	-2.9318048206937095	-3.1081716637272194			93.66692728694292			195.83385457388584			-317.2508444096951			-248.74155112569989			1년	195.83385457388584	-317.2508444096951	-248.74155112569989				2.7131099353321577	1.2720287030495925	판정불가		판정불가	1년	93.66692728694292		판정불가	N	주당순현금<=0 | 순현금차감PER<=0/불가	170100000.0	0.5847631297002831	2.013579212841199		-18.681617165145248	239.16299896240236	227.75640007019044	N	N	중립/개선	단기위험부채 존재
TKO	TKO Group Holdings, Inc.	0001973266	S&P 500	제외	PEG=판정불가, PEGY=판정불가	195.32000732421875	-0.08	2025	1.7	831100000.0		831100000.0	3724063000.0	38061000.0	3737381000.0	6245742000.0	37.436992412093886	62.56300758790611	0.5983886302059868	-14.911329390520558	-15.107508915779817			-500.0			-991.5			79.32000000000001			-59.38972095760069			판정불가									판정불가		판정불가	판정불가			판정불가	N	주당순현금<=0 | FCF<=0 | 순현금차감PER<=0/불가	194011072.0	-4.460964101094323	-4.990755139338687		-13.175675011135812	189.25219848632813	197.36464965820312	Y	N	주의	단기위험부채 존재
VTRS	Viatris Inc	0001792044	S&P 500	제외	PEG=판정불가, PEGY=판정불가	16.610000610351562	-3.0	2025	2.84	1322400000.0	40700000.0	1363100000.0	12480600000.0	0.0	0.0	22481800000.0	0.0	100.0	0.0	-9.211616538238463	-9.211616538238463			-466.03773584905656			-923.5754716981131			2770.7264150943392			16581.073529687816			판정불가							1.6050211285110614	9.662980551071094	판정불가		판정불가	판정불가			판정불가	N	주당순현금<=0 | 순현금차감PER<=0/불가	1206900000.0	2.530863136439243	17.968754974109235		-6.998879939990077	16.76980005264282	14.751250009536744	N	Y	상승전환	
V	VISA INC.	0001403161	S&P 500	제외	PEG=판정불가, PEGY=판정불가	368.6400146484375			71.0	17164000000.0	3604000000.0	20768000000.0	19602000000.0	5569000000.0	26437000000.0	61718000000.0	29.98922352674267	70.01077647325732	0.4283515343983927																	판정불가									판정불가		판정불가	판정불가			판정불가	N	주당순현금<=0 | FCF<=0 | 순현금차감PER<=0/불가								판정불가	판정불가	판정불가	단기위험부채 존재 | EPS 없음
WYNN	WYNN RESORTS LTD	0001174922	S&P 500	제외	PEG=판정불가, PEGY=판정불가	92.22000122070312	3.14	2025	1.09	1463442000.0	0.0	1463442000.0	10537402000.0	9410000.0	-275492000.0	14139396000.0	-1.9871170487043188	101.9871170487043	-0.01948400058955842	-87.04622852373781	-87.13649837399154	57.09115596956717	57.119904329520594	-27.81609195402298			-47.13218390804596			-147.99505747126432			-260.4804332165199			판정불가				-0.4681301595691898			6.640445881258214	7.200656900194718	판정불가		판정불가	판정불가			판정불가	N	주당순현금<=0	104243000.0	-14.1660469795722	-10.230703584924116		-30.838455262130992	97.82999969482422	106.97934989929199	N	N	주의	단기위험부채 존재
