티커	종목명	CIK	유니버스	종합판정	종합판정사유	현재가	EPS(FY)	EPS기준연도	배당수익률(%)	현금및현금성자산	유가증권성자산	현금성자산합계	장기부채	단기위험부채	주주지분	총부채	주주지분비중	부채비중	주주대부채배수	주당순현금(린치식)	주당순현금(보수형)	순현금차감PER(린치식)	순현금차감PER(보수형)	연간이익증가율(1년,%)	연간이익증가율(3년CAGR,%)	연간이익증가율(5년CAGR,%)	그레이엄적정PER(1년)	그레이엄적정PER(3년)	그레이엄적정PER(5년)	그레이엄내재가치(1년)	그레이엄내재가치(3년)	그레이엄내재가치(5년)	그레이엄괴리율(1년,%)	그레이엄괴리율(3년,%)	그레이엄괴리율(5년,%)	그레이엄사용기준	그레이엄적정PER(선택)	그레이엄내재가치(선택)	그레이엄괴리율(선택,%)	배당감안점수(1년)	배당감안점수(3년)	배당감안점수(5년)	주당잉여현금흐름	잉여현금흐름수익률(%)	배당감안점수기준	배당감안점수	배당감안점수판정	사용연성장률기준	사용연성장률(%)	린치PER배수	린치PER판정	하드필터통과	하드필터사유	발행주식수	3M수익률(보조,%)	6M수익률(보조,%)	12M수익률(보조,%)	52주고점대비(보조,%)	50일이평(보조)	200일이평(보조)	50일선상회(보조)	200일선상회(보조)	추세판정(보조)	비고
BRK-B	BERKSHIRE HATHAWAY INC	0001067983	S&P 500	제외	PEG=매우 유망, PEGY=판정불가	507.0	3035.0	2013		31583000000.0		31583000000.0			717419000000.0	502473000000.0	58.81004220045709	41.18995779954291	1.4277762188217078	19217.429611745007	19217.429611745007	-6.164886198268536	-6.164886198268536	10.08342401160682	4.546670945333653		28.66684802321364	17.593341890667304		87003.88375045339	53395.79263817527		17060.52933933992	10431.714524294925		3년	17.593341890667304	53395.79263817527	10431.714524294925				15237.402157404884	3005.404764774139	판정불가		판정불가	3년	4.546670945333653	-1.355912110727013	매우 유망	N	순현금차감PER<=0/불가	1643456.0	4.366082274645389	3.071821932055663		-4.234819922534161	503.6359979248047	492.47589950561525	Y	Y	강한 상승추세	
CVNA	CARVANA CO.	0001690820	S&P 500	제외	PEG=매우 유망, PEGY=판정불가	70.27999877929688	8.45	2025		2327000000.0		2327000000.0	4830000000.0	211000000.0	3441000000.0	8998000000.0	27.662995417638076	72.33700458236193	0.3824183151811514	-11.160306228458557	-12.101107113078916	9.637905918077566	9.749243300872875	431.4465408805031			871.3930817610062			7363.271540880502			10377.051321534142			1년	871.3930817610062	7363.271540880502	10377.051321534142				3.9638482769075742	5.640080173244464	판정불가		판정불가	1년	431.4465408805031	0.0223385866031243	매우 유망	N	주당순현금<=0	224277000.0	3.6272472656180055	20.07927645892227		-26.554502052258442	69.30179962158203	73.15882995605469	Y	N	중립/개선	단기위험부채 존재
BXP	BXP, Inc.	0001037540	S&P 500	제외	PEG=매우 유망, PEGY=안심	63.720001220703125	1.74	2025	4.36	1478206000.0		1478206000.0	3300000000.0	750000000.0	5147190000.0	18473924000.0	21.790631889757613	78.20936811024238	0.2786192040196766	-11.467271777376329	-16.188142431814892	43.211076435677846	45.92422048995289	1833.3333333333333	-31.442996126467893	-20.67539892344771	3675.1666666666665	-54.385992252935786	-32.85079784689542	6394.79	-94.63162652010827	-57.16038825359803	9935.76565833819	-248.5116520828969	-189.70556678995507	1년	3675.1666666666665	6394.79	9935.76565833819	42.52829332008992	-0.6267605058805346	-0.37757446167151404			1년	42.52829332008992	안심	1년	1833.3333333333333	0.0235696780558242	매우 유망	N	주당순현금<=0 | FCF<=0	158869000.0	-3.789826376277383	20.842028776548528		-19.27023821824979	68.49059997558594	63.50645008087158	N	Y	중립/개선	단기위험부채 존재
SNDK	Sandisk Corp	0002023554	S&P 500	보류	PEG=매우 유망, PEGY=판정불가	1692.5899658203125	73.76	2026		4762000000.0		4762000000.0	0.0	0.0	15736000000.0	6771000000.0	69.91602612520549	30.083973874794506	2.324028946979767	30.72258064516129	30.72258064516129	22.530740037624067	22.530740037624067	751.5901060070672			1511.6802120141344			111501.53243816257			6487.628113706998			1년	1511.6802120141344	111501.53243816257	6487.628113706998				74.15483870967742	4.381146066509873	판정불가		판정불가	1년	751.5901060070672	0.0299774303274452	매우 유망	Y		155000000.0	-10.04087371126161	173.51894667062902		-27.512207031250004	1525.848994140625	1026.5071482086182	Y	Y	강한 상승추세	
EQT	EQT Corp	0000033213	S&P 500	제외	PEG=매우 유망, PEGY=안심	54.959999084472656	3.31	2025	1.21	110795000.0		110795000.0	7293209000.0	53650000.0	23752677000.0	14432726000.0	62.20355196984565	37.79644803015435	1.6457512600183777	-11.665122125911742	-11.75225631255918	20.128435410992264	20.154759938680314	635.5555555555555	-8.914070517873663		1279.611111111111	-9.328141035747326		4235.512777777778	-30.876146828323648		7606.5372058464945	-156.1793073920316		1년	1279.611111111111	4235.512777777778	7606.5372058464945	31.635124268417503	-0.38274562133460316		4.608492213143376	8.38517519998535	1년	31.635124268417503	안심	1년	635.5555555555555	0.0316706151571556	매우 유망	N	주당순현금<=0	615717000.0	7.343746612314184	-14.97524813826956		-19.093185871390173	52.80319992065429	56.10285005569458	Y	N	중립/개선	단기위험부채 존재
BKNG	Booking Holdings Inc.	0001075531	S&P 500	매우 유망	PEG=매우 유망, PEGY=안심	174.3300018310547	165.57	2025	97.0	17203000000.0	0.0	17203000000.0	16856000000.0	1880000000.0	-5578000000.0	34842000000.0	-19.060962274466924	119.06096227446692	-0.1600941392572183	10.631453169521125	-46.96835074604002	0.9886969176875856	1.3365848437343402	-4.1229949620707655	29.43673092572357	158.29965811243966	0.2540100758584689	67.37346185144713	325.0993162248793	42.05644825988669	11155.024078744102	53826.693787353266	-75.87538127794888	6298.797660516616	30776.322619165323	3년	67.37346185144713	11155.024078744102	6298.797660516616	93.93880306126034	127.88219388954928	258.21832104983946	278.4092649897362	159.70243908994274	3년	127.88219388954928	안심	3년	29.436730925723566	0.0335871846701429	매우 유망	Y		32639000.0	6.565196976336418	3.332138256735373		-21.83534816475856	193.9691995239258	185.66730010986328	N	N	중립/개선	단기위험부채 존재
AIG	AMERICAN INTERNATIONAL GROUP, INC.	0000005272	S&P 500	제외	PEG=매우 유망, PEGY=안심	75.02999877929688	5.43	2025	2.67	1345000000.0	13230000000.0	14575000000.0	9191000000.0	250000000.0	41139000000.0	120092000000.0	25.51556462466895	74.48443537533105	0.3425623688505479	9.439817854436424	9.001490502354494	12.079223006419973	12.159946275679996	350.2304147465438	-25.267844119025785		708.9608294930875	-42.03568823805157		3849.6573041474653	-228.25378713262		5030.824159375711	-404.2167011144913		1년	708.9608294930875	3849.6573041474653	5030.824159375711	29.21548965185767	-1.8708027914556493				1년	29.21548965185767	안심	1년	350.2304147465438	0.0344893604262254	매우 유망	N	FCF<=0	570349988.0	-0.385025115111981	-1.8959264042778923		-13.350269139040549	77.87499969482423	77.35274990081787	N	N	주의	단기위험부채 존재
SOLV	Solventum Corp	0001964738	S&P 500	제외	PEG=매우 유망, PEGY=판정불가	87.6500015258789	8.88	2025		878000000.0		878000000.0	5035000000.0	0.0	5049000000.0	9245000000.0	35.322512942493354	64.67748705750664	0.5461330448891293	-23.713633770678836	-23.713633770678836	12.540949920783529	12.540949920783529	221.73913043478265			451.9782608695653			4013.5669565217404			4479.0837269258045			1년	451.9782608695653	4013.5669565217404	4479.0837269258045				-0.05704506560182544	-0.0650827890573199	판정불가		판정불가	1년	221.73913043478265	0.0565572251329453	매우 유망	N	주당순현금<=0 | FCF<=0	175300000.0	10.641252430292457	32.56200527065138		-5.181740360255316	84.67099975585937	77.5592999458313	Y	Y	강한 상승추세	
EXE	EXPAND ENERGY Corp	0000895126	S&P 500	제외	PEG=매우 유망, PEGY=안심	96.87000274658203	7.57	2025	2.38	616000000.0	0.0	616000000.0	5009000000.0	0.0	18578000000.0	9709000000.0	65.67681267013116	34.323187329868844	1.9134823359769286	-18.27599118026376	-18.27599118026376	15.21083143023062	15.21083143023062	266.3736263736264	-39.005602482843		541.2472527472528	-69.51120496568599		4097.241703296704	-526.199821590243		4129.628974013084	-643.202030216531		1년	541.2472527472528	4097.241703296704	4129.628974013084	17.668569111843194	-2.4078632815594676		7.650705162873903	7.897909513731123	1년	17.668569111843194	안심	1년	266.3736263736264	0.05710336881811	매우 유망	N	주당순현금<=0	240370000.0	11.242536414412442	-10.164146247205396		-21.173404485555057	93.32649993896484	100.7925249862671	Y	N	중립/개선	
CMCSA	COMCAST CORP	0001166691	S&P 500	매우 유망	PEG=매우 유망, PEGY=안심	25.170000076293945	5.39	2025	5.37	9481000000.0	14000000.0	9495000000.0		2781000000.0	96903000000.0					2.559989215421947	1.8101914262604475	4.194807209809277	4.333916261601762	30.193236714975846	64.538600212299	49.1602769351271	68.88647342995169	137.577200424598	106.8205538702542	371.2980917874396	741.5411102885832	575.7627853606701	1375.1612660388594	2846.130743110305	2187.496160569921	3년	137.577200424598	741.5411102885832	2846.1307431103055	8.477919231142158	16.665509692274394	12.99947153890927	5.9026691830682125	23.451208443291062	3년	16.665509692274394	안심	3년	64.538600212299	0.0649968731272526	매우 유망	Y		3709000000.0	5.006261148580404	-16.545092163010512		-22.50615630839714	24.927000045776367	26.916182823181153	Y	N	중립/개선	단기위험부채 존재
PGR	PROGRESSIVE CORP/OH/	0000080661	S&P 500	매우 유망	PEG=매우 유망, PEGY=안심	216.19000244140625	19.23	2025	19.0	138000000.0	10005000000.0	10143000000.0	2707900000.0	0.0	30323000000.0	92716000000.0	24.645031250253986	75.35496874974602	0.3270525044221062	12.642577792892364	12.642577792892364	10.584889477301815	10.584889477301815	33.541666666666664	153.53179173781882	14.762613935523516	75.58333333333333	315.56358347563764	38.025227871047036	1453.4675	6068.287710236512	731.2251319602345	572.3102287738452	2706.923373749068	238.23263041889172	3년	315.56358347563764	6068.287710236512	2706.9233737490677	4.96383706030533	16.299819861869615	3.1896992413500302	29.246726747151843	13.528251268269702	3년	16.299819861869615	안심	3년	153.53179173781882	0.0689426558336353	매우 유망	Y		588100000.0	6.8871790333701055	5.366025031018817		-13.106913267829711	217.18519897460936	210.4651498413086	N	Y	상승전환	
COHR	COHERENT CORP.	0000820318	S&P 500	제외	PEG=매우 유망, PEGY=판정불가	293.1700134277344	4.12	2026		1162018000.0	825000000.0	1987018000.0	3214308000.0	7916000.0	10903495000.0	7061652000.0	60.69248974138648	39.307510258613526	1.5440430935990614	-6.281328849923486	-6.321843316085513	72.68236463049948	72.69219823879124	892.3076923076924			1793.1153846153848			7387.635384615385			2419.915082118867			1년	1793.1153846153848	7387.635384615385	2419.915082118867				-5.237784499480518	-1.7866030833919573	판정불가		판정불가	1년	892.3076923076924	0.0814543741548701	매우 유망	N	주당순현금<=0 | FCF<=0	195387000.0	-19.365745020328962	21.51117347213369		-31.324227935110493	301.76420166015623	278.8445506286621	N	Y	중립/개선	단기위험부채 존재
T	AT&T INC.	0000732717	S&P 500	제외	PEG=매우 유망, PEGY=안심	25.549999237060547	3.04	2025	4.41	18234000000.0	1890000000.0	20124000000.0	61300000000.0	0.0	126491000000.0	279032000000.0	31.19206555485139	68.80793444514862	0.4533207660770091	-5.73561777406324	-5.73561777406324	10.291321385238087	10.291321385238087	104.02684563758389			216.55369127516778			658.3232214765101			2476.60759739517			1년	216.55369127516778	658.3232214765101	2476.60759739517	10.536727168303784			2.7353391837303245	10.705828827433724	1년	10.536727168303784	안심	1년	104.02684563758389	0.0989294765419661	매우 유망	N	주당순현금<=0	7179000000.0	11.086953204611083	-6.717780918546811		-13.740720752383972	23.75220001220703	25.143899936676025	Y	Y	상승전환	
MOS	MOSAIC CO	0001285785	S&P 500	제외	PEG=매우 유망, PEGY=불리(<1)	25.399999618530273	1.7	2025	3.36	276600000.0		276600000.0	3834100000.0	759900000.0	12084900000.0					-11.155534650360615	-13.538413295703982	21.50325545228876	22.904948773078974	209.09090909090904	-44.713769482781785	-0.5780734258513109	426.6818181818181	-80.92753896556357	7.343853148297378	725.3590909090907	-137.57681624145806	12.484550352105542	2755.744495286974	-641.64101695927	-50.84822622202883	1년	426.6818181818181	725.3590909090907	2755.744495286974	9.87994164708192	-1.9231399438348848	0.12937234458853006	-1.6763875823142051	-6.599951210594571	5년	0.12937234458853	불리(<1)	1년	209.09090909090904	0.1028416565109462	매우 유망	N	주당순현금<=0 | FCF<=0	318900000.0	20.436223019246945	-19.005104833620322		-29.306987467875533	22.971600036621094	24.543850030899048	Y	Y	상승전환	단기위험부채 존재
GPN	GLOBAL PAYMENTS INC	0001123360	S&P 500	제외	PEG=매우 유망, PEGY=안심	88.55000305175781	5.78	2025	1.15	8336402000.0		8336402000.0	9090364000.0	35137000.0	22888767000.0	29559003000.0	43.641068056849704	56.3589319431503	0.7743416447435659	-3.1154424647119106	-3.2606318799378533	15.859073618766386	15.884192894757033	-6.168831168831167	143.56933796914083	56.79044787371208	-3.8376623376623336	295.63867593828166	122.08089574742417	-22.18168831168829	1708.791546923268	705.6275774201117	-125.0499012391033	1829.747586710384	696.8690605325781	3년	295.63867593828166	1708.791546923268	1829.7475867103842	-0.31646433388721235	9.125333638522953	3.653457274146826	10.570125780965919	11.936900527024985	3년	9.125333638522951	안심	3년	143.56933796914083	0.1104628177792056	매우 유망	N	주당순현금<=0	242008000.0	35.31479179121948	25.870653834245296		-6.622375469827646	85.67059982299804	75.91625003814697	Y	Y	강한 상승추세	단기위험부채 존재
AIZ	ASSURANT, INC.	0001267238	S&P 500	매우 유망	PEG=매우 유망, PEGY=안심	280.9700012207031	16.93	2025	1.26	1834100000.0	402500000.0	2236600000.0	2006900000.0	0.0	5871600000.0	30418000000.0	16.17984215863498	83.82015784136502	0.19303044250115065	4.496282384855581	4.496282384855581	16.330402766441082	16.330402766441082	17.08160442600276	137.11065981498948	49.9928022766621	42.66320885200552	282.72131962997895	108.4856045533242	722.2881258644534	4786.471941335543	1836.6612850877787	157.0694816978319	1603.5526641777494	553.6859013802949	3년	282.72131962997895	4786.471941335543	1603.5526641777494	1.1231568925963473	8.473193331112485	3.1384897855664904	31.288018127789123	11.135714842102397	3년	8.473193331112485	안심	3년	137.11065981498948	0.1191038157680558	매우 유망	Y		51086649.0	8.692456951916094	30.501624355833545		-6.830920052791756	281.49800048828126	246.6566997528076	N	Y	상승전환	
TTD	Trade Desk, Inc.	0001671933	S&P 500	보류	PEG=매우 유망, PEGY=판정불가	13.970000267028809	0.9	2025		658175000.0	644882000.0	1303057000.0			2484391000.0	3668829000.0	40.37546195325375	59.62453804674625	0.6771618410124866	2.6401668723191727	2.6401668723191727	12.588703771899596	12.588703771899596	15.384615384615383	101.50381586419562	-28.890526663955164	39.26923076923077	211.50763172839123	-49.28105332791033	35.34230769230769	190.35686855555213	-44.352947995119294	152.9871654742955	1262.6117746384118	-417.4870948270385	3년	211.50763172839123	190.35686855555213	1262.6117746384118				1.6122143405646023	11.540546240143302	판정불가		판정불가	3년	101.50381586419562	0.1240219755752071	매우 유망	Y		493551000.0	-26.084653179928672	-47.3327032311457		-74.19176059233867	16.314000129699707	24.646525106430055	N	N	주의	
EIX	EDISON INTERNATIONAL	0000827052	S&P 500	제외	PEG=매우 유망, PEGY=안심	56.75	11.55	2025	6.11	158000000.0	10000000.0	168000000.0	36070000000.0	2390000000.0	17579000000.0	74767000000.0	19.03601671972798	80.96398328027202	0.2351170971150374	-93.01036269430051	-99.20207253886011	12.966265168337706	13.50234394275845	248.9425981873112	93.26535131289802	52.72616154177432	506.3851963746224	195.03070262579604	113.95232308354863	5848.7490181268895	2252.6046153279444	1316.1493316149867	10206.165670708175	3869.347339784924	2219.2058706872012	3년	195.03070262579604	2252.6046153279444	3869.347339784924	19.6704752583746	7.664146153324279	4.537633680780045	-1.8523316062176165	-3.2640204514847864	3년	7.664146153324279	안심	3년	93.26535131289802	0.139025532910254	매우 유망	N	주당순현금<=0 | FCF<=0	386000000.0	-21.551005152214554	-20.02536537177333		-29.397857751747015	71.51000030517578	68.48484998703003	N	N	주의	단기위험부채 존재
DASH	DoorDash, Inc.	0001792789	S&P 500	보류	PEG=매우 유망, PEGY=판정불가	201.02999877929688	2.13	2025		4378000000.0	1128000000.0	5506000000.0			10033000000.0	9613000000.0	51.0689198819098	48.9310801180902	1.0436908353271612	12.52257292704339	12.52257292704339	88.50113889777158	88.50113889777158	634.4827586206897			1277.4655172413793			2721.0015517241377			1253.5301040873114			1년	1277.4655172413793	2721.0015517241377	1253.5301040873114				4.944437621393449	2.459552132227667	판정불가		판정불가	1년	634.4827586206897	0.1394854906540965	매우 유망	Y		439686000.0	30.04075525036003	24.284388735268546		-28.646977444677546	204.5563006591797	188.47045013427734	N	Y	상승전환	
APA	APA Corp	0001841666	S&P 500	제외	PEG=매우 유망, PEGY=안심	44.529998779296875	3.99	2025	2.23	516000000.0		516000000.0			6093000000.0					1.4373259052924792	1.4373259052924792	10.80016864010135	10.80016864010135	75.77092511013217	-28.726114714581406		160.04185022026434	-48.95222942916281		638.5669823788547	-195.31939542235963		1334.0152703434178	-538.624299970043		1년	160.04185022026434	638.5669823788547	1334.0152703434178	7.222195107260862	-2.4533056471174475				1년	7.222195107260862	안심	1년	75.77092511013217	0.1425371093780817	매우 유망	N	FCF<=0	359000000.0	21.071235065843453	32.490324220886976		-0.6913500718913945	38.520400047302246	33.87740008354187	Y	Y	강한 상승추세	
PODD	INSULET CORP	0001145197	S&P 500	제외	PEG=매우 유망, PEGY=판정불가	134.67999267578125	3.48	2025		907200000.0	0.0	907200000.0	1374300000.0	18400000.0	1515200000.0	1675200000.0	47.492477432296894	52.50752256770311	0.9044890162368673	-6.49778816459394	-6.753748991458698	40.56832782769402	40.64187978943677	-39.7923875432526	267.70008870907657	103.38356182130251	-71.0847750865052	543.9001774181531	215.26712364260501	-247.3750173010381	1892.7726174151728	749.1295902762654	-283.67614401090043	1305.3851502440268	456.22930725847687	3년	543.9001774181531	1892.7726174151728	1305.3851502440268				5.2541524079793005	3.901212276293898	판정불가		판정불가	3년	267.70008870907657	0.1515439461500579	매우 유망	N	주당순현금<=0	71886000.0	-9.725859325810882	-42.94913013205798		-61.11560273364769	153.25539916992187	207.31215072631835	N	N	주의	단기위험부채 존재
MCHP	MICROCHIP TECHNOLOGY INC	0000827054	S&P 500	제외	PEG=매우 유망, PEGY=안심	71.58000183105469	0.22	2026	2.49	240300000.0	0.0	240300000.0	5496400000.0	0.0	6432400000.0					-9.64068231841526	-9.64068231841526	369.1849279521361	369.1849279521361	2300.0	-62.033647476478926	-29.795234328396646	4608.5	-115.56729495295785	-51.09046865679329	1013.87	-25.424804889650726	-11.239903104494525	1316.4151635438163	-135.51942475449934	-115.7025744858505	1년	4608.5	1013.87	1316.4151635438163	6.236684722672405	-0.16128406922451236	-0.07396085880281845	1.5975788701393985	2.2318787779721676	1년	6.236684722672405	안심	1년	2300.0	0.1605151860661461	매우 유망	N	주당순현금<=0	545200000.0	-22.98256945260778	14.108086008927234		-30.450832584008957	78.85920028686523	77.71580017089843	N	N	판정불가	
ACGL	ARCH CAPITAL GROUP LTD.	0000947484	S&P 500	제외	PEG=매우 유망, PEGY=안심	96.19999694824219	11.6	2025	5.197505362385941	993000000.0		993000000.0			24206000000.0	55035000000.0	30.54731767645537	69.45268232354464	0.4398291996002544	2.641660015961692	2.641660015961692	8.065373873472456	8.065373873472456	3.663985701519215	45.06349306453876	17.271170538952106	15.827971403038429	98.62698612907752	43.04234107790421	183.60446827524578	1144.0730390972992	499.29115650368885	90.85704168372189	1089.2651511338788	419.0136926639602	3년	98.62698612907752	1144.0730390972992	1089.2651511338788	1.0987080329966081	6.231700999284909	2.7858195111374804			3년	6.231700999284909	안심	3년	45.06349306453876	0.1789780002611301	매우 유망	N	FCF<=0	375900000.0	5.56348057459648	2.10146009540062		-9.65440090589743	99.97219970703125	96.16554977416992	N	Y	상승전환	
UAL	United Airlines Holdings, Inc.	0000100517	S&P 500	제외	PEG=매우 유망, PEGY=안심	106.48999786376953	10.2	2025	2.018968957770523	5942000000.0	6298000000.0	12240000000.0	17170000000.0	4096000000.0	15282000000.0					-15.007610350076103	-27.476407914764078	11.91153021704369	13.13396135083663	7.936507936507938	65.99631084110487		24.373015873015873	140.49262168220974		248.6047619047619	1433.0247411585392		133.45362653006796	1245.6895200540605		3년	140.49262168220974	1433.0247411585392	1245.6895200540603	0.8357848834596919	5.710037128693616				3년	5.710037128693616	안심	3년	65.99631084110487	0.1804878191710189	매우 유망	N	주당순현금<=0 | FCF<=0	328500000.0	-5.434688494282325	23.067143610370966		-21.761812220820275	119.89219955444337	108.53054981231689	N	N	판정불가	단기위험부채 존재
PSX	Phillips 66	0001534701	S&P 500	제외	PEG=매우 유망, PEGY=안심	258.510009765625	10.79	2025	1.95	1116000000.0		1116000000.0	1100000000.0	0.0	29093000000.0	43439000000.0	40.110571885512606	59.889428114487394	0.6697437786321048	0.03921059274162915	0.03921059274162915	23.9546616471625	23.9546616471625	116.2324649298597	-22.599870532058443		240.9649298597194	-36.699741064116886		2600.011593186372	-395.99020608182116		905.7682468634933	-253.1817690312421		1년	240.9649298597194	2600.011593186372	905.7682468634933	4.93358940612959	-0.8620397497663876				1년	4.93358940612959	안심	1년	116.2324649298597	0.2060926924471394	매우 유망	N	FCF<=0	408053000.0	45.14879332197963	48.49216796115263		-0.8704613176998333	219.57740112304688	174.2573503112793	Y	Y	강한 상승추세	
DAL	DELTA AIR LINES, INC.	0000027904	S&P 500	제외	PEG=매우 유망, PEGY=안심	78.23999786376953	7.66	2025	1.09	4310000000.0	0.0	4310000000.0	11936000000.0	1372000000.0	20853000000.0					-11.660550458715596	-13.758409785932722	11.736364010768293	12.010235985600817	43.71482176360225	54.92464741024845		95.9296435272045	118.34929482049691		734.8210694183865	906.5555983250064		839.1885090511472	1058.6856123174864		3년	118.34929482049691	906.5555983250064	1058.6856123174864	3.817606689984492	4.772742849391359				3년	4.772742849391359	안심	3년	54.924647410248454	0.2136811898509955	매우 유망	N	주당순현금<=0 | FCF<=0	654000000.0	-4.387148829224074	35.036243904401346		-16.463810800146362	85.70459945678711	74.52449977874755	N	Y	중립/개선	단기위험부채 존재
EOG	EOG RESOURCES INC	0000821189	S&P 500	제외	PEG=매우 유망, PEGY=안심	147.4600067138672	9.12	2025	2.78	3396000000.0		3396000000.0	7909000000.0	27000000.0	29833000000.0					-8.265567765567766	-8.315018315018316	17.075172640288923	17.0805948496585	-18.93333333333334	-11.640253534777134	73.5055490536587	-29.36666666666668	-14.780507069554268	155.5110981073174	-267.8240000000001	-134.79822447433492	1418.2612147387345	-281.6248391468531	-191.41341267934345	861.7938086024518	5년	155.5110981073174	1418.2612147387345	861.7938086024518	-0.9460128851183326	-0.5188968639691138	4.46762973708756			5년	4.46762973708756	안심	5년	73.5055490536587	0.2322977361589956	매우 유망	N	주당순현금<=0 | FCF<=0	546000000.0	8.005572425323804	10.838856100000594		-3.6523987105052336	142.44340026855468	129.27294986724854	Y	Y	강한 상승추세	단기위험부채 존재
GEV	GE Vernova Inc.	0001996810	S&P 500	제외	PEG=매우 유망, PEGY=안심	923.9099731445312	17.69	2025	21.0	8848000000.0		8848000000.0		63000000.0	11178000000.0	50720000000.0	18.058741801027498	81.9412581989725	0.22038643533123028	32.05797101449275	31.829710144927535	50.41560215545723	50.428505539830624	217.02508960573476			442.5501792114695			7828.712670250897			747.3458343139041			1년	442.5501792114695	7828.712670250897	747.3458343139041	4.721258488032753					1년	4.721258488032753	안심	1년	217.02508960573476	0.2323031048946749	매우 유망	N	FCF<=0	276000000.0	1.8879779807922992	11.03219398985864		-21.359993134155264	1005.8712023925781	891.8099487304687	N	Y	상승전환	단기위험부채 존재
POOL	POOL CORP	0000945841	S&P 500	제외	PEG=매우 유망, PEGY=안심	175.75999450683594	10.85	2025	2.92	16358000.0		16358000.0	1186424000.0	13029000.0	1185229000.0	2440897000.0	32.68581952199124	67.31418047800877	0.48557108308953634	-31.379156833297575	-31.72857219480798	19.09116602213212	19.12337020291649	-3.982300884955761	81.32295304049583	49.55892924246974	0.5353982300884779	171.14590608099167	107.61785848493948	5.809070796459984	1856.9330809787596	1167.6537645615933	-96.69488451410139	956.5163512829632	564.3455854888407	3년	171.14590608099167	1856.9330809787596	956.5163512829631	-0.05564358320095539	4.412666724642913	2.7488592986741436	8.300686547951084	4.722739421585633	3년	4.412666724642913	안심	3년	81.32295304049583	0.2347574123707168	매우 유망	N	주당순현금<=0	37288000.0	-8.620152930609393	-13.893788599235357		-46.7070949022688	195.4710009765625	214.67495025634764	N	N	주의	단기위험부채 존재
FCX	FREEPORT-MCMORAN INC	0000831259	S&P 500	제외	PEG=매우 유망, PEGY=안심	71.20999908447266	2.9	2021	79.0	3824000000.0		3824000000.0	8913000000.0	466000000.0	18899000000.0	27401000000.0	40.81857451403887	59.18142548596113	0.6897193533082734	-3.5266805266805266	-3.8496188496188495	25.77126883143213	25.88262687382466	607.3170731707318	106.36118797315696		1223.1341463414635	221.22237594631395		3547.089024390244	641.5448902443104		4881.167069223691	800.9196720860501		3년	221.22237594631395	641.5448902443104	800.9196720860501	26.63109362833	7.19255187571827				3년	7.19255187571827	안심	3년	106.36118797315697	0.2422995579734986	매우 유망	N	주당순현금<=0 | FCF<=0	1443000000.0	7.340975302105179	20.266847129789767		-10.887253383723683	67.17740051269531	61.45020008087158	Y	Y	강한 상승추세	단기위험부채 존재
PRU	PRUDENTIAL FINANCIAL INC	0001137774	S&P 500	제외	PEG=매우 유망, PEGY=안심	118.4800033569336	9.99	2025	4.76	19712000000.0	7800000000.0	27512000000.0	18856000000.0		32438000000.0	738159000000.0	4.209463571750215	95.79053642824978	0.043944461830039326	24.47271699180096	24.47271699180096	9.410138775288551	9.410138775288551	33.2		37.53520846738611	74.9		83.57041693477223	748.2510000000001		834.8684651783745	531.5420145168417		604.6492585447053	5년	83.57041693477223	834.8684651783745	604.6492585447053	4.033946885000748		4.494642372167267			5년	4.494642372167267	안심	5년	37.53520846738611	0.2507016521159035	매우 유망	N	FCF<=0	353700000.0	11.238382293329629	28.30843410843491		-5.314468187045951	119.69359939575196	108.21510013580323	N	Y	상승전환	
EG	EVEREST GROUP, LTD.	0001095073	S&P 500	제외	PEG=매우 유망, PEGY=안심	371.0299987792969	37.8	2025	2.17	656095000.0	331000000.0	987095000.0		50000000.0	15461000000.0	47054000000.0	24.73166440054387	75.26833559945612	0.32857992944276787	23.728245192307693	22.526322115384616	9.187877079020879	9.219673985817785	18.942731277533024	35.51207914489844	88.45989078523058	46.38546255506605	79.52415828979689	185.41978157046117	1753.3704845814966	3006.013183354322	7008.867743363432	372.56838809534366	710.1806304730675	1789.0299346206182	3년	79.52415828979689	3006.013183354322	710.1806304730675	2.2978900453229545	4.101282463926269	9.864073061248302			3년	4.101282463926269	안심	3년	35.51207914489844	0.2587254055593864	매우 유망	N	FCF<=0	41600000.0	10.343494060757429	15.105169384678941		-6.940058334727683	374.1201983642578	343.68414916992185	N	Y	상승전환	단기위험부채 존재
PYPL	PayPal Holdings, Inc.	0001633917	S&P 500	매우 유망	PEG=매우 유망, PEGY=안심	53.310001373291016	5.41	2025	1.07	8049000000.0	2373000000.0	10422000000.0	9987000000.0		20256000000.0	59917000000.0	25.26536365110449	74.7346363488955	0.3380676602633643	0.4493801652892562	0.4493801652892562	9.77090965027759	9.77090965027759	35.58897243107769	37.30414865193261	32.59424256515169	79.67794486215539	83.10829730386523	73.68848513030338	431.05768170426063	449.6158884139109	398.6547045549413	708.5868891390161	743.3987560149907	647.8047163485394	3년	83.10829730386523	449.6158884139109	743.3987560149907	3.7518484709390614	3.9273875233144144	3.445353991600495	5.74793388429752	10.782092921080485	3년	3.9273875233144144	안심	3년	37.304148651932614	0.2619255499286508	매우 유망	Y		968000000.0	29.267699329717757	20.175835527042207		-29.97503835993166	55.55970001220703	50.91937509536743	N	Y	상승전환	
LULU	lululemon athletica inc.	0001397187	S&P 500	보류	PEG=매우 유망, PEGY=판정불가	96.87999725341797	13.26	2025		881320000.0		881320000.0		0.0	4961840000.0	3494903000.0	58.673179497118454	41.326820502881546	1.4197361128477672	7.4018208082776225	7.4018208082776225	6.747977107476648	6.747977107476648	-9.426229508196727	25.676965842053367	24.12698368466455	-10.352459016393453	59.85393168410673	56.7539673693291	-137.27360655737718	793.6631341312552	752.5576073173038	-241.694478167973	719.2229114697404	676.7935886174411	3년	59.85393168410673	793.6631341312552	719.2229114697404				7.740744784492895	7.990034066830858	판정불가		판정불가	3년	25.676965842053367	0.2628027450355878	매우 유망	Y		119068000.0	-20.485882989730875	-38.75719340145884		-55.123218889119464	117.47680038452148	151.79549953460693	N	N	주의	
INCY	INCYTE CORP	0000879169	S&P 500	보류	PEG=매우 유망, PEGY=판정불가	123.27999877929688	6.41	2025		3097817000.0	284870000.0	3382687000.0	316153000.0	689118000.0	5167478000.0	1790495000.0	74.26700276071782	25.732997239282184	2.8860611171770936	15.279192825112107	11.845620328849028	16.848799680840056	17.384458416606527	4173.333333333333	61.56160063417288	56.62815181550294	8355.166666666666	131.62320126834578	121.75630363100588	53556.61833333333	843.7047201300965	780.4579062747476	43343.07175830975	584.3808634688149	533.0774772897016	3년	131.62320126834578	843.7047201300965	584.3808634688149				6.800189337319382	5.516052404813437	판정불가		판정불가	3년	61.56160063417288	0.2736900845214098	매우 유망	Y		200700000.0	14.32810598709704	33.95631904216651		-5.11813612818276	121.44539993286133	105.05385002136231	Y	Y	강한 상승추세	단기위험부채 존재
UHS	UNIVERSAL HEALTH SERVICES INC	0000352915	S&P 500	제외	PEG=매우 유망, PEGY=안심	172.72000122070312	23.1	2025	46.0	137797000.0		137797000.0	4004393000.0	748158000.0	7275792000.0					-59.98256337066799	-71.58874996121746	10.073704094864551	10.576136414801756	37.336504161712256	36.21405696848752	45.03135209620262	83.17300832342451	80.92811393697504	98.56270419240523	1921.2964922711064	1869.4394319441235	2276.798466844561	1012.3763771956308	982.3526046386124	1218.2019747297525	3년	80.92811393697504	1869.4394319441235	982.3526046386124	8.272677396211803	8.161253913582712	9.03653226647875	13.174350780304676	7.627576822136757	3년	8.161253913582712	안심	3년	36.21405696848752	0.2781711008968261	매우 유망	N	주당순현금<=0	64462000.0	18.26086792993349	-9.328575652279369		-29.265293471427732	164.86859985351563	185.2217502593994	Y	N	중립/개선	단기위험부채 존재
DHI	HORTON D R INC /DE/	0000882184	S&P 500	매우 유망	PEG=매우 유망, PEGY=안심	135.57000732421875	11.57	2025	1.3	2985400000.0		2985400000.0			24190400000.0	10729000000.0	69.27495890536493	30.725041094635074	2.254674247366949	9.633430138754436	9.633430138754436	10.884751701423017	10.884751701423017	-19.316596931659692	-11.176320062438394	38.872760394269434	-30.133193863319384	-13.852640124876789	86.24552078853887	-348.6410529986053	-160.27504624482447	997.8606755233948	-357.16680251025014	-218.2230859230708	636.0482567039983	5년	86.24552078853887	997.8606755233948	636.0482567039983	-1.6552143242095538	-0.9073537305538365	3.6907374183847894	10.595353339787028	7.815411055077987	5년	3.690737418384789	안심	5년	38.872760394269434	0.2800097443820231	매우 유망	Y		309900000.0	-12.212644075660995	-2.495674719124241		-25.10357911805866	147.70880004882812	149.8330499267578	N	N	주의	
APP	AppLovin Corp	0001751008	S&P 500	제외	PEG=매우 유망, PEGY=판정불가	314.489990234375	9.75	2025		2487096000.0		2487096000.0	3512987000.0	0.0	2134671000.0	5124939000.0	29.404761412803165	70.59523858719683	0.41652612840855274	-2.9999444395707227	-2.9999444395707227	32.56307022296879	32.56307022296879	115.23178807947019			238.96357615894038			2329.8948675496686			640.8486565226781			1년	238.96357615894038	2329.8948675496686	640.8486565226781				11.598438459513993	3.6880151418715132	판정불가		판정불가	1년	115.23178807947019	0.2825875634292119	매우 유망	N	주당순현금<=0	341970000.0	-34.285478525335954	-30.009124778544983		-57.13058878127865	382.3965997314453	482.8152758789063	N	N	주의	
NXPI	NXP Semiconductors N.V.	0001413447	S&P 500	제외	PEG=매우 유망, PEGY=안심	226.46499633789062	7.95	2025	1.82	3267000000.0		3267000000.0	10972000000.0	307000000.0	10056000000.0					-30.295166534948553	-31.502254935497444	32.296875833061534	32.4487108519985	-18.293936279547793	-9.000664080454257	113.31378642177046	-28.087872559095587	-9.501328160908514	235.12757284354092	-223.29858684480993	-75.53555887922269	1869.2642041061504	-198.6018106355137	-133.35418722570353	725.4097694273106	5년	235.12757284354092	1869.2642041061504	725.4097694273106	-0.5100783235102827	-0.22233308625794646	3.564858316850287	9.526955031042224	4.2068112887643805	5년	3.564858316850287	안심	5년	113.31378642177046	0.2850215922786998	매우 유망	N	주당순현금<=0	254331000.0	-25.147907626802535	18.43164673788924		-31.925034659883632	247.01810028076173	244.25247505187988	N	N	판정불가	단기위험부채 존재
NOC	NORTHROP GRUMMAN CORP /DE/	0001133421	S&P 500	제외	PEG=매우 유망, PEGY=안심	518.9500122070312	29.08	2025	1.92	4403000000.0	250000000.0	4653000000.0	15162000000.0	534000000.0	16674000000.0	34703000000.0	32.45421102828114	67.54578897171886	0.4804771921735873	-73.08066759388039	-76.7941585535466	20.358689126578806	20.486388265494426	2.6111503175723305	-2.5984458859345416	71.32693092917182	13.722300635144661	3.3031082281309168	151.15386185834365	399.0445024700067	96.05438727404706	4395.554302840633	-23.105406477799473	-81.4906281887268	747.0091915301967	5년	151.15386185834365	4395.554302840633	747.0091915301967	0.22256591715705282	-0.03332463508413283	3.597821572585733	22.99721835883171	4.431490089195169	5년	3.597821572585733	안심	5년	71.32693092917182	0.2854278021129934	매우 유망	N	주당순현금<=0	143800000.0	-6.075799271979154	-29.519214883791566		-32.430145177235744	544.7133996582031	602.1746002197266	N	N	주의	단기위험부채 존재
CPB	CAMPBELL'S Co	0000016732	S&P 500	제외	PEG=매우 유망, PEGY=안심	20.940000534057617	2.01	2025	4.57	132000000.0		132000000.0	2244000000.0	332000000.0	3902000000.0	10992000000.0	26.19846918222103	73.80153081777897	0.3549854439592431	-7.04	-8.146666666666667	13.920398275650557	14.470978706828005	6.3492063492063435	-7.137412911717755	48.32269407146974	21.19841269841269	-5.77482582343551	105.14538814293948	42.6088095238095	-11.607399905105373	211.34223016730834	103.48046054014613	-155.4317077796949	909.2751899579623	5년	105.14538814293948	211.34223016730834	909.2751899579623	0.7844033003212364	-0.18443530572028616	3.7996537903652654	2.35	11.222540305946364	5년	3.7996537903652654	안심	5년	48.32269407146974	0.2880716512838078	매우 유망	N	주당순현금<=0	300000000.0	-7.875050788507842	-3.2794415565022272		-37.97392898357634	22.646999855041503	23.96269992828369	N	N	주의	단기위험부채 존재
IBM	INTERNATIONAL BUSINESS MACHINES CORP	0000051143	S&P 500	제외	PEG=매우 유망, PEGY=안심	234.02000427246094	11.17	2025	2.82	13587000000.0	608000000.0	14195000000.0	54836000000.0	6424000000.0	32648000000.0	119139000000.0	21.509088393604195	78.49091160639581	0.2740328523825112	-42.839739881982034	-49.61128804767315	24.78601111499042	25.392237450325343	73.71695178849146	83.76390990316042	12.386209881346621	155.9339035769829	176.02781980632085	33.27241976269325	1741.7817029548992	1966.230747236604	371.65292874928355	644.2875272008826	740.1977229892677	58.81246131274385	3년	176.02781980632085	1966.230747236604	740.1977229892677	3.0879092014205707	3.493257124007139	0.6134996797508093	12.756736597321586	5.451130828315593	3년	3.493257124007139	안심	3년	83.76390990316042	0.2959032254302069	매우 유망	N	주당순현금<=0	948675228.0	-14.855375995762953	-5.515176359521923		-28.918993875628473	238.85459869384766	261.5088995361328	N	N	주의	단기위험부채 존재
NVR	NVR INC	0000906163	S&P 500	매우 유망	PEG=매우 유망, PEGY=안심	6088.27978515625	436.55	2025	0.013484925610706472	2809782000.0		2809782000.0	600115000.0		3864869000.0	1992061000.0	65.98796639194937	34.012033608050636	1.9401358693333186	719.9716008227812	719.9716008227812	12.297121026992254	12.297121026992254	-13.842783556020443	-3.895748108815445	41.51016978111202	-19.185567112040886	0.7085037823691112	91.52033956222404	-8375.45932276145	309.2973261932355	39953.2042358889	-237.56692560649958	-94.91979118720316	556.2314092939397	5년	91.52033956222404	39953.2042358889	556.2314092939397	-1.1245964482299835	-0.3157050479281408	3.37669724609346	357.3721703051348	5.869838163095574	5년	3.37669724609346	안심	5년	41.51016978111202	0.2962435733661512	매우 유망	Y		3069103.0	-6.0407179091311765	-5.446811847239474		-28.650020851997514	6375.181201171875	6793.069196777344	N	N	주의	
STE	STERIS plc	0001757898	S&P 500	제외	PEG=매우 유망, PEGY=안심	212.4499969482422	7.93	2026	1.2	220531000.0		220531000.0	1812800000.0	118900000.0	7183600000.0	3540000000.0	66.98869782535716	33.01130217464284	2.029265536723164	-16.13241134751773	-17.33707193515704	28.825019961634293	28.976931763354255	27.903225806451605	94.9679101546837	50.70740889939833	64.3064516129032	198.4358203093674	109.91481779879666	509.9501612903224	1573.5960550532834	871.6245051444575	140.0330282963281	640.6900812696402	310.2727783784369	3년	198.4358203093674	1573.5960550532834	640.6900812696402	1.0096515404043986	3.3362651711146034	1.8007761648903065	9.852077001013171	4.637362740660979	3년	3.3362651711146034	안심	3년	94.9679101546837	0.3035237894009051	매우 유망	N	주당순현금<=0	98700000.0	2.5238855789643466	0.04708775222630468		-20.919411213497753	225.45360076904296	232.26975036621093	N	N	중립/개선	단기위험부채 존재
DIS	Walt Disney Co	0001744489	S&P 500	제외	PEG=매우 유망, PEGY=안심	105.81999969482422	6.85	2025	1.44	5695000000.0		5695000000.0	35315000000.0	6711000000.0	109869000000.0					-16.35560463832137	-20.06129210381005	17.83585464717454	18.376830919508652	151.8382352941176	58.50904212609996		312.1764705882352	125.51808425219991		2138.408823529411	859.7988771275693		1920.798364861461	712.5107537395156		3년	125.51808425219991	859.7988771275693	712.5107537395156	8.5938262183808	3.3611533235721205		5.564329099944782	5.258296272908551	3년	3.3611533235721205	안심	3년	58.509042126099956	0.3048392863573859	매우 유망	N	주당순현금<=0	1811000000.0	5.461434679028598	6.426631167691754		-9.61735732843474	101.63760055541992	103.97010028839111	Y	Y	상승전환	단기위험부채 존재
HIG	HARTFORD INSURANCE GROUP, INC.	0000874766	S&P 500	제외	PEG=매우 유망, PEGY=안심	136.8000030517578	13.32	2025	1.76	177000000.0	1843000000.0	2020000000.0	4371000000.0	0.0	18979000000.0	67018000000.0	22.06937451306441	77.93062548693558	0.2831925751290698	-8.205933682373473	-8.205933682373473	10.886331586646493	10.886331586646493	28.69565217391305	34.78299680616526	55.39512065939527	65.8913043478261	78.06599361233052	119.29024131879054	877.6721739130436	1039.8390349162426	1588.94601436629	541.5732122322975	660.1162366369414	1061.510218508634	3년	78.06599361233052	1039.8390349162426	660.1162366369414	2.797604678078232	3.35677785627897	5.250172677957328	20.080279232111693	14.678566362688155	3년	3.35677785627897	안심	3년	34.78299680616526	0.3129785408460521	매우 유망	N	주당순현금<=0	286500000.0	6.542063516019714	1.7781410047845947		-6.095545078579412	139.2882000732422	136.2831997680664	N	Y	상승전환	
AWK	American Water Works Company, Inc.	0001410636	S&P 500	제외	PEG=매우 유망, PEGY=안심	139.83999633789062	5.69	2025	2.55	98000000.0		98000000.0	5212881000.0	1588000000.0	10837000000.0					-26.230158974358975	-34.373748717948715	29.18631903554474	30.617529886790745	366.3934426229509	91.51777276233976	48.04865146769342	741.2868852459018	191.5355455246795	104.59730293538684	4217.922377049182	1089.8372540354264	595.1586537023511	2916.248918412125	679.3458828489166	325.5997349029454	3년	191.5355455246795	1089.8372540354264	679.3458828489166	12.640972031232538	3.2230091313597553	1.7336427867478434	-5.471794871794872	-3.91289689294153	3년	3.2230091313597558	안심	3년	91.51777276233975	0.3189142191138979	매우 유망	N	주당순현금<=0 | FCF<=0	195000000.0	12.366412026549934	1.150087767009489		-3.8437713122580264	135.5810009765625	131.70810035705566	Y	Y	강한 상승추세	단기위험부채 존재
CAH	CARDINAL HEALTH INC	0000721371	S&P 500	매우 유망	PEG=매우 유망, PEGY=안심	236.02000427246094	7.23	2026	86.0	4856000000.0	200000000.0	5056000000.0	2502000000.0	855000000.0	-2883000000.0					10.776371308016877	7.168776371308017	31.15402945566308	31.65300524220649	12.093023255813957	93.36569678851458	28.29655427495148	32.686046511627914	195.23139357702917	65.09310854990295	236.32011627906982	1411.522975561921	470.62317481579834	0.1271553263181957	498.0522625245199	99.3996976088993	3년	195.23139357702917	1411.522975561921	498.05226252451985	3.1486464181275573	5.757383552704771	3.6687566992774676	19.09282700421941	8.089495237098077	3년	5.757383552704771	안심	3년	93.36569678851458	0.3336774696410288	매우 유망	Y		237000000.0	6.71911754579948	7.727421706858806		-5.06415522584831	234.32140045166017	216.2277501678467	Y	Y	강한 상승추세	단기위험부채 존재
WDC	WESTERN DIGITAL CORP	0000106040	S&P 500	매우 유망	PEG=매우 유망, PEGY=안심	460.92999267578125	24.28	2026	12.0	1579000000.0	24000000.0	1603000000.0	0.0	255000000.0	8864000000.0	4997000000.0	63.94921001370753	36.05078998629247	1.7738643185911547	4.185378590078329	3.519582245430809	18.811557417038834	18.838979012782143	3137.3333333333335		55.622865998828615	6283.166666666667		119.74573199765723	152555.28666666668		2907.4263729031177	32997.27921610305		530.7739611442914	5년	119.74573199765723	2907.4263729031177	530.7739611442914	167.41481119903344		3.5947510617902507	9.167101827676241	1.9888273649669816	5년	3.5947510617902507	안심	5년	55.622865998828615	0.3381982765403529	매우 유망	Y		383000000.0	-12.915412758491895	76.47982448945159		-38.232179791778854	497.84819885253904	377.6818486785889	N	Y	중립/개선	단기위험부채 존재
DECK	DECKERS OUTDOOR CORP	0000910521	S&P 500	보류	PEG=매우 유망, PEGY=판정불가	79.87999725341797	7.02	2026		1907249000.0	26120000.0	1933369000.0		0.0	2499638000.0					13.259963650080588	13.259963650080588	9.490033276828687	9.490033276828687	10.90047393364928	26.59610321922323	42.853544612930364	30.30094786729856	61.69220643844646	94.20708922586073	212.71265402843588	433.0792891978941	661.3337663655423	166.29026207100196	442.16237367154287	727.9091000309775	3년	61.69220643844646	433.0792891978941	442.16237367154287				7.526024484757039	9.421663424550268	판정불가		판정불가	3년	26.59610321922323	0.3568204408971253	매우 유망	Y		145805000.0	-30.15651365296028	-20.667399625993742		-33.95072296933456	95.93940032958984	102.52369998931884	N	N	주의	
BSX	BOSTON SCIENTIFIC CORP	0000885725	S&P 500	제외	PEG=매우 유망, PEGY=판정불가	43.099998474121094	1.94	2025		1965000000.0		1965000000.0	3815000000.0	250000000.0	24233000000.0					-1.2378721980595517	-1.405152224824356	22.85457251143332	22.940799329353325	55.199999999999996	62.7532758644933		118.89999999999999	134.0065517289866		230.66599999999997	259.97271035423404		435.18795398218117	503.18496417194007		3년	134.0065517289866	259.97271035423404	503.18496417194007				2.4476413516226163	5.678982455399098	판정불가		판정불가	3년	62.753275864493304	0.3641972820794964	매우 유망	N	주당순현금<=0	1494500000.0	-8.628365174505625	-37.126190291225825		-58.94456363505681	46.93879989624023	65.9632499885559	N	N	주의	단기위험부채 존재
EXC	EXELON CORP	0001109357	S&P 500	제외	PEG=매우 유망, PEGY=안심	43.38999938964844	1.74	2021	3.84	626000000.0		626000000.0	35272000000.0	612000000.0	28798000000.0	87772000000.0	24.704469417517373	75.29553058248263	0.32810007747345393	-34.23517786561265	-34.8399209486166	44.61217083635695	44.95972433233622	-13.432835820895514	121.5523810846817	51.225599028568624	-18.365671641791028	251.6047621693634	110.95119805713725	-31.95626865671639	437.7922861746923	193.0550846194188	-173.6489262646549	908.9704824451704	344.9299085850552	3년	251.6047621693634	437.7922861746923	908.9704824451704	-0.21502732642361747	2.810721351010618	1.2343178553349525	-2.2480237154150196	-5.180971991327871	3년	2.810721351010618	안심	3년	121.5523810846817	0.3670201310600165	매우 유망	N	주당순현금<=0 | FCF<=0	1012000000.0	-4.658314678253195	-12.308003655880073		-13.720424339361049	45.58419998168945	45.90585000991821	N	N	주의	단기위험부채 존재
TMUS	T-Mobile US, Inc.	0001283699	S&P 500	제외	PEG=매우 유망, PEGY=안심	177.16000366210938	9.72	2025	2.3	5598000000.0	0.0	5598000000.0	81147000000.0	5135000000.0	59203000000.0	6830508000.0	89.65599707348578	10.344002926514218	8.66743732676984	-66.79390530320666	-71.33382911069539	25.098138782439918	25.565209133004604	0.6211180124223654	67.7257264346652	74.54322774580642	9.74223602484473	143.9514528693304	157.58645549161284	94.6945341614908	1399.2081218898916	1531.7403473784768	-46.54858195752912	689.7991041807319	764.6084419256999	3년	143.9514528693304	1399.2081218898916	689.7991041807319	0.11638783408378255	2.7900764690830053	3.061710209347089	15.90962588427648	8.98037116471295	3년	2.7900764690830053	안심	3년	67.7257264346652	0.3705850066688028	매우 유망	N	주당순현금<=0	1131076251.0	-4.66042585339016	-17.35783565920077		-26.708587304551212	181.6540005493164	194.09765014648437	N	N	주의	단기위험부채 존재
LDOS	Leidos Holdings, Inc.	0001336920	S&P 500	제외	PEG=매우 유망, PEGY=안심	129.5500030517578	11.14	2025	1.34	1108000000.0		1108000000.0	1331000000.0	18000000.0	4916000000.0	8531000000.0	36.55834015021938	63.44165984978062	0.5762513187199625	-1.7153846153846153	-1.853846153846154	11.783248444088187	11.79567766657127	20.824295010845983	30.95874508346872	20.63678102465594	50.148590021691966	70.41749016693744	49.77356204931188	558.6552928416485	784.4508404596831	554.4774812293343	331.22754124402036	505.5197390819662	328.0026770881738	3년	70.41749016693744	784.4508404596831	505.5197390819662	1.8810003978118703	2.7410730781691557	1.8650867907043056	12.53076923076923	9.672534878878341	3년	2.741073078169156	안심	3년	30.95874508346872	0.380611307477711	매우 유망	N	주당순현금<=0	130000000.0	6.118939309192339	-25.46458496549675		-35.078927050601905	124.61080001831054	152.2630000305176	Y	N	중립/개선	단기위험부채 존재
EPAM	EPAM Systems, Inc.	0001352010	S&P 500	보류	PEG=매우 유망, PEGY=판정불가	114.5199966430664	6.72	2025		1296077000.0	1690000.0	1297767000.0	25034000.0	2861000.0	3677226000.0	1224328000.0	75.02163599544144	24.978364004558554	3.0034647578099984	22.633204701865452	22.58232710330233	13.673629753154904	13.681200824369654	-14.285714285714288	-1.770708271929189	35.70732296450074	-20.071428571428577	4.958583456141622	79.91464592900148	-134.88000000000002	33.3216808252717	537.0264206428899	-217.77855741682498	-70.90317691055472	368.9368113733734	5년	79.91464592900148	537.0264206428899	368.9368113733734				10.895577330037522	9.514126483950777	판정불가		판정불가	5년	35.70732296450074	0.3829362891961645	매우 유망	Y		56233000.0	23.458380773728837	-15.67631345132895		-48.27461616976816	100.55339996337891	137.324700050354	Y	N	중립/개선	단기위험부채 존재
CF	CF Industries Holdings, Inc.	0001324404	S&P 500	제외	PEG=매우 유망, PEGY=안심	135.11000061035156	8.97	2025	1.74	287000000.0	3100000.0	290100000.0	3215000000.0	0.0	4838000000.0					-18.032675709001232	-18.032675709001232	17.072762131477457	17.072762131477457	33.08605341246291	-18.18627213243168	43.58035462807208	74.67210682492582	-27.872544264863357	95.66070925614416	669.8087982195847	-250.01672205582435	858.0765620276131	395.7507180769465	-285.0467921888745	535.0947806611666	5년	95.66070925614416	858.0765620276131	535.0947806611666	2.039860518425035	-0.963304707567459	2.654541443209934	11.109741060419235	8.222737776797889	5년	2.654541443209934	안심	5년	43.58035462807208	0.3917536302120891	매우 유망	N	주당순현금<=0	162200000.0	26.79242089514795	-0.6544113159179688		-2.9870061998209962	122.94900054931641	108.92585010528565	Y	Y	상승전환	
CBOE	Cboe Global Markets, Inc.	0001374310	S&P 500	매우 유망	PEG=매우 유망, PEGY=안심	287.489990234375	10.42	2025	1.18	2216500000.0	36100000.0	2252600000.0	1442900000.0	304700000.0	5138300000.0	4167000000.0	55.21906870278228	44.78093129721771	1.2330933525317975	7.704091341579448	4.804947668886775	26.85085402042184	27.129082779797336	44.521497919556175	68.19298103960483	66.67733196826208	97.54299583911235	144.88596207920966	141.85466393652416	1016.3980166435507	1509.7117248653647	1478.1255982185817	253.54205404332043	425.1354051090887	414.1485437505306	3년	144.88596207920966	1509.7117248653647	425.1354051090887	1.7020500683068474	2.5836415105025012	2.5271945509313083	16.0	5.565411159865451	3년	2.583641510502501	안심	3년	68.19298103960483	0.3937480604466831	매우 유망	Y		105100000.0	-2.8421777071923393	-0.9509077573212732		-21.600768839881002	287.36640075683596	285.8001007843018	Y	Y	중립/개선	단기위험부채 존재
AOS	SMITH A O CORP	0000091142	S&P 500	제외	PEG=매우 유망, PEGY=안심	56.709999084472656	3.85	2025	2.49	174500000.0	18700000.0	193200000.0	112700000.0	42300000.0	1858000000.0	1284800000.0	59.119256713758425	40.88074328624157	1.4461394769613947	0.5672415936205122	0.2691755139913486	14.582534413208348	14.659954174150988		36.61380704310213	39.07395391564303		81.72761408620426	86.64790783128606		314.6513142318864	333.59444515045135		454.84274257031103	488.2462538106272	3년	81.72761408620426	314.6513142318864	454.84274257031103		2.68155081517814	2.8502558429072424			3년	2.68155081517814	안심	3년	36.61380704310213	0.3982796543402779	매우 유망	N	FCF<=0	141914840.0	-3.3242427003270403	-14.811477625886438		-29.526533833477252	61.068400115966796	65.11474987030029	N	N	주의	단기위험부채 존재
TECH	BIO-TECHNE Corp	0000842023	S&P 500	보류	PEG=매우 유망, PEGY=불리(<1)	72.08000183105469	1.16	2026	44.0	264712000.0	1072000.0	265784000.0		12500000.0	2108221000.0					1.6927946805597132	1.6131814099828672	60.67862685387498	60.747258983682606	152.17391304347825	-12.974116606482456	-19.679629541091302	312.8478260869565	-17.44823321296491	-30.859259082182604	362.9034782608695	-20.239950527039294	-35.796740535331814	403.4731812458383	-128.0798418602692	-149.66251335458384	1년	312.8478260869565	362.9034782608695	403.4731812458383	3.232998556738936	0.511314856683119	0.4008062100264153	1.676483513683929	2.3258649709989863	3년	0.511314856683119	불리(<1)	1년	152.17391304347825	0.398745262182607	매우 유망	Y		157009000.0	33.43206445807325	40.04274358179239		-0.5518784593718462	71.92800003051758	61.21279996871948	Y	Y	강한 상승추세	단기위험부채 존재
ECL	ECOLAB INC.	0000031462	S&P 500	제외	PEG=매우 유망, PEGY=안심	271.6000061035156	7.28	2025	1.07	646200000.0		646200000.0	6613200000.0	74400000.0	9770800000.0	14891800000.0	39.61788294826985	60.382117051730155	0.6561194751473965	-20.922159887798035	-21.18302945301543	40.18161620759803	40.217449939083934	338.5542168674699	98.55590630677445	47.57731615945522	685.6084337349398	205.6118126135489	103.65463231891044	4991.229397590362	1496.853995826636	754.605723281668	1737.7132862390442	451.1244337955339	177.8371525492761	3년	205.6118126135489	1496.853995826636	451.1244337955339	8.452228877823227	2.4793902214400214	1.2106858994451395	6.677068723702665	2.4584199461165754	3년	2.4793902214400214	안심	3년	98.55590630677445	0.4077037867474419	매우 유망	N	주당순현금<=0	285200000.0	3.023176828542673	-1.5549705741936926		-11.918274451943	278.42640014648435	273.07734970092775	N	N	중립/개선	단기위험부채 존재
FSLR	FIRST SOLAR, INC.	0001274494	S&P 500	보류	PEG=매우 유망, PEGY=판정불가	207.1699981689453	14.21	2025		2803514000.0	509032000.0	3312546000.0	282593000.0	0.0	9537993000.0	3783317000.0	71.59951236027088	28.40048763972913	2.5210663024007767	28.17591154672345	28.17591154672345	12.596346701071207	12.596346701071207	18.21963394342763		30.670348455238837	44.93926788685526		69.84069691047767	638.5869966722133		992.4363030978878	208.24298996780954		379.04441370345756	5년	69.84069691047767	992.4363030978878	379.04441370345756				11.040200117168974	5.329053538034879	판정불가		판정불가	5년	30.670348455238837	0.4107011278158338	매우 유망	Y		107537000.0	-23.601435295073582	4.864345378168644		-34.90337842295512	217.3688006591797	229.96530113220214	N	N	판정불가	
EXPE	Expedia Group, Inc.	0001324424	S&P 500	매우 유망	PEG=매우 유망, PEGY=안심	276.8800048828125	9.81	2025	70.0	5413000000.0	320000000.0	5733000000.0	4469000000.0	1692000000.0	1284000000.0					9.579894348317076	-3.243824985031415	27.247717689551013	28.55492659203302	9.608938547486048	65.34957812135467		27.717877094972096	139.19915624270934		271.91237430167627	1365.5437227409786		-1.7941456564329217	393.18972069468697		3년	139.19915624270934	1365.5437227409786	393.18972069468697	2.921673640872115	4.967373035183005		23.570784353849767	8.512996221531393	3년	4.967373035183005	안심	3년	65.34957812135467	0.4169532301945667	매우 유망	Y		131943000.0	23.24401333992787	21.625307404450744		-18.35579249954916	295.5286004638672	259.2400995635986	N	Y	상승전환	단기위험부채 존재
NDSN	NORDSON CORP	0000072331	S&P 500	제외	PEG=매우 유망, PEGY=불리(<1)	307.45001220703125	8.51	2025	1.2	108442000.0	279000.0	108721000.0	1681254000.0	315000000.0	3043571000.0					-27.6290146883126	-33.16348654157003	39.374738765610324	40.02508798455949	4.9321824907521625	-1.1482071165261345	93.96062427456746	18.364364981504323	6.2035857669477315	196.42124854913493	156.2807459926018	52.79251487672519	1671.5448251531382	-49.16872994385664	-82.82891111379249	443.68019475879873	5년	196.42124854913493	1671.5448251531382	443.68019475879873	0.15573900127327261	0.0013153835453278307	2.4167937936309616	11.615626537353293	3.7780536920361354	3년	0.0013153835453278	불리(<1)	5년	93.96062427456746	0.4190557381840211	매우 유망	N	주당순현금<=0	56916000.0	7.639256013446838	14.8487105668335		-8.141619063683903	305.5235992431641	280.45815032958984	Y	Y	강한 상승추세	단기위험부채 존재
CRM	Salesforce, Inc.	0001108524	S&P 500	제외	PEG=매우 유망, PEGY=안심	243.0	7.8	2025	72.0	7327000000.0	57139000.0	7384139000.0	10439000000.0	4000000000.0	59142000000.0	53163000000.0	52.66194737545078	47.33805262454922	1.1124654364877828	-3.19546129707113	-7.379561715481172	31.563520679111683	32.09994380967707	85.7142857142857	74.02472751880647	12.233911375838758	179.9285714285714	156.54945503761294	32.96782275167752	1403.4428571428568	1221.085749293381	257.14901746308465	477.54850088183406	402.5044235775231	5.822640931310552	3년	156.54945503761294	1221.085749293381	402.5044235775231	4.996726674368075	4.62637641102704	2.668710890404049	15.064853556485355	6.199528212545414	3년	4.62637641102704	안심	3년	74.02472751880647	0.4263915820709068	매우 유망	N	주당순현금<=0	956000000.0	45.98978939937206	21.93898107613055		-8.725541835146855	196.91679992675782	200.994200592041	Y	Y	상승전환	단기위험부채 존재
RCL	ROYAL CARIBBEAN CRUISES LTD	0000884887	S&P 500	제외	PEG=매우 유망, PEGY=안심	259.010009765625	15.61	2025	2.31	825000000.0		825000000.0	7856962000.0	0.0	10037000000.0	31374000000.0	24.237521431503705	75.76247856849629	0.3199145789507235	-25.66409489051095	-25.66409489051095	18.236649881879305	18.236649881879305	42.68738574040219			93.87477148080438			1465.3851828153563			465.7639193718287			1년	93.87477148080438	1465.3851828153563	465.7639193718287	2.4674151245900418			4.510948905109489	1.7416118045751943	1년	2.4674151245900418	안심	1년	42.68738574040219	0.427214025070149	매우 유망	N	주당순현금<=0	274000000.0	-10.05347358956612	-2.806852318232078		-26.045740901474048	293.82599975585936	287.9644499206543	N	N	주의	
TRV	TRAVELERS COMPANIES, INC.	0000086312	S&P 500	제외	PEG=매우 유망, PEGY=안심	367.55999755859375	27.43	2025	1.36	842000000.0		842000000.0	5861000000.0	100000000.0	32894000000.0	110814000000.0	22.88947031480502	77.11052968519499	0.29683974949013664	-22.051845342706503	-22.491212653778557	14.203858654804966	14.219876420429177	27.759664648346536	32.58155699339016	40.000996302713745	64.01932929669307	73.66311398678032	88.50199260542749	1756.0502026082909	2020.579216657384	2427.609657166876	377.75879156391443	449.7277261068862	560.4662295384535	3년	73.66311398678032	2020.579216657384	449.7277261068862	2.050123516154236	2.389601151227185	2.9119549347755513			3년	2.389601151227185	안심	3년	32.58155699339016	0.4359478172785454	매우 유망	N	주당순현금<=0 | FCF<=0	227600000.0	20.947681783696748	21.704574574809232		-7.466895818680008	365.35719970703127	313.62269943237305	Y	Y	강한 상승추세	단기위험부채 존재
AMCR	Amcor plc	0001748790	S&P 500	제외	PEG=매우 유망, PEGY=안심	43.0	2.38	2026	6.03	1115000000.0		1115000000.0	5314400000.0	135000000.0	11790000000.0	25294000000.0	31.79268687304498	68.20731312695501	0.46611844706254446	-9.054333764553688	-9.345407503234153	21.871568808636006	21.993868698837883	643.75	50.01313255128406	31.642491466477107	1296.0	108.52626510256812	71.78498293295422	3084.48	258.2925109441121	170.84825938043105	7073.209302325581	500.6802580095631	297.3215334428629	3년	108.52626510256812	258.2925109441121	500.6802580095631	29.708888543168143	2.562373693521033	1.7224412110576217	3.9215178956446746	9.119809059638778	3년	2.562373693521033	안심	3년	50.01313255128406	0.4373165145416284	매우 유망	N	주당순현금<=0	463800000.0	7.715435802426196	6.62037700898237		-14.98616361536148	45.355000228881835	42.77329984664917	N	Y	상승전환	단기위험부채 존재
AES	AES CORP	0000874761	S&P 500	제외	PEG=매우 유망, PEGY=안심	14.800000190734863	1.26	2025	4.75	1382000000.0	174000000.0	1556000000.0			4063000000.0					2.179271708683473	2.179271708683473	10.016451176231262	10.016451176231262	-46.61016949152542		21.802033073406225	-84.72033898305084		52.10406614681245	-106.74762711864406		65.65112334498369	-821.2677415063176		343.58866553314493	5년	52.10406614681245	65.65112334498369	343.58866553314493	-4.1791417693781945		2.65084235985829	-2.273109243697479	-15.358846043262195	5년	2.65084235985829	안심	5년	21.802033073406225	0.45942739112937	매우 유망	N	FCF<=0	714000000.0	0.8861630113485397	4.078761693492172		-14.351854151413669	14.750799961090088	14.609099974632263	Y	Y	강한 상승추세	
D	DOMINION ENERGY, INC	0000715957	S&P 500	제외	PEG=매우 유망, PEGY=안심	65.05000305175781	0.65	2025	4.1	250000000.0		250000000.0	30948000000.0	2457000000.0	29083000000.0	82440000000.0	26.07802874743326	73.92197125256673	0.3527777777777778	-35.89150005845902	-38.764176312405006	155.29462016956438	159.714122098712	333.33333333333337	-15.82903888645284	-4.5403361201187264	675.1666666666667	-23.158077772905678	-0.5806722402374529	438.8583333333334	-15.05275055238869	-0.3774369561543444	574.6476752416914	-123.14027647379476	-100.58022588539164	1년	675.1666666666667	438.8583333333334	574.6476752416914	2.172859130373569	-0.07552765751734374	-0.0028354885677168273	0.445457734128376	0.684792795127069	1년	2.172859130373569	안심	1년	333.33333333333337	0.465883860508693	매우 유망	N	주당순현금<=0	855300000.0	-2.4591382960127195	3.516872841826224		-9.262099544598911	68.53460037231446	64.18550022125244	N	Y	중립/개선	단기위험부채 존재
SPG	SIMON PROPERTY GROUP INC.	0001063761	S&P 500	제외	PEG=매우 유망, PEGY=안심	204.6699981689453	9.35	2025	4.35	823147000.0	1000000000.0	1823147000.0	28430175000.0		5208268000.0	33901073000.0	13.317197034846483	86.68280296515351	0.1536313614616269	-81.57151298527937	-81.57151298527937	30.6140653640882	30.6140653640882	358.3333333333333	65.56992936260015		725.1666666666666	139.6398587252003		6780.3083333333325	1305.6326790806227		3212.8003097632864	537.9208925398461		3년	139.6398587252003	1305.6326790806227	537.9208925398461	11.846951034434605	2.2839152046960627				3년	2.2839152046960627	안심	3년	65.56992936260015	0.4668918460288884	매우 유망	N	주당순현금<=0 | FCF<=0	326180391.0	-4.742624226221526	9.11659123367674		-13.531896574675784	221.42839965820312	202.1869506072998	N	Y	중립/개선	
CCL	Carnival Corp Ltd.	0000815097	S&P 500	제외	PEG=매우 유망, PEGY=안심	22.469999313354492	2.02	2025	1.98	1928000000.0	0.0	1928000000.0	24037000000.0	0.0	12284000000.0					-15.769614835948644	-15.769614835948644	18.930502054110462	18.930502054110462	40.277777777777786			89.05555555555557			179.89222222222224			700.5884633708366			1년	89.05555555555557	179.89222222222224	700.5884633708366	2.2322586932448614			1.8594864479315263	8.27541835671702	1년	2.2322586932448614	안심	1년	40.277777777777786	0.4699986716882596	매우 유망	N	주당순현금<=0	1402000000.0	-20.092465708592545	-6.061876079910567		-33.89232655557769	26.461000061035158	27.74325008392334	N	N	주의	
FISV	FISERV INC	0000798354	S&P 500	제외	PEG=매우 유망, PEGY=판정불가	48.93000030517578	6.34	2025		798000000.0		798000000.0	3228000000.0	2000000.0	25792000000.0	54324000000.0	32.19331968645464	67.80668031354537	0.47478094396583465	-4.426229508196721	-4.429872495446266	8.41580911882847	8.416383722495592	17.843866171003718	17.481865339726866	35.26712030178827	44.187732342007436	43.46373067945373	79.03424060357654	280.1502230483271	275.56005250773666	501.07708542667524	472.55307848157327	463.17198199279	924.0692464775474	3년	43.46373067945373	275.56005250773666	463.17198199279				7.830601092896175	16.003680858485218	판정불가		판정불가	3년	17.481865339726866	0.4814022391365679	매우 유망	N	주당순현금<=0	549000000.0	-7.7836429725276375	-12.734081377759532		-63.94251922950423	52.18400032043457	58.14370002746582	N	N	주의	단기위험부채 존재
NWSA	NEWS CORP	0001564708	S&P 500	매우 유망	PEG=매우 유망, PEGY=안심	29.3799991607666	1.03	2026	68.0	2095000000.0		2095000000.0	1989000000.0	0.0	8526000000.0					0.18982808022922637	0.18982808022922637	28.33997192285182	28.33997192285182	-21.37404580152672	58.22968332827563	12.961341039942953	-34.24809160305344	124.95936665655125	34.4226820798859	-35.27553435114504	128.7081476562478	35.45536254228248	-220.06649203125644	338.08084184060084	20.67856894165192	3년	124.95936665655125	128.7081476562478	338.08084184060084	1.6452364287939407	4.454121679157023	2.8567897406652016	1.2034383954154728	4.096114464912979	3년	4.454121679157023	안심	3년	58.22968332827563	0.4866928738575206	매우 유망	Y		558400000.0	11.71102666560493	24.59711304421821		-5.803146336322129	28.72719997406006	26.278000040054323	Y	Y	강한 상승추세	
EME	EMCOR Group, Inc.	0000105634	S&P 500	제외	PEG=매우 유망, PEGY=안심	748.3300170898438	28.19	2025	21.0	1111968000.0		1111968000.0	0.0		3673944000.0	5616418000.0	39.54575720515519	60.4542427948448	0.654143619652241	24.630614870271227	24.630614870271227	25.672202987569086	25.672202987569086	30.994423791821568	51.54328097260492	63.67289600664736	70.48884758364314	111.58656194520984	135.84579201329473	1987.0806133829	3145.6251812354653	3829.4928768547784	165.53533441173363	320.35266652384	411.73850966812324	3년	111.58656194520984	3145.6251812354653	320.35266652383996	2.025319907956405	2.8257520793105133	3.2982325688078817			3년	2.8257520793105133	안심	3년	51.54328097260492	0.4980707960987927	매우 유망	N	FCF<=0	45145767.0	-7.787760147555966	5.319970477584857		-20.706753156043046	775.8849975585938	761.5389993286133	N	N	판정불가	
CB	Chubb Ltd	0000896159	S&P 500	제외	PEG=헐값, PEGY=양호	338.6700134277344	25.68	2025	1.21	2012000000.0		2012000000.0	15728000000.0	1499000000.0	73757000000.0	192548000000.0	27.69643829443683	72.30356170556317	0.3830577310592683	-34.16075806677187	-37.89413341979688	14.518332223306317	14.663712883470843	13.12775330396476	26.95518164431085	26.943805197471637	34.75550660792952	62.41036328862171	62.38761039494327	892.5214096916301	1602.6981292518055	1602.1138349421433	163.53718200742827	373.232960022246	373.0604338798372	3년	62.41036328862171	1602.6981292518055	373.232960022246	0.9875620066710092	1.9399736285891858	1.9391900367368822			3년	1.9399736285891855	양호	3년	26.955181644310855	0.5386100681822171	헐값	N	주당순현금<=0 | FCF<=0	401513338.0	3.2750955971787565	2.764296618712314		-6.830807860320665	347.6811993408203	326.97840072631834	N	Y	상승전환	단기위험부채 존재
BDX	BECTON DICKINSON & CO	0000010795	S&P 500	제외	PEG=헐값, PEGY=불리(<1)	176.4199981689453	5.82	2025	2.34	641000000.0		641000000.0	17621000000.0	752000000.0	25390000000.0					-58.854316503124686	-61.460820979588156	40.4251399780189	40.87299298084768	-0.6825938566552906	-0.3412995832631105	74.47134006583379	7.134812286689419	7.817400833473779	157.44268013166757	41.52460750853242	45.497272850817396	916.3163983663053	-76.46264145815988	-74.21081888502925	419.3948576559966	5년	157.44268013166757	916.3163983663053	419.3948576559966	0.04099939157281635	0.049442015978761716	1.9000884129925049	13.472716622358401	7.6367286941339305	3년	0.0494420159787617	불리(<1)	5년	74.47134006583379	0.542828152981838	헐값	N	주당순현금<=0	288509000.0	19.72853129371952	10.518068516290956		-8.114584287007654	171.45940032958984	160.22372467041015	Y	Y	강한 상승추세	단기위험부채 존재
NWS	NEWS CORP	0001564708	S&P 500	양호	PEG=헐값, PEGY=안심	32.779998779296875	1.03	2026	60.0	2095000000.0		2095000000.0	1989000000.0	0.0	8526000000.0					0.18982808022922637	0.18982808022922637	31.64094242627927	31.64094242627927	-21.37404580152672	58.22968332827563	12.961341039942953	-34.24809160305344	124.95936665655125	34.4226820798859	-35.27553435114504	128.7081476562478	35.45536254228248	-207.61298250390507	292.6423198573669	8.161573711452675	3년	124.95936665655125	128.7081476562478	292.6423198573669	1.2207586511833046	3.7366043569574714	2.305915546287432	1.2034383954154728	3.671258206926896	3년	3.736604356957472	안심	3년	58.22968332827563	0.543381667523423	헐값	Y		558400000.0	8.795219689155974	22.955735059686553		-7.191395632711616	32.52839996337891	29.92664999961853	Y	Y	강한 상승추세	
WFC	WELLS FARGO & COMPANY/MN	0000072971	S&P 500	제외	PEG=헐값, PEGY=양호	89.44999694824219	6.26	2025	2.23	172593000000.0		172593000000.0	174712000000.0	18323000000.0	181117000000.0	1965593000000.0	8.436957017948396	91.5630429820516	0.09214369404042444	-0.6535484069950344	-6.304783641242328	14.393537596683261	15.296290828991136	16.573556797020476	25.8582131723802	72.48768573284212	41.64711359404095	60.21642634476039	153.47537146568425	260.71093109869634	376.95482891820006	960.7558253751833	191.45996645427462	321.4140209935555	974.0702718314218	3년	60.21642634476039	376.95482891820006	321.4140209935555	1.306388833927347	1.9514461252981083	5.19105780847507			3년	1.9514461252981083	양호	3년	25.858213172380196	0.5566331092071496	헐값	N	주당순현금<=0 | FCF<=0	3242300000.0	8.555819528897857	18.870427838195592		-7.199919582271052	86.99039993286132	85.07680004119874	Y	Y	강한 상승추세	단기위험부채 존재
SYF	Synchrony Financial	0001601712	S&P 500	제외	PEG=헐값, PEGY=안심	75.44000244140625	9.28	2025	1.76	14973000000.0		14973000000.0	15182000000.0		16766000000.0	102329000000.0	14.077837020865697	85.92216297913431	0.16384407157306335	-0.5589729874297941	-0.5589729874297941	8.189544766038368	8.189544766038368	8.538011695906416	14.698468785789576	32.527017334119954	25.576023391812832	37.89693757157915	73.55403466823991	237.34549707602307	351.6835806642545	682.5814417212663	214.61491171128705	366.1765234398088	804.800397178437	3년	37.89693757157915	351.6835806642545	366.17652343980876	1.257458380179049	2.009692755333852	4.186681715973578			3년	2.009692755333852	안심	3년	14.698468785789576	0.5571699260235862	헐값	N	주당순현금<=0 | FCF<=0	373900000.0	4.29973805007744	17.930281384754764		-14.728154854198971	76.7952001953125	75.17845012664795	N	Y	상승전환	
VICI	VICI PROPERTIES INC.	0001705696	S&P 500	제외	PEG=헐값, PEGY=안심	24.729999542236328	2.61	2025	7.3	563479000.0	44484000.0	607963000.0	16773241000.0		27797640000.0	18501581000.0	60.03910951331125	39.96089048668875	1.5024467368491374	-15.211615261302986	-15.211615261302986	15.303300691011232	15.303300691011232	1.9531249999999931	27.13904027900833	8.322953223006625	12.406249999999986	62.77808055801666	25.14590644601325	32.38031249999996	163.85079025642347	65.63081582409458	30.935354223107336	562.5588082870077	165.38947448019078	3년	62.77808055801666	163.85079025642347	562.5588082870077	0.6046489699725395	2.250432176323696	1.0208878161940025	2.359351998855903	9.540444975853596	3년	2.250432176323696	안심	3년	27.13904027900833	0.5638851091889245	헐값	N	주당순현금<=0	1062693062.0	-11.961554261657813	-13.772666390894738		-25.422196453458913	26.268000106811524	27.796900033950806	N	N	주의	
CDW	CDW Corp	0001402057	S&P 500	제외	PEG=헐값, PEGY=불리(<1)	142.60000610351562	8.08	2025	1.77	618700000.0	0.0	618700000.0	4622300000.0	1007500000.0	2606100000.0	5981100000.0	30.34865846841811	69.65134153158189	0.4357225259567638	-30.307342922028766	-37.934140802422405	21.399424384349555	22.343335013111144	1.3801756587202048	-0.2054237502367883	37.39960471779868	11.26035131744041	8.089152499526424	83.29920943559736	90.98363864491851	65.36035219617351	673.0576122396267	-36.196609571761144	-54.165252876127234	371.98989020452314	5년	83.29920943559736	673.0576122396267	371.98989020452314	0.1472084296353355	0.07311300629691062	1.8304045947350496	8.236941710825132	5.77625621197085	3년	0.0731130062969106	불리(<1)	5년	37.39960471779868	0.5721831700046137	헐값	N	주당순현금<=0	132100000.0	10.431348804584474	25.660911072578685		-14.758795010761606	140.26839965820312	131.83335010528563	Y	Y	강한 상승추세	단기위험부채 존재
BLDR	Builders FirstSource, Inc.	0001316835	S&P 500	제외	PEG=헐값, PEGY=판정불가	58.970001220703125	3.89	2025		181753000.0		181753000.0	353830000.0	30074000.0	4352251000.0	6885279000.0	38.72960517124315	61.27039482875686	0.632109606596915	-1.538847453989376	-1.8077927420364508	15.55497395236311	15.624111558544877	-57.064017660044144	-38.61797619693695	26.944391684631476	-105.62803532008829	-68.7359523938739	62.38878336926295	-410.89305739514344	-267.3828548121695	242.69236730643289	-796.7831929616572	-553.4218234309567	311.5522507759907	5년	62.38878336926295	242.69236730643289	311.5522507759907				7.630734560283307	12.940027814692186	판정불가		판정불가	5년	26.944391684631476	0.5772991327629543	헐값	N	주당순현금<=0	111822000.0	-24.945906262250173	-31.905309168884934		-59.76391771081513	71.42120079040528	89.58860052108764	N	N	주의	단기위험부채 존재
AKAM	AKAMAI TECHNOLOGIES INC	0001086222	S&P 500	보류	PEG=헐값, PEGY=판정불가	107.12999725341797	3.07	2025		930231000.0	375005000.0	1305236000.0			4977371000.0	6502272000.0	43.35823857937046	56.64176142062954	0.7654818192779386	8.87776742414452	8.87776742414452	32.003983657743795	32.003983657743795	-6.116207951070342	55.27737277287406	35.18418669731969	-3.7324159021406835	119.05474554574812	78.86837339463938	-11.458516819571898	365.4980688254467	242.12590632154289	-110.69589948039163	241.17248034726848	126.01130638395297	3년	119.05474554574812	365.4980688254467	241.17248034726848				6.8763322745420785	6.418680529110804	판정불가		판정불가	3년	55.27737277287406	0.5789707804899317	헐값	Y		147023000.0	-19.122760211816768	1.573903492464357		-33.51743970510406	115.53419998168945	109.89350006103516	N	N	판정불가	
GL	GLOBE LIFE INC.	0000320335	S&P 500	제외	PEG=헐값, PEGY=안심	170.8000030517578	14.07	2025	78.0	61710000.0	314711000.0	376421000.0	2320793000.0	304656000.0	5974579000.0	24839113000.0	19.389364312462135	80.61063568753787	0.24053109303862824	-23.56100803984325	-27.252689706410393	13.813860063368944	14.076239712734058	17.839195979899504	23.497404952300016	48.78096035818152	44.17839195979901	55.49480990460003	106.06192071636303	621.589974874372	780.8119753577224	1492.2912244792278	263.92855021554686	357.14986030832307	773.7067902902885	3년	55.49480990460003	780.8119753577224	357.14986030832307	6.937901176083443	7.347504932487833	9.177808358894147	15.194269876451488	8.895942391667958	3년	7.347504932487833	안심	3년	23.497404952300016	0.5878887516051763	헐값	N	주당순현금<=0	82524992.0	3.4524510826900556	23.081356051851955		-8.181916391320254	177.98640014648439	154.57419982910156	N	Y	상승전환	단기위험부채 존재
CINF	CINCINNATI FINANCIAL CORP	0000020286	S&P 500	양호	PEG=헐값, PEGY=양호	169.58999633789062	15.17	2025	2.22	1139000000.0	148000000.0	1287000000.0	790000000.0		15911000000.0	25091000000.0	38.80542412565241	61.19457587434759	0.6341317603921724	3.1515535827520607	3.1515535827520607	10.971551928486392	10.971551928486392	4.404679972470754		18.581314428449215	17.30935994494151		45.66262885689843	262.5829903647627		692.7020797591491	54.834009101334644		308.45692241127915	5년	45.66262885689843	692.7020797591491	308.45692241127915	0.6038051877848314		1.8959318211347072	19.60684844641725	11.561323704113196	5년	1.8959318211347072	양호	5년	18.581314428449215	0.5904615613031242	헐값	Y		157700000.0	0.7664844104227964	3.263715977466086		-11.685675459070799	176.36819946289063	167.4038996887207	N	Y	상승전환	
STLD	STEEL DYNAMICS INC	0001022671	S&P 500	제외	PEG=헐값, PEGY=양호	237.0800018310547	7.99	2025	88.0	769878000.0	0.0	769878000.0	4176508000.0	34655000.0	8957182000.0	7489369000.0	54.46237329638293	45.537626703617065	1.1959862039111706	-22.955109026710872	-23.188626991186222	32.5450701949644	32.574296473371824	-18.800813008130078	-27.445943360831997	55.10698446728479	-29.101626016260155	-46.39188672166399	118.71396893456958	-232.52199186991865	-370.67117490609525	948.5246117872109	-198.0774380268547	-256.3485625287952	300.08630186494514	5년	118.71396893456958	948.5246117872109	300.08630186494514	2.12625711289991	1.8606214789648035	4.397193910167916	3.379349613217973	1.4254047524540376	3년	1.8606214789648037	양호	5년	55.10698446728479	0.5905797696893639	헐값	N	주당순현금<=0	148404000.0	-15.192268938093035	35.39691237411935		-16.15504539430229	242.14279968261718	211.58620048522948	N	Y	중립/개선	단기위험부채 존재
GE	GENERAL ELECTRIC CO	0000040545	S&P 500	양호	PEG=헐값, PEGY=안심	324.1499938964844	8.14	2025	57.99999999999999	43299000000.0		43299000000.0	20469000000.0	25000000.0	18677000000.0	111271000000.0	14.37267214578139	85.62732785421862	0.16785146174654672	21.376404494382022	21.35299625468165	37.195772653820924	37.19864835894382	365.14285714285717	61.56813006403801	69.60524644031413	738.7857142857143	131.636260128076	147.71049288062827	6013.715714285715	1071.5191574425387	1202.363412048314	1755.2262309177042	230.5627572477212	270.92809954896455	3년	131.636260128076	1071.5191574425387	230.56275724772118	11.376100748894913	3.2145623422546485	3.430638412271452	6.709737827715355	2.0699484664676797	3년	3.2145623422546485	안심	3년	61.56813006403801	0.604140041530139	헐값	Y		1068000000.0	-2.5874551077231245	5.689592760000894		-14.970360196599097	354.57540100097657	321.81135055541995	N	Y	중립/개선	단기위험부채 존재
TEL	TE Connectivity plc	0001385157	S&P 500	제외	PEG=헐값, PEGY=양호	204.6300048828125	6.16	2025	1.52	1255000000.0		1255000000.0	4842000000.0	500000000.0	9585000000.0	12351000000.0	43.695295404814004	56.304704595185996	0.7760505222249211	-11.996655518394649	-13.668896321070234	35.166665649546616	35.43813331231863	-40.36786060019361	-6.225079756818797	54.9338540505395	-72.23572120038722	-3.950159513637594	118.367708101079	-444.9720425943853	-24.33298260400758	729.1450819026467	-317.4520021387928	-111.89120951149984	256.3236399863321	5년	118.367708101079	729.1450819026467	256.3236399863321	-1.1046785324298851	-0.13379374103041974	1.6053229104268898	10.7123745819398	5.2349969830057725	5년	1.6053229104268898	양호	5년	54.9338540505395	0.6401638162360328	헐값	N	주당순현금<=0	299000000.0	-1.4970638914582612	3.4320706988516303		-17.819275147464865	205.9136004638672	215.89849998474122	N	N	판정불가	단기위험부채 존재
AVY	Avery Dennison Corp	0000008818	S&P 500	제외	PEG=헐값, PEGY=불리(<1)	168.77000427246094	8.79	2025	2.36	202800000.0		202800000.0	954200000.0	250000000.0	2242100000.0					-9.596424010217113	-12.789272030651341	20.291971363217073	20.655207770547474	0.6872852233676829	-1.5437973187936491	30.981755136467836	9.874570446735365	5.412405362412701	70.46351027293568	86.79747422680386	47.57504313560764	619.3742552991046	-48.57055636102331	-71.81072351055768	266.9930909637187	5년	70.46351027293568	619.3742552991046	266.9930909637187	0.15017196549426673	0.04022293677616103	1.6431008372555609	9.098339719029374	5.3909696561606335	3년	0.040222936776161	불리(<1)	5년	30.981755136467836	0.6549651972212481	헐값	N	주당순현금<=0	78300000.0	6.311813714936032	-1.3098592516973984		-14.52519276731069	170.43739990234374	173.11870002746582	N	N	중립/개선	단기위험부채 존재
L	LOEWS CORP	0000060086	S&P 500	제외	PEG=헐값, PEGY=안심	109.08000183105469	7.97	2025	23.0	495000000.0	4628000000.0	5123000000.0	9191000000.0	10000000.0	18686000000.0	66707000000.0	21.882355696602765	78.11764430339724	0.2801205270811159	-19.45480631276901	-19.502630320420852	16.127328499852407	16.13332900269455	24.33697347893915	24.20001937499827	40.610600779906946	57.1739469578783	56.90003874999654	89.72120155981389	455.67635725429005	453.4933088374724	715.0779764317167	317.74509498088463	315.7437671662786	555.5536894280988	3년	56.90003874999654	453.4933088374724	315.7437671662786	2.935202409957258	2.9267103584719707	3.9442738938745556	12.91248206599713	11.837625457685858	3년	2.9267103584719707	안심	3년	24.20001937499827	0.6664179995043313	헐값	N	주당순현금<=0	209100000.0	1.5926227444630348	0.5994664982472475		-8.643215714354447	113.47279983520508	108.88145000457763	N	Y	상승전환	단기위험부채 존재
META	Meta Platforms, Inc.	0001326801	S&P 500	양호	PEG=헐값, PEGY=안심	644.3800048828125	23.49	2025	32.0	35873000000.0	45719000000.0	81592000000.0	58744000000.0		217243000000.0	148778000000.0	59.35260545159977	40.64739454840023	1.4601822850152577	8.876456876456876	8.876456876456876	27.054216603080274	27.054216603080274	-1.550712489522217	39.8395285030712	18.41272352127048	5.398575020955565	88.1790570061424	45.32544704254096	126.81252724224622	2071.326049074285	1064.694751029287	-80.32022622034827	221.4448048323564	65.22777599576719	3년	88.1790570061424	2071.326049074285	221.44480483235637	1.1254913774517117	2.6553911930642213	1.8633961670703378	17.913364413364413	2.7799379679110547	3년	2.6553911930642213	안심	3년	39.8395285030712	0.6790797386318135	헐값	Y		2574000000.0	13.361366075971869	0.9715146632904625		-17.413648845522268	600.1997961425782	622.9620474243164	Y	Y	상승전환	
JBL	JABIL INC	0000898293	S&P 500	제외	PEG=헐값, PEGY=불리(<1)	302.79998779296875	5.92	2025	10.0	1933000000.0		1933000000.0	2386000000.0	2400000.0	1513000000.0	17026000000.0	8.161173741841523	91.83882625815848	0.08886409021496534	-4.084761045987376	-4.106402164111812	51.83864000658043	51.8422956008582	-47.00089525514772	-4.9779916366686106	76.05596028525254	-85.50179051029544	-1.455983273337221	160.61192057050508	-506.17059982094895	-8.619420978156349	950.8225697773901	-267.16334881989144	-102.84657243250936	214.01010835822393	5년	160.61192057050508	950.8225697773901	214.01010835822393	-0.7137705628552524	0.09687770286207148	1.6600736491992951	10.568079350766457	3.490118816646747	3년	0.0968777028620714	불리(<1)	5년	76.05596028525254	0.6815855037811163	헐값	N	주당순현금<=0	110900000.0	-19.658262085977473	20.092007823412473		-21.47914219356832	323.2944006347656	294.4994499969482	N	Y	중립/개선	단기위험부채 존재
KVUE	Kenvue Inc.	0001944048	S&P 500	제외	PEG=헐값, PEGY=양호	17.790000915527344	0.76	2025	4.73	1062000000.0		1062000000.0	7687000000.0	700000000.0	10765000000.0	16311000000.0	39.75845767469345	60.24154232530654	0.6599840598369199	-3.4433471933471935	-3.807172557172557	27.938615932729654	28.417333516710396	40.74074074074073			89.98148148148147			68.38592592592592			284.406534044851			1년	89.98148148148147	68.38592592592592	284.406534044851	1.6275230258444002			0.895010395010395	5.030974417933944	1년	1.6275230258444002	양호	1년	40.74074074074073	0.685766027439728	헐값	N	주당순현금<=0	1924000000.0	-1.5495228778397485	2.300181368131682		-10.287438305735774	19.11180000305176	17.98089994430542	N	N	판정불가	단기위험부채 존재
PKG	PACKAGING CORP OF AMERICA	0000075677	S&P 500	제외	PEG=헐값, PEGY=양호	232.41000366210938	8.58	2025	2.64	529000000.0	71800000.0	600800000.0	3967300000.0	0.0	4598000000.0					-37.572544642857146	-37.572544642857146	31.466497471441322	31.466497471441322	-3.9193729003359428	-8.031890655223496	45.85079043342193	0.6612541993281145	-7.563781310446991	100.20158086684386	5.673561030235222	-64.89724364363519	859.7295638375202	-97.55881375980539	-127.92360166130648	269.91934524791066	5년	100.20158086684386	859.7295638375202	269.91934524791066	-0.04065825570504276	-0.17135337862490482	1.5410291684809116	8.131696428571429	3.4988581818507876	5년	1.5410291684809116	양호	5년	45.85079043342193	0.6862803710468753	헐값	N	주당순현금<=0	89600000.0	3.569523165548749	8.58251305933242		-9.719142961396566	241.7811993408203	223.73975021362304	N	Y	상승전환	
EFX	EQUIFAX INC	0000033185	S&P 500	제외	PEG=헐값, PEGY=보통	168.0399932861328	5.32	2025	1.33	180800000.0		180800000.0	4055300000.0		4604300000.0	7126000000.0	39.251340545425094	60.748659454574906	0.6461268593881561	-31.22078968573731	-31.22078968573731	37.45503439320867	37.45503439320867	9.917355371900834	-1.9860869276462576	54.21135723165227	28.33471074380167	4.527826144707484	116.92271446330454	150.74066115702487	24.088035089843817	622.0288409447802	-10.29477078093619	-85.66529632691217	270.16714222644043	5년	116.92271446330454	622.0288409447802	270.16714222644043	0.3002895486311501	-0.017516655324850514	1.4828809566311065			5년	1.4828809566311063	보통	5년	54.21135723165227	0.6909075202297256	헐값	N	주당순현금<=0 | FCF<=0	124100000.0	5.30141080210953	-7.903109118234197		-35.943276831662615	178.81699981689454	187.2419002532959	N	N	중립/개선	
PTC	PTC INC.	0000857005	S&P 500	제외	PEG=헐값, PEGY=판정불가	128.71499633789062	6.08	2025		184415000.0		184415000.0	1172434000.0	25000000.0	3826229000.0	2790943000.0	57.82272245605827	42.177277543941734	1.3709448741876848	-8.180522781655448	-8.387515834968578	22.515710381504288	22.549755291588685	94.87179487179486	31.89223724402268	40.26105826759165	198.24358974358972	72.28447448804536	89.0221165351833	1205.3210256410255	439.4896048873158	541.2544685339145	836.426259514415	241.4439788613353	320.50614453118084	3년	72.28447448804536	439.4896048873158	241.4439788613353				7.093138594268776	5.510732079460679	판정불가		판정불가	3년	31.89223724402268	0.7059934431449847	헐값	N	주당순현금<=0	120777000.0	8.721173242226543	-18.255435761673343		-37.827852438377064	137.4611001586914	148.09547561645508	N	N	중립/개선	단기위험부채 존재
TPR	TAPESTRY, INC.	0001116132	S&P 500	제외	PEG=헐값, PEGY=보통	115.87000274658203	7.27	2026	1.63	974700000.0	177300000.0	1152000000.0	2396600000.0	0.0	692100000.0	5999600000.0	10.342663299311086	89.65733670068892	0.11535769051270085	-5.921027592768792	-5.921027592768792	16.752548877489797	16.752548877489797	786.5853658536585	23.28234739020967	60.15373226239535	1581.670731707317	55.06469478041934	128.8074645247907	11498.746219512193	400.32033105364854	936.4302670952284	9823.833560840567	245.49091357940557	708.1731638026146	3년	55.06469478041934	400.32033105364854	245.49091357940554	47.05047402743437	1.487078030477147	3.6880198180118984	8.622740247383444	7.44173646585833	3년	1.487078030477147	보통	3년	23.28234739020967	0.7195386528995061	헐값	N	주당순현금<=0	210200000.0	-20.304007680715475	-18.784604868801903		-29.68199805500905	138.933800201416	138.5359001159668	N	N	주의	
IT	GARTNER INC	0000749251	S&P 500	제외	PEG=헐값, PEGY=보통	170.6199951171875	9.65	2025	0.7003868445660394	1722521000.0		1722521000.0	2976674000.0	5000000.0	319908000.0	7765492000.0	3.9566131545749132	96.04338684542509	0.041196101934043584	-16.588228291779643	-16.654361484028833	19.399815897302293	19.406669077846253	-39.6875	-1.0484370535091214	26.662227247373906	-70.875	6.403125892981757	61.82445449474781	-683.94375	61.79016486727396	596.6059858743164	-500.85791206959345	-63.78492167648088	249.66944259056362	5년	61.82445449474781	596.6059858743164	249.66944259056362	-2.0096640793820857	-0.017940902675858968	1.4104574103584635			5년	1.4104574103584635	보통	5년	26.662227247373906	0.7276142280729033	헐값	N	주당순현금<=0 | FCF<=0	75605000.0	14.656271699760026	6.245718293805291		-35.39323810702496	166.21820037841798	176.7699499130249	Y	N	중립/개선	단기위험부채 존재
ZBH	ZIMMER BIOMET HOLDINGS, INC.	0001136869	S&P 500	제외	PEG=헐값, PEGY=보통	92.44000244140625	3.55	2025	1.01	591900000.0	164600000.0	756500000.0	6932000000.0	500000.0	12697700000.0	10386000000.0	55.00721288181703	44.99278711818296	1.222578471018679	-31.07951685958732	-31.082033215903373	34.794230789012275	34.79493962177736	-19.864559819413092	47.77871617006642	17.426534933980655	-31.229119638826184	104.05743234013283	43.35306986796131	-110.86337471783294	369.40388480747157	153.90339803126264	-219.93008631528807	299.61475016362186	66.49004107157548	3년	104.05743234013283	369.40388480747157	299.61475016362186	-0.5418875311181531	1.4022070631742054	0.5298733300292633	7.411172622043281	8.017278695704173	3년	1.4022070631742054	보통	3년	47.77871617006642	0.7282370389602686	헐값	N	주당순현금<=0	198700000.0	6.082170173147161	-0.16199795055288346		-11.337041485362443	95.1456005859375	91.4329500579834	N	Y	상승전환	단기위험부채 존재
UDR	UDR, Inc.	0000074208	S&P 500	제외	PEG=헐값, PEGY=보통	35.13999938964844	1.13	2025	4.89	1222000.0		1222000.0	5821369000.0		3288462000.0	6456911000.0	33.74382899453926	66.25617100546074	0.5092933757333808	-17.58071064149849	-17.58071064149849	46.655495602784896	46.655495602784896	334.6153846153846	63.19306474930446	41.38706836756314	677.7307692307692	134.8861294986089	91.27413673512628	765.8357692307691	152.42132633342806	103.13977451069269	2079.384697019572	333.7544934002715	193.51103102487724	3년	134.8861294986089	152.42132633342806	333.7544934002715	7.276857318285979	1.4592721365334833	0.9918889033256959			3년	1.4592721365334833	보통	3년	63.19306474930446	0.7383008845650014	헐값	N	주당순현금<=0 | FCF<=0	331053000.0	-10.150859521215027	-2.497229475627327		-14.791469545461823	38.43299987792969	37.12069999694824	N	N	주의	
FE	FIRSTENERGY CORP	0001031296	S&P 500	제외	PEG=헐값, PEGY=양호	46.25	1.76	2025	4.03	57000000.0		57000000.0		325000000.0	12510000000.0	41978000000.0	22.95918367346939	77.04081632653062	0.2980132450331126	0.0986159169550173	-0.46366782006920415	26.22237731991192	26.541856715948413	3.529411764705886	35.33748646850903	-2.4264922046119075	15.558823529411772	79.17497293701805	3.647015590776185	27.38352941176472	139.34795236915178	6.4187474397660855	-40.79236883942763	201.2928699873552	-86.12162715726251	3년	79.17497293701805	139.34795236915178	201.2928699873552	0.2882809469363275	1.5012935703055188	0.061150359321939574			3년	1.5012935703055188	양호	3년	35.33748646850903	0.7420555319711256	헐값	N	FCF<=0	578000000.0	-0.8999318307768567	-8.992522082383347		-10.903486542187457	47.64859985351563	47.531199798583984	N	N	주의	단기위험부채 존재
SYY	SYSCO CORP	0000096021	S&P 500	제외	PEG=헐값, PEGY=보통	82.30999755859375	3.66	2026	2.7	1786000000.0	18000000.0	1804000000.0	10588184000.0	8782000.0	2666000000.0					-18.27707233642588	-18.29534486455809	27.482805982245797	27.487798476270992	-1.8766756032171539	36.47073516767034	66.04148830392411	4.746648793565692	81.44147033534068	140.58297660784822	17.372734584450434	298.0757814273469	514.5336943847245	-78.89353043403584	262.1380029991577	525.1168869473543	3년	81.44147033534068	298.0757814273469	262.1380029991577	0.029957799699009014	1.4252815084811603	2.5012543605748223			3년	1.4252815084811603	보통	3년	36.47073516767034	0.7535577732638651	헐값	N	주당순현금<=0 | FCF<=0	480612203.0	3.352584366408662	-3.0620727727937447		-9.708211658611553	82.9786001586914	79.48695011138916	N	Y	상승전환	단기위험부채 존재
NSC	NORFOLK SOUTHERN CORP	0000702165	S&P 500	제외	PEG=헐값, PEGY=보통	323.29998779296875	12.75	2025	1.67	1530000000.0	0.0	1530000000.0	9736000000.0	0.0	15547000000.0	29689000000.0	34.36864444247944	65.63135555752055	0.5236619623429553	-36.4225477141589	-36.4225477141589	28.213532196637463	28.213532196637463	10.19878997407087	-2.7909035954415184	37.019144491250344	28.89757994814174	2.918192809116963	82.53828898250069	368.4441443388072	37.20695831624128	1052.3631845268837	13.963550340356745	-88.49150642713063	225.50671953652665	5년	82.53828898250069	1052.3631845268837	225.50671953652665	0.42067720877166215	-0.039729289747531496	1.3712974405899232	9.573901464713716	2.9613058540678154	5년	1.3712974405899232	보통	5년	37.019144491250344	0.7621335550665107	헐값	N	주당순현금<=0	225300000.0	4.112320569307659	11.000472757357294		-8.408414717429702	335.7729968261719	309.59484924316405	N	Y	상승전환	
ROP	ROPER TECHNOLOGIES INC	0000882835	S&P 500	제외	PEG=헐값, PEGY=안심	388.5799865722656	14.2	2025	93.0	297400000.0		297400000.0	8595800000.0	705200000.0	19881500000.0	14695500000.0	57.49920467362698	42.50079532637302	1.3528971453846415	-76.69500924214418	-83.21256931608133	32.765844775662664	33.22482787946105	231.7757009345794	-7.702444377568895	42.57857188588412	472.0514018691588	-6.90488875513779	93.65714377176823	6703.129906542054	-98.04942032295662	1329.9314415591089	1625.0322039669559	-125.23275096791996	242.2542301498013	5년	93.65714377176823	1329.9314415591089	242.2542301498013	9.912019761987384	2.603246038868718	4.137801812043839			3년	2.603246038868718	안심	5년	42.57857188588412	0.7695383692877069	헐값	N	주당순현금<=0 | FCF<=0	108200000.0	16.792400755037427	12.053748180434054		-25.273079505333527	387.3348022460938	375.32750091552737	Y	Y	강한 상승추세	단기위험부채 존재
INTU	INTUIT INC.	0000896878	S&P 500	제외	PEG=헐값, PEGY=보통	312.7699890136719	16.46	2026	1.76	4705000000.0	485000000.0	5190000000.0	6420000000.0	1249000000.0	18992000000.0	17794000000.0	51.62833686728647	48.371663132713536	1.0673260649657188	-4.44043321299639	-8.949458483754512	19.27159308788993	19.545531439697832	20.409656181419173	25.037201912000008	16.837325502259205	49.319312362838346	58.574403824000015	42.17465100451841	811.7958814923193	964.1346869430403	694.194755534373	159.55043962252847	208.25677680376677	121.95056428640542	3년	58.574403824000015	964.1346869430403	208.25677680376674	1.1503800479966733	1.3905026839135108	0.9650123587315453	31.27436823104693	9.999158912167836	3년	1.3905026839135108	보통	3년	25.037201912000008	0.7697183237817523	헐값	N	주당순현금<=0	277000000.0	12.95005051363891	-28.120335186283963		-55.45158355054398	318.6944012451172	422.3037016296387	N	N	중립/개선	단기위험부채 존재
VRT	Vertiv Holdings Co	0001674101	S&P 500	제외	PEG=헐값, PEGY=보통	248.1300048828125	3.41	2025	10.0	1728400000.0		1728400000.0	2892100000.0	20900000.0	3941300000.0	8271100000.0	32.27293570469359	67.7270642953064	0.4765146111158129	-2.9788598174833623	-3.032360006694845	73.63896325521873	73.65465246026608	166.40624999999997		95.30556878636357	341.31249999999994		199.11113757272713	1163.875625		678.9689791229996	369.0588006676895		173.63437140287198	5년	199.11113757272713	678.9689791229996	173.63437140287198	2.3955558606740466		1.4300251406499895	4.8477826951533824	1.953726917243606	5년	1.4300251406499895	보통	5년	95.30556878636357	0.772661704798042	헐값	N	주당순현금<=0	390652824.0	-16.701355977072684	-6.50011292584659		-34.04832213349685	279.8197994995117	258.93650032043456	N	N	주의	단기위험부채 존재
ADBE	ADOBE INC.	0000796343	S&P 500	보류	PEG=헐값, PEGY=보통	248.8300018310547	16.7	2025	0.010448900779116229	5431000000.0	1164000000.0	6595000000.0	1000000000.0	0.0	11623000000.0	17873000000.0	39.40534309736913	60.59465690263086	0.650310524254462	13.103044496487119	13.103044496487119	14.115386666740573	14.115386666740573	35.11326860841424	18.24924207604421	29.19321269200992	78.72653721682848	44.99848415208843	66.88642538401984	1314.7331715210355	751.4746853398767	1117.0033039131313	428.3660177013884	202.0032471205369	348.9021804820507	3년	44.99848415208843	751.4746853398767	202.00324712053694	2.4883283992463157	1.2936018975553671	2.068923953858116	23.072599531615925	9.272434739313013	3년	1.2936018975553671	보통	3년	18.249242076044215	0.773477967354592	헐값	Y		427000000.0	13.724862139144122	-7.765585678344178		-32.283783917337274	251.78319854736327	266.9645999908447	N	N	중립/개선	
TRGP	Targa Resources Corp.	0001389170	S&P 500	제외	PEG=헐값, PEGY=보통	291.9100036621094	8.49	2025	1.72	166100000.0		166100000.0	5632400000.0		3067900000.0					-25.201936376210234	-25.201936376210234	37.3512296864923	37.3512296864923	47.90940766550523			104.31881533101046			885.6667421602788			203.4040392755613			1년	104.31881533101046	885.6667421602788	203.4040392755613	1.3287221888561598			2.6929460580912865	0.9225261293917203	1년	1.3287221888561598	보통	1년	47.90940766550523	0.7796220305471484	헐값	N	주당순현금<=0	216900000.0	8.367676041689798	22.56886092270054		-3.421007886812444	279.0688006591797	239.80399993896484	Y	Y	강한 상승추세	
EXPD	EXPEDITORS INTERNATIONAL OF WASHINGTON INC	0000746515	S&P 500	제외	PEG=헐값, PEGY=안심	189.32000732421875	5.95	2025	86.0	1314285000.0	40000.0	1314325000.0			2355633000.0					9.646492818295915	9.646492818295915	30.197229328726525	30.197229328726525	4.020979020979029	-10.357841347469254	38.67934932316548	16.541958041958058	-12.215682694938508	85.85869864633096	98.42465034965045	-72.68331203488412	510.85925694566924	-48.01149031169539	-138.39177541886042	169.8390223864721	5년	85.85869864633096	510.85925694566924	169.8390223864721	2.981100618239249	2.504937053300205	4.128834071692744			3년	2.504937053300205	안심	5년	38.67934932316548	0.7807067558564403	헐값	N	FCF<=0	136249000.0	13.746698237923427	33.10835478536258		-0.8640068523524169	179.85840026855467	159.45004989624024	Y	Y	강한 상승추세	
TXT	TEXTRON INC	0000217346	S&P 500	제외	PEG=헐값, PEGY=양호	79.19999694824219	5.11	2025	10.0	1262000000.0		1262000000.0			7875000000.0	10254000000.0	43.43868939268575	56.561310607314255	0.7679929783499122	7.001076235174028	7.001076235174028	14.128947301970285	14.128947301970285	18.013856812933028			44.527713625866056			227.53661662817555			187.29371893394452			1년	44.527713625866056	227.53661662817555	187.29371893394452	1.9827278150458165					1년	1.9827278150458163	양호	1년	18.013856812933028	0.7843377156093759	헐값	N	FCF<=0	180258000.0	-15.520003255208337	-13.480449905907744		-21.405180523352108	87.17759979248046	90.04169994354248	N	N	주의	
SW	Smurfit Westrock plc	0002005951	S&P 500	제외	PEG=헐값, PEGY=보통	42.209999084472656	1.33	2025	4.29	892000000.0		892000000.0	13223000000.0		18327000000.0	26803000000.0	40.60935076445823	59.39064923554177	0.6837667425288214	-23.44296577946768	-23.44296577946768	49.36313147664687	49.36313147664687	62.195121951219534			132.89024390243907			176.74402439024396			318.7254873816401			1년	132.89024390243907	176.74402439024396	318.7254873816401	1.3468578666382396					1년	1.3468578666382396	보통	1년	62.195121951219534	0.7936817217813807	헐값	N	주당순현금<=0 | FCF<=0	526000000.0	-1.124384065770423	6.295643559905151		-18.576390894617887	46.491200103759766	42.5575	N	N	판정불가	
CLX	CLOROX CO /DE/	0000021076	S&P 500	제외	PEG=헐값, PEGY=양호	88.7699966430664	6.52	2025	5.58	167000000.0		167000000.0	2484000000.0	202000000.0	321000000.0	5079000000.0	5.944444444444445	94.05555555555556	0.06320141760189013	-18.64233588388166	-20.26760642705995	16.47428412990001	16.723558753086866	189.77777777777774	20.46094189649925	22.02423977466943	388.0555555555555	49.4218837929985	52.54847954933886	2530.122222222222	322.2306823303502	342.61608666168934	2750.1997498045903	262.9950371925792	285.9593326778054	3년	49.4218837929985	322.2306823303502	262.9950371925792	11.858346999321995	1.580702487049876	1.6755957076501493	6.12292516514197	6.897516499591099	3년	1.580702487049876	양호	3년	20.46094189649925	0.8051576615208836	헐값	N	주당순현금<=0	124287000.0	-9.694818019154672	-18.357404669935896		-30.190316069078783	99.45420028686523	103.02620021820069	N	N	주의	단기위험부채 존재
DE	DEERE & CO	0000315189	S&P 500	제외	PEG=헐값, PEGY=안심	677.9400024414062	18.5	2025	96.0	8276000000.0		8276000000.0	32888000000.0		25950000000.0	79989000000.0	24.495228386146746	75.50477161385325	0.3244196076960582	-90.5852042694148	-90.5852042694148	41.54190306544979	41.54190306544979	-27.790788446526154	-7.374709270152346	50.57565655156788	-47.08157689305231	-6.249418540304692	109.65131310313576	-871.0091725214677	-115.6142429956368	2028.5492924080115	-228.47879891801313	-117.05375735010256	199.22253962043453	5년	109.65131310313576	2028.5492924080115	199.22253962043453	1.6419375743573756	2.133395058724618	3.528380881362996	22.447552447552447	3.3111414530362615	3년	2.133395058724618	안심	5년	50.57565655156788	0.8213813897421754	헐값	N	주당순현금<=0	271700000.0	19.22129730186921	15.72298835234256		-2.925382364451823	622.0467993164062	571.2385493469238	Y	Y	강한 상승추세	
RL	RALPH LAUREN CORP	0001037038	S&P 500	제외	PEG=헐값, PEGY=보통	336.6700134277344	15.11	2026	1.19	1988000000.0	77000000.0	2065000000.0	1238900000.0	0.0	2841400000.0	4898100000.0	36.71296595387299	63.28703404612701	0.5801024887201159	13.260032102728731	13.260032102728731	21.403704918928234	21.403704918928234	30.146425495262708	25.853438682213326		68.79285099052541	60.20687736442665		1039.459978466839	909.7259169764867		208.74741943418053	170.21293275106538		3년	60.20687736442665	909.7259169764867	170.21293275106538	1.4640654790353858	1.2634933430752744				3년	1.2634933430752744	보통	3년	25.853438682213326	0.8278861927041673	헐값	N	FCF<=0	62300000.0	-14.398671783087902	0.47152022057099785		-18.72781812245399	375.13800048828125	366.3865998840332	N	N	판정불가	
PCAR	PACCAR INC	0000075362	S&P 500	보류	PEG=헐값, PEGY=보통	122.56999969482422	4.51	2025	1.15	3435900000.0		3435900000.0			19264000000.0					6.5222095671981775	6.5222095671981775	25.73121732319868	25.73121732319868	-42.911392405063296	-7.777639865294905	30.977934086980994	-77.32278481012659	-7.05527973058981	70.45586817396199	-348.7257594936709	-31.81931158496004	317.75596546456853	-384.511512084467	-125.96011394646654	159.244485808697	5년	70.45586817396199	317.75596546456853	159.244485808697	-1.6229854919227693	-0.25757195168996433	1.2485975180822548	6.971905846621109	5.688101382050923	5년	1.2485975180822548	보통	5년	30.977934086980994	0.8306305143186635	헐값	Y		526800000.0	4.243917150927956	4.9221023925877905		-11.316117689960103	127.93259963989257	120.21129985809326	N	Y	상승전환	
BA	BOEING CO	0000012927	S&P 500	제외	PEG=헐값, PEGY=보통	204.8000030517578	2.48	2025	4.013671815191629	10921000000.0	18479000000.0	29400000000.0	53848000000.0	6109000000.0	5454000000.0	162778000000.0	3.2419515906605163	96.75804840933948	0.03350575630613473	-32.07136298045389	-40.08526826708645	95.51264759363376	98.74406101566302	113.50762527233115			235.5152505446623			584.0778213507625			185.1942444567016			1년	235.5152505446623	584.0778213507625	185.1942444567016	1.2304265461002253			-2.462285189557917	-1.2022876722983442	1년	1.2304265461002253	보통	1년	113.50762527233115	0.8414645920437216	헐값	N	주당순현금<=0 | FCF<=0	762300000.0	-7.593737968806891	0.019539239106847184		-18.778501681885917	218.88159912109376	220.58285011291503	N	N	판정불가	단기위험부채 존재
PFG	PRINCIPAL FINANCIAL GROUP INC	0001126328	S&P 500	제외	PEG=헐값, PEGY=보통	114.95999908447266	5.25	2025	2.95	4431000000.0		4431000000.0	3926300000.0	27700000.0	11883900000.0	328985200000.0	3.486352972446021	96.51364702755399	0.036122901577335394	2.236154186973859	2.113424900310146	21.47120855190453	21.494585558888097	-21.40718562874251	-34.694566556534845	25.297404962923697	-34.31437125748502	-60.88913311306969	59.09480992584739	-180.15044910179637	-319.6679488436159	310.2477521106988	-256.7070724917297	-378.0688512433997	169.87452555799746	5년	59.09480992584739	310.2477521106988	169.87452555799746	-0.8596249057953158	-1.4784713436039467	1.3155945504715478			5년	1.3155945504715478	보통	5년	25.297404962923697	0.8487514266136427	헐값	N	FCF<=0	225700000.0	4.8044457341329005	33.37973758919992		-2.9955303246699705	112.6229997253418	99.35870002746582	Y	Y	강한 상승추세	단기위험부채 존재
DLTR	DOLLAR TREE, INC.	0000935703	S&P 500	제외	PEG=헐값, PEGY=판정불가	118.66000366210938	6.22	2025		717800000.0	0.0	717800000.0	2431700000.0	0.0	3754900000.0	9711300000.0	27.883887065393353	72.11611293460665	0.3866526623624026	-8.30780416868638	-8.30780416868638	20.41283084096395	20.41283084096395	136.22597553873032	-4.80407167954946	23.90309540249904	280.95195107746065	-1.1081433590989196	56.30619080499808	1747.5211357018052	-6.89265169359528	350.22450680708806	1372.712861764242	-105.808740503011	195.14958368311773	5년	56.30619080499808	350.22450680708806	195.14958368311773				9.05186621425109	7.628405473529866	판정불가		판정불가	5년	23.90309540249904	0.8539827372663128	헐값	N	주당순현금<=0	206300000.0	3.281403335789923	6.230982008971941		-15.969125401608908	127.18179901123047	117.4183996963501	N	Y	상승전환	
BIIB	BIOGEN INC.	0000875045	S&P 500	제외	PEG=헐값, PEGY=판정불가	215.42999267578125	8.79	2025		2913700000.0	1134989000.0	4048689000.0	6286800000.0		14799400000.0	11182700000.0	56.95998398897702	43.04001601102298	1.3234192100297781	-15.214894629503739	-15.214894629503739	26.239463857256542	26.239463857256542	-21.37745974955278	-25.041283434599325	30.526946389639487	-34.25491949910556	-41.58256686919865	69.55389277927898	-301.1007423971379	-365.51076278025613	611.3787175298622	-239.76732703616145	-269.6656803634321	183.79461463844433	5년	69.55389277927898	611.3787175298622	183.79461463844433				13.941536369816452	6.471492755792014	판정불가		판정불가	5년	30.526946389639487	0.85955088734856	헐값	N	주당순현금<=0	147100000.0	7.73654002925237	16.5116277918262		-4.044364194565164	209.32579956054687	191.71520027160645	Y	Y	강한 상승추세	
RJF	RAYMOND JAMES FINANCIAL INC	0000720005	S&P 500	보류	PEG=헐값, PEGY=보통	173.52999877929688	10.3	2025	1.23	11389000000.0		11389000000.0	1190836000.0		12503000000.0	75726000000.0	14.171077536864296	85.8289224631357	0.1651084171882841	49.36187802516941	49.36187802516941	12.055157354769657	12.055157354769657	6.185567010309293	13.848488040155704	12.055643508520287	20.871134020618584	36.19697608031141	32.611287017040574	214.97268041237143	372.82885362720754	335.89625627551794	23.8821425255602	114.84979902603914	93.56667932829623	3년	36.19697608031141	372.82885362720754	114.84979902603914	0.615136475790198	1.2507914742556105	1.10207134735274	10.871248789932237	6.264766245840163	3년	1.2507914742556103	보통	3년	13.848488040155704	0.8705035033293148	헐값	Y		206600000.0	15.36364904378964	20.02351402794349		-4.222317146338517	173.8111999511719	160.64715019226074	N	Y	상승전환	
EBAY	EBAY INC	0001065088	S&P 500	제외	PEG=헐값, PEGY=보통	105.02999877929688	4.34	2025	1.2	1867000000.0	2625000000.0	4492000000.0	6973000000.0	750000000.0	4615000000.0	12995000000.0	26.20670073821692	73.79329926178308	0.3551365909965371	-5.301282051282051	-6.903846153846154	25.421954108428324	25.79120850994079	10.15228426395939		29.104348914704946	28.80456852791878		66.70869782940989	125.0118274111675		289.5157485796389	19.024877524619544		175.65053027183998	5년	66.70869782940989	289.5157485796389	175.65053027183998	0.4465543528062496		1.1920542687415963	3.0641025641025643	2.9173594208462936	5년	1.1920542687415965	보통	5년	29.104348914704946	0.8734761317949945	헐값	N	주당순현금<=0	468000000.0	-4.178452518521514	16.699998643663207		-11.709818773018132	108.98359985351563	99.01074996948242	N	Y	중립/개선	단기위험부채 존재
FIX	COMFORT SYSTEMS USA INC	0001035983	S&P 500	양호	PEG=헐값, PEGY=양호	1590.81005859375	28.88	2025	22.0	981898000.0		981898000.0	139063000.0	500000.0	2448774000.0	3992395000.0	38.0175399838135	61.9824600161865	0.6133596500346283	23.80015813401858	23.786039025216727	54.259345583785716	54.25983447259465	97.80821917808218	61.78475841689988	89.88133018013103	204.11643835616437	132.06951683379975	188.26266036026206	5894.882739726027	3814.167646160137	5437.025631204368	270.55855335344097	139.76260557038458	241.7771720660737	3년	132.06951683379975	3814.167646160137	139.76260557038458	2.208066055516239	1.544153500478952	2.061973453169779	29.126394261994182	1.8309158975108215	3년	1.544153500478952	양호	3년	61.78475841689988	0.8781995264538293	헐값	Y		35413000.0	-13.703332899154287	15.799706446918304		-23.019484489495746	1692.3191943359375	1502.4926467895507	N	Y	중립/개선	단기위험부채 존재
SMCI	Super Micro Computer, Inc.	0001375365	S&P 500	제외	PEG=헐값, PEGY=판정불가	37.380001068115234	3.26	2026		7521474000.0	23110000.0	7544584000.0	120179000.0	170123000.0	14479452000.0	15465851000.0	48.352998799177286	51.647001200822714	0.9362208390601978	10.646628369193	10.402671263128308	8.20042107328903	8.275254541407033	94.04761904761905	-34.17506232770905	9.298515353860616	196.5952380952381	-59.8501246554181	27.09703070772123	640.9004761904762	-195.11140637666298	88.3363201071712	1614.554461950398	-621.9673643698503	136.31973671215647	5년	27.09703070772123	88.3363201071712	136.31973671215647				-9.997712763211482	-26.74615430051293	판정불가		판정불가	5년	9.298515353860616	0.8819064938021883	헐값	N	FCF<=0	697348000.0	16.92212033455027	20.970878736513		-36.298567018210825	32.275799865722654	31.450149927139282	Y	Y	강한 상승추세	단기위험부채 존재
TROW	PRICE T ROWE GROUP INC	0001113169	S&P 500	양호	PEG=헐값, PEGY=양호	107.55000305175781	9.24	2025	4.83	3378200000.0		3378200000.0			10860100000.0	2288600000.0	82.59447702054196	17.405522979458045	4.745302805208424	15.334543803903768	15.334543803903768	9.980028057127061	9.980028057127061	0.9836065573770475	11.309540391033558	22.643785680119024	10.467213114754095	31.119080782067115	53.78757136023805	96.71704918032785	287.54030642630016	496.99715936859957	-10.072481231094589	167.3549960644102	362.107991879296	3년	31.119080782067115	287.54030642630016	167.3549960644102	0.5825240694814844	1.6171838694890028	2.752876597425906	6.71448025419882	6.243124187516309	3년	1.6171838694890028	양호	3년	11.309540391033558	0.8824432923056217	헐값	Y		220300000.0	-0.6649982577187963	22.34102897451431		-11.61242374916146	114.20260055541992	103.79479984283448	N	Y	중립/개선	
AMP	AMERIPRISE FINANCIAL INC	0000820027	S&P 500	제외	PEG=헐값, PEGY=보통	553.530029296875	36.28	2025	1.23	2318000000.0		2318000000.0	2249000000.0		6549000000.0	184355000000.0	3.4305200519632906	96.5694799480367	0.03552385343494888	0.7026476578411406	0.7026476578411406	15.237799934923757	15.237799934923757	9.773071104387304	17.245791047295555	90.92651621947032	28.046142208774608	42.99158209459111	190.35303243894063	1017.5140393343428	1559.7345983917655	6906.008016884766	83.82273507850087	181.7795812041179	1147.63023709069	3년	42.99158209459111	1559.7345983917655	181.7795812041179	0.7220905348133092	1.212497284791789	6.047888580572273			3년	1.212497284791789	보통	3년	17.245791047295555	0.8835663086219123	헐값	N	FCF<=0	98200000.0	22.902887183213604	25.71941641968909		-3.005180416172326	541.5016040039062	489.20850112915036	Y	Y	강한 상승추세	
GOOG	Alphabet Inc.	0001652044	S&P 500	양호	PEG=헐값, PEGY=안심	330.3900146484375	10.81	2025	27.0	30708000000.0	96135000000.0	126843000000.0	46547000000.0	0.0	415265000000.0	180016000000.0	69.75949173583568	30.24050826416432	2.306822726868723	6.565494685200327	6.565494685200327	29.956014797709262	29.956014797709262	34.45273631840798	33.33790189024399	-28.686657181224508	77.40547263681596	75.17580378048798	-48.873314362449015	836.7531592039805	812.6504388670751	-528.3205282580739	153.26224223040023	145.9670095453105	-259.90814032931684	3년	75.17580378048798	812.6504388670751	145.9670095453105	2.0514322994361476	2.0142165871428945	-0.05630445814018915	5.99067865903516	1.8132141994090654	3년	2.0142165871428945	안심	3년	33.33790189024399	0.8985572906276863	헐값	Y		12230000000.0	-7.339573448885195	8.964092199905682		-17.20378719587866	345.6272003173828	335.4148994445801	N	N	판정불가	
GOOGL	Alphabet Inc.	0001652044	S&P 500	양호	PEG=헐값, PEGY=안심	332.6000061035156	10.81	2025	27.0	30708000000.0	96135000000.0	126843000000.0	46547000000.0	0.0	415265000000.0	180016000000.0	69.75949173583568	30.24050826416432	2.306822726868723	6.565494685200327	6.565494685200327	30.16045434026968	30.16045434026968	34.45273631840798	33.33790189024399	-28.686657181224508	77.40547263681596	75.17580378048798	-48.873314362449015	836.7531592039805	812.6504388670751	-528.3205282580739	151.57941787396015	144.33265903613744	-258.8456159239047	3년	75.17580378048798	812.6504388670751	144.33265903613744	2.0375268762565497	2.0005634268473846	-0.05592280415260569	5.99067865903516	1.8011661302166877	3년	2.0005634268473846	안심	3년	33.33790189024399	0.9046896364253756	헐값	Y		12230000000.0	-7.035241547103155	9.57009371726938		-17.391085853371912	347.6333984375	336.6163493347168	N	N	판정불가	
FOX	Fox Corp	0001754301	S&P 500	제외	PEG=헐값, PEGY=보통	58.060001373291016	3.84	2026	1.02	4205000000.0		4205000000.0	6606000000.0	0.0	11628000000.0					-5.469248291571754	-5.469248291571754	16.544075433558014	16.544075433558014	-21.792260692464364	18.120452257112785	54.94321165488696	-35.08452138492873	44.74090451422557	118.38642330977392	-134.7245621181263	171.80507333462617	454.60386550953183	-332.04367711245493	195.9095233739705	682.9897601736201	3년	44.74090451422557	171.80507333462617	195.9095233739705	-1.2555709610903911	1.1569369551040778	3.382673868941092	3.343963553530752	5.7594961667862705	3년	1.1569369551040778	보통	3년	18.120452257112785	0.9130056578507306	헐값	N	주당순현금<=0	439000000.0	-5.3780951829127455	10.632625533016359		-14.315230898956798	54.991400146484374	56.950350036621096	Y	Y	중립/개선	
BR	BROADRIDGE FINANCIAL SOLUTIONS, INC.	0001383312	S&P 500	제외	PEG=헐값, PEGY=보통	168.24000549316406	9.6	2026	2.59	402900000.0	900000.0	403800000.0	3254600000.0	400000000.0	2840500000.0	6104700000.0	31.754460492778254	68.24553950722175	0.46529723000311235	-24.345004269854826	-27.760888129803586	20.060938516981135	20.416759752392466	35.21126760563381	21.898526092374706	34.26713142263553	78.92253521126761	52.297052184749404	77.03426284527106	757.6563380281691	502.0517009735943	739.5289233146021	350.34255426183654	198.41398275156004	339.56781928698325	3년	52.297052184749404	502.0517009735943	198.41398275156004	1.8843219908996722	1.2207069012073246	1.8372585804715365	10.917164816396243	6.489042118368113	3년	1.2207069012073246	보통	3년	21.898526092374702	0.9160862439945932	헐값	N	주당순현금<=0	117100000.0	16.139724412745714	-5.15812273970746		-33.97692463013515	162.9304000854492	176.25990013122558	Y	N	중립/개선	단기위험부채 존재
DG	DOLLAR GENERAL CORP	0000029534	S&P 500	제외	PEG=헐값, PEGY=보통	122.98999786376953	6.85	2025	1.89	1138501000.0		1138501000.0	4172068000.0		8511962000.0	22451768000.0	27.490105358753613	72.50989464124639	0.3791221252598014	-13.738109902451837	-13.738109902451837	19.96030770309801	19.96030770309801	34.050880626223076	-13.760458357934102	21.193089282505095	76.60176125244615	-19.020916715868204	50.88617856501019	524.7220645792561	-130.2932795036972	348.5703231703198	326.63799796180746	-205.9381102258553	183.41355331708797	5년	50.88617856501019	348.5703231703198	183.41355331708797	1.800617563658337	-0.5947031746455343	1.156449571111692			5년	1.156449571111692	보통	5년	21.193089282505095	0.941830963717746	헐값	N	주당순현금<=0 | FCF<=0	220814000.0	7.565158127447336	-9.53291605398615		-21.281366142072567	123.28039993286133	126.45924953460694	N	N	중립/개선	
MPC	Marathon Petroleum Corp	0001510295	S&P 500	양호	PEG=헐값, PEGY=안심	392.4200134277344	13.22	2025	100.0	3672000000.0	0.0	3672000000.0	3292000000.0	0.0	17314000000.0	59869000000.0	22.43240091730044	77.56759908269956	0.2891980824800815	1.2418300653594772	1.2418300653594772	29.589877712736374	29.589877712736374	31.150793650793656	-22.2431402744799		70.80158730158732	-35.9862805489598		935.9969841269844	-475.73862885724856		138.51917641793565	-221.23199953583855		1년	70.80158730158732	935.9969841269844	138.51917641793565	4.432285760827677	2.627819569935269		15.57843137254902	3.9698361040441292	3년	2.627819569935269	안심	1년	31.150793650793656	0.9498916157464414	헐값	Y		306000000.0	50.462028718654864	70.56548047774393		-1.757457683448127	330.39099853515626	244.70599922180176	Y	Y	강한 상승추세	
XYZ	Block, Inc.	0001512673	S&P 500	보류	PEG=헐값, PEGY=판정불가	79.06999969482422	2.1	2025		6564092000.0	1081851000.0	7645943000.0	4109829000.0	455000.0	22204278000.0	17380005000.0	56.093672329495014	43.906327670504986	1.2775760421242686	5.677421737273577	5.676691210234443	34.94884664645269	34.94919451647132	-53.94736842105262		36.69521853880895	-99.39473684210525		81.8904370776179	-208.72894736842102		171.96991786299762	-363.97995216140623		117.49072786989584	5년	81.8904370776179	171.96991786299762	117.49072786989584				3.8929480860191576	4.923419882438653	판정불가		판정불가	5년	36.69521853880895	0.9524087343829468	헐값	Y		622838000.0	14.44493253136898	32.00333502606541		-6.812019897749022	80.47079925537109	69.07289976119995	N	Y	상승전환	단기위험부채 존재
BBY	BEST BUY CO INC	0000764478	S&P 500	보류	PEG=헐값, PEGY=보통	88.08999633789062	5.04	2026	4.36	1738000000.0	0.0	1738000000.0	1144000000.0	110000000.0	2964000000.0					2.8005657708628005	2.281942479962282	16.922506064886473	17.025407511493718	17.757009345794387	-7.119053945313414		44.014018691588774	-5.738107890626829		221.83065420560743	-28.920063768759217		151.8227533518357	-132.83013392102922		1년	44.014018691588774	221.83065420560743	151.8227533518357	1.3069582756236264	-0.1630405056280843		5.931164545025931	6.733073892154002	1년	1.3069582756236264	보통	1년	17.757009345794387	0.9530042889172912	헐값	Y		212100000.0	14.254212816175826	40.718847420271295		-2.414977718228628	84.7066000366211	71.68310010910034	Y	Y	강한 상승추세	단기위험부채 존재
JPM	JPMORGAN CHASE & CO	0000019617	S&P 500	제외	PEG=헐값, PEGY=보통	353.55999755859375	20.02	2025	1.69	278793000000.0		278793000000.0	267889000000.0	64776000000.0	362438000000.0	4062462000000.0	8.19087437004226	91.80912562995775	0.08921634220824712	3.9201869494876864	-19.367966924321408	17.464526004450853	18.627770453692065	1.3670886075949347	18.30758541328956	17.65495483894246	11.23417721518987	45.115170826579124	43.80990967788492	224.9082278481012	903.205719948114	877.074391751256	-36.38753552405818	155.46038188283168	148.06946425151017	3년	45.115170826579124	903.205719948114	155.46038188283168	0.17504560998768776	1.1450402609376948	1.1076713352548118			3년	1.1450402609376948	보통	3년	18.307585413289562	0.953950267618212	헐값	N	FCF<=0	2781500000.0	12.781909653402689	24.981434214983377		-3.181991168805387	351.29539978027344	319.1454006958008	Y	Y	강한 상승추세	단기위험부채 존재
JCI	Johnson Controls International plc	0000833444	S&P 500	제외	PEG=헐값, PEGY=보통	142.80999755859375	5.03	2025	1.1	379000000.0	100000000.0	479000000.0	9195000000.0	723000000.0	12927000000.0	8245000000.0	61.05705648970338	38.942943510296615	1.5678593086719224	-13.325179636141263	-14.430515211741325	31.04079069477833	31.260539318158063	99.60317460317462	31.9394360396549	43.04007850240077	207.70634920634924	72.3788720793098	94.58015700480153	1044.7629365079367	364.0657265589283	475.7381897341517	631.5754879690962	154.93013989413114	233.12667030819063	3년	72.3788720793098	364.0657265589283	154.93013989413114	3.244220664137749	1.0643877072761805	1.4220023882905146			3년	1.0643877072761805	보통	3년	31.9394360396549	0.9718640822661728	헐값	N	주당순현금<=0 | FCF<=0	654100000.0	-0.8332733796370118	9.0652168137076		-7.7216317991755545	144.74879943847657	135.17839988708496	N	Y	중립/개선	단기위험부채 존재
IEX	IDEX CORP /DE/	0000832101	S&P 500	제외	PEG=헐값, PEGY=보통	221.4600067138672	6.41	2025	1.3	580000000.0		580000000.0	1820100000.0	0.0	4027500000.0	2900800000.0	58.131143281901764	41.868856718098236	1.3884100937672366	-16.46879150066401	-16.46879150066401	37.118377256557125	37.118377256557125	-3.4638554216867403	-5.969686551893727	37.169267564172536	1.5722891566265194	-3.439373103787453	82.83853512834507	10.07837349397599	-22.046381595277573	530.9950101726919	-95.44912255556935	-109.9550171258516	139.77015897897672	5년	82.83853512834507	530.9950101726919	139.77015897897672	-0.05829606738275408	-0.12580524519209163	1.0363941100732459	8.191235059760956	3.6987423514098743	5년	1.036394110073246	보통	5년	37.169267564172536	0.9986308498673656	헐값	N	주당순현금<=0	75300000.0	2.102357282480649	17.72899154500369		-7.924495767513207	228.59840240478516	206.83030044555665	N	Y	상승전환	
C	CITIGROUP INC	0000831001	S&P 500	제외	PEG=보통, PEGY=불리(<1)	138.5	6.99	2025	1.94	188105000000.0		188105000000.0	315827000000.0	51878000000.0	212291000000.0	2443380000000.0	7.993874241199306	92.00612575880069	0.08688415228085684	-68.18749666328546	-95.88382894666596	29.569026704332682	33.53130600095364	17.67676767676767	-0.047641741369786	29.48968947668986	43.85353535353534	8.404716517260429	67.47937895337972	306.53621212121203	58.7489684556504	471.6808588841243	121.32578492506285	-57.58197223418744	240.5637970282486	5년	67.47937895337972	471.6808588841243	240.5637970282486	0.6634228401536555	0.06399798943510478	1.062926074333199	-39.58784902034061	-28.583284491220663	3년	0.0639979894351047	불리(<1)	5년	29.48968947668986	1.0026903378452166	보통	N	주당순현금<=0 | FCF<=0	1873100000.0	0.3114309067656862	31.27962085308056		-4.922082967715625	135.0636003112793	123.7666498184204	Y	Y	강한 상승추세	단기위험부채 존재
GILD	GILEAD SCIENCES, INC.	0000882095	S&P 500	제외	PEG=보통, PEGY=보통	144.80999755859375	6.78	2025	2.25	5412000000.0	68000000.0	5480000000.0	22129000000.0	2807000000.0	22703000000.0					-13.26613545816733	-15.502788844621515	23.315063866778917	23.64495374678691	1684.2105263157894	23.0389935777624	40.69054645685804	3376.9210526315787	54.5779871555248	89.88109291371607	22895.524736842104	370.0387529144582	609.393809954995	15710.73484071982	155.5339818749263	320.823023430008	3년	54.5779871555248	370.0387529144582	155.5339818749263	72.33351518795482	1.0846632770239197	1.8417511829355528	7.534661354581673	5.203136165742259	3년	1.0846632770239195	보통	3년	23.0389935777624	1.0119827408295727	보통	N	주당순현금<=0	1255000000.0	15.047266543835857	-0.27546941448852724		-7.05391866360433	137.73519989013673	134.6456498336792	Y	Y	상승전환	단기위험부채 존재
PEG	PUBLIC SERVICE ENTERPRISE GROUP INC	0000788784	S&P 500	제외	PEG=보통, PEGY=보통	72.4800033569336	4.22	2025	3.69	132000000.0		132000000.0	21670000000.0	1529000000.0	13130000000.0					-42.99001996007984	-46.041916167664674	27.3625647670648	28.08576292052092	19.20903954802259	27.00332083242836	2.3351713791253115	46.91807909604518	62.506641664856716	13.170342758250623	197.99429378531067	263.77802782569535	55.578846439817625	173.17092248226297	263.9321407405285	-23.318372150018906	3년	62.506641664856716	263.77802782569535	263.9321407405285	0.836874749971729	1.1217267494373426	0.2201976105097269	0.05189620758483034	0.07160072458780568	3년	1.1217267494373426	보통	3년	27.003320832428358	1.0133036946405876	보통	N	주당순현금<=0	501000000.0	-7.996947854762981	-12.113493047047097		-16.641741344651216	76.70560012817383	79.8183000946045	N	N	주의	단기위험부채 존재
FOXA	Fox Corp	0001754301	S&P 500	제외	PEG=보통, PEGY=안심	65.18000030517578	3.84	2026	91.0	4205000000.0		4205000000.0	6606000000.0	0.0	11628000000.0					-5.469248291571754	-5.469248291571754	18.39824182206967	18.39824182206967	-21.792260692464364	18.120452257112785	54.94321165488696	-35.08452138492873	44.74090451422557	118.38642330977392	-134.7245621181263	171.80507333462617	454.60386550953183	-306.69616674952385	163.585566938059	597.4591337543042	3년	44.74090451422557	171.80507333462617	163.585566938059	3.761649617221427	5.931026090015677	7.932454256570337	3.343963553530752	5.1303521599787665	3년	5.931026090015677	안심	3년	18.120452257112785	1.0153301673167592	보통	N	주당순현금<=0	439000000.0	-4.568085808455513	12.885345359253098		-14.360793874030286	61.542799911499024	63.43309991836548	Y	Y	중립/개선	
HSIC	HENRY SCHEIN INC	0001000228	S&P 500	제외	PEG=보통, PEGY=판정불가	87.30000305175781	3.27	2025		80209000.0		80209000.0	363524000.0	764000000.0	3245000000.0	6421000000.0	33.57128077798469	66.4287192220153	0.5053729948606136	-2.327636739241161	-8.604446893240233	27.409064156268798	29.328577964831208	7.213114754098368	-5.784216280166666	26.993797939062315	22.926229508196734	-3.0684325603333313	62.48759587812463	74.96877049180333	-10.033774472289993	204.33443852146755	-14.1251227135051	-111.49344114723712	134.06005885283093	5년	62.48759587812463	204.33443852146755	134.06005885283093						판정불가		판정불가	5년	26.993797939062315	1.015383764009197	보통	N	주당순현금<=0 | FCF<=0	121717876.0	8.825731392818126	16.446580806043443		-3.9181130692048094	87.6616000366211	79.34005001068115	N	Y	상승전환	단기위험부채 존재
LMT	LOCKHEED MARTIN CORP	0000936468	S&P 500	제외	PEG=보통, PEGY=불리(<1)	530.1199951171875	21.49	2025	2.63	4121000000.0	3000000.0	4124000000.0	20532000000.0	0.0	6721000000.0	53119000000.0	11.231617647058824	88.76838235294117	0.1265272313108304	-70.26980728051392	-70.26980728051392	27.9381015541043	27.9381015541043	-3.6754818467055146	-0.2623064045820689	27.492062613344558	1.1490363065889708	7.975387190835862	63.484125226689116	24.69279022859698	171.39107073106265	1364.2738511215491	-95.34203756582725	-67.66938196828904	157.3518946064211	5년	63.484125226689116	1364.2738511215491	157.3518946064211	-0.03742136324763721	0.0847478340943356	1.0781714195938061	32.61241970021413	6.151893910925748	3년	0.0847478340943356	불리(<1)	5년	27.492062613344558	1.016224280696321	보통	N	주당순현금<=0	233500000.0	-3.3826634479746653	-18.796626803354943		-21.661004055811762	556.3647991943359	557.7491012573242	N	N	주의	
DXCM	DEXCOM INC	0001093557	S&P 500	보류	PEG=보통, PEGY=판정불가	84.51000213623047	2.09	2025		917700000.0	1730000000.0	2647700000.0	4600000.0		2746000000.0	3593900000.0	43.31298600924305	56.68701399075695	0.7640724561061799	6.518125770653514	6.518125770653514	37.31668725625692	37.31668725625692	47.183098591549296	36.597938323358605	-16.208656508885298	102.86619718309859	81.69587664671721	-23.917313017770596	214.99035211267605	170.74438219163895	-49.987184207140544	154.3963396972949	102.04044240396335	-159.14942958652514	3년	81.69587664671721	170.74438219163895	102.04044240396337				2.656473489519112	3.1433835313799494	판정불가		판정불가	3년	36.597938323358605	1.019639055253546	보통	Y		405500000.0	12.305650679376035	29.4973940696716		-8.479526220694911	82.13140014648438	71.27150003433228	Y	Y	강한 상승추세	
ORCL	ORACLE CORP	0001341439	S&P 500	제외	PEG=보통, PEGY=보통	152.94000244140625	5.83	2026	1.24	31289000000.0	605000000.0	31894000000.0	0.0	0.0	42508000000.0					10.945092656142759	10.945092656142759	24.355902193012607	24.355902193012607	34.331797235023046	23.834995611269672	5.082750468287545	77.16359447004609	56.169991222539345	18.66550093657509	449.86375576036875	327.4710488274044	108.81987046023278	194.14394440899704	114.1173294101808	-28.848000050265853	3년	56.169991222539345	327.4710488274044	114.1173294101808	1.460500085487621	1.0295244008026672	0.2595982862052	-8.128345916266301	-5.314728512169601	3년	1.0295244008026672	보통	3년	23.834995611269672	1.021854695936954	보통	N	FCF<=0	2914000000.0	-16.92558534983901	-3.9080177667675575		-53.393263664161	140.5236003112793	167.8868998336792	Y	N	주의	
LLY	ELI LILLY & Co	0000059478	S&P 500	제외	PEG=보통, PEGY=안심	1123.0	22.95	2025	62.0	7268000000.0	154800000.0	7422800000.0	40868000000.0	1000000000.0	26535000000.0					-37.19025909040365	-38.30223507172245	50.5529524658128	50.60140457828856	95.98633646456018	49.27183319275166	27.579995682880675	200.47267292912036	107.04366638550331	63.65999136576135	4600.8478437233125	2456.652143547301	1460.996801844223	309.69259516681325	118.7579825064382	30.097667127713535	3년	107.04366638550331	2456.652143547301	118.75798250643821	3.125165371328229	2.201094649575629	1.7720032424112222			3년	2.201094649575629	안심	3년	49.27183319275166	1.0260010474554375	보통	N	주당순현금<=0 | FCF<=0	899300000.0	-3.2688705601449874	14.914300332565865		-12.288920913243928	1186.1754028320313	1064.567953491211	N	Y	중립/개선	단기위험부채 존재
FFIV	F5, INC.	0001048695	S&P 500	보류	PEG=보통, PEGY=판정불가	398.4800109863281	11.8	2025		1344273000.0	0.0	1344273000.0	0.0	0.0	3591999000.0	1628778000.0	68.80200016204483	31.197999837955155	2.2053336918843454	22.906976347897213	22.906976347897213	31.828223274443296	31.828223274443296	23.560209424083766	30.824915840645065	56.42360566588014	55.62041884816753	70.14983168129012	121.34721133176028	656.3209424083769	827.7680138392235	1431.8970937147715	64.70611431269393	107.7313769868432	259.3397546267132	3년	70.14983168129012	827.7680138392235	107.73137698684319				15.445538818076477	3.8761138306148095	판정불가		판정불가	3년	30.824915840645062	1.032548586311963	보통	Y		58684000.0	1.1781471388336628	40.96006492798483		-7.600982710433013	404.0888018798828	329.78130043029785	N	Y	상승전환	
XYL	Xylem Inc.	0001524472	S&P 500	제외	PEG=보통, PEGY=보통	106.55000305175781	3.92	2025	1.6	1479000000.0		1479000000.0	1408000000.0	534000000.0	11480000000.0	5885000000.0	66.10999136193493	33.89000863806507	1.9507221750212405	0.2909907620679197	-1.8975876455978427	27.106890890227014	27.665201708509095	7.397260273972603	25.99210498948732	36.73964338359592	23.294520547945204	60.48420997897464	81.97928676719184	91.3145205479452	237.0981031175806	321.358804127392	-14.298903864331026	122.522849673132	201.60374934131954	3년	60.48420997897464	237.0981031175806	122.522849673132	0.3319178252647349	1.017900027754022	1.4143873430139016			3년	1.017900027754022	보통	3년	25.99210498948732	1.0428894043476116	보통	N	FCF<=0	243994000.0	-2.2925262998969687	-11.22312445264242		-30.336707958344057	116.95880035400391	123.77475025177002	N	N	주의	단기위험부채 존재
PPG	PPG INDUSTRIES INC	0000079879	S&P 500	제외	PEG=보통, PEGY=보통	105.05000305175781	6.94	2025	2.76	2163000000.0	56000000.0	2219000000.0	6602000000.0	4000000.0	7941000000.0	14001000000.0	36.19086683073557	63.80913316926442	0.567173773301907	-19.299867899603697	-19.31748128577719	17.917848840253818	17.920386792152016	46.10526315789475	17.118429805639778	43.51289451505902	100.7105263157895	42.736859611279556	95.52578903011803	698.9310526315792	296.5938057022801	662.9489758690191	565.3317775604614	182.3358373023076	531.0794446549289	3년	42.736859611279556	296.5938057022801	182.33583730230762	2.7271835806603746	1.1094205550490728	2.5825027841011483	5.121092029942757	4.874908977793757	3년	1.1094205550490728	보통	3년	17.118429805639778	1.0466993201882726	보통	N	주당순현금<=0	227100000.0	-11.155273215759532	4.288692098536351		-20.1504978707749	114.91960037231445	111.56385005950928	N	N	판정불가	단기위험부채 존재
ICE	Intercontinental Exchange, Inc.	0001571949	S&P 500	제외	PEG=보통, PEGY=불리(<1)	155.80999755859375	5.77	2025	1.33	837000000.0	16000000.0	853000000.0	18609000000.0	1035000000.0	28915000000.0	107896000000.0	21.134996454963417	78.86500354503659	0.26798954548824794	-30.88	-32.68	32.35528553875108	32.66724394429701	20.711297071129692	30.77318536913174	44.058395353098234	49.922594142259385	70.04637073826348	96.61679070619647	288.05336820083664	404.16755915978024	557.4788823747535	84.87476587791588	159.3977058550363	257.7940383222897	3년	70.04637073826348	404.16755915978024	159.3977058550363	0.6812270917755123	0.9922083775364179	1.4028123874455607	7.459130434782609	4.787324659303415	3년	0.992208377536418	불리(<1)	3년	30.77318536913174	1.0514116478564592	보통	N	주당순현금<=0	575000000.0	12.109657755385728	-1.7653382768949233		-11.557019255246015	149.94599960327147	155.28765045166017	Y	Y	상승전환	단기위험부채 존재
RMD	RESMED INC	0000943819	S&P 500	보류	PEG=보통, PEGY=보통	219.5800018310547	10.43	2026	1.2	1469234000.0		1469234000.0	1078611000.0	259950000.0	6585393000.0	2380557000.0	73.44891506198451	26.55108493801549	2.766324435835815	2.6745107973763127	0.8946896353403536	20.796307865165712	20.966952271880572	9.674027339642482	19.643471363879893	26.342032619655285	27.848054679284964	47.78694272775979	61.18406523931057	290.45521030494217	498.4178126505346	638.1498004460092	32.27762450262617	126.98688791979258	190.62291425655556	3년	47.78694272775979	498.4178126505346	126.98688791979258	0.5228825909937949	1.0022678784628487	1.3243712681224928	11.294069316828022	5.143487213156006	3년	1.0022678784628487	보통	3년	19.643471363879893	1.0586880231060196	보통	Y		146054000.0	14.132752496317757	-5.520417206183459		-22.486584729856197	216.62160034179686	228.01705024719237	Y	N	중립/개선	단기위험부채 존재
CPRT	COPART INC	0000900075	S&P 500	제외	PEG=보통, PEGY=판정불가	30.75	1.59	2025		186319000.0		186319000.0	325386000.0	50370000.0	5987440000.0	883411000.0	87.14262614630996	12.85737385369003	6.777638041636339	-0.1422588620886838	-0.19378495299024207	19.429093623955147	19.461499970434115	13.571428571428584	-29.408420975097684	18.170645193625703	35.64285714285717	-50.31684195019537	44.841290387251405	56.6721428571429	-80.00377870081064	71.29765171572974	84.2996515679444	-360.17489008393704	131.86228200237315	5년	44.841290387251405	71.29765171572974	131.86228200237315				1.2590083708159985	4.094336165255279	판정불가		판정불가	5년	18.170645193625703	1.0692572232256734	보통	N	주당순현금<=0	977563000.0	-0.9980665527129173	-9.478955269335366		-37.11656637939683	30.25340019226074	34.30665012359619	Y	N	주의	단기위험부채 존재
NVDA	NVIDIA CORP	0001045810	S&P 500	보류	PEG=보통, PEGY=양호	218.36000061035156	4.9	2026	45.0	10605000000.0	34621000000.0	45226000000.0	7469000000.0	0.0	157293000000.0	49510000000.0	76.05934149891442	23.940658501085572	3.1769945465562515	1.5402219140083218	1.5402219140083218	44.24893442782515	44.24893442782515	66.66666666666669	41.21547046890686	-6.616661124591561	141.83333333333337	90.93094093781372	-4.7333222491831215	694.9833333333336	445.5616105952872	-23.1932790209973	218.27410303661048	104.04909752238063	-110.62157856574845	3년	90.93094093781372	445.5616105952872	104.04909752238063	2.52360125979547	1.9484191333360517	0.8674409761892881	4.184517622583014	1.9163388948922007	3년	1.948419133336052	양호	3년	41.21547046890686	1.073600129378767	보통	Y		24514000000.0	6.584666283341134	19.23118998475537		-7.3725309569132484	212.16979949951173	197.27565010070802	Y	Y	강한 상승추세	
DLR	DIGITAL REALTY TRUST, INC.	0001297996	S&P 500	제외	PEG=보통, PEGY=불리(<1)	185.3699951171875	3.58	2025	2.58	3451647000.0		3451647000.0	2940210000.0		22925663000.0	24564494000.0	48.2745571887665	51.72544281123349	0.93328456104164	1.470449383283977	1.470449383283977	51.3685881938278	51.3685881938278	122.36024844720497	47.747457450932274	86.18839525621738	253.22049689440993	103.99491490186455	180.87679051243475	906.5293788819876	372.3017953486751	647.5389100345164	389.0378177487119	100.84253393507012	249.32239687720457	3년	103.99491490186455	372.3017953486751	100.84253393507012	2.43223052920534	0.9797321518947133	1.728067645567167			3년	0.9797321518947132	불리(<1)	3년	47.747457450932274	1.0758392370236003	보통	N	FCF<=0	347810000.0	1.3837228341557095	2.7549896834004217		-9.09225060661748	186.76820007324218	179.30919952392577	N	Y	상승전환	
PLTR	Palantir Technologies Inc.	0001321655	S&P 500	보류	PEG=보통, PEGY=판정불가	165.86000061035156	0.63	2025		1423796000.0	5753247000.0	7177043000.0	0.0		7387268000.0	1412381000.0	83.9495757160314	16.0504242839686	5.230364894458365	2.7978525625907094	2.7978525625907094	258.8288064250172	258.8288064250172	231.57894736842107			471.65789473684214			297.14447368421054			79.15378788782262			1년	471.65789473684214	297.14447368421054	79.15378788782262				0.8188809670368397	0.49371817437804355	판정불가		판정불가	1년	231.57894736842107	1.1176698459262109	보통	Y		2565197000.0	26.53341340666431	8.052117661466806		-19.944006914843314	153.09679931640625	151.4578748703003	Y	Y	강한 상승추세	
MET	METLIFE INC	0001099219	S&P 500	제외	PEG=보통, PEGY=불리(<1)	96.77999877929688	4.71	2025	2.48	22032000000.0	3601000000.0	25633000000.0	23692000000.0	355000000.0	28398000000.0	716245000000.0	3.813639556136296	96.1863604438637	0.03964844431723782	2.882815980989158	2.355562156542403	19.93570760048996	20.047651087633646	-20.707070707070713	17.4111403260089	102.01265397268551	-32.914141414141426	43.3222806520178	212.52530794537103	-155.02560606060612	204.04794187100384	1000.9942004226975	-260.18351727213405	110.83689237931016	934.2986288989597	3년	43.3222806520178	204.04794187100384	110.83689237931016	-0.9142926387334627	0.99776444983172	5.241482071602887			3년	0.99776444983172	불리(<1)	3년	17.4111403260089	1.1449972389637133	보통	N	FCF<=0	673300000.0	10.50467772995638	40.68904999454885		-3.171584057763255	94.96419967651367	82.27064968109131	Y	Y	강한 상승추세	단기위험부채 존재
CCI	CROWN CASTLE INC.	0001051470	S&P 500	제외	PEG=보통, PEGY=불리(<1)	73.87000274658203	1.01	2025	5.65	99000000.0		99000000.0	24337000000.0		7089221000.0	33153000000.0	17.616376094152457	82.38362390584754	0.21383346906765602	-55.464530892448515	-55.464530892448515	128.05399370201044	128.05399370201044	111.24721603563475	-36.03957271499858	-15.540072887114587	230.9944320712695	-63.579145429997155	-22.580145774229173	233.3043763919822	-64.21493688429713	-22.805947231971466	215.83101085342412	-186.9296527639135	-130.8730829619831	1년	230.9944320712695	233.3043763919822	215.83101085342412	0.9128744262960029	-0.23731842980014348	-0.07723361529925725			1년	0.9128744262960028	불리(<1)	1년	111.24721603563475	1.151075939383437	보통	N	주당순현금<=0 | FCF<=0	437000000.0	-19.74141458953419	-14.214374378134798		-25.285728032271404	76.16940017700195	84.53899982452393	N	N	주의	
AMZN	AMAZON COM INC	0001018724	S&P 500	보류	PEG=보통, PEGY=판정불가	251.88999938964844	7.17	2025		86810000000.0	36219000000.0	123029000000.0	65648000000.0	455000000.0	411065000000.0					5.29980604045442	5.257781472245313	34.39193770560586	34.3977988727201	29.656419529837247		-12.638188158251552	67.8128390596745		-16.776376316503104	486.2180560578662		-120.28661818932726	93.02793173052333		-147.7536299498957	1년	67.8128390596745	486.2180560578662	93.02793173052333				12.263507896924356	4.8685965805073295	판정불가		판정불가	1년	29.656419529837247	1.1596793628780515	보통	Y		10827000000.0	4.297960796201616	20.216675825484252		-11.312580405204088	254.95119934082032	239.61724990844726	N	Y	상승전환	단기위험부채 존재
CBRE	CBRE GROUP, INC.	0001138118	S&P 500	제외	PEG=보통, PEGY=판정불가	137.99000549316406	3.85	2025		1864000000.0		1864000000.0	5050000000.0	2465000000.0	8878000000.0	21251000000.0	29.46662683793023	70.53337316206976	0.41776857559644254	-10.593461930091989	-18.789596160373456	38.59310842162495	40.72197445546429	22.611464968152863	-3.5428381522206065	32.860400171986704	53.722929936305725	1.414323695558787	74.22080034397341	206.83328025477704	5.44514622790133	285.75008132429764	49.890044221371845	-96.0539560757021	107.08027389596238	5년	74.22080034397341	285.75008132429764	107.08027389596238				4.318714363628149	3.129729829485437	판정불가		판정불가	5년	32.860400171986704	1.1744564344814443	보통	N	주당순현금<=0	300751541.0	4.6092045047839925	4.664752219433987		-19.590930014342955	145.01680114746094	147.0071005630493	N	N	중립/개선	단기위험부채 존재
MSFT	MICROSOFT CORP	0000789019	S&P 500	보류	PEG=보통, PEGY=안심	492.44000244140625	17.95	2026	74.0	20935000000.0	55908000000.0	76843000000.0	31067000000.0	0.0	442387000000.0	315989000000.0	58.33346519404623	41.66653480595377	1.4000075952010989	6.141956259224473	6.141956259224473	27.091813157781715	27.091813157781715	31.5982404692082	22.855998285745223	17.396112163192925	71.6964809384164	54.21199657149045	43.29222432638585	1286.9518328445743	973.1053384582535	777.0954266586259	161.3418541272354	97.60891349886629	57.805097637471036	3년	54.21199657149045	973.1053384582535	97.60891349886629	3.8977915525331572	3.5751021063691635	3.373569411205716	8.987924325774856	1.8251816020661924	3년	3.5751021063691635	안심	3년	22.855998285745226	1.185326180859852	보통	Y		7453000000.0	26.15668572562435	22.540193199529647		-9.155644882069303	451.4417993164063	431.13999938964844	Y	Y	강한 상승추세	
DVA	DAVITA INC.	0000927066	S&P 500	제외	PEG=보통, PEGY=판정불가	181.3300018310547	9.84	2025		676438000.0	337399000.0	1013837000.0	4417624000.0	87345000.0	-651082000.0	16321665000.0	-4.154803940606422	104.15480394060641	-0.03989066066482801	-44.85454305857547	-46.00556104632009	22.986234236751034	23.103207609489306	-8.294501397949679	18.926802949554716	45.67357145242303	-8.089002795899358	46.353605899109425	99.84714290484607	-79.59578751164968	456.1194820472367	982.4958861836852	-143.8955422202053	151.5411004474613	441.82753888629935	3년	46.353605899109425	456.1194820472367	151.5411004474613				17.27134479804968	9.524813667702604	판정불가		판정불가	3년	18.926802949554713	1.2144805595543977	보통	N	주당순현금<=0	75885000.0	-11.03861050771574	18.46988417835218		-24.74684728641353	205.9878009033203	165.06674995422364	N	Y	중립/개선	단기위험부채 존재
GS	GOLDMAN SACHS GROUP INC	0000886982	S&P 500	제외	PEG=보통, PEGY=불리(<1)	1019.77001953125	51.32	2025	1.94	164259000000.0		164259000000.0	236027000000.0	69709000000.0	124972000000.0	1684348000000.0	6.907125328852828	93.09287467114717	0.07419606874588862	-225.9697732997481	-445.4565491183879	24.273963227416175	28.550790503695207	26.591021213616184	19.517790861873507	15.71173099479697	61.68204242723237	47.535581723747015	39.92346198959394	3165.522417365565	2439.526054062697	2048.872069305961	210.41532470435217	139.22315888282887	100.91511125692345	3년	47.535581723747015	2439.526054062697	139.22315888282887	1.1753754813878883	0.8839838250079433	0.7271878444167807	-148.6712846347607	-14.578903261256817	3년	0.8839838250079433	불리(<1)	3년	19.517790861873507	1.2436839496437828	보통	N	주당순현금<=0 | FCF<=0	317600000.0	-1.5323852779650315	29.49131377488543		-11.483671385054727	1044.3812023925782	951.826301574707	N	Y	중립/개선	단기위험부채 존재
SWK	STANLEY BLACK & DECKER, INC.	0000093556	S&P 500	제외	PEG=보통, PEGY=불리(<1)	89.2300033569336	2.65	2025	3.66	280100000.0		280100000.0	4703300000.0	605600000.0	9054600000.0					-29.12337534073401	-33.110786288995115	44.66165233874249	46.166335715444795	35.8974358974359		-1.0951545801409002	80.2948717948718		6.3096908397182	212.78141025641025		16.720680725253228	138.463972040046		-81.26114524688745	1년	80.2948717948718	212.78141025641025	138.463972040046	0.8857136676764004		0.05742835935414289	4.5292932485284245	5.075975656316589	5년	0.0574283593541428	불리(<1)	1년	35.8974358974359	1.244146029436398	보통	N	주당순현금<=0	151878000.0	7.337912071523389	25.516961532567173		-14.201919849102318	95.08320037841797	82.39990016937256	N	Y	상승전환	단기위험부채 존재
FDS	FACTSET RESEARCH SYSTEMS INC	0001013237	S&P 500	제외	PEG=보통, PEGY=불리(<1)	262.92999267578125	15.55	2025	1.66	337651000.0	17445000.0	355096000.0	1368260000.0	0.0	2186413000.0	2117859000.0	50.79634837203597	49.203651627964035	1.0323694825765077	-26.394789631366418	-26.394789631366418	18.606095325218497	18.606095325218497	11.79007907979871	14.904095738686006	46.6827292996804	32.08015815959742	38.30819147737201	101.8654585993608	498.84645938173986	595.6923774731348	1584.0078812200607	89.72596252907023	126.55931010795052	502.44472876599497	3년	38.30819147737201	595.6923774731348	126.55931010795052	0.7228856374592804	0.8902510413474671	2.5982200163275095	17.33682428031783	6.593703557317577	3년	0.8902510413474671	불리(<1)	3년	14.904095738686006	1.2483880707316817	보통	N	주당순현금<=0	38385000.0	11.109699693179941	29.140464044043647		-29.033740168480094	275.4885989379883	249.82289978027345	N	Y	상승전환	
WST	WEST PHARMACEUTICAL SERVICES INC	0000105770	S&P 500	보류	PEG=보통, PEGY=불리(<1)	344.25	6.79	2025	26.0	791300000.0	7500000.0	798800000.0	202800000.0	0.0	3176000000.0	1094000000.0	74.37939110070258	25.620608899297427	2.903107861060329	8.198074277854195	8.198074277854195	49.492183464233555	49.492183464233555	1.4947683109118033	-4.229866358140244	39.39782987966147	11.489536621823607	0.04026728371951194	87.29565975932294	78.01395366218229	0.2734148564554861	592.7375297658028	-77.33799457888676	-99.92057665752928	72.18228896610104	5년	87.29565975932294	592.7375297658028	72.18228896610104	0.5555375897040672	0.4398701394451984	1.3213769387831198	6.449793672627235	1.8735784088968006	3년	0.4398701394451984	불리(<1)	5년	39.39782987966147	1.2562159797990076	보통	Y		72700000.0	4.210814256921358	48.96793693165813		-5.875756222502138	349.2072003173828	294.9434004211426	N	Y	상승전환	
HBAN	HUNTINGTON BANCSHARES INC /MD/	0000049196	S&P 500	제외	PEG=보통, PEGY=불리(<1)	16.729999542236328	1.39	2025	3.73	2672000000.0		2672000000.0	17221000000.0	1261000000.0	24342000000.0	200727000000.0	10.8153499593458	89.1846500406542	0.12126918650704688	-9.668163175256307	-10.506128242546032	18.991483969419164	19.59433653581465	13.93442622950819	-1.3987851140241592	15.035833064612024	36.36885245901638	5.702429771951682	38.57166612922405	50.55270491803277	7.926377383012837	53.61461591962142	202.16799940973158	-52.621771668301534	220.46991862890786	5년	38.57166612922405	53.61461591962142	220.46991862890786	0.9301235363151266	0.12275053859559658	0.9881183110719262	1.4719211927412688	8.798094638468319	3년	0.1227505385955965	불리(<1)	5년	15.035833064612024	1.2630815923407042	보통	N	주당순현금<=0	1504836000.0	-2.7890736070369515	8.074935639303105		-13.181114972438957	17.450400161743165	17.0078000164032	N	N	판정불가	단기위험부채 존재
MTB	M&T BANK CORP	0000036270	S&P 500	제외	PEG=보통, PEGY=불리(<1)	239.02000427246094	17.0	2025	2.52	1420888000.0		1420888000.0	10911000000.0	2149000000.0	29177000000.0	184333000000.0	13.665402088895135	86.33459791110486	0.15828419219564593	-59.76479775302127	-73.29831035763992	17.57557658973425	18.371665566476523	16.12021857923497	13.816843747424093	11.330076475388973	40.74043715846994	36.13368749484818	31.160152950777945	692.587431693989	614.2726874124191	529.722600163225	189.76128328761246	156.9963502771109	121.62270550350662	3년	36.13368749484818	614.2726874124191	156.9963502771109	1.0605750817940487	0.9295196469950412	0.7880297072858872			3년	0.9295196469950412	불리(<1)	3년	13.816843747424091	1.2720399036871868	보통	N	주당순현금<=0 | FCF<=0	158791000.0	4.91616038458953	20.59536223649814		-5.9309663043127125	244.87579986572266	221.57935012817381	N	Y	상승전환	단기위험부채 존재
WBD	Warner Bros. Discovery, Inc.	0001437107	S&P 500	제외	PEG=보통, PEGY=판정불가	28.200000762939453	0.29	2025		4566000000.0		4566000000.0	32567000000.0	0.0	35919000000.0	62919000000.0	36.34128574030232	63.65871425969769	0.5708768416535546	-11.067588932806323	-11.067588932806323	135.4054817094682	135.4054817094682	106.27705627705627			221.05411255411255			64.10569264069264			127.32514505794121			1년	221.05411255411255	64.10569264069264	127.32514505794121				1.2205533596837945	4.328203286036255	판정불가		판정불가	1년	106.27705627705627	1.274080092663428	보통	N	주당순현금<=0	2530000000.0	4.9888314301506975	2.8071470987857783		-5.937287546616476	27.17260009765625	27.366650018692017	Y	Y	상승전환	
WTW	WILLIS TOWERS WATSON PLC	0001140536	S&P 500	제외	PEG=보통, PEGY=불리(<1)	315.4100036621094	16.26	2025	1.22	3132000000.0	0.0	3132000000.0	5756000000.0	988000000.0	7976000000.0	21478000000.0	27.079513818157125	72.92048618184288	0.37135673712636186	-26.505050505050505	-36.484848484848484	21.02798611114144	21.641749824536152	1793.7500000000005		16.276465322384226	3596.000000000001		41.05293064476845	58470.96000000002		667.5206522839351	18438.080378274386		111.63585318588463	5년	41.05293064476845	667.5206522839351	111.63585318588463	85.36100368874392		0.8320561574421965	16.454545454545453	5.216874944833007	5년	0.8320561574421965	불리(<1)	5년	16.276465322384226	1.2919258386046928	보통	N	주당순현금<=0	99000000.0	20.94405204476193	10.040818577616628		-10.075551343660905	319.283798828125	300.2414996337891	N	Y	상승전환	단기위험부채 존재
TDG	TransDigm Group INC	0001260221	S&P 500	제외	PEG=보통, PEGY=보통	1126.8800048828125	32.08	2025	19.38981959509721	2808000000.0		2808000000.0	19384000000.0	124000000.0	-9686000000.0	32588000000.0	-42.293249497860444	142.29324949786044	-0.2972259727507058	-284.8109965635739	-286.94158075601376	44.005330469027015	44.071745188242716	25.214676034348155	33.77548076206609		58.92935206869631	76.05096152413218		1890.4536143637774	2439.71484569416		67.75997499044905	116.5017424324494		3년	76.05096152413218	2439.71484569416	116.50174243244939	1.0136157405030755	1.2081559163516224		31.20274914089347	2.768950465505716	3년	1.2081559163516224	보통	3년	33.77548076206609	1.3028779894807678	보통	N	주당순현금<=0	58200000.0	-10.393686693598836	-8.081075919482883		-22.28413759428879	1230.3138012695313	1266.2429486083984	N	N	주의	단기위험부채 존재
LRCX	LAM RESEARCH CORP	0000707549	S&P 500	제외	PEG=보통, PEGY=불리(<1)	298.010009765625	5.76	2026	42.0	5579171000.0	2574947000.0	8154118000.0	3721914000.0	147000.0	12470921000.0	11058822000.0	53.00066813309435	46.99933186690564	1.12768982085072	3.5145483870456156	3.5144318223268223	51.127684267114475	51.12770450404483	38.79518072289155	-44.23206854382806	-26.525939643495455	86.0903614457831	-79.96413708765613	-44.55187928699091	495.88048192771066	-460.5934296248993	-256.6188246930676	66.39725703096491	-254.5563620454027	-186.1108071151334	1년	86.0903614457831	495.88048192771066	66.39725703096491	1.580262863085691	-0.04365675026795099	0.30265521660752237			5년	0.3026552166075223	불리(<1)	1년	38.79518072289155	1.3178875137175476	보통	N	FCF<=0	1261102000.0	-17.794875097387795	42.255001170139096		-31.227928137872716	316.10260009765625	263.40844932556155	N	Y	중립/개선	단기위험부채 존재
JBHT	HUNT J B TRANSPORT SERVICES INC	0000728535	S&P 500	제외	PEG=보통, PEGY=보통	267.8299865722656	6.12	2025	67.0	17284000.0		17284000.0	766938000.0	699859000.0	3565085000.0	4362070000.0	44.97307041429113	55.02692958570887	0.8172920196145408	-7.673962001474081	-14.838188928015724	45.01698506106858	46.18761037586296	10.071942446043176	-12.736907999542591	33.56042305195701	28.64388489208635	-16.973815999085183	75.62084610391402	175.30057553956848	-103.87975391440132	462.7995781559538	-34.547816029453806	-138.78570702402385	72.7960278380112	5년	75.62084610391402	462.7995781559538	72.7960278380112	1.7120636209086388	1.2053915189310402	2.233832916965452	9.700116698059126	3.6217440855681975	3년	1.2053915189310402	보통	5년	33.56042305195701	1.341371203556491	보통	N	주당순현금<=0	97688000.0	-7.3701414527776565	33.16262122517004		-10.247651457579687	275.3813995361328	239.0526496887207	N	Y	중립/개선	단기위험부채 존재
JNJ	JOHNSON & JOHNSON	0000200406	S&P 500	제외	PEG=보통, PEGY=불리(<1)	266.3500061035156	11.03	2025	2.01	19709000000.0	393000000.0	20102000000.0	39438000000.0	8495000000.0	81544000000.0	117666000000.0	40.933688067868076	59.066311932131924	0.693012424999575	-7.959166872478801	-11.455915040750803	24.86937198331772	25.186393576089436	90.50086355785837	17.90172233284293	14.890675456717407	189.50172711571673	44.30344466568586	38.281350913434814	2090.2040500863554	488.666994662515	422.24330057518597	684.758401422378	83.46798703379679	58.529487854069416	3년	44.30344466568586	488.666994662515	83.46798703379679	3.7198713188219754	0.8006523987095305	0.6795778947717022	8.108174857989628	3.044180466374168	3년	0.8006523987095305	불리(<1)	3년	17.90172233284293	1.3892167200969134	보통	N	주당순현금<=0	2429400000.0	11.756809489861663	10.04379998831193		-4.338608228292495	262.4765991210937	236.808099899292	Y	Y	강한 상승추세	단기위험부채 존재
TJX	TJX COMPANIES INC /DE/	0000109198	S&P 500	보류	PEG=보통, PEGY=불리(<1)	126.41999816894531	4.87	2026	1.52	6230000000.0	0.0	6230000000.0	1870000000.0	999000000.0	10190000000.0					3.8652482269503547	2.979609929078014	25.165246394660155	25.347102307980965	14.319248826291089	17.920914155588186		37.138497652582174	44.34182831117637		180.8644835680752	215.94470387542893		43.06635515559121	70.81530375189887		3년	44.34182831117637	215.94470387542893	70.81530375189887	0.6294096460606099	0.7725302526627904		4.35904255319149	3.4480640850557105	3년	0.7725302526627904	불리(<1)	3년	17.920914155588186	1.4042389900524692	보통	Y		1128000000.0	-24.901983533850057	-18.852298852882598		-24.933201460770114	148.51800033569336	154.42510021209716	N	N	주의	단기위험부채 존재
ZTS	Zoetis Inc.	0001555280	S&P 500	제외	PEG=보통, PEGY=불리(<1)	72.86000061035156	6.02	2025	2.89	1564000000.0	0.0	1564000000.0	9042000000.0	0.0	3331000000.0	12136000000.0	21.53617378935799	78.46382621064201	0.2744726433750824	-16.84860364775198	-16.84860364775198	14.901761504668364	14.901761504668364	10.05484460694698	10.268140283428306	11.973196718056611	28.60968921389396	29.03628056685661	32.446393436113226	172.23032906764163	174.79840901247678	195.3272884854016	136.38529731658014	139.9099746749691	168.08576290026895	3년	29.03628056685661	174.79840901247678	139.9099746749691	0.8686788204798253	0.8829922743902576	0.9974120652380813	5.1438034404677415	7.059845453442032	3년	0.8829922743902576	불리(<1)	3년	10.268140283428306	1.4512619708476553	보통	N	주당순현금<=0	443835000.0	-10.49140141946101	-36.89589365313795		-51.62339797152631	75.54719940185547	102.3814001083374	N	N	주의	
MMM	3M CO	0000066740	S&P 500	제외	PEG=보통, PEGY=불리(<1)	162.86000061035156	6.0	2025	1.9	2398000000.0	404000000.0	2802000000.0	10932000000.0	1670000000.0	4702000000.0	32986000000.0	12.476119719804712	87.52388028019529	0.1425453222579276	-15.019397746166636	-18.10456308886015	29.646566392753034	30.160760616535285	351.12781954887214	-16.156804116139433	20.313637898738858	710.7556390977443	-23.813608232278867	49.127275797477715	4264.533834586466	-142.8816493936732	294.7636547848663	2518.5274583103537	-187.7328066180736	80.99205064483512	5년	49.127275797477715	294.7636547848663	80.99205064483512	11.907882176708604	-0.48089225333104485	0.7492819776987354	2.5789765379641603	1.5835542971256982	5년	0.7492819776987354	불리(<1)	5년	20.313637898738858	1.4594415111925174	보통	N	주당순현금<=0	541300000.0	3.1346949740017838	9.228701504735536		-11.383174615246539	171.73779907226563	160.8724001312256	N	Y	상승전환	단기위험부채 존재
EW	Edwards Lifesciences Corp	0001099800	S&P 500	보류	PEG=보통, PEGY=판정불가	86.7699966430664	1.83	2025		2938000000.0	1288300000.0	4226300000.0	598300000.0	0.0	10337600000.0	3359600000.0	75.47235931431241	24.527640685687587	3.0770329801166807	6.193240013656538	6.193240013656538	44.03101455159009	44.03101455159009	181.53846153846155	-9.143970358393016	30.15204668909448	371.5769230769231	-9.787940716786032	68.80409337818895	679.9857692307693	-17.91193151171844	125.91149088208579	683.6646254902274	-120.64300127312468	45.10947995080634	5년	68.80409337818895	125.91149088208579	45.10947995080634				2.278934790030727	2.6264087567102976	판정불가		판정불가	5년	30.15204668909448	1.4602993622822764	보통	Y		585800000.0	1.1776987892695656	2.552885022022533		-8.835893712065946	89.38179992675781	84.9753999710083	N	Y	상승전환	
ESS	ESSEX PROPERTY TRUST, INC.	0000920522	S&P 500	제외	PEG=보통, PEGY=불리(<1)	271.3699951171875	10.4	2025	3.78	76241000.0		76241000.0	638959000.0		5541372000.0	7422114000.0	42.74600211702315	57.25399788297685	0.7466029220246415	-8.737930546901023	-8.737930546901023	26.93345439077774	26.93345439077774	-9.878682842287684	18.3737118876667	3.6579731144279037	-11.257365684575369	45.2474237753334	15.815946228855807	-117.07660311958384	470.5732072634674	164.4858407801004	-143.1427958971757	73.40649877679242	-39.38687263156363	3년	45.2474237753334	470.5732072634674	73.40649877679242	-0.2264352263843263	0.8225351106560002	0.2761611268465709			3년	0.8225351106560002	불리(<1)	3년	18.3737118876667	1.46586898474536	보통	N	주당순현금<=0 | FCF<=0	64399459.0	-3.285933690095022	7.952100344533708		-9.036970022638846	288.11339782714845	267.31974952697755	N	Y	중립/개선	
VMC	Vulcan Materials CO	0001396009	S&P 500	제외	PEG=보통, PEGY=안심	250.60000610351562	8.11	2025	83.0	183300000.0	0.0	183300000.0	4361700000.0	0.0	8525100000.0	8151500000.0	51.120132401088945	48.87986759891105	1.0458320554499172	-31.48756593820648	-31.48756593820648	34.78268459207425	34.78268459207425	18.394160583941606	23.456661319602468	56.64065143238312	45.28832116788321	55.413322639204935	121.78130286476625	367.28828467153284	449.402046603952	987.6463662332542	46.56355775179697	79.33042125239093	294.1126664718779	3년	55.413322639204935	449.402046603952	79.33042125239093	2.9150757560284974	3.060622334592891	4.0146599686041	8.555388093443858	3.413961646078282	3년	3.060622334592891	안심	3년	23.456661319602468	1.482848906677386	보통	N	주당순현금<=0	132700000.0	-10.560689560677138	-5.007388490704989		-24.145651903217235	279.40359954833986	287.919649887085	N	N	주의	
SBAC	SBA COMMUNICATIONS CORP	0001034054	S&P 500	제외	PEG=보통, PEGY=불리(<1)	181.4199981689453	3.47	2025	2.68	264568000.0	6648000.0	271216000.0	10964466000.0	1935802000.0	-4853519000.0					-99.44156677485051	-117.44350106478942	80.93993226045988	86.12780957744516	115.527950310559	54.54935861402714	29.8495127277137	239.555900621118	117.59871722805428	68.1990254554274	831.2589751552796	408.06754878134836	236.6506183303331	358.1958899487912	124.92975024800744	30.44351268814085	3년	117.59871722805428	408.06754878134836	124.92975024800744	1.4604404403276847	0.7070596307131376	0.4018969601189641	9.917969367542987	5.466855621014279	3년	0.7070596307131376	불리(<1)	3년	54.54935861402714	1.4837925562638332	보통	N	주당순현금<=0	107533000.0	-10.915785118480581	-1.7918029746916253		-18.91843657253841	183.52059967041015	192.81149978637694	N	N	주의	단기위험부채 존재
MCK	MCKESSON CORP	0000927653	S&P 500	보류	PEG=보통, PEGY=안심	880.8599853515625	38.38	2026	42.0	3975000000.0		3975000000.0	3072000000.0	0.0	-2172000000.0					7.2763900080580175	7.2763900080580175	22.76142770566713	22.76142770566713	49.22239502332816	15.31382381030486	56.03117347520965	106.94479004665632	39.12764762060972	120.5623469504193	4104.54104199067	1501.719115679001	4627.182875957093	365.96974663941575	70.48329367347137	425.3028804697406	3년	39.12764762060972	1501.719115679001	70.48329367347137	4.007762439287394	2.5180241130495906	4.306899142833728	46.08380338436744	5.231683144963704	3년	2.5180241130495906	안심	3년	15.31382381030486	1.4863320871140415	보통	Y		124100000.0	11.899285130609671	-6.724130732451616		-11.532707650803308	855.1458032226562	843.7197500610351	Y	Y	상승전환	
HCA	HCA Healthcare, Inc.	0000860730	S&P 500	제외	PEG=보통, PEGY=안심	421.2099914550781	28.33	2025	74.0	1040000000.0	103000000.0	1143000000.0	41603000000.0	4698000000.0	-6027000000.0	45623000000.0	-15.221234468128095	115.22123446812809	-0.13210442101571576	-168.93880874339757	-188.55508465729974	20.831231916642277	21.52365252779308	28.772727272727266	13.944298430482704	20.983259927461795	66.04545454545453	36.38859686096541	50.46651985492359	1871.0677272727269	1030.88894907115	1429.7165074899851	344.2125697942461	144.74465705571794	239.43081515018235	3년	36.38859686096541	1030.88894907115	144.74465705571794	4.933588550306577	4.221752164365427	4.559656399945254	32.117580742813004	7.625075709116537	3년	4.221752164365427	안심	3년	13.944298430482704	1.4938888478680654	보통	N	주당순현금<=0	239495000.0	11.28107066861801	-20.911416512268055		-22.732194580698906	404.3055987548828	451.0440997314453	Y	N	중립/개선	단기위험부채 존재
ISRG	INTUITIVE SURGICAL INC	0001035267	S&P 500	제외	PEG=보통, PEGY=판정불가	360.4599914550781	7.87	2025		3368000000.0	2566900000.0	5934900000.0			17824000000.0	2517000000.0	87.62597709060518	12.374022909394819	7.0814461660707195	16.3631100082713	16.3631100082713	43.72260247100468	43.72260247100468	22.58566978193147	29.189521389942357	21.11377974023332	53.67133956386294	66.87904277988471	50.72755948046664	422.3934423676013	526.3380666776927	399.22589311127246	17.181782272843883	46.0184428660197	10.754564327571291	3년	66.87904277988471	526.3380666776927	46.018442866019704						판정불가		판정불가	3년	29.189521389942353	1.4978869261648768	보통	N	FCF<=0	362700000.0	-12.700412500987623	-24.789784522728485		-39.19878446502069	378.12439880371096	460.80879943847657	N	N	주의	
NTRS	NORTHERN TRUST CORP	0000073124	S&P 500	보류	PEG=보통, PEGY=불리(<1)	187.19000244140625	8.74	2025	1.78	5873100000.0		5873100000.0	1421600000.0		12957900000.0	164174800000.0	7.315363001862446	92.68463699813756	0.07892746024359402	23.155164963319883	23.155164963319883	18.76828804097098	18.76828804097098	-10.542476970317292	12.490113204685828	9.86611256684804	-12.584953940634584	33.48022640937165	28.23222513369608	-109.99249744114627	292.61717881790827	246.74964766850374	-158.75981409614857	56.32094396147176	31.817749051924228	3년	33.48022640937165	292.61717881790827	56.320943961471755	-0.46687673117488904	0.7603311060409088	0.6205207710700462	28.398432689485546	15.170913146590054	3년	0.7603311060409088	불리(<1)	3년	12.490113204685827	1.5026515559466518	보통	Y		192246525.0	9.628112703605417	36.33648818699695		-2.2353364767378925	184.5070001220703	159.37720043182372	Y	Y	강한 상승추세	
NEM	NEWMONT Corp /DE/	0001164727	S&P 500	제외	PEG=보통, PEGY=안심	126.13999938964844	6.39	2025	81.0	7647000000.0	594000000.0	8241000000.0	5115000000.0	0.0	33867000000.0	23079000000.0	59.47213149299336	40.52786850700664	1.4674379305862473	2.82129963898917	2.82129963898917	19.2987010564412	19.2987010564412	118.83561643835617		12.729803073711565	246.17123287671234		33.95960614742313	1573.0341780821918		217.0018832820338	1147.054214122092		72.0325704233687	5년	33.95960614742313	217.0018832820338	72.0325704233687	10.354873929282322		4.8567933561739896			5년	4.8567933561739896	안심	5년	12.729803073711565	1.516025106177418	보통	N	FCF<=0	1108000000.0	29.25505084856006	10.185181421038658		-6.659760278709448	109.10939987182617	109.13019996643067	Y	Y	상승전환	
GNRC	GENERAC HOLDINGS INC.	0001474735	S&P 500	제외	PEG=보통, PEGY=불리(<1)	181.6699981689453	2.69	2025	6.054934832866829	341413000.0		341413000.0	1193750000.0	50618000.0	2632422000.0	2934633000.0	47.28571928964237	52.71428071035763	0.8970191502651268	-14.379177897293332	-15.233118564899213	72.88073459711474	73.19818465942176	-50.09276437847866	47.98739628823825	6.42832098504873	-91.68552875695732	104.4747925764765	21.35664197009746	-246.6340723562152	281.03719203072177	57.449366899562165	-235.7593850619496	54.6965348507183	-68.37707520306313	3년	104.4747925764765	281.03719203072177	54.6965348507183	-0.6042451381569258	0.7415173765721697	0.1712833423938863	4.523398856608908	2.489898663621024	3년	0.7415173765721697	불리(<1)	3년	47.98739628823825	1.5187474260814993	보통	N	주당순현금<=0	59275781.0	-29.40193228591057	-10.98971448496393		-38.529473872796615	210.60260009765625	209.1459503173828	N	N	주의	단기위험부채 존재
PNR	PENTAIR plc	0000077360	S&P 500	제외	PEG=보통, PEGY=불리(<1)	56.72999954223633	3.96	2025	1.84	82500000.0		82500000.0	1638600000.0	3694000.0	4663800000.0	2999600000.0	60.85810475767936	39.14189524232064	1.5548073076410187	-9.402416918429003	-9.424737160120847	16.70010516683468	16.705741591504335	5.882352941176464	10.942784716109877	45.36942418564116	20.264705882352928	30.385569432219754	99.23884837128232	80.24823529411759	120.32685495159022	392.98583955027794	41.456435645432336	112.10445253398088	592.7302004606825	3년	30.385569432219754	120.32685495159022	112.10445253398089	0.46241343177362465	0.7654313903061913	2.826893825758415	4.507552870090635	7.945624724947679	3년	0.7654313903061913	불리(<1)	3년	10.942784716109877	1.526129372009752	보통	N	주당순현금<=0	165500000.0	-21.827201624912806	-35.76038827925917		-49.61364118710374	65.91959999084473	85.05390008926392	N	N	주의	단기위험부채 존재
CHD	CHURCH & DWIGHT CO INC /DE/	0000313927	S&P 500	제외	PEG=보통, PEGY=불리(<1)	93.94000244140625	3.02	2025	1.29	409000000.0		409000000.0	2205100000.0	0.0	4002200000.0	4910200000.0	44.90597369956465	55.09402630043535	0.8150788155268625	-7.352026197298404	-7.352026197298404	33.54040683400816	33.54040683400816	27.426160337552734	21.59038130727984	38.621625217033674	63.35232067510547	51.680762614559676	85.74325043406735	191.3240084388185	156.07590309597023	258.9446163108834	103.66617358579924	66.1442399826638	175.64893504489362	3년	51.680762614559676	156.07590309597023	66.1442399826638	0.8561661305919551	0.6821736367276371	1.189956502750749	4.474007367990176	4.762622154263595	3년	0.6821736367276371	불리(<1)	3년	21.590381307279838	1.5534883963674608	보통	N	주당순현금<=0	244300000.0	-3.234445128166441	-5.264220479953218		-10.754322121496408	99.10460021972656	95.10384990692138	N	N	주의	
GRMN	GARMIN LTD	0001121788	S&P 500	보류	PEG=보통, PEGY=불리(<1)	272.20001220703125	8.59	2025	1.54	2278646000.0	167989000.0	2446635000.0			8972564000.0					12.63653313775721	12.63653313775721	30.216935863710596	30.216935863710596	17.671232876712327	19.45038186480894	37.78102526893068	43.842465753424655	47.40076372961788	84.06205053786135	376.60678082191777	407.1725604374176	722.093014120229	38.35663627210872	49.58579800787379	165.28030188735477	3년	47.40076372961788	407.1725604374176	49.58579800787379	0.6357770014591153	0.6946562007307167	1.3012909530695913	7.039258119163706	2.586060912374152	3년	0.6946562007307167	불리(<1)	3년	19.45038186480894	1.553539466409207	보통	Y		193616000.0	14.091713520810444	15.471097077371887		-13.07957305405858	274.83299926757815	239.63500007629395	N	Y	상승전환	
SWKS	SKYWORKS SOLUTIONS, INC.	0000004127	S&P 500	보류	PEG=보통, PEGY=불리(<1)	84.02999877929688	3.08	2025	4.13	1161300000.0	212900000.0	1374200000.0	496400000.0		5757100000.0	2159900000.0	72.71820133889099	27.281798661109008	2.665447474420112	5.659574468085107	5.659574468085107	25.44494295818564	25.44494295818564	-16.531165311653112	-26.666925336211623	16.101965535917493	-24.562330623306224	-44.833850672423246	40.70393107183499	-75.65197831978317	-138.0882600710636	125.36810770125176	-190.02972678659867	-264.3320981519346	49.19446569376802	5년	40.70393107183499	125.36810770125176	49.19446569376802	-0.48737249409567485	-0.8857133369584346	0.7951271719950493	7.129593810444875	8.48458159468812	5년	0.7951271719950493	불리(<1)	5년	16.101965535917493	1.5802383194416507	보통	Y		155100000.0	15.536910354461053	52.22825655414391		0.0	65.52540031433105	64.13969999313355	Y	Y	강한 상승추세	
EL	ESTEE LAUDER COMPANIES INC	0001001250	S&P 500	보류	PEG=보통, PEGY=불리(<1)	96.47000122070312	0.5	2026	1.42	2181000000.0	534000000.0	2715000000.0	1080100000.0	1000000000.0	5590000000.0	8745000000.0	38.99546564352982	61.004534356470174	0.6392224128073185	4.4816337719298245	1.740405701754386	183.9767348975466	189.45919103789748	115.87301587301589	-43.62040735317784	-42.25870639790483	240.24603174603178	-78.74081470635568	-76.01741279580966	120.12301587301589	-39.37040735317784	-38.00870639790483	24.5185180398201	-140.81103644137684	-139.39950856945558	1년	240.24603174603178	120.12301587301589	24.5185180398201	0.6375426541749113	-0.22937904282668403	-0.22197755830728916	3.607456140350877	3.7394589973081622	1년	0.6375426541749113	불리(<1)	1년	115.87301587301589	1.5877444244582788	보통	Y		364800000.0	9.60009645524378	14.450112911236257		-19.34620790198859	89.65879974365234	92.44889995574951	Y	Y	상승전환	단기위험부채 존재
CME	CME GROUP INC.	0001156375	S&P 500	보류	PEG=보통, PEGY=불리(<1)	274.07000732421875	11.16	2025	1.89	4416900000.0	125000000.0	4541900000.0		0.0	28728200000.0	169696000000.0	14.478173529236857	85.52182647076314	0.16929214595511974	12.605534123393744	12.605534123393744	23.428716236633065	23.428716236633065	15.408479834539815	14.67730855550884	56.73155320469705	39.31695966907963	37.854617111017674	121.9631064093941	438.77726990692867	422.45752695895726	1361.1082675288383	60.096784829091085	54.14219566871444	396.6279531341338	3년	37.854617111017674	422.45752695895726	54.142195668714436	0.7383451854477613	0.7071368481387063	2.5021240008463024	11.63886653159779	4.24667647701752	3년	0.7071368481387063	불리(<1)	3년	14.677308555508839	1.596254255201275	보통	Y		360310000.0	4.53505796803535	-11.928402206358413		-16.047903419144827	261.7746029663086	278.7890000152588	Y	N	중립/개선	
MCO	MOODYS CORP /DE/	0001059556	S&P 500	제외	PEG=보통, PEGY=안심	467.3599853515625	13.67	2025	87.0	2384000000.0	64000000.0	2448000000.0	6994000000.0	129900000.0	4054000000.0	11625000000.0	25.856240831685696	74.1437591683143	0.3487311827956989	-25.26959421901056	-25.99166203446359	36.03727721803753	36.09009856518114	21.403197158081706	22.48000431974093	7.800452654910939	51.30639431616341	53.46000863948186	24.100905309821876	701.3584103019539	730.7983181017171	329.45937558526504	50.06813426150949	56.36732732948633	-29.506293668373086	3년	53.46000863948186	730.7983181017171	56.36732732948633	3.0080851142611653	3.037965483833599	2.6306219551864762	14.313507504168983	3.062630082334054	3년	3.037965483833599	안심	3년	22.48000431974093	1.6030814187340352	보통	N	주당순현금<=0	179900000.0	5.780629578551855	9.588009476356651		-13.389300042868602	490.5828002929687	473.09040008544923	N	N	중립/개선	단기위험부채 존재
LIN	LINDE PLC	0001707925	S&P 500	제외	PEG=보통, PEGY=불리(<1)	461.6199951171875	14.61	2025	1.37	5056000000.0		5056000000.0	20683000000.0	4510000000.0	38245000000.0	47076000000.0	44.824837964862105	55.175162035137895	0.812409720452035	-33.0943783818126	-42.6455172121687	33.861353422245045	34.515093246362504	7.268722466960355	21.083080176239765	25.40817902227086	23.03744493392071	50.66616035247953	59.31635804454172	336.57707048458155	740.2326027497259	866.6119910307546	-27.08784843708132	60.3554028377409	87.73276725388708	3년	50.66616035247953	740.2326027497259	60.355402837740904	0.2551204129154859	0.6630886809589048	0.7908183316937082	10.7773271635659	2.334675117534706	3년	0.6630886809589048	불리(<1)	3년	21.083080176239765	1.6060913841425388	보통	N	주당순현금<=0	472195000.0	-10.441565860099667	-5.87059976956712		-15.553200873143036	498.4531994628906	481.27739990234375	N	N	주의	단기위험부채 존재
ALL	ALLSTATE CORP	0000899051	S&P 500	제외	PEG=보통, PEGY=불리(<1)	251.7899932861328	14.37	2025	1.7	678000000.0	4887000000.0	5565000000.0	7490000000.0		30610000000.0	89169000000.0	25.555397857721303	74.4446021422787	0.3432807365788559	-7.207038562336204	-7.207038562336204	18.02345385166799	18.02345385166799	103.25318246110325		11.203898286185531	215.0063649222065		30.907796572371062	3089.6414639321074		444.1450367449721	1127.070791658132		76.39503101310625	5년	30.907796572371062	444.1450367449721	76.39503101310625	5.823144849198274		0.7159503607013331	36.997379258704605	14.693744884714691	5년	0.7159503607013331	불리(<1)	5년	11.203898286185531	1.6086770328762277	보통	N	주당순현금<=0	267100000.0	14.674128927972285	22.806416029475972		-8.476606923456131	257.5067993164063	222.38184997558594	N	Y	상승전환	
AXP	AMERICAN EXPRESS CO	0000004962	S&P 500	제외	PEG=보통, PEGY=불리(<1)	320.7099914550781	15.38	2025	1.18	654000000.0	742000000.0	1396000000.0	56387000000.0	1371000000.0	33474000000.0	266578000000.0	11.156066281844481	88.84393371815553	0.12556925177621558	-79.01005747126437	-80.97988505747126	25.98960006023033	26.11767727649866	9.77872947894362	16.01301181321386	54.27257678866031	28.05745895788724	40.52602362642772	117.04515357732062	431.52371877230576	623.2902433744584	1800.1544620191912	34.552627067981234	94.34699884046572	461.3028935742836	3년	40.52602362642772	623.2902433744584	94.34699884046573	0.4216582576702605	0.661534297310056	2.133644867952957	22.992816091954023	7.169348228795244	3년	0.661534297310056	불리(<1)	3년	16.01301181321386	1.6230300934883366	보통	N	주당순현금<=0	696000000.0	0.6970395581567423	6.234050777915656		-16.674899516939156	340.42359924316406	336.8101496887207	N	N	중립/개선	단기위험부채 존재
PH	Parker-Hannifin Corp	0000076334	S&P 500	제외	PEG=보통, PEGY=안심	934.3400268554688	28.48	2026	84.0	501000000.0	8390000.0	509390000.0	8796284000.0	1000000000.0	15404000000.0	15464000000.0	49.90281197356486	50.09718802643515	0.9961200206932229	-64.69081967213114	-72.49722092115535	35.07833028537921	35.3524314528309	5.014749262536871	21.091002216465117	16.36215183053762	18.52949852507374	50.68200443293023	41.22430366107524	527.7201179941002	1443.4234862498529	1174.0681682674228	-43.5194786880588	54.48588787400128	25.657483841162374	3년	50.68200443293023	1443.4234862498529	54.48588787400128	2.5375993822499177	2.995895225385556	2.861086916453631	30.483996877439502	3.2626234562628893	3년	2.995895225385556	안심	3년	21.091002216465114	1.6631893508595152	보통	N	주당순현금<=0	128100000.0	3.5428961414136317	3.5658517302405324		-12.993189948145666	989.7954040527344	938.0009991455078	N	N	중립/개선	단기위험부채 존재
CPT	CAMDEN PROPERTY TRUST	0000906345	S&P 500	제외	PEG=보통, PEGY=불리(<1)	102.5	3.54	2025	4.07	25203000.0	0.0	25203000.0	3900800000.0		4362523000.0	4604736000.0	48.64945910450451	51.35054089549549	0.9473991559993885	-35.741529409594776	-35.741529409594776	39.05127949423581	39.05127949423581	136.0	-16.313493007414216	23.343513504709378	280.5	-24.126986014828432	55.187027009418756	992.97	-85.40953049249265	195.3620756133424	868.7512195121952	-183.32637121218795	90.59714693984624	5년	55.187027009418756	195.3620756133424	90.59714693984624	3.5868222965825005	-0.31352347902509636	0.7019875881084964			5년	0.7019875881084964	불리(<1)	5년	23.343513504709378	1.6728963909549222	보통	N	주당순현금<=0 | FCF<=0	108434000.0	-10.43341680066774	0.7470042777552699		-12.825311784500947	110.51160034179688	107.34284976959229	N	N	판정불가	
HOOD	Robinhood Markets, Inc.	0001783879	S&P 500	제외	PEG=보통, PEGY=판정불가	113.33000183105469	2.05	2025		4261000000.0		4261000000.0			7972000000.0	28986000000.0	21.570431300395043	78.42956869960496	0.2750293245014835	4.637662377147143	4.637662377147143	53.02065339215003	53.02065339215003	31.410256410256395			71.32051282051279			146.2070512820512			29.010014047301947			1년	71.32051282051279	146.2070512820512	29.010014047301947						판정불가		판정불가	1년	31.410256410256395	1.68800447534192	보통	N	FCF<=0	918781846.0	22.877586149989938	48.883339124870794		-25.66575046546511	103.35639999389649	95.13252498626709	Y	Y	강한 상승추세	
FAST	FASTENAL CO	0000815556	S&P 500	보류	PEG=보통, PEGY=불리(<1)	49.0099983215332	1.09	2025	1.97	276800000.0	27165000.0	303965000.0	100000000.0	25000000.0	3943600000.0					0.1773093413120836	0.15557652669780128	44.80063209194598	44.82057045397743	-45.49999999999999	-16.762013813238276	26.237828742825165	-82.49999999999999	-25.024027626476553	60.97565748565033	-89.925	-27.276190112859446	66.46346665935887	-283.48296894450255	-155.65433798612332	35.61205659163888	5년	60.97565748565033	66.46346665935887	35.61205659163888	-0.9716380766829759	-0.33017422126723756	0.6296301508633451	0.9132998013505995	1.863496903955879	5년	0.6296301508633451	불리(<1)	5년	26.237828742825165	1.7074824495223098	보통	Y		1150334204.0	5.647766687553357	8.309388555874486		-6.4337584533449395	48.77339996337891	45.50849992752075	Y	Y	강한 상승추세	단기위험부채 존재
TT	Trane Technologies plc	0001466258	S&P 500	제외	PEG=보통, PEGY=안심	439.8299865722656	12.98	2025	95.0	1763300000.0		1763300000.0	3922100000.0	763300000.0	8579200000.0	12819800000.0	40.0915930650965	59.9084069349035	0.6692148083433439	-9.598932859048466	-12.992885726989773	34.6247241472507	34.886199714888704	15.480427046263348	20.16860829862783	29.821435131157937	39.460854092526695	48.83721659725566	68.14287026231588	512.2018861209965	633.9070714323785	884.4944560048601	16.45451691749078	44.12547820411634	101.0991708177984	3년	48.83721659725566	633.9070714323785	44.12547820411634	3.1907958768542506	3.326195692096872	3.604979915517077	12.556247220987105	2.8547956265651453	3년	3.326195692096872	안심	3년	20.16860829862783	1.716763181404361	보통	N	주당순현금<=0	224900000.0	-4.413879999480031	4.269588671787217		-12.6385424786013	466.03379821777344	444.96889999389646	N	N	판정불가	단기위험부채 존재
FICO	FAIR ISAAC CORP	0000814547	S&P 500	제외	PEG=보통, PEGY=불리(<1)	960.6699829101562	26.54	2025	0.00832752156548663	134136000.0		134136000.0	2656150000.0	399541000.0	-1745784000.0	3613917000.0	-93.4507339680847	193.45073396808473	-0.48307252214148805	-102.68368551769065	-118.9509791946582	40.0660764290824	40.67901138299979	29.7799511002445	23.23712626480905		68.059902200489	54.9742525296181		1806.3098044009782	1459.0166621360643		88.02604812623858	51.87490897927998		3년	54.9742525296181	1459.0166621360643	51.87490897927998	0.7434788049320407	0.5801779424925564		31.3458328243964	3.2629137354162467	3년	0.5801779424925564	불리(<1)	3년	23.23712626480905	1.724226824457187	보통	N	주당순현금<=0	24561000.0	-18.956107640029906	-12.15687467316149		-48.888299967903414	1154.0233947753907	1293.0565957641602	N	N	주의	단기위험부채 존재
SBUX	STARBUCKS CORP	0000829224	S&P 500	제외	PEG=보통, PEGY=불리(<1)	99.22000122070312	1.63	2025	2.48	6455700000.0	247200000.0	6702900000.0	14575900000.0	0.0	-8096600000.0	40108900000.0	-25.292153328564332	125.29215332856434	-0.201865421390265	-6.9073521670468505	-6.9073521670468505	65.10880575935582	65.10880575935582	-50.755287009063444	-16.7980082334351	37.63685261204004	-93.01057401812689	-25.096016466870203	83.77370522408008	-151.60723564954682	-40.90650684099843	136.55113951525053	-252.79906650304758	-141.22808540387615	37.624609791637376	5년	83.77370522408008	136.55113951525053	37.624609791637376	-0.7414555749569485	-0.21990893653240864	0.6161509513830307	2.142481137041586	2.1593238366081966	5년	0.6161509513830307	불리(<1)	5년	37.63685261204004	1.729921639051388	보통	N	주당순현금<=0	1139800000.0	-2.9917848994080565	-0.9582741880098222		-8.595118902581733	105.24940048217773	97.90070026397706	N	Y	중립/개선	
WAB	WESTINGHOUSE AIR BRAKE TECHNOLOGIES CORP	0000943452	S&P 500	제외	PEG=보통, PEGY=양호	280.2699890136719	6.83	2025	44.0	473000000.0		473000000.0	4291000000.0	1250000000.0	11142000000.0	10879000000.0	50.59715725898006	49.40284274101994	1.0241750160860372	-22.314436002337814	-29.62010520163647	44.30225842108487	45.37190252054295	13.079470198675496	25.44351122642632	25.77438254899549	34.65894039735099	59.387022452852634	60.04876509799098	236.72056291390726	405.61336335298347	410.1330656192784	-15.538383632519503	44.7223674501936	46.334991863603236	3년	59.387022452852634	405.61336335298347	44.7223674501936	1.2884099419073753	1.5674937057695442	1.5749622036376278	8.760958503798948	3.125899613665586	3년	1.5674937057695442	양호	3년	25.443511226426317	1.741200655319591	보통	N	주당순현금<=0	171100000.0	6.936545816248296	16.604255409375934		-8.34560280523391	284.18019897460937	255.5012996673584	N	Y	상승전환	단기위험부채 존재
BALL	BALL Corp	0000009389	S&P 500	제외	PEG=보통, PEGY=불리(<1)	59.7400016784668	3.3	2025	1.33	1212000000.0		1212000000.0	6337000000.0	2000000.0	5421000000.0	14103000000.0	27.76582667486171	72.2341733251383	0.3843863007870666	-18.570724566260346	-18.577971678286204	23.73052310446277	23.732719199016064	3099.9999999999995	13.617128057248994	13.396657763302722	6208.499999999999	35.73425611449799	35.29331552660544	20488.049999999996	117.92304517784335	116.46794123779794	34195.362277140484	97.39377613768724	94.95804815114136	3년	35.73425611449799	117.92304517784335	97.39377613768725	130.68949160319025	0.6298693034052011	0.6205787246440102	2.855362138187932	4.7796485737581484	3년	0.6298693034052011	불리(<1)	3년	13.617128057248994	1.7426966247725026	보통	N	주당순현금<=0	275972000.0	6.034791474388612	-3.1609612443692425		-11.835891683768818	62.8073999786377	59.28924980163574	N	Y	상승전환	단기위험부채 존재
KDP	Keurig Dr Pepper Inc.	0001418135	S&P 500	제외	PEG=보통, PEGY=불리(<1)	31.459999084472656	1.53	2025	2.87	1026000000.0		1026000000.0	13036000000.0	0.0	25516000000.0	29943000000.0	46.0087632304946	53.9912367695054	0.8521524229369135	-8.812738479600823	-8.812738479600823	26.322050695472864	26.322050695472864	45.714285714285715	14.847977704937376	38.520495126762675	99.92857142857143	38.195955409874756	85.54099025352535	152.8907142857143	58.439811777108375	130.8777150878938	385.98448421816636	85.75910196371184	316.01309248762686	3년	38.195955409874756	58.439811777108375	85.75910196371184	1.845763701178561	0.6731229990368758	1.5724646839116314	1.1043439976518932	3.510311601366039	3년	0.6731229990368758	불리(<1)	3년	14.847977704937376	1.7727700848257626	보통	N	주당순현금<=0	1362800000.0	0.7364698866718422	16.821384062243162		-6.08955497172341	31.2196000289917	29.20740005493164	Y	Y	강한 상승추세	
AON	Aon plc	0000315293	S&P 500	제외	PEG=보통, PEGY=불리(<1)	307.7699890136719	17.02	2025	1.08	1195000000.0	1603000000.0	2798000000.0	14660000000.0		9352000000.0	41236000000.0	18.48659761208192	81.51340238791809	0.22679212338733146	-54.63841547673883	-54.63841547673883	21.29309074561755	21.29309074561755	36.269015212169734	11.921526017460929	15.032502900053736	81.03803042433947	32.343052034921854	38.56500580010747	1379.2672778222577	550.47874563437	656.3763987178291	348.1487237408932	78.86043645727796	113.26848690522304	3년	32.343052034921854	550.47874563437	78.86043645727796	1.7540438660769218	0.6105983472660887	0.7567009924742812	14.822662367572548	4.816149363710083	3년	0.6105983472660887	불리(<1)	3년	11.921526017460927	1.7861044562944803	보통	N	주당순현금<=0	217100000.0	-8.174962949055764	-2.5766878395987347		-19.275564934578437	351.9497985839844	336.6814996337891	N	N	주의	
ALLE	Allegion plc	0001579241	S&P 500	제외	PEG=보통, PEGY=불리(<1)	151.27000427246094	7.44	2025	1.45	356200000.0		356200000.0	1979900000.0	200000.0	1318300000.0	3156100000.0	29.463168246021816	70.53683175397819	0.41769905896517856	-18.749422632794456	-18.75173210161663	22.852073508770886	22.852383921246982	9.090909090909092	12.754839878198432	17.023921536797502	26.681818181818183	34.009679756396864	42.547843073595004	198.5127272727273	253.03201738759267	316.55595246754683	31.230727616808164	67.27177248692506	109.26551432984692	3년	34.009679756396864	253.03201738759267	67.27177248692506	0.4612670743800719	0.6215996055126661	0.808413360376554	7.98729792147806	5.2801597778047835	3년	0.6215996055126661	불리(<1)	3년	12.754839878198432	1.7916393876360168	보통	N	주당순현금<=0	86600000.0	13.13289707341896	3.716145315138708		-15.853590322446209	153.49820068359375	150.9808504486084	N	Y	상승전환	단기위험부채 존재
ABBV	AbbVie Inc.	0001551152	S&P 500	제외	PEG=보통, PEGY=불리(<1)	255.0	1.02	2025	2.76	5229000000.0	28000000.0	5257000000.0	64503000000.0	2499000000.0	-3270000000.0					-33.41567963902989	-34.82515510434292	282.7604702343431	284.1423089258264	5200.0	-9.58502599188228	152.18545481323272	10408.5	-10.670051983764559	312.87090962646545	10616.67	-10.88345302343985	319.12832781899476	4063.4	-104.26802079350584	25.148363850586186	5년	312.87090962646545	319.12832781899476	25.148363850586186	18.399884523066873	-0.024137129161745666	0.5479742436586654	10.048505358150027	3.9405903365294224	5년	0.5479742436586654	불리(<1)	5년	152.18545481323272	1.857999311309721	보통	N	주당순현금<=0	1773000000.0	13.449301576243666	13.147271386949955		-4.124525762437459	254.38619995117188	228.63184951782227	Y	Y	강한 상승추세	단기위험부채 존재
NFLX	NETFLIX INC	0001065280	S&P 500	제외	PEG=보통, PEGY=판정불가	76.01000213623047	2.53	2025		9033681000.0	28678000.0	9062359000.0	13463971000.0	998865000.0	26615488000.0	28981505000.0	47.87217179173701	52.127828208263	0.9183611410104479	-1.0132943879675764	-1.2432429383707544	30.443990721026896	30.534879476126967	-87.24155320221885	-36.64720009551697	16.282594168366128	-165.9831064044377	-64.79440019103394	41.065188336732255	-419.93725920322737	-163.92983248331586	103.8949264919326	-652.4763154861992	-315.66876447327195	36.68586182345423	5년	41.065188336732255	103.8949264919326	36.68586182345423				2.1780274838317877	2.8654485233774545	판정불가		판정불가	5년	16.282594168366128	1.8697260649149856	보통	N	주당순현금<=0	4343863000.0	-6.472246492069589	-19.404088533661234		-38.768275806033984	75.63659957885743	86.37874973297119	Y	N	주의	단기위험부채 존재
HRL	HORMEL FOODS CORP /DE/	0000048465	S&P 500	제외	PEG=보통, PEGY=불리(<1)	20.84000015258789	0.87	2025	5.58	670679000.0	32909000.0	703588000.0	2850778000.0	185000000.0	7901171000.0					-3.900464308550834	-4.236524879381503	28.437315472573246	28.823591990769415	-40.816326530612244	-21.81034655991424	15.135740743060389	-73.13265306122449	-35.12069311982848	38.77148148612078	-63.625408163265305	-30.55500301425078	33.731188892925076	-405.30425958449126	-246.6170959238524	61.857910969047516	5년	38.77148148612078	33.731188892925076	61.857910969047516	-1.2390876545501068	-0.5707411649164921	0.7284703355012523	0.970668270069174	4.657717192716227	5년	0.7284703355012523	불리(<1)	5년	15.135740743060389	1.8788188801140453	보통	N	주당순현금<=0	550496000.0	-14.729952139129686	-8.193835012500273		-21.38815551618386	24.145399932861327	23.418149967193603	N	N	주의	단기위험부채 존재
O	REALTY INCOME CORP	0000726728	S&P 500	제외	PEG=보통, PEGY=불리(<1)	59.56999969482422	1.17	2025	5.42	434842000.0		434842000.0	3975000000.0	516800000.0	39438695000.0	32671644000.0	54.69215031703013	45.30784968296987	1.2071230636572803	-3.897418790885291	-4.466372501744953	54.24565682539274	54.73194204834972	19.38775510204081	-6.251173723614811	28.805493048681363	47.27551020408162	-4.0023474472296225	66.11098609736273	55.31234693877549	-4.682746513258658	77.34985373391439	-7.147310353971104	-107.86091411322522	29.84699367160646	5년	66.11098609736273	77.34985373391439	29.84699367160646	0.45732242088786246	-0.015322401317587763	0.6309351762270522			5년	0.6309351762270522	불리(<1)	5년	28.805493048681363	1.8831705721446057	보통	N	주당순현금<=0 | FCF<=0	908334000.0	-3.7796804366907244	-8.396123615199757		-11.82652183615005	63.10059989929199	61.90834983825684	N	N	주의	단기위험부채 존재
LH	LABCORP HOLDINGS INC.	0000920148	S&P 500	제외	PEG=보통, PEGY=안심	306.9599914550781	10.46	2025	90.0	532300000.0		532300000.0	5084600000.0	500100000.0	8619800000.0	9756000000.0	46.90843391852327	53.09156608147673	0.8835383353833538	-54.32338902147971	-60.29116945107398	34.53952012204186	35.110053623915114	18.325791855203633		-8.010928076671341	45.151583710407266		-7.521856153342682	472.28556561086003		-78.67861536396447	53.858997510421936		-125.63155380315374	1년	45.151583710407266	472.28556561086003	53.858997510421936	3.1362853760690808		2.3737756527487544	14.391408114558473	4.688366078699405	5년	2.3737756527487544	안심	1년	18.325791855203633	1.8847491227089492	보통	N	주당순현금<=0	83800000.0	15.7160644505691	16.754778129166038		-9.54205376090439	308.96879943847654	276.42730041503904	N	Y	상승전환	단기위험부채 존재
TGT	TARGET CORP	0000027419	S&P 500	제외	PEG=보통, PEGY=불리(<1)	155.72999572753906	8.13	2025	2.95	5488000000.0	4611000000.0	10099000000.0	14654000000.0	970000000.0	16165000000.0					-9.997805092186129	-12.126865671641792	20.384723348059676	20.64660041810342	-8.23927765237019	10.780448872111425	-1.2094597080639313	-7.978555304740379	30.06089774422285	6.081080583872137	-64.86565462753929	244.3950986605318	49.43918514688048	-141.6526400867733	56.93514760516578	-68.25326751220237	3년	30.06089774422285	244.3950986605318	56.93514760516578	-0.2594726237907786	0.6735656225336195	0.08538454322961134	6.222563652326603	3.995738665024707	3년	0.6735656225336195	불리(<1)	3년	10.780448872111425	1.8908974561155905	보통	N	주당순현금<=0	455600000.0	17.408019032072342	34.53995311234477		-8.334807059262461	148.4573991394043	123.5918998336792	Y	Y	강한 상승추세	단기위험부채 존재
MS	MORGAN STANLEY	0000895421	S&P 500	제외	PEG=보통, PEGY=불리(<1)	212.66000366210938	10.21	2025	2.14	111695000000.0		111695000000.0	341681000000.0	941000000.0	111632000000.0	1307618000000.0	7.865562797252069	92.13443720274793	0.08537049811183388	-144.46356783919597	-145.05464824120602	34.9778228698634	35.0357151717253	28.427672955974852	18.408680655257537	41.34141455266054	65.35534591194971	45.317361310515075	91.18282910532108	667.2780817610067	462.690258980359	930.9766851653283	213.77695395003826	117.57276921499398	337.77704746235963	3년	45.317361310515075	462.690258980359	117.57276921499398	0.8739158257420219	0.5874774062327964	1.2431138071238779			3년	0.5874774062327964	불리(<1)	3년	18.408680655257537	1.9000722281460023	보통	N	주당순현금<=0 | FCF<=0	1592000000.0	0.0	37.759934176762755		-6.9525264394986515	215.81480041503906	191.74114959716798	N	Y	중립/개선	단기위험부채 존재
CFG	CITIZENS FINANCIAL GROUP INC/RI	0000759944	S&P 500	제외	PEG=보통, PEGY=불리(<1)	69.62999725341797	3.86	2025	2.65	4074000000.0		4074000000.0	11224000000.0	58000000.0	26317000000.0	200034000000.0	11.626632972684018	88.37336702731598	0.13156263435216015	-16.365648187670065	-16.49840449464697	22.278664622043532	22.313057447685217	27.392739273927397	-1.9905807112054583	11.698377840871576	63.285478547854794	4.518838577589083	31.89675568174315	244.2819471947195	17.44271690949386	123.12147693152856	250.82860380657027	-74.94942180449729	76.82246415065717	5년	31.89675568174315	123.12147693152856	76.82246415065717	1.3484982059562822	0.029598690046354112	0.644041197454655	4.772360345635256	6.853885586504159	3년	0.0295986900463541	불리(<1)	5년	11.698377840871576	1.904423410244688	보통	N	주당순현금<=0	436890731.0	4.691016414037863	22.28661561778904		-6.824576307264996	71.43660018920899	64.2879001045227	N	Y	상승전환	단기위험부채 존재
TYL	TYLER TECHNOLOGIES INC	0000860731	S&P 500	보류	PEG=보통, PEGY=불리(<1)	335.4800109863281	7.2	2025	0.006955406949998859	1015400000.0	81800000.0	1097200000.0	597934000.0	0.0	3702789000.0	1936119000.0	65.66500109595688	34.334998904043125	1.9124800696651394	11.395645028759244	11.395645028759244	45.01171749410679	45.01171749410679	19.008264462809922	22.991144762697367	41.04203232039028	46.516528925619845	54.482289525394734	90.58406464078055	334.9190082644629	392.2724845828421	652.20526541362	-0.16722388920158426	16.928720560590538	94.40957555000185	3년	54.482289525394734	392.2724845828421	16.928720560590538	0.4224504402048091	0.5109358507072834	0.9119622625534043	14.55144709212088	4.337500481575309	3년	0.5109358507072834	불리(<1)	3년	22.991144762697367	1.9577849628060853	보통	Y		43812000.0	13.537294745075258	-2.9057589565234854		-39.442947183143595	328.22680297851565	355.7142999267578	Y	N	중립/개선	
HWM	Howmet Aerospace Inc.	0000004281	S&P 500	제외	PEG=보통, PEGY=불리(<1)	227.91000366210938	3.71	2025	24.0	742000000.0		742000000.0	2859000000.0	0.0	5353000000.0	5826000000.0	47.884426156185704	52.1155738438143	0.9188122210779265	-5.214285714285714	-5.214285714285714	62.83673568096903	62.83673568096903	32.02846975088968			72.55693950177935			269.1862455516014			18.110763558534536			1년	72.55693950177935	269.1862455516014	18.110763558534536	0.8916515020028113			3.5246305418719213	1.546501024631373	1년	0.8916515020028113	불리(<1)	1년	32.02846975088968	1.9619025251502555	보통	N	주당순현금<=0	406000000.0	-13.866213754754241	-6.525306859232883		-22.121985848144156	273.0644009399414	245.9931506347656	N	N	주의	
CRH	CRH PUBLIC LTD CO	0000849395	S&P 500	제외	PEG=보통, PEGY=불리(<1)	87.66000366210938	5.51	2025	1.75	4096000000.0		4096000000.0	16478000000.0	120000000.0	24004000000.0	32851000000.0	42.2196816462932	57.7803183537068	0.7306931295850964	-18.289512555391433	-18.466765140324963	19.228587335299604	19.260756588463583	9.76095617529881			28.02191235059762			154.40073705179287			76.13590075462415			1년	28.02191235059762	154.40073705179287	76.13590075462415	0.5986376416829716			4.301329394387001	4.906832323401135	1년	0.5986376416829716	불리(<1)	1년	9.76095617529881	1.9699491514939584	보통	N	주당순현금<=0	677000000.0	-16.378897137306826	-12.102676515136269		-33.27751529595406	98.54599975585937	111.17759990692139	N	N	주의	단기위험부채 존재
VLTO	Veralto Corp	0001967680	S&P 500	보류	PEG=보통, PEGY=안심	93.44999694824219	3.76	2025	55.00000000000001	2031000000.0		2031000000.0	1973000000.0	700000000.0	3105000000.0					0.2317219336795845	-2.5649220934878145	24.792094418766652	25.53588272386436	12.574850299401197			33.6497005988024			126.522874251497			35.390988104122044			1년	33.6497005988024	126.522874251497	35.390988104122044	2.7256612191767737			4.051138633639632	4.335086961943271	1년	2.7256612191767737	안심	1년	12.574850299401197	1.9715617942543004	보통	Y		250300000.0	13.080829668965155	4.110956689162437		-14.344639546068505	95.49379959106446	93.38230007171632	N	Y	상승전환	단기위험부채 존재
KIM	KIMCO REALTY CORP	0000879101	S&P 500	제외	PEG=보통, PEGY=불리(<1)	23.290000915527344	0.45	2020	4.75	211648000.0	223991000.0	435639000.0	7718700000.0		10391836000.0	9120372000.0	53.258124349637924	46.74187565036207	1.1394092258517525	-10.785262091668777	-10.785262091668777	75.72280668265805	75.72280668265805	104.54545454545455	38.33153542625083	-12.352677767919173	217.5909090909091	85.16307085250166	-16.205355535838347	97.9159090909091	38.32338188362575	-7.292409991127256	320.42037458928985	64.54864910750481	-131.31133406811264	3년	85.16307085250166	38.32338188362575	64.54864910750481	1.4433624337710302	0.568937382455969	-0.1004014259505826	1.631347931743768	7.004499216898507	3년	0.568937382455969	불리(<1)	3년	38.33153542625083	1.9754702189884183	보통	N	주당순현금<=0	675279000.0	-9.553394502806434	1.4814820971027487		-11.71341297779428	24.782400016784667	23.092799968719483	N	Y	중립/개선	
JKHY	JACK HENRY & ASSOCIATES INC	0000779152	S&P 500	보류	PEG=보통, PEGY=불리(<1)	161.4199981689453	6.98	2026	1.54	50992000.0		50992000.0	0.0	0.0	2051949000.0	1093762000.0	65.23005450913959	34.769945490860415	1.8760470742263857	0.7077995086267923	0.7077995086267923	23.02467029517457	23.02467029517457	11.858974358974363	11.613630584727662	11.119848679617505	32.21794871794873	31.727261169455325	30.73969735923501	224.88128205128214	221.45628296279818	214.56308756746037	39.31438768566768	37.19259414872358	32.92224631479333	3년	31.727261169455325	221.45628296279818	37.19259414872358	0.5819399012971957	0.571284210201453	0.5498384349186842	9.64503143955693	5.975115567441807	3년	0.571284210201453	불리(<1)	3년	11.613630584727662	1.982555767311286	보통	Y		72043000.0	28.151793698166095	-2.9577962470019536		-16.188996337732288	156.55659912109374	159.85174949645997	Y	Y	상승전환	
TXN	TEXAS INSTRUMENTS INC	0000097476	S&P 500	제외	PEG=보통, PEGY=불리(<1)	258.82000732421875	5.45	2025	2.17	3225000000.0	1656000000.0	4881000000.0	13548000000.0	0.0	16273000000.0	18312000000.0	47.05219025589128	52.94780974410872	0.888652249890782	-9.49288061336254	-9.49288061336254	49.23172255735437	49.23172255735437	4.8076923076923075	-16.644237941707228	24.802935181675736	18.115384615384613	-24.788475883414456	58.10587036335147	98.72884615384615	-135.0971935646088	316.67699348026554	-61.85424489607928	-152.19735327314754	22.354139756889225	5년	58.10587036335147	316.67699348026554	22.354139756889225	0.1417316304454588	-0.294002264999867	0.5478771365404205	2.8510405257393208	1.101553374955236	5년	0.5478771365404205	불리(<1)	5년	24.802935181675736	1.984915180269732	보통	N	주당순현금<=0	913000000.0	-12.884549980776294	36.18521608428087		-22.107858349870423	278.2371984863281	240.9374001312256	N	Y	중립/개선	
BX	Blackstone Inc.	0001393818	S&P 500	제외	PEG=보통, PEGY=불리(<1)	125.41000366210938	3.87	2025	4.05	2631241000.0		2631241000.0	12576587000.0		8665526000.0	25827803000.0	25.122324377562975	74.87767562243702	0.3355115415740162	-12.746916027812693	-12.746916027812693	35.69946245217624	35.69946245217624	6.906077348066299	17.923308120835912	20.871508213597355	22.3121546961326	44.346616241671825	50.24301642719471	86.34803867403316	171.62140485526996	194.44047357324354	-31.147407581073338	36.84825759009416	55.04383055208426	3년	44.346616241671825	171.62140485526996	36.84825759009416	0.30689754398244207	0.6155080948423753	0.6980919739893209	5.8284613995335155	4.647525101137121	3년	0.6155080948423753	불리(<1)	3년	17.923308120835912	1.9917898086389243	보통	N	주당순현금<=0	780215856.0	3.7475235867142853	22.806502437454014		-33.532961347095245	133.40140060424804	130.69650051116943	N	N	중립/개선	
SCHW	SCHWAB CHARLES CORP	0000316709	S&P 500	보류	PEG=보통, PEGY=불리(<1)	107.33000183105469	4.65	2025	1.2	46030000000.0		46030000000.0	18914000000.0	17050000000.0	49425000000.0	441570000000.0	10.066293954113585	89.93370604588642	0.11193015829879747	14.989496959646214	5.564400221116639	19.858173090625478	21.88507561504044	55.51839464882943	9.933056473764434	52.16529750329273	119.53678929765886	28.36611294752887	112.83059500658545	555.8460702341138	131.90242520600924	524.6622667806224	417.88508408772447	22.89427276227327	388.83094924984664	3년	28.36611294752887	131.90242520600924	22.89427276227327	2.856173847915783	0.560628433590402	2.6873216010230614	4.844112769485903	4.5132886302479465	3년	0.560628433590402	불리(<1)	3년	9.933056473764434	1.99920066326771	보통	Y		1809000000.0	21.00338841463929	17.634814055244874		-5.5609323448931995	106.01880004882813	97.65704990386963	Y	Y	강한 상승추세	단기위험부채 존재
MA	Mastercard Inc	0001141391	S&P 500	제외	PEG=불리, PEGY=안심	565.3699951171875	16.52	2025	61.0	10566000000.0		10566000000.0	18251000000.0	749000000.0	7737000000.0	46411000000.0	14.288616384723351	85.71138361527665	0.16670616879619055	-8.48233995584989	-9.309050772626932	34.73682415696352	34.78686718461347	18.9344852411807	17.359895932136805	20.99686615184875	46.3689704823614	43.21979186427361	50.4937323036975	766.0153923686103	713.9909615978	834.1564576570827	35.48921926955706	26.28738131916728	47.54169214165358	3년	43.21979186427361	713.9909615978	26.28738131916728	2.3011454610814392	2.2558163514907386	2.3605170634291057	18.939293598233995	3.3498936558011603	3년	2.2558163514907386	안심	3년	17.359895932136805	2.0009811287323664	불리	N	주당순현금<=0	906000000.0	16.209324323985253	13.685628258574244		-5.749673436570591	561.3433935546875	530.9401477050782	Y	Y	강한 상승추세	단기위험부채 존재
J	JACOBS SOLUTIONS INC.	0000052988	S&P 500	제외	PEG=불리, PEGY=불리(<1)	140.52999877929688	2.38	2025	1.02	1235448000.0		1235448000.0	2236456000.0	0.0	3640807000.0					-8.209559426565626	-8.209559426565626	62.49561269153887	62.49561269153887	-5.179282868525893	-21.81636262954282	30.86908124949421	-1.8585657370517854	-35.13272525908564	70.23816249898843	-4.423386454183249	-83.61588611662381	167.16682674759247	-103.14764569316634	-159.50038201305546	18.954549348661764	5년	70.23816249898843	167.16682674759247	18.954549348661764	-0.06655319772693433	-0.3327651611671997	0.5102611187586868	4.98205557195814	3.5451900770187055	5년	0.5102611187586868	불리(<1)	5년	30.86908124949421	2.0245375036084967	불리	N	주당순현금<=0	121932000.0	11.258017176436596	8.517373574746623		-14.540259855949012	139.4723992919922	132.72349979400636	Y	Y	강한 상승추세	
FTNT	Fortinet, Inc.	0001262039	S&P 500	제외	PEG=불리, PEGY=판정불가	158.85000610351562	2.42	2025		2495300000.0	775500000.0	3270800000.0	496600000.0	499700000.0	1237500000.0	9151700000.0	11.911408000616024	88.08859199938398	0.1352207786531464	3.628302380329584	2.9747580434213967	64.14119988561407	64.41125952896456	7.079646017699122	31.674951451459886	-3.62054294817038	22.659292035398245	71.84990290291978	1.2589141036592402	54.83548672566375	173.87676502506585	3.046572130855361	-65.47970751104042	9.45971567149826	-98.08210764003998	3년	71.84990290291978	173.87676502506585	9.459715671498259						판정불가		판정불가	3년	31.674951451459886	2.0249817899139297	불리	N	FCF<=0	764600000.0	9.506417190825967	88.21090430289709		-8.062271544274601	159.04019958496093	111.23344982147216	N	Y	상승전환	단기위험부채 존재
CASY	CASEYS GENERAL STORES INC	0000726958	S&P 500	제외	PEG=불리, PEGY=양호	627.6400146484375	19.16	2026	41.0	522991000.0		522991000.0	2330237000.0	101357000.0	3951719000.0	4984336000.0	44.222187531298765	55.777812468701235	0.79282757021196	-48.47547934636911	-51.19416244767903	35.287865031044184	35.42975872109167	30.874316939890704	17.173098488337637	17.985950946001218	70.24863387978141	42.84619697667527	44.471901892002435	1345.9638251366118	820.9331340730982	852.0816402507667	114.44837705106039	30.79681264951388	35.75961066281705	3년	42.84619697667527	820.9331340730982	30.796812649513882	2.036799814232454	1.6485298398517556	1.6715647402898661	19.35590141349151	3.0839176855754498	3년	1.6485298398517556	양호	3년	17.173098488337637	2.05483390519238	불리	N	주당순현금<=0	37281653.0	-31.501288407423978	-6.852077451721305		-31.501288407423978	819.4526000976563	728.7808984375	N	N	주의	단기위험부채 존재
ROK	ROCKWELL AUTOMATION, INC	0001024478	S&P 500	제외	PEG=불리, PEGY=불리(<1)	421.3699951171875	7.67	2025	1.3	468000000.0	300000.0	468300000.0	2614000000.0	608000000.0	3654000000.0					-18.971706454465075	-24.347480106100797	57.41091285158443	58.11179598739091	-7.3671497584541	-1.270785701033128	27.797562094762206	-6.2342995169082	5.958428597933744	64.09512418952441	-47.817077294685895	45.701147346151814	491.60960253365226	-111.34800243225374	-89.15415243711365	16.66934243785687	5년	64.09512418952441	491.60960253365226	16.66934243785687	-0.10567938144684384	0.0005088631675722561	0.5068298107362209	12.232537577365164	2.903039542234887	3년	0.0005088631675722	불리(<1)	5년	27.797562094762206	2.065321867287137	불리	N	주당순현금<=0	113100000.0	-7.915383096346751	17.635393846286497		-14.888501546066612	450.2540008544922	421.3819993591309	N	N	판정불가	단기위험부채 존재
WDAY	Workday, Inc.	0001327811	S&P 500	보류	PEG=불리, PEGY=판정불가	185.08999633789062	2.59	2026		1501000000.0	3942000000.0	5443000000.0	2987000000.0	0.0	7805000000.0	10269000000.0	43.18357862122386	56.81642137877614	0.7600545330606681	9.160180070640802	9.160180070640802	67.92656998735515	67.92656998735515	32.82051282051282			74.14102564102564			192.0252564102564			3.7469664539325542			1년	74.14102564102564	192.0252564102564	3.7469664539325542				10.357418589645565	5.595882432639743	판정불가		판정불가	1년	32.82051282051282	2.0696376793022275	불리	Y		268117000.0	41.79881871511011	37.9827025347176		-25.273529608173963	169.53279891967773	159.63624950408936	Y	Y	강한 상승추세	
STX	Seagate Technology Holdings plc	0001137789	S&P 500	제외	PEG=불리, PEGY=불리(<1)	862.3300170898438	6.77	2027	33.0	891000000.0	411000000.0	1302000000.0	4995000000.0	0.0	-453000000.0	8476000000.0	-5.6462669824255265	105.64626698242552	-0.05344502123643228	-17.018433179723502	-17.018433179723502	129.88898822297892	129.88898822297892	-51.29496402877698	62.4216285007507	-1.6572902196046346	-94.08992805755396	133.3432570015014	5.185419560790731	-636.9888129496403	902.7338499001644	35.105290426553246	-173.86833350639054	4.685425766190288	-95.92901908424513	3년	133.3432570015014	902.7338499001644	4.685425766190288	-0.14085077017745515	0.734639862903093	0.24130382574533338	3.769585253456221	0.4371395148898637	3년	0.734639862903093	불리(<1)	3년	62.4216285007507	2.080833059672848	불리	N	주당순현금<=0	217000000.0	-0.6635267757296837	130.581847092723		-21.1792999981255	849.9077990722657	602.9155994415283	Y	Y	강한 상승추세	
ADI	ANALOG DEVICES INC	0000006281	S&P 500	제외	PEG=불리, PEGY=불리(<1)	361.25	4.56	2025	1.21	2499406000.0	1152915000.0	3652321000.0	8145066000.0	446639000.0	33815755000.0					-9.0450243502735	-9.944220861711788	81.20504919962139	81.40224141704208	39.02439024390244	-4.58825332599776		86.54878048780488	-0.6765066519955205		394.6624390243902	-3.0848703330995733		9.249118069035344	-100.85394334480264		1년	86.54878048780488	394.6624390243902	9.249118069035344	0.49546660756274785	-0.04160151812350003		8.613997330428884	2.3844975309145697	1년	0.4954666075627478	불리(<1)	1년	39.02439024390244	2.080879385740298	불리	N	주당순현금<=0	496709000.0	-12.345620139276203	17.567615750435795		-18.907697070366	375.6384002685547	350.30800117492674	N	Y	중립/개선	단기위험부채 존재
MRSH	MARSH & MCLENNAN COMPANIES, INC.	0000062709	S&P 500	제외	PEG=불리, PEGY=불리(<1)	177.2899932861328	8.43	2025	2.24	2687000000.0	414000000.0	3101000000.0	18320000000.0	268000000.0	15315000000.0					-30.807692307692307	-31.350202429149796	24.685371956562886	24.749726656617153	3.0562347188264063	11.754120579715522	63.117645068661396	14.612469437652813	32.008241159431044	134.7352901373228	123.1831173594132	269.8294729740037	1135.8184958576312	-30.5188549696627	52.19667391972826	540.6557272662901	3년	32.008241159431044	269.8294729740037	52.19667391972826	0.21454952058837998	0.5668993201455499	2.647626504622521	10.123481781376519	5.710125875541083	3년	0.5668993201455499	불리(<1)	3년	11.754120579715522	2.100146224394129	불리	N	주당순현금<=0	494000000.0	5.43562279001637	3.7511635183508973		-14.360936321496832	185.58319915771483	177.9312494659424	N	N	중립/개선	단기위험부채 존재
ETN	Eaton Corp plc	0001551182	S&P 500	제외	PEG=불리, PEGY=불리(<1)	409.1499938964844	10.45	2025	1.06	622000000.0	181000000.0	803000000.0	8024000000.0	1000000.0	19425000000.0					-18.458588957055216	-18.461145194274028	40.91948161277891	40.91972622878071	9.999999999999993	19.3940377642204	24.525465160026606	28.499999999999986	47.28807552844079	57.55093032005321	297.8249999999998	494.16038927220626	601.407221844556	-27.208846525035014	20.777318011455147	46.98942461593023	3년	47.28807552844079	494.16038927220626	20.777318011455147	0.2702869040390292	0.4998606277023979	0.6252636678573273	9.082310838445808	2.2197998225422553	3년	0.4998606277023979	불리(<1)	3년	19.394037764220396	2.10990006878662	불리	N	주당순현금<=0	391200000.0	3.9401429404728905	17.35600525059182		-11.046612423366852	415.511201171875	382.2064010620117	N	Y	상승전환	단기위험부채 존재
MDLZ	Mondelez International, Inc.	0001103982	S&P 500	제외	PEG=불리, PEGY=불리(<1)	62.470001220703125	1.89	2025	3.33	4475000000.0		4475000000.0	23095000000.0	2688000000.0	25838000000.0	45596000000.0	36.170451045720526	63.82954895427948	0.5666725151329064	-14.345146379044683	-16.41602465331279	40.6429352379618	41.73863802857985	-44.73684210526316	-1.2049365987475746	18.761141546758097	-80.97368421052632	6.090126802504851	46.022283093516194	-153.0402631578947	11.510339656734168	86.9821150467456	-344.9820076314898	-81.57461272320332	39.238215698832015	5년	46.022283093516194	86.9821150467456	39.238215698832015	-1.01879556343135	0.052286169510403574	0.5435419813410588	2.4922958397534667	3.9895882680525663	3년	0.0522861695104035	불리(<1)	5년	18.761141546758097	2.166335941587992	불리	N	주당순현금<=0	1298000000.0	-1.404670740333025	14.940207864860188		-3.8775145805494016	61.68019989013672	59.19605012893677	Y	Y	강한 상승추세	단기위험부채 존재
AEP	AMERICAN ELECTRIC POWER CO INC	0000004904	S&P 500	제외	PEG=불리, PEGY=불리(<1)	123.47000122070312	6.66	2025	3.05	197000000.0	220000000.0	417000000.0	44128000000.0	1508000000.0	31138000000.0	82204000000.0	27.472605036085472	72.52739496391453	0.37878935331614033	-81.32765295651676	-84.13340209651417	30.750398525108093	31.171682179762357	19.35483870967742	14.044924681547055	8.545142209229773	47.20967741935484	36.58984936309411	25.590284418459547	314.41645161290324	243.68839675820678	170.4312942269406	154.65007573044608	97.36648120915848	38.03457725921131	3년	36.58984936309411	243.68839675820678	97.36648120915848	0.7286031981466381	0.5559253050847075	0.3770729084945742	12.919842193728178	10.463952430545383	3년	0.5559253050847075	불리(<1)	3년	14.044924681547055	2.189431358468554	불리	N	주당순현금<=0	537467865.0	-3.899435455664535	-6.617758220554237		-10.97411561956909	128.48239974975587	126.92795001983643	N	N	주의	단기위험부채 존재
OKE	ONEOK INC /NEW/	0001039684	S&P 500	제외	PEG=불리, PEGY=불리(<1)	95.72000122070312	5.42	2025	4.47	78000000.0		78000000.0	30755000000.0	820000000.0	22485000000.0					-49.01262182457261	-50.32273526122384	26.703435986213236	26.94515433245885	4.835589941972921	12.173263216522322	51.01846065815958	18.17117988394584	32.846526433044644	110.53692131631917	98.48779497098644	178.02817326710198	599.1101135344499	2.8915521468721783	85.98847784865735	525.8985644526604	3년	32.846526433044644	178.02817326710198	85.98847784865735	0.3484791225659994	0.6232629847752589	2.077952091513909	3.909570218884806	4.084381706045373	3년	0.6232629847752589	불리(<1)	3년	12.173263216522322	2.193613619556804	불리	N	주당순현금<=0	625900000.0	7.309422080186989	12.704581274880544		-1.835710056724793	92.16720016479492	85.33379978179931	Y	Y	강한 상승추세	단기위험부채 존재
MO	ALTRIA GROUP, INC.	0000764180	S&P 500	제외	PEG=불리, PEGY=불리(<1)	68.79000091552734	4.12	2025	6.54	4474000000.0		4474000000.0	24140000000.0	0.0	-3502000000.0	38469000000.0	-10.015157148168273	110.01515714816827	-0.0910343393381684	-11.68508615567439	-11.68508615567439	19.53278812407809	19.53278812407809	-37.00305810397553	8.90191356086536	11.413340246469872	-65.50611620795107	26.30382712173072	31.326680492939744	-269.8851987767584	108.37176774153056	129.06592363091175	-492.33201800385444	57.5400004349597	87.62308753186667	3년	26.30382712173072	108.37176774153056	57.5400004349597	-1.5595857544998244	0.7905637158798695	0.9191386366567285	5.3915626856803325	7.837712769187279	3년	0.7905637158798695	불리(<1)	3년	8.90191356086536	2.194223521777187	불리	N	주당순현금<=0	1683000000.0	-3.6689575860814894	1.5800349609224495		-8.182057398873354	69.52959976196288	66.53225021362304	N	Y	중립/개선	
IDXX	IDEXX LABORATORIES INC /DE	0000874716	S&P 500	제외	PEG=불리, PEGY=판정불가	506.5299987792969	13.08	2025		180070000.0	0.0	180070000.0	374842000.0	74995000.0	1605383000.0	1745376000.0	47.91102553182726	52.08897446817274	0.919792067726381	-2.4038506633755015	-3.3294291885220613	38.90931570662633	38.98007859081184	22.58669165885661	17.66051173291583	14.281792796945748	53.67338331771322	43.82102346583166	37.063585593891496	702.0478537956889	573.1789869330781	484.79169956810074	38.59946212219945	13.15795477353776	-4.291611407731821	3년	43.82102346583166	573.1789869330781	13.15795477353776				13.046948472693613	2.5757504005953997	판정불가		판정불가	3년	17.66051173291583	2.2031816685190826	불리	N	주당순현금<=0	81025000.0	-9.209366535543895	-11.323334798991958		-33.93201810165123	556.7058038330078	604.5689988708496	N	N	주의	단기위험부채 존재
ROST	ROSS STORES, INC.	0000745732	S&P 500	보류	PEG=불리, PEGY=안심	225.47999572753906	6.61	2025	79.0	4594392000.0	0.0	4594392000.0	1017863000.0	499743000.0	6187443000.0					11.024514820477412	9.484076001183665	32.444096960221124	32.67714368023531	4.588607594936709	14.703265747939431	58.06122059198926	17.67721518987342	37.906531495878866	124.62244118397852	116.8463924050633	250.56217318775933	823.7543362260981	-48.178820906908406	11.123903643553623	265.33366677081614	3년	37.906531495878866	250.56217318775933	11.123903643553623	2.576388786453898	2.8881452876566915	4.224534921099408	6.804867824028408	3.017947468941385	3년	2.8881452876566915	안심	3년	14.703265747939431	2.206591210171656	불리	Y		324416000.0	-5.700307326343768	7.453297589876251		-11.656153468637932	235.41540100097657	213.61360023498534	N	Y	중립/개선	단기위험부채 존재
LHX	L3HARRIS TECHNOLOGIES, INC. /DE/	0000202058	S&P 500	제외	PEG=불리, PEGY=불리(<1)	248.3699951171875	8.53	2025	2.0	1069000000.0		1069000000.0	10443000000.0	0.0	19635000000.0	21560000000.0	47.66355140186916	52.336448598130836	0.9107142857142857	-49.75583864118896	-49.75583864118896	34.95027359418247	34.95027359418247	8.386277001270638	15.822311734425586	10.447613089419638	25.272554002541277	40.14462346885117	29.395226178839277	215.57488564167707	342.4336381893005	250.741279305499	-13.20413500835189	37.87238592476974	0.9547385895758653	3년	40.14462346885117	342.4336381893005	37.87238592476974	0.297172981301052	0.5099333968416241	0.35615209294074207	14.235668789808917	5.731637907023412	3년	0.5099333968416241	불리(<1)	3년	15.822311734425586	2.20892333439108	불리	N	주당순현금<=0	188400000.0	-20.437587073146666	-30.599644649463986		-34.376984805636305	280.338200378418	313.5896006011963	N	N	주의	
LVS	LAS VEGAS SANDS CORP	0001300514	S&P 500	보류	PEG=불리, PEGY=불리(<1)	42.599998474121094	0.58	2025	2.77	3841000000.0		3841000000.0			1590000000.0	19986000000.0	7.369299221357063	92.63070077864293	0.0795556889822876	5.542568542568542	5.542568542568542	63.89212057164233	63.89212057164233	28.888888888888875			66.27777777777774			38.44111111111109			-9.762646741728098			1년	66.27777777777774	38.44111111111109	-9.762646741728098	0.4955053707035708			2.676767676767677	6.2834924240520245	1년	0.4955053707035708	불리(<1)	1년	28.888888888888875	2.211650327479928	불리	Y		693000000.0	-15.82691570762822	-20.640837868971406		-38.69621559402617	45.89600021362305	53.90499990463257	N	N	주의	
DPZ	DOMINOS PIZZA INC	0001286681	S&P 500	제외	PEG=불리, PEGY=불리(<1)	317.29998779296875	17.57	2025	2.48	125675000.0		125675000.0	1536443000.0	100000.0	-3901142000.0	5617601000.0	-227.278484368109	327.278484368109	-0.6944498194157969	-41.20516930398778	-41.2080900655378	20.404391411323648	20.404557647040782	5.272618334331929	9.073110679208952	7.235872833479218	19.045236668663858	26.646221358417904	22.971745666958434	334.624808268424	468.17410926740257	403.6135713684597	5.460075998099079	47.54936252089485	27.202517143432313	3년	26.646221358417904	468.17410926740257	47.54936252089485	0.37994852078898694	0.5662070701504689	0.47616577420129685	19.613030638847075	6.181226408254433	3년	0.5662070701504689	불리(<1)	3년	9.073110679208952	2.248885981086988	불리	N	주당순현금<=0	34237646.0	1.6140324952678586	-19.869695694330368		-30.5111490547985	335.409599609375	363.51065032958985	N	N	중립/개선	단기위험부채 존재
DRI	DARDEN RESTAURANTS INC	0000940944	S&P 500	제외	PEG=불리, PEGY=불리(<1)	207.52999877929688	10.38	2026	3.09	219500000.0		219500000.0	901000000.0	0.0	2207500000.0	10654900000.0	17.162426918770993	82.83757308122901	0.20718167228223633	-5.859845227858985	-5.859845227858985	20.557788439995747	20.557788439995747	17.155756207674962	9.114765771480716	16.82500139829013	42.811512415349924	26.729531542961432	42.15000279658026	444.3834988713322	277.4525374159397	437.51702902850315	114.12976508708184	33.69273794050551	110.82110133571193	3년	26.729531542961432	277.4525374159397	33.69273794050551	0.9848217023328386	0.5936808721961554	0.9687326755218933	9.622527944969905	4.63669252713832	3년	0.5936808721961554	불리(<1)	3년	9.114765771480716	2.255437929553738	불리	N	주당순현금<=0	116300000.0	-1.569909702184391	4.586003345968126		-8.8501381520941	209.71160034179687	201.87244987487793	N	Y	중립/개선	
NUE	NUCOR CORP	0000073309	S&P 500	제외	PEG=불리, PEGY=안심	255.4600067138672	7.52	2025	87.0	2260000000.0	439000000.0	2699000000.0	4233276000.0	122000000.0	20936000000.0	12980000000.0	61.7289774737587	38.271022526241296	1.6129429892141756	-6.641887445887446	-7.170025974025974	34.853975287201415	34.92420647445388	516.3934426229508	15.425826725292405	42.054467881799674	1041.2868852459017	39.351653450584806	92.60893576359935	7830.47737704918	295.92443394839773	696.419196942267	2965.24589808684	15.839828611549954	172.6137863615985	3년	39.351653450584806	295.92443394839773	15.839828611549954	17.312040811726874	2.9387128980637045	3.7027187521186207	-0.8138528138528138	-0.31858325861722264	3년	2.9387128980637045	안심	3년	15.425826725292403	2.259455905209563	불리	N	주당순현금<=0 | FCF<=0	231000000.0	-2.08508520884656	54.1981104227192		-7.017538110873655	250.13619995117188	207.64314987182618	Y	Y	강한 상승추세	단기위험부채 존재
USB	US BANCORP \DE\	0000036104	S&P 500	제외	PEG=불리, PEGY=불리(<1)	62.40999984741211	4.62	2025	3.48	8252000000.0		8252000000.0	39829000000.0	17162000000.0	65193000000.0	626694000000.0	9.422492401215806	90.5775075987842	0.1040268456375839	-20.26765083440308	-31.28305519897304	17.895595385674284	20.27988204467211	21.899736147757256	7.780088648706851	8.588568965361265	52.29947229551451	24.060177297413702	25.67713793072253	241.62356200527705	111.1580191140513	118.62837723993809	287.1552036468979	78.10930842144614	90.07911797784939	3년	24.060177297413702	111.1580191140513	78.10930842144614	1.4182113308213344	0.6292100601313738	0.6743876750265796			3년	0.6292100601313738	불리(<1)	3년	7.780088648706851	2.3001788531868157	불리	N	주당순현금<=0 | FCF<=0	1558000000.0	8.29428889589503	21.231547013143135		-4.601037000581942	63.14260009765625	56.96049999237061	N	Y	상승전환	단기위험부채 존재
MSI	Motorola Solutions, Inc.	0000068505	S&P 500	제외	PEG=불리, PEGY=불리(<1)	463.8800048828125	12.75	2025	1.05	1165000000.0	246000000.0	1411000000.0	8413000000.0	749000000.0	2410000000.0					-41.43195266272189	-45.86390532544379	39.63231039572818	39.97991452613775	38.13651137594799	17.15090983184706	40.00784395357051	84.77302275189598	42.80181966369412	88.51568790714101	1080.8560400866738	545.7232007121	1128.575020816048	133.003369127696	17.64318249715531	143.2902925188926	3년	42.80181966369412	545.7232007121	17.64318249715531	0.9887516267578423	0.45924422901696055	1.0359689743950928			3년	0.4592442290169605	불리(<1)	3년	17.15090983184706	2.310799297780461	불리	N	주당순현금<=0 | FCF<=0	169000000.0	13.044961126622546	0.2701943209058921		-5.569576153299083	447.74319946289063	424.0410009765625	Y	Y	강한 상승추세	단기위험부채 존재
NEE	NEXTERA ENERGY INC	0000753308	S&P 500	제외	PEG=불리, PEGY=불리(<1)	82.44000244140625	3.3	2025	3.02	2812000000.0		2812000000.0	89556000000.0	400000000.0	54608000000.0	146242000000.0	27.18844909136171	72.8115509086383	0.373408459949946	-41.89317106152806	-42.086351782092144	37.67671924331343	37.73525885560558	-2.077151335311581	16.260329205681433		4.345697329376838	41.02065841136287		14.340801186943565	135.36817275749746		-82.60455996815841	64.20204845785831		3년	41.02065841136287	135.36817275749746	64.20204845785831	0.025024701821821933	0.5117305750845904				3년	0.5117305750845904	불리(<1)	3년	16.260329205681433	2.317094492167416	불리	N	주당순현금<=0 | FCF<=0	2070600000.0	-2.828847241961163	-10.12754886683992		-15.774412796555893	86.23220016479492	87.78915027618409	N	N	주의	단기위험부채 존재
GEN	Gen Digital Inc.	0000849399	S&P 500	제외	PEG=불리, PEGY=불리(<1)	29.96500015258789	1.57	2026	1.68	1006000000.0	0.0	1006000000.0	8015000000.0	181000000.0	2611000000.0	12978000000.0	16.748989672204758	83.25101032779524	0.2011866235167206	-11.323101777059774	-11.615508885298869	26.298154095316985	26.484400661074368	52.42718446601942	-10.088488131506812	11.281344719290054	113.35436893203884	-11.676976263013625	31.062689438580108	177.96635922330097	-18.332852732931393	48.76842241857077	493.91409416672775	-161.18088649950533	62.75128373179384	5년	31.062689438580108	48.76842241857077	62.75128373179384	2.057451799465062	-0.3197368188288221	0.4928613876210472	2.4604200323101777	8.210979542069806	5년	0.4928613876210472	불리(<1)	5년	11.281344719290054	2.331118740689625	불리	N	주당순현금<=0	619000000.0	25.167082222738312	42.690476917085185		-4.3568457530870575	28.03770008087158	24.661375064849853	Y	Y	강한 상승추세	단기위험부채 존재
MU	MICRON TECHNOLOGY INC	0000723125	S&P 500	보류	PEG=불리, PEGY=불리(<1)	977.4099731445312	7.59	2025	5.0	9642000000.0	665000000.0	10307000000.0	3038000000.0	224000000.0	54165000000.0	28633000000.0	65.41824681755598	34.58175318244402	1.8916983899696154	6.461333333333333	6.262222222222222	127.92472197775994	127.95095532573241	984.2857142857143	-0.6929629272242499	54.22135148690352	1977.0714285714287	7.1140741455515	116.94270297380704	15005.972142857143	53.995822764735884	887.5951155711955	1435.2792129365948	-94.47562187328413	-9.189067028279108	5년	116.94270297380704	887.5951155711955	-9.189067028279108	7.733342695540149	0.03366852791381904	0.46293906737744805	1.4826666666666666	0.1516934252160963	3년	0.033668527913819	불리(<1)	5년	54.22135148690352	2.3593053007662217	불리	Y		1125000000.0	-1.8536578130847303	141.12741049149676		-19.459282940052002	929.7504028320312	618.2278007507324	Y	Y	강한 상승추세	단기위험부채 존재
SPGI	S&P Global Inc.	0000064040	S&P 500	제외	PEG=불리, PEGY=안심	410.4200134277344	14.66	2025	93.0	1745000000.0	56000000.0	1801000000.0	12370000000.0	400000000.0	31127000000.0	25048000000.0	55.41076991544281	44.58923008455719	1.2426940274672629	-34.64110127826942	-35.95214683710259	30.358875491541866	30.448305611516847		12.852521260492766	50.79787589706457		34.20504252098553	110.09575179412914		501.44592335764787	1614.0037213019332		22.17872105448413	293.25658313349345	3년	34.20504252098553	501.44592335764787	22.17872105448413		3.486707578809492	4.73660086445321	18.297194362504097	4.4581632873334085	3년	3.486707578809492	안심	3년	12.852521260492766	2.362094944348523	불리	N	주당순현금<=0	305100000.0	4.953296533280849	3.3628678657917854		-21.250738239030998	428.405400390625	429.42977935791015	N	N	중립/개선	단기위험부채 존재
ADP	AUTOMATIC DATA PROCESSING INC	0000008670	S&P 500	제외	PEG=불리, PEGY=불리(<1)	267.3299865722656	10.94	2026	2.56	4230100000.0	2032200000.0	6262300000.0	4964100000.0	0.0	6031200000.0	57162100000.0	9.544049764769365	90.45595023523063	0.10551046934944658	3.2189437143565582	3.2189437143565582	24.141777226499915	24.141777226499915	9.619238476953898	10.041893559840132	12.503420358905348	27.738476953907796	28.583787119680263	33.5068407178107	303.45893787575125	312.70663108930205	366.564837452849	13.514739504810148	16.974019674657793	37.12073312574602	3년	28.583787119680263	312.70663108930205	16.974019674657793	0.5044880649294123	0.5219952715828767	0.6239565636605474			3년	0.5219952715828767	불리(<1)	3년	10.041893559840132	2.404106066514039	불리	N	FCF<=0	403300000.0	18.408106264484015	28.864782118537804		-10.300980549869355	264.5575994873047	237.29730026245116	Y	Y	강한 상승추세	
RVTY	REVVITY, INC.	0000031791	S&P 500	제외	PEG=불리, PEGY=불리(<1)	120.94000244140625	2.07	2025	23.0	919860000.0	0.0	919860000.0	2631236000.0	588828000.0	7250360000.0	4918051000.0	59.58345752785635	40.416542472143654	1.4742344070852458	-14.677953600068614	-19.728153008276514	65.51592079298302	67.95563065202066	-5.909090909090924	27.023182791188983	-9.341040767937725	-3.3181818181818485	62.546365582377966	-10.18208153587545	-6.868636363636426	129.47097675552237	-21.076908779262183	-105.67937508266894	7.0538896493319125	-117.42757429616695	3년	62.546365582377966	129.47097675552237	7.0538896493319125	0.2608665021272138	0.7635271272344941	0.20848305368739006	4.3690638535100135	3.612587866141945	3년	0.7635271272344941	불리(<1)	3년	27.023182791188983	2.424433912882562	불리	N	주당순현금<=0	116595000.0	19.1292419626633	42.68522816578684		-7.637085545706213	117.12459976196288	102.8258500289917	Y	Y	강한 상승추세	단기위험부채 존재
ROL	ROLLINS INC	0000084839	S&P 500	제외	PEG=불리, PEGY=불리(<1)	34.560001373291016	1.09	2025	2.11	100004000.0		100004000.0	486147000.0	123683000.0	1374321000.0	1766202000.0	43.7608958762601	56.2391041237399	0.7781222079920643	-0.7975738773554313	-1.0530396759661838	32.43814243178573	32.67251472408917	13.54166666666668	13.271785112236143	15.512803857109425	35.58333333333336	35.04357022447229	39.52560771421885	38.785833333333365	38.1974915446748	43.08291240849855	12.227522546651848	10.525144753596404	24.6611999321108	3년	35.04357022447229	38.1974915446748	10.525144753596404	0.4825081059922164	0.47418822284853546	0.5432741376658197	1.3426108186150074	3.8848691124550028	3년	0.4741882228485354	불리(<1)	3년	13.271785112236145	2.444143132025159	불리	N	주당순현금<=0	484147000.0	-26.54622330776013	-37.83054276231705		-47.31706985187692	39.04520004272461	51.90659997940063	N	N	주의	단기위험부채 존재
STT	STATE STREET CORP	0000093751	S&P 500	제외	PEG=불리, PEGY=불리(<1)	191.3000030517578	9.4	2025	1.92	4433000000.0		4433000000.0	11534000000.0	2380000000.0	27841000000.0	338206000000.0	7.605853893079304	92.39414610692069	0.08231965133675925	-24.5693189721091	-32.80407170462841	22.964821491900736	23.840859016636834	14.494518879415338	9.345182660480011	8.263522928949719	37.489037758830676	27.190365320960023	25.027045857899438	352.3969549330084	255.58943401702422	235.25423106425472	84.21168286007001	33.606602163969846	22.976595562627743	3년	27.190365320960023	255.58943401702422	33.606602163969846	0.7147679717521181	0.4905408328322095	0.44344010827783953	37.51656465491888	19.611376924426114	3년	0.4905408328322095	불리(<1)	3년	9.345182660480011	2.457396749345203	불리	N	주당순현금<=0	289019000.0	16.044886848007287	55.26337511016677		-1.523726726438246	185.80700012207032	150.15370006561278	Y	Y	강한 상승추세	단기위험부채 존재
CMI	CUMMINS INC	0000026172	S&P 500	보류	PEG=불리, PEGY=불리(<1)	550.030029296875	20.5	2025	1.59	2101000000.0	764000000.0	2865000000.0	1630000000.0	24000000.0	12349000000.0	20584000000.0	37.49734309051711	62.50265690948289	0.5999319860085504	8.904109589041095	8.731074260994953	26.39638632721141	26.404827074920977	-27.74057102573141	10.67954284093311	43.57635272286971	-46.98114205146282	29.85908568186622	95.65270544573941	-963.1134120549877	612.1112564782575	1960.880461637658	-275.10196912088117	11.28687960196344	256.50425562115737	3년	29.85908568186622	612.1112564782575	11.28687960196344	-0.9906875396339159	0.46481903578918027	1.7110809094466384	17.202595529920693	3.1275738802682187	3년	0.4648190357891802	불리(<1)	3년	10.67954284093311	2.471677554027684	불리	Y		138700000.0	-16.11431816119131	2.093740936774946		-24.403852582474293	624.2698022460937	601.3711021423339	N	N	판정불가	단기위험부채 존재
ATO	ATMOS ENERGY CORP	0000731802	S&P 500	제외	PEG=불리, PEGY=불리(<1)	164.80999755859375	7.46	2025	2.4	202687000.0		202687000.0	3529452000.0	0.0	13558890000.0					-20.718084609492255	-20.718084609492255	24.86971610832252	24.86971610832252	9.224011713030746	10.031474661040264	69.70420030995797	26.948023426061493	28.562949322080527	147.90840061991594	201.03225475841873	213.07960194272073	1103.3966686245728	21.978191697349626	29.28803173300578	569.4961986346065	3년	28.562949322080527	213.07960194272073	29.28803173300578	0.4673962365473417	0.4998639552978305	2.899277176944882			3년	0.4998639552978305	불리(<1)	3년	10.031474661040264	2.4791685119746423	불리	N	주당순현금<=0 | FCF<=0	160573000.0	-2.032930069429628	-11.76722336183672		-14.290913041246023	172.40719909667968	175.4496997833252	N	N	주의	
HPQ	HP INC	0000047217	S&P 500	제외	PEG=불리, PEGY=불리(<1)	32.72999954223633	2.65	2025	3.7	3690000000.0	5000000.0	3695000000.0	8821000000.0	788000000.0	-346000000.0					-5.378803777544596	-6.2056663168940185	14.380680498030538	14.692704097785036	-5.693950177935949	-3.836586737518144	5.789648870565345	-2.8879003558718974	0.8268265249637121	20.079297741130688	-7.652935943060528	2.191090291153837	53.21013901399632	-123.38202276228212	-93.30555966453238	62.57299040084452	5년	20.079297741130688	53.21013901399632	62.57299040084452	-0.13865478606586273	-0.00949793283682574	0.6598887216682806			5년	0.6598887216682806	불리(<1)	5년	5.789648870565345	2.483860562104572	불리	N	주당순현금<=0 | FCF<=0	953000000.0	32.61750055721164	72.71766873089757		0.0	27.784599914550782	23.007599964141846	Y	Y	강한 상승추세	단기위험부채 존재
NRG	NRG ENERGY, INC.	0001013871	S&P 500	제외	PEG=불리, PEGY=불리(<1)	111.6500015258789	4.01	2025	1.65	4708000000.0		4708000000.0	10892000000.0		1681000000.0	27459000000.0	5.768702814001372	94.23129718599863	0.061218544011071054	-31.07537688442211	-31.07537688442211	35.5923636933419	35.5923636933419	-19.63927855711424	-8.120643852977938	14.13919505192036	-30.778557114228477	-7.741287705955877	36.77839010384072	-123.42201402805618	-31.042563700883065	147.48134431640128	-210.54367428687289	-127.8034601671616	32.09255915882561	5년	36.77839010384072	147.48134431640128	32.09255915882561	-0.5054252286278871	-0.18179865514771562	0.4436118710169837	3.849246231155779	3.4476006973126445	5년	0.4436118710169837	불리(<1)	5년	14.13919505192036	2.5172835909430225	불리	N	주당순현금<=0	199000000.0	-9.741306159777164	-26.594347767551973		-39.33054270147645	125.52559982299805	145.9362999725342	N	N	주의	
QCOM	QUALCOMM INC/DE	0000804328	S&P 500	제외	PEG=불리, PEGY=불리(<1)	176.8800048828125	5.01	2025	2.09	5520000000.0	4635000000.0	10155000000.0	14811000000.0	1000000000.0	4909000000.0	28937000000.0	14.503929563316198	85.49607043668381	0.16964439990323807	-4.213574660633484	-5.118552036199095	36.146423062564075	36.3270572692638	-44.147157190635454	-23.90448036479093	14.194083679524194	-79.79431438127091	-39.30896072958187	36.88816735904839	-399.76951505016723	-196.93789325520515	184.80971846883241	-326.011705118973	-211.3398280295625	4.483103441383074	5년	36.88816735904839	184.80971846883241	4.483103441383074	-1.16352196503208	-0.6035031551263957	0.4505033223159833			5년	0.4505033223159833	불리(<1)	5년	14.194083679524194	2.546583765368907	불리	N	주당순현금<=0 | FCF<=0	1105000000.0	-12.849823102253954	34.86848121580734		-29.53549443381244	168.60080017089842	168.01119995117188	Y	Y	강한 상승추세	단기위험부채 존재
MRK	Merck & Co., Inc.	0000310158	S&P 500	제외	PEG=불리, PEGY=불리(<1)	144.7100067138672	7.28	2025	2.3	14565000000.0	498000000.0	15063000000.0	46750000000.0	2300000000.0	52606000000.0					-12.639409652971679	-13.55684084563223	21.61393081962072	21.739951587843326	8.011869436201781	8.433903046142621	21.232013056721488	24.523738872403563	25.367806092285242	50.964026113442976	178.53281899109794	184.67762835183657	371.0181101058649	23.372821994340764	27.619113940749607	156.38732146524816	3년	25.367806092285242	184.67762835183657	27.619113940749607	0.4770936634460244	0.49661966329597884	1.0887428692683503	4.93019545273235	3.4069485343060952	3년	0.4966196632959788	불리(<1)	3년	8.433903046142621	2.5627435721479146	불리	N	주당순현금<=0	2507000000.0	19.83272950808539	24.84686579401123		-7.503988790909921	135.67279998779296	119.17605014801025	Y	Y	강한 상승추세	단기위험부채 존재
KO	COCA COLA CO	0000021344	S&P 500	제외	PEG=불리, PEGY=불리(<1)	87.83000183105469	3.04	2025	2.42	10270000000.0	2348000000.0	12618000000.0	35547000000.0	2373000000.0	32169000000.0					-5.316253188036169	-5.866450266635752	30.640215466806204	30.821201347924486	23.577235772357728	11.551776147388226	11.17422496891589	55.654471544715456	31.603552294776453	30.84844993783178	169.189593495935	96.07479897612042	93.77928781100861	92.63302968088223	9.387221875419073	6.773637545172395	3년	31.603552294776453	96.07479897612042	9.387221875419073	0.848467785760893	0.45599470938852965	0.44367262964071086	1.2279156039879435	1.3980594083897429	3년	0.4559947093885296	불리(<1)	3년	11.551776147388226	2.65242462075702	불리	N	주당순현금<=0	4313000000.0	6.421910978008327	13.168407602537746		-4.522226469529322	86.4095997619629	78.69709999084472	Y	Y	강한 상승추세	단기위험부채 존재
BRO	BROWN & BROWN, INC.	0000079282	S&P 500	제외	PEG=불리, PEGY=안심	66.33000183105469	3.16	2025	99.0	1079000000.0	10000000.0	1089000000.0	6894000000.0	25000000.0	5578800000.0	3863400000.0	59.08368812353053	40.91631187646947	1.4440130455039601	-18.54632587859425	-18.62619808306709	26.85959737647118	26.88487339054487	-8.670520231213867	10.064241629820891	56.18583117469611	-8.841040462427735	28.628483259641783	120.87166234939222	-27.937687861271645	90.46600710046803	381.95445302407944	-142.11923276050874	36.38776511854886	475.8396539727732	3년	28.628483259641783	90.46600710046803	36.38776511854886	3.363024341083911	4.060531515091154	5.777667810859959	4.415335463258786	6.6566189376940335	3년	4.060531515091154	안심	3년	10.064241629820891	2.6688148361705406	불리	N	주당순현금<=0	313000000.0	10.642203481103696	-1.9512190170746235		-30.87744636943459	70.20779998779297	69.2584501838684	N	N	중립/개선	단기위험부채 존재
HST	HOST HOTELS & RESORTS, INC.	0001070750	S&P 500	제외	PEG=불리, PEGY=불리(<1)	22.139999389648438	1.1	2025	3.63	768000000.0		768000000.0	1274000000.0		6558000000.0	6317000000.0	50.935922330097085	49.064077669902915	1.038151021054298	-0.7290015847860539	-0.7290015847860539	20.790000885849537	20.790000885849537	11.111111111111121	7.721734501594191		30.722222222222243	23.943469003188383		33.79444444444447	26.337815903507224		52.639771346358174	18.960328046899026		3년	23.943469003188383	26.337815903507224	18.960328046899022	0.7090481232804795	0.5460189522801132		2.175479037602651	9.826012184172853	3년	0.5460189522801132	불리(<1)	3년	7.721734501594191	2.6924003773449265	불리	N	주당순현금<=0	694100000.0	-9.03862263413151	18.39571383080656		-13.312456554423358	23.351799926757813	21.00299997329712	N	Y	중립/개선	
ETR	ENTERGY CORP /DE/	0000065984	S&P 500	제외	PEG=불리, PEGY=불리(<1)	105.7300033569336	3.91	2025	2.39	1928916000.0		1928916000.0	27902021000.0	657774000.0	16923076000.0					-57.69853670100379	-59.15976350773198	41.79758057747759	42.171295873316005	59.59183673469387	-10.03626231922775	15.165895704950483	127.68367346938774	-11.572524638455501	38.831791409900966	499.24316326530607	-45.24857133636101	151.83230441271277	372.1868414019743	-142.79633963843403	43.60380175165848	5년	38.831791409900966	151.83230441271277	43.60380175165848	1.482904892540418	-0.1829355243434329	0.42002181615292794	-5.629813158795977	-5.324707254373489	5년	0.4200218161529279	불리(<1)	5년	15.165895704950483	2.756024529684319	불리	N	주당순현금<=0 | FCF<=0	450151884.0	-3.7856001963966768	1.157679633304376		-10.329912583227108	109.80079986572265	105.70485008239746	N	Y	중립/개선	단기위험부채 존재
ZBRA	ZEBRA TECHNOLOGIES CORP	0000877212	S&P 500	제외	PEG=불리, PEGY=판정불가	344.010009765625	8.18	2025		125000000.0	0.0	125000000.0	2361000000.0	141000000.0	3588000000.0	4914000000.0	42.201834862385326	57.798165137614674	0.7301587301587301	-43.66130504148459	-46.4145447601113	47.39258127226279	47.72916314495554	-19.64636542239686	-2.4059043989460127	17.195332607402314	-30.792730844793716	3.6881912021079746	42.89066521480463	-251.88453831041258	30.169404033243232	350.84564145710186	-173.22011893840593	-91.2300795974519	1.9870444165662526	5년	42.89066521480463	350.84564145710186	1.9870444165662526				16.22654046935317	4.7168803257813225	판정불가		판정불가	5년	17.195332607402314	2.7561305357862658	불리	N	주당순현금<=0	51212395.0	54.652942811507984	68.59103387436166		-10.194222325967505	320.25759857177735	259.0003495788574	Y	Y	강한 상승추세	단기위험부채 존재
WELL	WELLTOWER INC.	0000766704	S&P 500	제외	PEG=불리, PEGY=불리(<1)	235.7100067138672	1.39	2025	1.44	5033678000.0		5033678000.0	19197302000.0		42129498000.0	24100108000.0	63.61127680572341	36.38872319427659	1.7481041163798934	-20.843541259210532	-20.843541259210532	184.5708978223581	184.5708978223581	-11.464968152866252	66.71109926452392	28.940704466365673	-14.429936305732504	141.92219852904785	66.38140893273135	-20.05761146496818	197.27185595537648	92.27015841649657	-108.50944418720267	-16.307390294698642	-60.854373684480414	3년	141.92219852904785	197.27185595537648	-16.307390294698642	-0.05431499912036443	0.369240763677254	0.16460181331298424			3년	0.369240763677254	불리(<1)	3년	66.71109926452392	2.766719479325241	불리	N	주당순현금<=0 | FCF<=0	679521000.0	11.88589204089765	14.311353153430083		-6.490260695438044	237.6429998779297	211.4898996734619	N	Y	상승전환	
PNC	PNC FINANCIAL SERVICES GROUP, INC.	0000713676	S&P 500	제외	PEG=불리, PEGY=불리(<1)	242.97999572753906	16.59	2025	3.32	39713000000.0		39713000000.0	57101000000.0	14000000.0	60585000000.0	512936000000.0	10.563693395708265	89.43630660429174	0.11811415069326388	-43.90909090909091	-43.94444444444444	17.292892503714885	17.29502351850413	20.742358078602617	6.201879866723403	-0.4401788836301823	49.984716157205234	20.903759733446805	7.619642232739635	829.2464410480349	346.7933739778825	126.40986464115055	241.28177447903752	42.72507205356633	-47.97519678002718	3년	20.903759733446805	346.7933739778825	42.72507205356633	1.3914594145215156	0.550623897342674	0.16653206603528994			3년	0.550623897342674	불리(<1)	3년	6.201879866723403	2.7883307763668634	불리	N	주당순현금<=0 | FCF<=0	396000000.0	3.864235783444947	19.877642113986283		-5.4442173898534225	249.23040008544922	225.59285018920897	N	Y	상승전환	단기위험부채 존재
MDT	Medtronic plc	0001613103	S&P 500	제외	PEG=불리, PEGY=불리(<1)	91.62000274658203	3.73	2026	3.13	1949000000.0	7271000000.0	9220000000.0	22140000000.0	0.0	49463000000.0	42956000000.0	53.52038000843983	46.47961999156018	1.1514805847844305	-10.030277152395	-10.030277152395	27.252085763800814	27.252085763800814	3.3240997229916927	9.77073559217516	6.995481881143495	15.148199445983385	28.04147118435032	22.490963762286988	56.502783933518025	104.5946875176267	83.89129483333046	-38.329205152063906	14.161410589489098	-8.43561196415692	3년	28.04147118435032	104.5946875176267	14.161410589489098	0.23682956889724494	0.47338525586585817	0.37154887772271955	4.212405869109541	4.597692362835788	3년	0.4733852558658581	불리(<1)	3년	9.77073559217516	2.789153949230342	불리	N	주당순현금<=0	1288100000.0	14.054525903375193	4.85237540219563		-13.032744116186956	87.45119995117187	89.59729988098144	Y	Y	상승전환	
PCG	PG&E Corp	0001004980	S&P 500	제외	PEG=불리, PEGY=불리(<1)	14.029999732971191	1.18	2025	1.41	713000000.0		713000000.0	57387000000.0	2675000000.0	32540000000.0					-25.737511353315167	-26.952316076294277	33.70128058159862	34.730776109547016	2.6086956521739157	11.995586155825675		13.717391304347831	32.491172311651354		16.18652173913044	38.3395833277486		15.370791498244408	173.26859627551303		3년	32.491172311651354	38.3395833277486	173.26859627551303	0.11924459791501756	0.3977767587604763		-1.3946412352406903	-9.940422393332016	3년	0.3977767587604763	불리(<1)	3년	11.995586155825677	2.809473429960864	불리	N	주당순현금<=0 | FCF<=0	2202000000.0	-16.438362311247467	-22.357498782970108		-26.58294461083701	16.923000049591064	16.74149998664856	N	N	주의	단기위험부채 존재
ABNB	Airbnb, Inc.	0001559720	S&P 500	보류	PEG=불리, PEGY=판정불가	167.64999389648438	4.030497592295345	2025		6560000000.0	4454000000.0	11014000000.0	0.0	1999000000.0	8199000000.0	14009000000.0	36.919128242074926	63.080871757925074	0.5852666143193661	17.67897271268058	14.470304975922954	37.20905862107119	38.00515579351246	-1.825115293410216	13.128576286013535		4.849769413179568	34.757152572027074		19.546983943007856	140.08861975659707		-88.3405996691672	-16.439830088455054		3년	34.757152572027074	140.08861975659707	-16.439830088455054				7.417335473515249	4.424298087416029	판정불가		판정불가	3년	13.128576286013537	2.834203634152751	불리	Y		623000000.0	28.104225683176832	31.28425834217854		-11.994753860113194	164.48239990234376	140.2614249420166	Y	Y	강한 상승추세	단기위험부채 존재
INVH	Invitation Homes Inc.	0001687229	S&P 500	제외	PEG=불리, PEGY=불리(<1)	27.559999465942383	0.96	2025	4.26	129971000.0		129971000.0	8380020000.0		9530132000.0	9112398000.0	51.12037904726451	48.87962095273549	1.0458423787020716	-13.454578621849206	-13.454578621849206	42.723518841449575	42.723518841449575	29.729729729729726	15.0739165329576	22.36032947934692	67.95945945945945	38.647833065915194	53.22065895869384	65.24108108108108	37.101919743278586	51.09183260034608	136.72381112236076	34.62235291088358	85.38401157621014	3년	38.647833065915194	37.101919743278586	34.62235291088358	0.7955742095090143	0.45253567723921156	0.6230837300208607	1.9605145330390512	7.11362326208236	3년	0.4525356772392115	불리(<1)	3년	15.073916532957599	2.8342679719659394	불리	N	주당순현금<=0	613177806.0	-6.4176612836475355	9.75706410210444		-9.993472532405146	29.748200035095216	27.885849924087523	N	N	판정불가	
MAA	MID AMERICA APARTMENT COMMUNITIES INC.	0000912595	S&P 500	제외	PEG=불리, PEGY=불리(<1)	124.4800033569336	3.78	2025	4.8	60258000.0		60258000.0			5662851000.0	6135738000.0	47.996001894802845	52.003998105197155	0.9229290755244113	0.5143705878838061	0.5143705878838061	32.795140944193065	32.795140944193065	-15.812917594654795	-11.64378965026387	11.534580200891554	-23.12583518930959	-14.787579300527739	31.56916040178311	-87.41565701559024	-55.89704975599485	119.33142631874014	-170.22465830510532	-144.90444107373278	-4.136067560530532	5년	31.56916040178311	119.33142631874014	-4.136067560530532	-0.3358094302261207	-0.20868303819489084	0.4980792803631438			5년	0.4980792803631438	불리(<1)	5년	11.534580200891554	2.8432019521315737	불리	N	FCF<=0	117149000.0	-9.862420090244516	-2.559684260717343		-13.609545061665251	132.95640167236328	132.15505043029785	N	N	주의	
FRT	FEDERAL REALTY INVESTMENT TRUST	0000034903	S&P 500	제외	PEG=불리, PEGY=불리(<1)	114.83999633789062	4.68	2024	4.03	107415000.0		107415000.0	4963602000.0		3248731000.0	5629819000.0	36.59078340494788	63.40921659505212	0.5770578059436724	-56.20261558937562	-56.20261558937562	36.54756665112527	36.54756665112527	67.14285714285715	12.808740658788563	19.50578386760935	142.7857142857143	34.11748131757713	47.5115677352187	668.2371428571429	159.66981256626096	222.3541370008235	481.8853745789113	39.03676215424874	93.62081512663664	3년	34.11748131757713	159.66981256626096	39.03676215424874	1.9474034433607303	0.46073493262977916	0.643976768474809			3년	0.4607349326297791	불리(<1)	3년	12.808740658788565	2.853330208231564	불리	N	주당순현금<=0 | FCF<=0	86405000.0	-7.921748545631391	9.0080664463424		-9.667270652911874	120.36279983520508	111.46339977264404	N	Y	중립/개선	
RSG	REPUBLIC SERVICES, INC.	0001060391	S&P 500	제외	PEG=불리, PEGY=불리(<1)	221.0800018310547	6.85	2025	1.2	76000000.0		76000000.0	13710000000.0		11968000000.0					-43.67520053304631	-43.67520053304631	38.65039450570818	38.65039450570818	5.546995377503843	13.459076140014382	56.06006028771993	19.593990755007688	35.418152280028764	120.62012057543986	134.21883667180265	242.614343118197	826.2478259417629	-39.289471883408865	9.740519770575396	273.732503663161	3년	35.418152280028764	242.614343118197	9.740519770575396	0.1745647221403496	0.37927364849663875	1.4814870849316515	7.716998539248097	3.490590951390206	3년	0.3792736484966387	불리(<1)	3년	13.459076140014382	2.8716974407180134	불리	N	주당순현금<=0	312168000.0	6.262916889289993	-2.0816710840876995		-4.817670054493983	217.96920043945312	215.08524978637695	Y	Y	상승전환	
MSCI	MSCI Inc.	0001408198	S&P 500	제외	PEG=불리, PEGY=불리(<1)	547.5999755859375	15.69	2025	1.48	515332000.0	70898000.0	586230000.0	6202286000.0	0.0	-2654540000.0	8356999000.0	-46.55079501667614	146.55079501667615	-0.3176427327561006	-73.28221723471998	-73.28221723471998	39.57184147996542	39.57184147996542	11.672597864768674	13.538386829039872	53.02284334613518	31.84519572953735	35.576773658079745	114.54568669227037	499.65112099644097	558.1995786952712	1797.221824201722	-8.756182747851804	1.935647111377592	228.1997633909089	3년	35.576773658079745	558.1995786952712	1.935647111377592	0.33237265117994624	0.37952206082305867	1.3773137996049307	20.214089983819616	3.691397166734775	3년	0.3795220608230586	불리(<1)	3년	13.538386829039872	2.9229362389826035	불리	N	주당순현금<=0	76636000.0	-7.859538315784609	2.097511049144707		-14.946498136087637	578.1527990722657	572.9742488098144	N	N	판정불가	
GD	GENERAL DYNAMICS CORP	0000040533	S&P 500	제외	PEG=불리, PEGY=불리(<1)	354.25	15.45	2025	1.8	2333000000.0		2333000000.0	7007000000.0	0.0	25622000000.0					-17.157015692392402	-17.157015692392402	24.039289041578797	24.039289041578797	13.352898019075557	8.220181851997577	7.03040276544542	35.205796038151114	24.940363703995153	22.56080553089084	543.9295487894346	385.3286192267251	348.56444545226344	53.543979898217266	8.773075293359245	-1.6049554122051002	3년	24.940363703995153	385.3286192267251	8.773075293359245	0.6303388587269293	0.41682521619780377	0.3673321099543415	14.532440121134258	4.102311960800073	3년	0.4168252161978037	불리(<1)	3년	8.220181851997577	2.924423020609579	불리	N	주당순현금<=0	272425000.0	-1.2846195005682404	-0.2758806846322015		-10.536152004467002	378.217001953125	354.73115036010745	N	N	주의	
MLM	MARTIN MARIETTA MATERIALS INC	0000916076	S&P 500	제외	PEG=불리, PEGY=안심	502.4700012207031	18.77	2025	67.0	67000000.0		67000000.0	5293000000.0	30000000.0	10032000000.0	8677000000.0	53.621251803944624	46.378748196055376	1.1561599631208943	-86.23762376237623	-86.73267326732673	31.364284762018077	31.390659269474153	-42.085775995063244	10.610393458663768	10.217788506018909	-75.67155199012649	29.720786917327537	28.935577012037818	-1420.3550308546742	557.8591704382378	543.1207805159498	-382.67459299143366	11.023378327655765	8.090190299219756	3년	29.720786917327537	557.8591704382378	11.023378327655763	0.7943501404217482	2.4744831277851866	2.4619655474984428	16.138613861386137	3.2118561948333046	3년	2.474483127785186	안심	3년	10.610393458663768	2.9559963901628934	불리	N	주당순현금<=0	60600000.0	-11.15216947644172	-14.45426130075742		-29.04068412885934	547.4415997314453	599.6671488952637	N	N	주의	단기위험부채 존재
WMT	Walmart Inc.	0000104169	S&P 500	제외	PEG=불리, PEGY=안심	105.7300033569336	2.73	2026	94.0	10727000000.0		10727000000.0	34624000000.0	6596000000.0	99617000000.0					-2.9789329344303166	-3.801171777611568	39.820123183649784	40.12130957309347	13.278008298755179	-13.852054624316834	-10.485413986679248	35.05601659751036	-19.204109248633667	-12.470827973358496	95.70292531120327	-52.42721824876991	-34.04536036726869	-9.483663792083629	-149.58594210177128	-132.2002830666098	1년	35.05601659751036	95.70292531120327	-9.483663792083629	2.694065204268472	2.012749810090795	2.097296023624859	1.8602592869608576	1.7594431361936254	3년	2.012749810090795	안심	1년	13.278008298755179	2.9989530272686262	불리	N	주당순현금<=0	8022000000.0	-12.257258624951373	-15.638712349611206		-21.214600774014038	110.36399932861327	118.7117495727539	N	N	주의	단기위험부채 존재
FDX	FEDEX CORP	0001048911	S&P 500	제외	PEG=불리, PEGY=불리(<1)	311.79998779296875	18.55	2026	1.58	13311000000.0		13311000000.0	23293000000.0	745000000.0	31647000000.0					-41.76569037656904	-44.88284518828452	19.060144375716323	19.228185066374838	10.350981558596088	6.216255240021917	-0.9430705522987193	29.201963117192175	20.932510480043835	6.6138588954025614	541.6964158239149	388.29806940481313	122.68708250971751	73.73201957390532	24.534344004733622	-60.65199252311062	3년	20.932510480043835	388.29806940481313	24.534344004733622	0.6259649099928549	0.40903442735485135	0.033416821779837305			3년	0.4090344273548513	불리(<1)	3년	6.216255240021917	3.06617789002646	불리	N	주당순현금<=0 | FCF<=0	239000000.0	-7.751482901488538	9.575455332748838		-8.118467014891696	319.00359924316405	293.149347076416	N	Y	중립/개선	단기위험부채 존재
NDAQ	NASDAQ, INC.	0001120193	S&P 500	제외	PEG=불리, PEGY=불리(<1)	92.01000213623047	3.09	2025	1.23	604000000.0	291000000.0	895000000.0	8573000000.0	431000000.0	12227000000.0	18821000000.0	39.38095851584643	60.61904148415357	0.6496466712714521	-13.270015025137837	-14.014919489299652	34.07120296484411	34.31227237072172	60.10362694300518	10.989871033323162	-11.180293383285411	128.70725388601036	30.479742066646324	-13.860586766570822	397.705414507772	94.18240298593713	-42.82921310870384	332.2415012217122	2.361048580881664	-146.54843181645697	3년	30.479742066646324	94.18240298593713	2.361048580881664	1.8001602997784203	0.3586568706109985	-0.2920440875995039	3.4376217615263296	3.7361392041232317	3년	0.3586568706109985	불리(<1)	3년	10.989871033323162	3.100236832764863	불리	N	주당순현금<=0	578597687.0	6.075633389728474	9.457536055833437		-8.882948031796845	93.70960021972657	90.50110004425049	N	Y	상승전환	단기위험부채 존재
FIS	Fidelity National Information Services, Inc.	0001136893	S&P 500	제외	PEG=불리, PEGY=불리(<1)	38.52000045776367	0.73	2025	4.62	599000000.0		599000000.0	9069000000.0	2729000000.0	13899000000.0	19586000000.0	41.50813797222637	58.491862027773635	0.7096395384458286	-16.319845857418112	-21.578034682080926	75.12307714408465	82.32607553403369	-72.03065134099617		23.901501752560208	-135.56130268199234		56.303003505120415	-98.95975095785441		41.1011925587379	-356.904854054614		6.7009139935095385	5년	56.303003505120415	41.1011925587379	6.7009139935095385	-0.8973361303039252		0.3796636511288869	8.05587668593449	20.91349062876461	5년	0.3796636511288869	불리(<1)	5년	23.901501752560208	3.1430274934937024	불리	N	주당순현금<=0	519000000.0	0.4432907181399104	-21.80267606520546		-43.82382874551591	41.9039998626709	49.23850002288818	N	N	중립/개선	단기위험부채 존재
DTE	DTE ENERGY CO	0000936340	S&P 500	제외	PEG=불리, PEGY=불리(<1)	134.33999633789062	7.03	2025	3.42	208000000.0		208000000.0	10982000000.0	882000000.0	12303000000.0					-52.04830917874396	-56.309178743961354	26.513272477472917	27.11937056640853	3.8404726735598333	8.394043095201798	37.69982747513958	16.180945347119668	25.288086190403597	83.89965495027916	113.75204579025127	177.77524591853728	589.8145743004625	-15.325257636494749	32.33232898964709	339.04614439393515	3년	25.288086190403597	177.77524591853728	32.33232898964709	0.27384294714010565	0.4455897741495184	1.5509148299244149			3년	0.4455897741495184	불리(<1)	3년	8.394043095201798	3.1585818867940323	불리	N	주당순현금<=0 | FCF<=0	207000000.0	-7.853760529208609	-9.008400912178761		-13.00912859593839	142.450400390625	141.49144996643065	N	N	주의	단기위험부채 존재
AMT	AMERICAN TOWER CORP /MA/	0001053507	S&P 500	제외	PEG=불리, PEGY=불리(<1)	172.97999572753906	5.4	2025	3.98	1474800000.0	4026000.0	1478826000.0	18294659000.0	3387800000.0	3652500000.0	52835100000.0	6.466020861215559	93.53397913878445	0.06913018050500519	-35.873241359595696	-43.1004401000945	38.676525386506434	40.01489552363584	106.10687022900764	12.230302192084208	7.337360126949077	220.71374045801528	32.96060438416842	23.174720253898155	1191.8541984732826	177.98726367450948	125.14348937105004	589.0127343687609	2.894709255778549	-27.6543574621405	3년	32.96060438416842	177.98726367450948	2.894709255778549	2.8463485054274043	0.4191250902217731	0.2926157407846546	8.071559464711994	4.666180867194328	3년	0.4191250902217731	불리(<1)	3년	12.230302192084208	3.1623523915491605	불리	N	주당순현금<=0	468757000.0	-8.626064149623346	-3.8252000775410466		-12.290845422943574	171.4427996826172	177.56160026550293	Y	N	주의	단기위험부채 존재
AZO	AUTOZONE INC	0000866787	S&P 500	제외	PEG=불리, PEGY=판정불가	2881.469970703125	144.87	2025		271803000.0		271803000.0	8799775000.0	180910000.0	-3414313000.0					-494.51852710930706	-505.0091040881415	23.303572153050542	23.375985882455073	-3.1293881644934842	7.323782044011162	36.18199999564493	2.2412236710130315	23.147564088022325	80.86399999128986	324.6860732196579	3353.3876094317943	11714.767678738162	-88.7319293096631	16.377669853471133	306.5552581788514	3년	23.147564088022325	3353.3876094317943	16.377669853471133				103.80284140330531	3.6024266245598158	판정불가		판정불가	3년	7.323782044011162	3.181904105421385	불리	N	주당순현금<=0	17245000.0	-6.494964949380133	-20.275188208632102		-33.82837349398942	3021.6502001953127	3367.738897705078	N	N	주의	단기위험부채 존재
CAT	CATERPILLAR INC	0000018230	S&P 500	제외	PEG=불리, PEGY=안심	805.0	18.81	2025	80.0	9980000000.0		9980000000.0	30696000000.0	5514000000.0	21318000000.0	77267000000.0	21.623979307196837	78.37602069280317	0.2759004490921092	-43.8619521490578	-55.53673512597925	45.128227121162034	45.74889607261984	-14.693877551020417	14.168748532167829	67.65638212373489	-20.887755102040835	36.83749706433566	143.81276424746977	-392.8986734693881	692.9133197801536	2705.1180954949064	-148.80728862973766	-13.923811207434332	236.03951496831135	3년	36.83749706433566	692.9133197801536	-13.923811207434333	1.4471235990202571	2.086692842582534	3.2719296002322724	18.882066483167478	2.34559832089037	3년	2.086692842582534	안심	3년	14.168748532167829	3.185053854171084	불리	N	주당순현금<=0	472300000.0	-10.319397121189766	14.8867540845663		-24.406049249277338	859.6411999511719	777.2002487182617	N	Y	중립/개선	단기위험부채 존재
ALGN	ALIGN TECHNOLOGY INC	0001097149	S&P 500	보류	PEG=불리, PEGY=판정불가	150.72000122070312	5.65	2025		1094908000.0	318202000.0	1413110000.0			4049147000.0	2184546000.0	64.95582955400594	35.04417044599405	1.8535416512172322	19.467542844547307	19.467542844547307	23.23052360639926	23.23052360639926	0.533807829181499	7.016113370463617	-24.086097409967156	9.567615658362998	22.532226740927236	-39.67219481993431	54.05702846975094	127.3070810862389	-224.14790073262887	-64.13413745227228	-15.53404985724496	-248.71808579964343	3년	22.532226740927236	127.3070810862389	-15.534049857244959				6.761145092852813	4.485897716357033	판정불가		판정불가	3년	7.016113370463617	3.311024548747309	불리	Y		72588000.0	-14.611066845358723	-9.705246301192517		-23.68993700949821	170.12340087890624	170.8381999206543	N	N	주의	
DUK	Duke Energy CORP	0001326160	S&P 500	제외	PEG=불리, PEGY=불리(<1)	119.37000274658203	6.31	2025	3.6	245000000.0	44000000.0	289000000.0	80108000000.0	2624000000.0	51842000000.0					-102.72715572715573	-106.10424710424711	35.197647935616125	35.73284466732633	10.507880910683006			29.515761821366013			186.24445709281952			56.02283053323656			1년	29.515761821366013	186.24445709281952	56.02283053323656	0.4008188540464203			-2.18018018018018	-1.8264054033814672	1년	0.4008188540464203	불리(<1)	1년	10.507880910683006	3.3496428285394697	불리	N	주당순현금<=0 | FCF<=0	777000000.0	-3.8811495290036135	-9.444700262392814		-10.557472844650418	124.29620010375976	124.23350025177002	N	N	주의	단기위험부채 존재
ABT	ABBOTT LABORATORIES	0000001800	S&P 500	제외	PEG=불리, PEGY=불리(<1)	103.36000061035156	3.72	2025	2.39	8522000000.0	417000000.0	8939000000.0	9896000000.0	0.0	52130000000.0					-0.5474828375286042	-0.5474828375286042	27.932119206419397	27.932119206419397	-51.30890052356021	-1.6467472577444189	8.273103706617114	-94.11780104712042	5.206505484511163	25.046207413234228	-350.118219895288	19.368200402381525	93.17189157723134	-438.73666585507306	-81.261416130021	-9.856916576004625	5년	25.046207413234228	93.17189157723134	-9.856916576004625	-1.7513494111222898	0.026609249973584752	0.3817506157630355	4.230549199084668	4.093023581755839	3년	0.0266092499735847	불리(<1)	5년	8.273103706617114	3.3762563841763917	불리	N	주당순현금<=0	1748000000.0	15.292804072641374	-4.420194938298138		-24.344895107269448	105.10459976196289	105.97539989471436	N	N	중립/개선	
PWR	QUANTA SERVICES, INC.	0001050915	S&P 500	제외	PEG=불리, PEGY=불리(<1)	618.72998046875	6.8	2025	7.000000000000001	439508000.0		439508000.0	1040532000.0	0.0	8938249000.0	15899027000.0	35.98723547622533	64.01276452377466	0.5621884282604213	-3.972635516983826	-3.972635516983826	91.57391411554909	91.57391411554909	12.769485903814253	26.99606847284017	17.23954045081646	34.038971807628506	62.49213694568034	42.97908090163292	231.46500829187383	424.9465312306263	292.2577501311038	-62.59030342823926	-31.319550588337957	-52.7648959389863	3년	62.49213694568034	424.9465312306263	-31.319550588337954	0.2158855618955948	0.3712418410983669	0.26469918518750557	10.713234759503209	1.7314879022650331	3년	0.3712418410983669	불리(<1)	3년	26.99606847284017	3.392120382554167	불리	N	주당순현금<=0	151291000.0	-9.448403991666654	9.140782448540108		-21.20498342372067	647.4238049316406	590.7112512207032	N	Y	중립/개선	
ADM	Archer-Daniels-Midland Co	0000007084	S&P 500	제외	PEG=불리, PEGY=불리(<1)	86.91000366210938	2.23	2025	2.4	1015000000.0	433000000.0	1448000000.0	6606000000.0	798000000.0	22740000000.0					-10.65702479338843	-12.305785123966942	43.752030697532646	44.49138510586382	-38.9041095890411	-33.86721254408997	12.82075623743526	-69.3082191780822	-59.23442508817995	34.141512474870524	-154.5573287671233	-132.0927679466413	76.13557281896126	-277.83606288640226	-251.98799031259333	-12.397227464213644	5년	34.141512474870524	76.13557281896126	-12.397227464213644	-0.8343409210283744	-0.7192171892918455	0.3478868522162931	8.685950413223141	9.99418944566217	5년	0.3478868522162931	불리(<1)	5년	12.82075623743526	3.4125936011310563	불리	N	주당순현금<=0	484000000.0	10.152093765933845	19.875867120150858		-0.4695327921985126	81.5286001586914	72.52550025939941	Y	Y	강한 상승추세	단기위험부채 존재
GEHC	GE HealthCare Technologies Inc.	0001932393	S&P 500	제외	PEG=불리, PEGY=양호	64.23999786376953	4.55	2025	21.0	4492000000.0		4492000000.0	9495000000.0	508000000.0	10379000000.0	26307000000.0	28.291446328299624	71.70855367170039	0.3945337742806097	-10.923580786026202	-12.032751091703057	16.519467835119944	16.763241528675294	4.838709677419354			18.177419354838708			82.70725806451613			28.747292675677173			1년	18.177419354838708	82.70725806451613	28.747292675677173	1.564136928338996					1년	1.564136928338996	양호	1년	4.838709677419354	3.4140233525914554	불리	N	주당순현금<=0 | FCF<=0	458000000.0	-0.41854637036090603	-8.659183575616048		-27.132491838382844	68.31930000305175	72.6273749923706	N	N	주의	단기위험부채 존재
PLD	Prologis, Inc.	0001045609	S&P 500	제외	PEG=불리, PEGY=불리(<1)	134.41000366210938	1.49	2025	3.15	1145647000.0		1145647000.0	35037073000.0		53193178000.0	40970248000.0	56.49027468478048	43.50972531521952	1.2983367345006065	-35.42045625564362	-35.42045625564362	113.98017444144496	113.98017444144496	8.759124087591232	33.234053078207104	31.425771273344495	26.018248175182464	74.96810615641421	71.35154254668899	38.76718978102187	111.70247817305717	106.31379839456659	-71.15751155064474	-16.894222803636104	-20.90335875458591	3년	74.96810615641421	111.70247817305717	-16.894222803636104	0.10448417144430067	0.31921387431196363	0.3033489941806249			3년	0.3192138743119636	불리(<1)	3년	33.234053078207104	3.429620039819528	불리	N	주당순현금<=0 | FCF<=0	956832000.0	-8.682654098320553	1.902964277310626		-10.42915777095994	141.95759918212892	137.51769985198973	N	N	판정불가	
CARR	CARRIER GLOBAL Corp	0001783180	S&P 500	제외	PEG=불리, PEGY=불리(<1)	56.63999938964844	1.72	2025	1.66	1555000000.0		1555000000.0	11365000000.0	325000000.0	14128000000.0	23062000000.0	37.98870664157031	62.01129335842969	0.612609487468563	-11.375231910946196	-11.75208719851577	39.543739128252696	39.76284103963035	-72.03252032520325	-25.140280284035853	11.456573996486764	-135.5650406504065	-41.78056056807171	31.413147992973528	-233.17186991869917	-71.86256417708333	54.03061454791447	-511.67350358643154	-226.87599744257236	-4.606964812592961	5년	31.413147992973528	54.03061454791447	-4.606964812592961	-1.7796121933983833	-0.5937799712839995	0.33169786888249536			5년	0.3316978688824953	불리(<1)	5년	11.456573996486764	3.4516199293417955	불리	N	주당순현금<=0 | FCF<=0	862400000.0	-18.784053449084837	0.2655296631701498		-25.47368501362047	63.799599990844726	61.486400032043456	N	N	판정불가	단기위험부채 존재
SHW	SHERWIN WILLIAMS CO	0000089800	S&P 500	제외	PEG=불리, PEGY=안심	317.44000244140625	10.26	2025	100.0	207200000.0		207200000.0	9320700000.0	1200500000.0	4598300000.0					-36.39576677316294	-41.19009584664537	34.486917077443394	34.95420061287053	-2.7488151658767856	9.945304600039684	18.130624645897143	3.0023696682464287	28.390609200079368	44.761249291794286	30.804312796208357	291.2876503928143	459.25041773380934	-90.29602048913344	-8.238518097106928	44.67313955448282	3년	28.390609200079368	291.2876503928143	-8.238518097106928	2.8199442883148165	3.1880293722152047	3.425375030787022	13.284496805111822	4.184884294021483	3년	3.1880293722152047	안심	3년	9.945304600039684	3.467658202978096	불리	N	주당순현금<=0	250400000.0	0.1735579436224599	-0.08184128285634307		-14.804080182109514	341.637001953125	334.0740997314453	N	N	중립/개선	단기위험부채 존재
SO	SOUTHERN CO	0000092122	S&P 500	제외	PEG=불리, PEGY=불리(<1)	87.75	3.92	2025	3.44	1639000000.0		1639000000.0		722000000.0	36016000000.0	116853000000.0	23.560041604249392	76.43995839575061	0.3082163059570572	1.477908025247971	0.8268710550045085	22.00818672825307	22.174267588009055	-1.754385964912288	6.338245126558739	5.994587569440402	4.991228070175424	21.17649025311748	20.489175138880803	19.565614035087663	83.01184179222051	80.31756654441274	-77.70300394861805	-5.399610493196006	-8.470009635996878	3년	21.17649025311748	83.01184179222051	-5.399610493196006	0.07659031868008465	0.44430035274127744	0.4286853654021721	-2.6465284039675385	-3.015986785148192	3년	0.4443003527412774	불리(<1)	3년	6.338245126558739	3.472283934875536	불리	N	FCF<=0	1109000000.0	-5.918298318580195	-10.312752162259697		-12.003611185494057	92.895	92.38879997253417	N	N	주의	단기위험부채 존재
PM	Philip Morris International Inc.	0001413329	S&P 500	제외	PEG=불리, PEGY=불리(<1)	189.77000427246094	7.26	2025	3.17	4872000000.0		4872000000.0	14828000000.0	168000000.0	-9994000000.0	77213000000.0	-14.867820110385457	114.86782011038545	-0.12943416264100605	-6.390243902439025	-6.498074454428755	27.01931793042699	27.034170623538525	60.61946902654868	7.709372585660357	41.71851076645543	129.73893805309734	23.918745171320715	91.93702153291086	941.9046902654867	173.6500899437884	667.4627763289328	396.3401322967531	-8.494447997971522	251.72195884583942	3년	23.918745171320715	173.6500899437884	-8.494447997971522	2.3608837643793406	0.40265163664286574	1.6613487757922116	6.844672657252889	3.6068253692115104	3년	0.4026516366428657	불리(<1)	3년	7.709372585660357	3.5047362973069505	불리	N	주당순현금<=0	1558000000.0	4.97870210061786	10.331397832826127		-5.195580752169803	188.24060028076173	174.8654000854492	Y	Y	강한 상승추세	단기위험부채 존재
ADSK	Autodesk, Inc.	0000769397	S&P 500	보류	PEG=불리, PEGY=불리(<1)	211.61000061035156	5.23	2026	0.02835404745850415	2249000000.0	348000000.0	2597000000.0	2500000000.0		3045000000.0					0.4511627906976744	0.4511627906976744	40.37453878004854	40.37453878004854	2.148437500000006	11.430299124308885	4.988943736048346	12.796875000000012	31.36059824861777	18.47788747209669	66.92765625000007	164.01592884027096	96.6393514790657	-68.37216764001744	-22.491409495205296	-54.331387363391805	3년	31.36059824861777	164.01592884027096	-22.491409495205296	0.05391495762508109	0.2838088933768772	0.1242688569358022	11.204651162790698	5.294953513762519	3년	0.2838088933768772	불리(<1)	3년	11.430299124308885	3.532238162882699	불리	Y		215000000.0	2.9381685415843295	-15.318739794627657		-34.861167840862926	231.5647994995117	245.8029499053955	N	N	중립/개선	
CTAS	CINTAS CORP	0000723254	S&P 500	제외	PEG=불리, PEGY=불리(<1)	198.44000244140625	4.91	2026	1.04	289018000.0	0.0	289018000.0	1429086000.0	0.0	5139887000.0					-2.8066873955248317	-2.8066873955248317	40.98710587310205	40.98710587310205	11.590909090909085	-27.696811943297327	-13.671080138691515	31.68181818181817	-46.89362388659465	-18.84216027738303	155.55772727272722	-230.24769328317976	-92.51500696195068	-21.609692925367185	-216.0288704144546	-146.62114786521823	1년	31.68181818181817	155.55772727272722	-21.609692925367185	0.3081678694273988	-0.6503706806191204	-0.30817204263696774	4.631188807401335	2.333797999608872	1년	0.3081678694273988	불리(<1)	1년	11.590909090909085	3.5361424674833164	불리	N	주당순현금<=0	406197000.0	9.104902745776577	2.6803312024243464		-8.354498886932182	199.03519866943358	187.0859496307373	N	Y	상승전환	
BAC	BANK OF AMERICA CORP /DE/	0000070858	S&P 500	제외	PEG=불리, PEGY=불리(<1)	62.560001373291016	3.81	2025	2.04	161560000000.0		161560000000.0	317816000000.0	45999000000.0	303243000000.0	3108495000000.0	8.888226469910645	91.11177353008935	0.09755299590316215	-20.343449335364344	-26.33220065356924	21.759435881536838	23.331286621223164	18.691588785046733	6.09903426261329	15.29664601415619	45.883177570093466	20.69806852522658	39.093292028312376	174.8149065420561	78.85964108111328	148.94544262787016	179.43558616462965	26.05441072573431	138.0841421967424	3년	20.69806852522658	78.85964108111328	26.05441072573431	0.9527631551623887	0.3740461980229628	0.7967415197958583			3년	0.3740461980229628	불리(<1)	3년	6.09903426261329	3.567685463733309	불리	N	주당순현금<=0 | FCF<=0	7680900000.0	13.415521295049615	32.73923181727787		-3.471680712946401	61.91739974975586	55.037799987792965	Y	Y	강한 상승추세	단기위험부채 존재
AEE	AMEREN CORP	0001002910	S&P 500	제외	PEG=불리, PEGY=불리(<1)	104.94999694824219	5.35	2025	2.82	13000000.0		13000000.0	18214000000.0	643000000.0	13401000000.0					-66.8662747979427	-69.22850844966936	32.11519098059531	32.55672998091805	21.04072398190045	8.922553391323573	8.85719705051664	50.5814479638009	26.345106782647147	26.21439410103328	270.61074660633477	140.94632128716222	140.24700844052805	157.84731250615556	34.298547294548484	33.632217740504714	3년	26.345106782647147	140.94632128716222	34.298547294548484	0.7429731305760446	0.3656385975851328	0.3636035375773495	-2.8471711976487875	-2.7128835449637188	3년	0.3656385975851328	불리(<1)	3년	8.922553391323573	3.5993274091051792	불리	N	주당순현금<=0 | FCF<=0	272200000.0	-3.0485016644413943	-4.590911865234371		-11.299867123957474	109.63119995117188	107.85174968719483	N	N	주의	단기위험부채 존재
RTX	RTX Corp	0000101829	S&P 500	제외	PEG=불리, PEGY=불리(<1)	198.1199951171875	4.96	2025	1.48	7435000000.0	750000000.0	8185000000.0	41078000000.0	204000000.0	65245000000.0	103941000000.0	38.56406558462284	61.43593441537716	0.627711875006013	-24.250221173695074	-24.40061928634621	44.832704897355356	44.863027097486636	39.718309859154935	12.323650810265118	122.97071854507217	87.93661971830987	33.147301620530236	254.44143709014435	436.16563380281696	164.41061603782998	1262.0295279671159	120.15225345873142	-17.014627453134402	537.0026040131025	3년	33.147301620530236	164.41061603782998	-17.014627453134402	0.9189342903462687	0.3078924379394156	2.7758913683660746	5.853730462990268	2.9546389093780263	3년	0.3078924379394156	불리(<1)	3년	12.323650810265118	3.6379402165478	불리	N	주당순현금<=0	1356400000.0	7.551157861324365	-2.4231670270062677		-12.138014860621526	208.26019958496093	193.45669975280762	N	Y	상승전환	단기위험부채 존재
KEY	KEYCORP /NEW/	0000091576	S&P 500	보류	PEG=불리, PEGY=불리(<1)	21.729999542236328	1.52	2025	3.77	1287000000.0	10163000000.0	11450000000.0	9917000000.0	343000000.0	20381000000.0	164000000000.0	11.053741979922009	88.94625802007799	0.12427439024390244	1.3835814995388063	1.074013036171676	13.38580134387995	13.589464806621482	575.0	-7.651730931537582	3.659228783256574	1158.5	-6.803461863075164	15.818457566513148	1760.92	-10.34126203187425	24.044055501099987	8003.635697632308	-147.5897940622321	10.649130269726225	5년	15.818457566513148	24.044055501099987	10.649130269726225	43.237605663751786	-0.28998868516096177	0.5550081457508894	1.8556057162764419	8.539373011351078	5년	0.5550081457508894	불리(<1)	5년	3.659228783256574	3.658093586585504	불리	Y		1107994000.0	-2.6869699217184184	13.059314872804562		-9.420592957248275	22.630400047302246	21.485450010299683	N	Y	중립/개선	단기위험부채 존재
MAR	MARRIOTT INTERNATIONAL INC /MD/	0001048286	S&P 500	제외	PEG=불리, PEGY=안심	329.07000732421875	9.51	2025	88.0	358000000.0		358000000.0	1816000000.0	355000000.0	-3771000000.0					-5.328947368421052	-6.626461988304094	35.162876413526796	35.2993132820739	14.1656662665066	9.516775967882673		36.831332533013196	27.533551935765345		350.2659723889555	261.8440789091284		6.4411719673538315	-20.429065827581017		3년	27.533551935765345	261.8440789091284	-20.429065827581017	2.905497976473976	2.7732877942365652		8.998538011695906	2.7345360596263726	3년	2.773287794236565	안심	3년	9.516775967882673	3.694830742280252	불리	N	주당순현금<=0	273600000.0	-17.087859311424914	4.0340203800423025		-18.251602241048836	359.23940002441407	345.4549502563477	N	N	판정불가	단기위험부채 존재
IQV	IQVIA HOLDINGS INC.	0001478242	S&P 500	제외	PEG=불리, PEGY=판정불가	257.29998779296875	7.84	2025		1980000000.0	46000000.0	2026000000.0	13884000000.0	1840000000.0	6503000000.0	23314000000.0	21.80970587248885	78.19029412751115	0.27893111435189155	-68.34582132564842	-78.95100864553314	41.53645524472158	42.88915770899259	4.672897196261677	11.081058953610356	66.64690241687414	17.845794392523352	30.66211790722071	141.79380483374828	139.9110280373831	240.39100439261037	1111.6634298965864	-45.62338333651237	-6.5717000398631376	332.04954630276313	3년	30.66211790722071	240.39100439261037	-6.5717000398631376						판정불가		판정불가	3년	11.081058953610356	3.748419299871016	불리	N	주당순현금<=0 | FCF<=0	173500000.0	42.107583818840254	57.920578996757754		-5.27207406731619	234.04739990234376	202.49569961547851	Y	Y	강한 상승추세	단기위험부채 존재
CPAY	CORPAY, INC.	0001175454	S&P 500	보류	PEG=불리, PEGY=판정불가	408.4700012207031	15.03	2025		2408097000.0		2408097000.0	474939000.0	3345530000.0	3883864000.0					27.205353373300685	-19.876326381266008	25.36690937108466	28.49942299414299	7.587687902648523	6.564477917470324	43.85131319574005	23.675375805297044	21.628955834940648	96.2026263914801	355.84089835361453	325.0832061991579	1445.9254746639458	-12.884447501605434	-20.41442328012968	253.98571996543956	3년	21.628955834940648	325.0832061991579	-20.41442328012968				18.282881589687296	4.475942305444544	판정불가		판정불가	3년	6.564477917470324	3.864269130005697	불리	Y		71058000.0	16.42297110298101	27.027616719107872		-3.943652854574886	388.83599853515625	338.92054962158204	Y	Y	강한 상승추세	단기위험부채 존재
DELL	Dell Technologies Inc.	0001571996	S&P 500	제외	PEG=불리, PEGY=보통	506.6199951171875	8.68	2026	47.0	11528000000.0	2187000000.0	13715000000.0	23513000000.0		-2470000000.0	103756000000.0	-2.438639101159094	102.43863910115908	-0.023805852191680483	-14.324561403508772	-14.324561403508772	60.01665397703875	60.01665397703875	303.72093023255815		15.515817208402405	615.9418604651163		39.531634416804806	5346.3753488372095		343.13458673786573	955.3028700733627		-32.269829449093415	5년	39.531634416804806	343.13458673786573	-32.269829449093415	5.843726815672487		1.0416411623400363	12.502923976608187	2.4679096950597272	5년	1.0416411623400363	보통	5년	15.515817208402405	3.868094936342602	불리	N	주당순현금<=0	684000000.0	29.421376757869353	237.94942481562936		-5.3489032943134	446.0561999511719	259.53259967803956	Y	Y	강한 상승추세	
EQIX	EQUINIX INC	0001101239	S&P 500	제외	PEG=불리, PEGY=불리(<1)	1023.8099975585938	13.76	2025	1.98	1727000000.0	1500000000.0	3227000000.0	15334000000.0	1299000000.0	14156000000.0	25963000000.0	35.28502704454249	64.71497295545751	0.5452374532989254	-123.38595436340104	-136.62444075293254	83.37179883154032	84.33389813310511	61.882352941176464	21.50878828113374	89.03782666520712	132.26470588235293	51.51757656226748	186.57565333041424	1819.9623529411763	708.8818534968005	2567.2809898265	77.7636824490003	-30.7604091396626	150.7575620426164	3년	51.51757656226748	708.8818534968005	-30.760409139662602	0.7659946628981303	0.28173541425674165	1.0917100019530135	39.70668446745411	3.878325525452945	3년	0.2817354142567416	불리(<1)	3년	21.50878828113374	3.876173671050973	불리	N	주당순현금<=0	98123000.0	-1.8568276956061447	5.387714333319682		-8.255815607026207	1043.465594482422	965.1601986694336	N	Y	중립/개선	단기위험부채 존재
TER	TERADYNE, INC	0000097210	S&P 500	보류	PEG=불리, PEGY=불리(<1)	370.19000244140625	3.47	2025	14.000000000000002	293751000.0	586882000.0	880633000.0	171059000.0	200000000.0	2795752000.0	1387847000.0	66.82648121868276	33.173518781317235	2.014452601763739	4.442639886300315	3.190440711499571	105.40269814268183	105.76356245818636	4.518072289156637	-6.31450812985902	27.007110355932152	17.536144578313277	-4.129016259718039	62.514220711864304	60.850421686747076	-14.327686421221596	216.92434587016916	-83.56238113254328	-103.87036017362176	-41.40188972161559	5년	62.514220711864304	216.92434587016916	-41.40188972161559	0.1756887880051139	0.07291551360229188	0.3890518087157649	2.819990107626519	0.7617683052023718	3년	0.0729155136022918	불리(<1)	5년	27.007110355932152	3.902775852490637	불리	Y		159719000.0	-2.939169280144416	29.16158590473481		-23.48916888985686	366.7719982910156	319.4802490234375	Y	Y	강한 상승추세	단기위험부채 존재
WMB	WILLIAMS COMPANIES, INC.	0000107263	S&P 500	보류	PEG=불리, PEGY=불리(<1)	72.81999969482422	2.14	2025	2.79	152000000.0		152000000.0		700000000.0	12807000000.0					0.12408163265306123	-0.4473469387755102	33.970055169238854	34.23707786616809	17.582417582417587	8.61732445982799	65.95600451405528	43.664835164835175	25.73464891965598	140.41200902811056	93.44274725274728	55.072148688063805	300.4816993201566	28.32016979449239	-24.37222065523006	312.6362271071443	3년	25.73464891965598	55.072148688063805	-24.37222065523006	0.5997169413155845	0.33580529684148835	2.02372366402005	0.8204081632653061	1.1266247826194618	3년	0.3358052968414883	불리(<1)	3년	8.61732445982799	3.942065234702434	불리	Y		1225000000.0	1.675505308884473	-0.95211776415145		-8.28715579924777	73.3018002319336	70.38184995651245	N	Y	상승전환	단기위험부채 존재
TFC	TRUIST FINANCIAL CORP	0000092230	S&P 500	제외	PEG=불리, PEGY=불리(<1)	50.33000183105469	3.82	2025	4.15	20295000000.0		20295000000.0	41963000000.0	27839000000.0	65189000000.0	482349000000.0	11.9058403252377	88.0941596747623	0.1351490310957419	-16.633146541797803	-38.00337760036847	17.529619992893323	23.12392131712648	13.69047619047619	-4.818353706579703	4.400488140687586	35.88095238095238	-1.1367074131594066	17.30097628137517	137.06523809523807	-4.3422223182689335	66.08972939485315	172.3330679687476	-108.62750280209544	31.312789569728118	5년	17.30097628137517	66.08972939485315	31.312789569728118	1.0177331965957557	-0.03812710753859239	0.48777373064299384	3.9725186151838487	7.89294351412624	5년	0.4877737306429938	불리(<1)	5년	4.400488140687586	3.9835626031602662	불리	N	주당순현금<=0	1302700000.0	-0.6906047198372844	13.432506293992708		-9.819027786046409	51.533199844360354	49.76060001373291	N	Y	중립/개선	단기위험부채 존재
AMD	ADVANCED MICRO DEVICES INC	0000002488	S&P 500	보류	PEG=불리, PEGY=판정불가	503.6000061035156	2.65	2025		5539000000.0	5013000000.0	10552000000.0	2348000000.0	874000000.0	62999000000.0					5.014669926650367	4.480440097799511	188.14540987806237	188.34700603989288	165.0	46.66355102918431	12.817266899716717	338.5	101.82710205836862	34.134533799433434	897.025	269.84182045467685	90.4565145684986	78.12251571252271	-46.417431059520176	-82.03802353610274	3년	101.82710205836862	269.84182045467685	-46.417431059520176				4.1167481662591685	0.8174638833131718	판정불가		판정불가	3년	46.66355102918431	4.031956542707015	불리	Y		1636000000.0	3.1016467433443218	154.67785582767434		-13.308424818828302	497.0438006591797	345.3508001708984	Y	Y	강한 상승추세	단기위험부채 존재
CHTR	CHARTER COMMUNICATIONS, INC. /MO/	0001091667	S&P 500	제외	PEG=불리, PEGY=판정불가	140.55999755859375	36.21	2025		477000000.0		477000000.0	94006000000.0	750000000.0	16054000000.0					-679.0075792662888	-684.4524753354194	22.633735896848453	22.784105851809255	3.545896482699463	5.610772798941088	43.025880490420356	15.591792965398927	19.721545597882177	94.55176098084071	564.5788232770951	714.1171660993136	3423.7192651162422	301.66393930232186	408.051492958818	2335.7707203922173	3년	19.721545597882177	714.1171660993136	408.05149295881796				32.07406777789203	22.81877371584448	판정불가		판정불가	3년	5.610772798941088	4.033978332025863	불리	N	주당순현금<=0	137743676.0	1.0205535253516418	-34.647574687578995		-50.286481426954246	143.2342008972168	181.3191003036499	N	N	중립/개선	단기위험부채 존재
YUM	YUM BRANDS INC	0001041061	S&P 500	제외	PEG=불리, PEGY=불리(<1)	143.88999938964844	5.55	2025	2.07	709000000.0	0.0	709000000.0	2884000000.0	38000000.0	-7926000000.0	15521000000.0	-104.35813034891378	204.35813034891373	-0.5106629727466013	-7.740213523131673	-7.875444839857651	27.320759083383805	27.3451250863975	6.321839080459772	6.690461655968871	38.731105019357614	21.143678160919542	21.880923311937742	85.96221003871523	117.34741379310346	121.43912438125447	477.0902657148695	-18.44644221914874	-15.602804297467454	231.56596548654358	3년	21.880923311937742	121.43912438125447	-15.602804297467454	0.3071598067552815	0.32065220549808554	1.4934103732195498	5.832740213523132	4.053610562418798	3년	0.3206522054980855	불리(<1)	3년	6.690461655968871	4.083538698560463	불리	N	주당순현금<=0	281000000.0	-6.119922112181908	-9.194753696134795		-14.432685385299838	152.51379974365236	154.79820007324219	N	N	주의	단기위험부채 존재
OTIS	Otis Worldwide Corp	0001781335	S&P 500	제외	PEG=불리, PEGY=불리(<1)	67.88999938964844	3.5	2025	2.54	1096000000.0		1096000000.0	6900000000.0	215000000.0	-5392000000.0	15924000000.0	-51.196353968856826	151.1963539688568	-0.33860838985179603	-14.697391744745506	-15.24183337553811	23.596397466969698	23.751952218624726	-14.00491400491401	5.744740983915486	43.261010500751794	-19.50982800982802	19.989481967830972	95.02202100150359	-68.28439803439807	69.9631868874084	332.57707350526255	-200.58093776446518	3.053745052877499	389.8763831127275	3년	19.989481967830972	69.9631868874084	3.053745052877499	-0.4858756096545089	0.35110194238389525	1.9410170796141306			3년	0.3511019423838952	불리(<1)	3년	5.744740983915486	4.10747804523067	불리	N	주당순현금<=0 | FCF<=0	394900000.0	-3.194065238125132	-17.83855543231283		-27.483446488013453	72.1393995666504	79.71204971313476	N	N	주의	단기위험부채 존재
MKC	MCCORMICK & CO INC	0000063754	S&P 500	제외	PEG=불리, PEGY=불리(<1)	51.099998474121094	2.93	2025	3.73	95900000.0		95900000.0	3105800000.0	381400000.0	5736500000.0	7432300000.0	43.56129639754571	56.43870360245429	0.7718337526741386	-11.17260579064588	-12.588344469190794	21.253448554527978	21.736635816829995	0.34246575342466545	5.153167622194932	31.68223228750233	9.184931506849331	18.806335244389864	71.86446457500466	26.91184931506854	55.10256226606231	210.56288120476367	-47.33493127461112	7.832806088963506	312.06044519042484	3년	18.806335244389864	55.10256226606231	7.8328060889635065	0.19161435110054362	0.4179635883279941	1.6661875928816205	2.599109131403118	5.086319391417208	3년	0.4179635883279941	불리(<1)	3년	5.153167622194932	4.124346443338732	불리	N	주당순현금<=0	269400000.0	3.798494717190515	-10.851362968979162		-28.68109227371818	52.87320007324219	56.89200002670288	N	N	중립/개선	단기위험부채 존재
UBER	Uber Technologies, Inc	0001543151	S&P 500	제외	PEG=불리, PEGY=판정불가	72.55999755859375	4.73	2025		7105000000.0	528000000.0	7633000000.0	10521000000.0	0.0	27041000000.0	33719000000.0	44.504608294930875	55.49539170506912	0.8019514220469172	-1.362464021844714	-1.362464021844714	15.628427395441534	15.628427395441534	3.728070175438615			15.95614035087723			75.4725438596493			4.013983460657666			1년	15.95614035087723	75.4725438596493	4.013983460657666				4.605864350855243	6.34766332115145	판정불가		판정불가	1년	3.728070175438615	4.192095819012532	불리	N	주당순현금<=0	2119689000.0	4.327813622949739	-0.561879752296135		-27.512488846488115	73.94779998779296	76.08690010070801	N	N	중립/개선	
COST	COSTCO WHOLESALE CORP /NEW	0000909832	S&P 500	보류	PEG=불리, PEGY=양호	902.3800048828125	18.21	2025	65.0	14161000000.0	1123000000.0	15284000000.0	5713000000.0	36000000.0	29164000000.0	47935000000.0	37.82669035914863	62.17330964085137	0.6084072181078544	21.517390844935846	21.436456139009852	48.372466449087135	48.37691096890734	9.963768115942043	11.49058481522638	42.2175267261373	28.427536231884087	31.481169630452758	92.9350534522746	517.6654347826093	573.2720989705448	1692.3473233659206	-42.633321662547715	-36.47109910807556	87.54264436363448	3년	31.481169630452758	573.2720989705448	-36.47109910807556	1.5497197810833714	1.5812835364873126	2.2164990664469344	17.619035842833792	1.9525073414189722	3년	1.5812835364873126	양호	3년	11.490584815226379	4.209748000379225	불리	Y		444803000.0	-7.513656732687113	-10.0605989818349		-17.539654838343722	941.1829968261719	960.4433981323242	N	N	주의	단기위험부채 존재
BMY	BRISTOL MYERS SQUIBB CO	0000014272	S&P 500	제외	PEG=불리, PEGY=불리(<1)	63.75	3.46	2025	3.91	10209000000.0	130000000.0	10339000000.0	42850000000.0	2261000000.0	18473000000.0	71533000000.0	20.524187276403797	79.4758127235962	0.25824444661904294	-15.944580676802355	-17.053457577243748	23.033115802544035	23.353600455850795	178.4580498866213	5.459253851176027		365.4160997732426	19.418507702352052		1264.3397052154194	67.1880366501381		1883.2779689653637	5.392998666883297		3년	19.418507702352052	67.1880366501381	5.392998666883297	7.917645682416902	0.40677318394505624		6.299656694458068	9.881814422679321	3년	0.4067731839450562	불리(<1)	3년	5.459253851176027	4.219095947989717	불리	N	주당순현금<=0	2039000000.0	12.038661318850096	8.142492239081012		-6.373911839198487	63.28300010681152	58.40784999847412	Y	Y	강한 상승추세	단기위험부채 존재
WM	WASTE MANAGEMENT INC	0000823768	S&P 500	보류	PEG=불리, PEGY=불리(<1)	214.77000427246094	6.7	2025	1.75	201000000.0	177000000.0	378000000.0		743000000.0	9990000000.0	35844000000.0	21.7960466029585	78.20395339704149	0.2787077335118848	0.9351806036615536	-0.9030183077684315	31.915645323701398	32.19000337018349	-1.6152716593245144	7.521507767680924	13.738220149762249	5.269456681350971	23.543015535361846	35.9764402995245	35.305359765051506	157.73820408692438	241.04215000681415	-83.56131719387476	-26.554825651157987	12.23268855599775	3년	23.543015535361846	157.73820408692438	-26.554825651157987	0.004221388579457384	0.2905004010931171	0.48528613451723907	8.000989609104403	3.7253757274941472	3년	0.2905004010931171	불리(<1)	3년	7.521507767680924	4.243250995610129	불리	Y		404200000.0	-1.837373342945603	-9.991197467377388		-12.87574173123225	227.87840118408204	225.24179985046388	N	N	주의	단기위험부채 존재
SNA	Snap-on Inc	0000091440	S&P 500	제외	PEG=불리, PEGY=불리(<1)	374.8299865722656	19.19	2025	2.59	1624500000.0		1624500000.0	1186400000.0	193600000.0	5931800000.0	2455500000.0	70.72359400522218	29.27640599477782	2.415719812665445	8.266037735849057	4.613207547169812	19.10182120043859	19.292171913762157	-1.6401845207585868	4.491988613427633	38.10274863898202	5.219630958482826	17.483977226855266	84.70549727796404	100.16471809328544	335.5175229833526	1625.49849276413	-73.27729325786636	-10.488078594889515	333.6628741016538	3년	17.483977226855266	335.5175229833526	-10.488078594889515	0.04972381791635683	0.37074939290422354	2.1303072734262476			3년	0.3707493929042235	불리(<1)	3년	4.491988613427633	4.252419773135367	불리	N	FCF<=0	53000000.0	-2.5580436509167415	2.9158988952386666		-10.607906142307655	401.3553985595703	377.22919921875	N	N	판정불가	단기위험부채 존재
LOW	LOWES COMPANIES INC	0000060667	S&P 500	제외	PEG=불리, PEGY=불리(<1)	196.58999633789062	11.85	2025	2.52	982000000.0	370000000.0	1352000000.0	39819000000.0	0.0	-9917000000.0	64061000000.0	-18.31597222222222	118.31597222222223	-0.15480557593543653	-68.69107142857143	-68.69107142857143	22.386587997169794	22.386587997169794	-3.1071136549468585	5.228278564465261	8.863759852581033	2.285772690106283	18.95655712893052	26.227519705162067	27.086406377759452	224.63520197782665	310.79610850617047	-86.22187960611969	14.265835577784491	58.09355221309795	3년	18.95655712893052	224.63520197782665	14.265835577784491	-0.026226133925414803	0.3461125279763415	0.5085080340970324	13.6625	6.949743249660307	3년	0.3461125279763415	불리(<1)	3년	5.228278564465261	4.281827703160927	불리	N	주당순현금<=0	560000000.0	-11.065372710327438	-17.899353166254528		-31.594701862422745	212.0032000732422	235.83185050964354	N	N	주의	
AME	AMETEK INC/	0001037868	S&P 500	제외	PEG=불리, PEGY=양호	234.24000549316406	6.4	2025	57.99999999999999	457951000.0	4563000.0	462514000.0	1074334000.0	273315000.0	10628786000.0	5438757000.0	66.1506616164027	33.84933838359729	1.9542674916345775	-2.6456051440160167	-3.8274618501334	37.013376662059386	37.198041772390226	7.925801011804396	8.504416556765815	11.164911034441637	24.35160202360879	25.50883311353163	30.829822068883274	155.85025295109628	163.25653192660243	197.31086124085297	-33.46556980180547	-30.303736296929507	-15.765515448380063	3년	25.50883311353163	163.25653192660243	-30.303736296929507	1.7811344696735472	1.7967670759673287	1.8686463455072777	7.227891671243065	3.08567772444575	3년	1.7967670759673289	양호	3년	8.504416556765815	4.352253492641167	불리	N	주당순현금<=0	231259000.0	3.5497982144768736	8.66075870232983		-9.391917280030427	241.17800018310547	226.66854988098146	N	Y	상승전환	단기위험부채 존재
BEN	FRANKLIN TEMPLETON INC	0000038777	S&P 500	보류	PEG=불리, PEGY=불리(<1)	33.65999984741211	0.91	2025	3.87	4647200000.0	58700000.0	4705900000.0	1850750000.0	0.0	12077800000.0	18179500000.0	39.916978712575144	60.083021287424856	0.6643637063725625	5.518264398917665	5.518264398917665	30.92498400933455	30.92498400933455	7.058823529411772	-28.882967962082805	-10.560604841265263	22.617647058823543	-49.26593592416561	-12.621209682530527	20.582058823529426	-44.83200169099071	-11.48530081110278	-38.853063229850726	-233.1907364653109	-134.12151177411786	1년	22.617647058823543	20.582058823529426	-38.853063229850726	0.35339787164038505	-0.8088271914557099	-0.21634950043129328	1.761886354851179	5.234362337606007	1년	0.353397871640385	불리(<1)	1년	7.058823529411772	4.381039401322391	불리	Y		517400000.0	5.815782497734534	41.607064363426225		-5.898799506147611	33.77260025024414	28.725000047683714	N	Y	상승전환	
ED	CONSOLIDATED EDISON INC	0001047862	S&P 500	제외	PEG=불리, PEGY=불리(<1)	106.7300033569336	5.64	2025	3.27	1629000000.0		1629000000.0	25551000000.0	400000000.0	24190000000.0					-66.69082798996376	-67.80596598829105	30.748374352286767	30.94609385553629	7.633587786259531	6.569042175811535	11.45025129540247	23.76717557251906	21.63808435162307	31.40050259080494	134.0468702290075	122.03879574315411	177.09883461213985	25.594365232725647	14.34347597181631	65.93163032130161	3년	21.63808435162307	122.03879574315411	14.34347597181631	0.3546069675533473	0.3199857678030319	0.478732668164869	0.9339280735991079	0.8750379876554519	3년	0.3199857678030319	불리(<1)	3년	6.569042175811535	4.680800264231541	불리	N	주당순현금<=0	358700000.0	-0.10295112759941549	-5.657203263382038		-7.561056466969173	109.48659973144531	107.37264976501464	N	N	주의	단기위험부채 존재
HLT	Hilton Worldwide Holdings Inc.	0001585689	S&P 500	보류	PEG=불리, PEGY=불리(<1)	306.239990234375	6.12	2025	20.0	918000000.0		918000000.0		46000000.0	-5388000000.0	22120000000.0	-32.201769065264166	132.2017690652642	-0.24358047016274864	3.857142857142857	3.6638655462184873	49.408961989743815	49.44054324969878	-0.3257328990227944	10.548046712372283		7.848534201954411	29.596093424744566		48.033029315960995	181.12809175943676		-84.31523287366885	-40.8542001255898		3년	29.596093424744566	181.12809175943676	-40.8542001255898	0.3981922774467745	0.6182693479517616		8.521008403361344	2.782461035490483	3년	0.6182693479517616	불리(<1)	3년	10.548046712372283	4.68418118890105	불리	Y		238000000.0	-10.419468976621104	4.071222752385517		-12.557823891563691	323.33359985351564	313.42204986572267	N	N	판정불가	단기위험부채 존재
KMI	KINDER MORGAN, INC.	0001506307	S&P 500	제외	PEG=불리, PEGY=불리(<1)	30.950000762939453	1.37	2025	3.76	63000000.0	0.0	63000000.0	30777000000.0	1000000000.0	31162000000.0	40299000000.0	43.60700242090091	56.39299757909909	0.7732698081838258	-13.816464237516868	-14.266306792622583	32.676251825150594	33.00460405515477	17.09401709401711	6.94673115572082		42.68803418803422	22.39346231144164		58.48260683760689	30.679043366675046		88.95833730523162	-0.875468140824287		3년	22.39346231144164	30.679043366675046	-0.875468140824287	0.63820101539204	0.3276609328699063		1.3004948268106162	4.201921792415177	3년	0.3276609328699063	불리(<1)	3년	6.94673115572082	4.703831355016643	불리	N	주당순현금<=0	2223000000.0	-1.3073974471696115	-7.224220033929763		-9.79306463382188	31.900400352478027	31.146400146484375	N	N	주의	단기위험부채 존재
CMS	CMS ENERGY CORP	0000811156	S&P 500	제외	PEG=불리, PEGY=불리(<1)	67.68000030517578	3.53	2025	3.34	509000000.0		509000000.0	17807000000.0	950000000.0	9144000000.0					-57.46843853820598	-60.62458471760797	35.452815536368774	36.346907938465655	6.006006006005998	7.393158422805435	45.03820062775774	20.512012012011994	23.28631684561087	98.57640125551548	72.40740240240234	82.20069846500637	347.9746964319696	6.984932145257439	21.454932172510823	414.14700777617827	3년	23.28631684561087	82.20069846500637	21.454932172510823	0.26361816021123985	0.3027448810601509	1.3645799323929473	-0.46179401993355484	-0.6823197663287236	3년	0.3027448810601509	불리(<1)	3년	7.393158422805435	4.795354503294374	불리	N	주당순현금<=0 | FCF<=0	301000000.0	-7.096771828735015	-11.852043004427394		-15.336504580690624	71.7879995727539	73.45069972991944	N	N	주의	단기위험부채 존재
CL	COLGATE PALMOLIVE CO	0000021665	S&P 500	제외	PEG=불리, PEGY=불리(<1)	87.9000015258789	2.63	2025	2.41	1288000000.0	107000000.0	1395000000.0	6871000000.0	1115000000.0	54000000.0	15965000000.0	0.33709969411324053	99.66290030588677	0.0033823989978077045	-6.751325360621379	-8.126001726051042	35.98909767547539	36.511788308718614	-25.07122507122507	7.281634513092983	28.522420757238454	-41.64245014245014	23.063269026185964	65.5448415144769	-109.51964387464386	60.65639753886908	172.38293318307424	-224.5957246569556	-30.993860653106985	96.11254856727444	3년	23.063269026185964	60.65639753886908	-30.993860653106985	-0.6296691646889346	0.2692936233213011	0.8594942011651826	4.3175933916902975	4.9119377892378555	3년	0.2692936233213011	불리(<1)	3년	7.281634513092983	4.942447689562558	불리	N	주당순현금<=0	811100000.0	-1.6668507371553676	-0.05684528038437664		-11.337500436723968	91.59379974365234	87.85905006408692	N	Y	중립/개선	단기위험부채 존재
HUBB	HUBBELL INC	0000048898	S&P 500	제외	PEG=불리, PEGY=불리(<1)	452.4100036621094	4.19	2025	1.25	482500000.0	15400000.0	497900000.0	2036300000.0	56100000.0	3847900000.0	4370900000.0	46.818270307100796	53.181729692899204	0.8803450090370404	-28.755140186915888	-29.80373831775701	114.83654984463608	115.08681192836904	-70.84203201113432	-25.34455002230137	23.13753669964718	-133.18406402226864	-42.18910004460274	54.77507339929436	-558.0412282533057	-176.7723291868855	229.50755754304336	-223.3485607604046	-139.07347931212217	-49.27000824799285	5년	54.77507339929436	229.50755754304336	-49.27000824799285	-0.6060094290997624	-0.20981603901283355	0.21236737547968312			5년	0.2123673754796831	불리(<1)	5년	23.13753669964718	4.963214163000646	불리	N	주당순현금<=0 | FCF<=0	53500000.0	-3.603086038995029	-3.415810908159367		-18.9011340931008	481.4194018554688	486.1860513305664	N	N	주의	단기위험부채 존재
VRTX	VERTEX PHARMACEUTICALS INC / MA	0000875320	S&P 500	보류	PEG=불리, PEGY=판정불가	514.5599975585938	15.32	2025		5084800000.0	1523300000.0	6608100000.0			18665800000.0	6977200000.0	72.79101509183793	27.20898490816207	2.675256549905406	25.61279069767442	25.61279069767442	31.915614024864183	31.915614024864183	836.5384615384615	6.118290879552779	46.11882992489094	1681.576923076923	20.736581759105558	100.73765984978188	25761.758461538462	317.68443254949716	1543.3009488986584	4906.560670042162	-38.26095420227027	199.92633633027802	3년	20.736581759105558	317.68443254949716	-38.26095420227027				12.37906976744186	2.405758284005013	판정불가		판정불가	3년	6.118290879552779	5.21642639311668	불리	Y		258000000.0	15.621065000643553	7.6192651169654235		-7.778339433822268	510.30140014648435	467.5762997436523	Y	Y	강한 상승추세	
PSA	Public Storage	0001393311	S&P 500	제외	PEG=불리, PEGY=불리(<1)	294.6000061035156	9.01	2025	4.07	318095000.0		318095000.0	10253881000.0	700000000.0	9248128000.0	10866770000.0	45.976509550284575	54.023490449715425	0.851046631151667	-56.484781298677674	-60.464269877545455	38.96612512787939	39.40779977592243	-15.319548872180459	-27.352783933755788	7.4520805832128945	-22.139097744360917	-46.205567867511576	23.404161166425787	-199.47327067669187	-416.3121664862793	210.87149210949633	-167.7098664439951	-241.31437809271355	-28.421083591084184	5년	23.404161166425787	210.87149210949633	-28.421083591084184	-0.28870073263024193	-0.5975134519366792	0.29569480017321775			5년	0.2956948001732177	불리(<1)	5년	7.4520805832128945	5.228892078228106	불리	N	주당순현금<=0 | FCF<=0	175902000.0	-9.272885388168927	-1.0546061106496474		-10.854236385962269	318.9092004394531	298.1898504638672	N	N	주의	단기위험부채 존재
PG	PROCTER & GAMBLE Co	0000080424	S&P 500	제외	PEG=불리, PEGY=불리(<1)	142.97000122070312	6.62	2026	3.05	4239000000.0		4239000000.0	22842000000.0	4837000000.0	54311000000.0	72210000000.0	42.92647070446803	57.07352929553197	0.7521257443567373	-7.679256965944273	-9.675954592363261	22.756685526683896	23.05830148233631	1.6897081413210495	3.912707147347039	3.77650968724621	11.879416282642099	16.325414294694077	16.053019374492422	78.6417357910907	108.07424263087479	106.27098825913984	-44.994239966682755	-24.407748682858067	-25.6690303198018	3년	16.325414294694077	108.07424263087479	-24.407748682858067	0.2082776130013921	0.305963148244183	0.2999782054922551	6.252631578947368	4.373387092090156	3년	0.305963148244183	불리(<1)	3년	3.9127071473470387	5.816097313113192	불리	N	주당순현금<=0	2422500000.0	-3.6200588174181036	-5.00332144803779		-14.491624503461932	146.46180053710938	147.5157006072998	N	N	주의	단기위험부채 존재
PAYX	PAYCHEX INC	0000723531	S&P 500	제외	PEG=불리, PEGY=불리(<1)	115.18000030517578	4.89	2026	4.15	1088200000.0	36300000.0	1124500000.0	4556100000.0	0.0	3735100000.0	12439400000.0	23.09252217997465	76.90747782002535	0.3002636783124588	-9.532222222222222	-9.532222222222222	25.503521989242945	25.503521989242945	6.768558951965057	4.379080767859933	10.04574277704604	22.037117903930113	17.258161535719864	28.59148555409208	107.76150655021824	84.39240990967014	139.81236435951027	-6.440782892257191	-26.729979435607063	21.385973249756617	3년	17.258161535719864	84.39240990967014	-26.729979435607063	0.4281196517316457	0.3344275653949831	0.5566189165180253	6.4494444444444445	5.599448191835635	3년	0.3344275653949831	불리(<1)	3년	4.379080767859933	5.823944188566903	불리	N	주당순현금<=0	360000000.0	16.02700130968586	25.646342975705295		-14.971213202084776	117.3500001525879	104.12244991302491	N	Y	상승전환	
AMGN	AMGEN INC	0000318154	S&P 500	제외	PEG=불리, PEGY=불리(<1)	382.4700012207031	14.23	2025	2.58	9129000000.0	0.0	9129000000.0	50005000000.0	0.0	8658000000.0					-75.41697416974169	-75.41697416974169	32.177580842617346	32.177580842617346	88.22751322751324	5.524568667280372	38.82227702083121	184.95502645502648	19.549137334560744	86.14455404166242	2631.910026455027	278.1842242707994	1225.8370040128561	588.1350218461425	-27.266393865417417	220.50539914253056	3년	19.549137334560744	278.1842242707994	-27.266393865417417	2.8220739673270883	0.2518700429009983	1.2866808484867913	14.944649446494465	3.9074043451242337	3년	0.2518700429009983	불리(<1)	3년	5.524568667280372	5.824451243260171	불리	N	주당순현금<=0	542000000.0	8.024064807662379	3.9914060563687848		-13.881382188211798	398.7794000244141	359.1688508605957	N	Y	상승전환	
PNW	PINNACLE WEST CAPITAL CORP	0000764622	S&P 500	제외	PEG=불리, PEGY=불리(<1)	96.58999633789062	5.05	2025	3.75	6604000.0		6604000.0	9205676000.0	757005000.0	7046458000.0					-75.42015725049397	-81.62659156684786	34.061416552155364	35.29041344648287	-3.62595419847329	5.834499340033372	0.7285270633833552	1.2480916030534202	20.168998680066743	9.95705412676671	6.3028625954197715	101.85344333433704	50.28312334017188	-93.47462176789911	5.449267207790198	-47.94168625468033	3년	20.168998680066743	101.85344333433704	5.449267207790198	0.0036418274424015584	0.2813887474514584	0.1314838757961157			3년	0.2813887474514584	불리(<1)	3년	5.834499340033372	5.837933054245669	불리	N	주당순현금<=0 | FCF<=0	121971000.0	-5.673833106848103	-4.818690241705492		-11.685111171025186	102.28920028686524	98.63400016784668	N	N	주의	단기위험부채 존재
NI	NISOURCE INC.	0001111711	S&P 500	제외	PEG=불리, PEGY=불리(<1)	41.41999816894531	1.95	2025	2.88	110100000.0		110100000.0	6427700000.0	736000000.0	9450100000.0					-13.31422550052687	-14.865331928345627	28.068832651011377	28.864271844764584	20.37037037037036	4.679561967174672	61.04691919843306	49.24074074074072	17.859123934349345	130.59383839686612	96.0194444444444	34.82529167198122	254.65798487388892	131.81904560400267	-15.921551879518148	514.818918714533	3년	17.859123934349345	34.82529167198122	-15.921551879518148	0.8283340693020449	0.26932227859865365	2.2775054450342327	-0.8851422550052687	-2.1369925015325206	3년	0.2693222785986536	불리(<1)	3년	4.679561967174672	5.998175224070852	불리	N	주당순현금<=0 | FCF<=0	474500000.0	-11.154013046068567	-11.287214848511418		-15.607178843385071	43.79579986572266	45.03309991836548	N	N	주의	단기위험부채 존재
REG	REGENCY CENTERS CORP	0000910606	S&P 500	제외	PEG=불리, PEGY=불리(<1)	75.30999755859375	0.46	2018	4.01	120661000.0		120661000.0	4739301000.0		6906890000.0	5819677000.0	54.27143077940815	45.72856922059185	1.1868167253955846	-27.255045438451553	-27.255045438451553	222.96748477618544	222.96748477618544	-7.9999999999999964	36.71886432341158	-1.6538041668570203	-7.499999999999993	81.93772864682316	5.1923916662859595	-3.449999999999997	37.691355177538654	2.3885001664915415	-104.58106508012537	-49.951724340166805	-96.82844211403247	3년	81.93772864682316	37.691355177538654	-49.951724340166805	-0.01789498591691589	0.1826672815737917	0.010567441416438485			3년	0.1826672815737917	불리(<1)	3년	36.71886432341158	6.0722870623758265	불리	N	주당순현금<=0 | FCF<=0	169460000.0	-6.6674987235491034	-1.6198634144085622		-8.91388814632197	78.41359985351562	76.02135009765625	N	N	주의	
HD	HOME DEPOT, INC.	0000354950	S&P 500	제외	PEG=불리, PEGY=불리(<1)	305.69000244140625	14.23	2025	3.0	1389000000.0		1389000000.0	8707000000.0	4464000000.0	12813000000.0	92282000000.0	12.191826442742281	87.80817355725772	0.13884614551050042	-7.354773869346734	-11.841206030150754	21.99893016941342	22.31421001205601	-4.560697518443995	-5.176454930934304	3.5714638909686514	-0.6213950368879892	-1.8529098618686088	15.642927781937303	-8.842451374916088	-26.366907334390305	222.5988623369678	-102.89262040115656	-108.6253744394026	-27.18150395525778	5년	15.642927781937303	222.5988623369678	-27.18150395525778	-0.07094424621675179	-0.09893458064430674	0.2987174303642			5년	0.2987174303642	불리(<1)	5년	3.5714638909686514	6.159639531857867	불리	N	주당순현금<=0 | FCF<=0	995000000.0	-6.232939699866025	-9.80733217852815		-27.804545664542914	336.6705975341797	343.53689895629884	N	N	주의	단기위험부채 존재
CHRW	C. H. ROBINSON WORLDWIDE, INC.	0001043277	S&P 500	제외	PEG=불리, PEGY=불리(<1)	152.4199981689453	4.83	2025	1.67	160871000.0		160871000.0	1089438000.0	0.0	1845647000.0	3212734000.0	36.48691152366735	63.51308847633265	0.574478621635031	-7.642400948132541	-7.642400948132541	33.13921306771798	33.13921306771798	25.129533678756484	-13.256194627034546	5.361231500071417	58.75906735751297	-18.01238925406909	19.222463000142834	283.8062953367876	-86.99984009715371	92.84449629068989	86.20016975870264	-157.07901925095248	-39.086407685309624	5년	19.222463000142834	92.84449629068989	-39.086407685309624	0.8086955361309652	-0.3496218996920312	0.21217255478286465	7.365236786225741	4.832198448173427	5년	0.2121725547828646	불리(<1)	5년	5.361231500071417	6.181268812450373	불리	N	주당순현금<=0	121502000.0	-20.244886357512048	-11.311534023255042		-27.218030989579333	166.20240081787108	172.73125045776368	N	N	주의	
REGN	REGENERON PHARMACEUTICALS, INC.	0000872589	S&P 500	제외	PEG=불리, PEGY=안심	793.260009765625	41.48	2025	47.0	3118100000.0	5487100000.0	8605200000.0	1985900000.0		31256900000.0	9301800000.0	77.06583297788144	22.934167022118558	3.360306607323314	60.951197053407	60.951197053407	17.654503681586743	17.654503681586743	8.189880020865917	2.765976893685007	32.28413389720095	24.879760041731835	14.031953787370014	73.0682677944019	1032.0124465310364	582.0454431001082	3030.8717481117906	30.097626733503514	-26.626145786413947	282.0779707535346	3년	14.031953787370014	582.0454431001082	-26.626145786413947	3.126107706920571	2.818882806974054	4.49087299915956			3년	2.818882806974054	안심	3년	2.765976893685007	6.382737224556605	불리	N	FCF<=0	108600000.0	29.727879097125243	6.248245446663292		-6.897646504284493	748.3213989257813	733.4034490966797	Y	Y	강한 상승추세	
AAPL	Apple Inc.	0000320193	S&P 500	제외	PEG=불리, PEGY=불리(<1)	326.57000732421875	7.46	2025	34.0	35934000000.0	18763000000.0	54697000000.0	78328000000.0	7979000000.0	73733000000.0	285508000000.0	20.524661717342955	79.47533828265705	0.2582519579136136	-1.5749068441701954	-2.106673663586809	43.987253909971706	44.05853632544311	22.69736842105263	6.880679389561806	59.17805489937251	53.89473684210526	22.26135877912361	126.85610979874502	402.0547368421052	166.06973649226214	946.3465790986379	23.114409720714256	-49.147278449429656	189.78367819280626	3년	22.26135877912361	166.06973649226214	-49.147278449429656	1.2889499430242815	0.9293755748706637	2.1182967022692334	6.582405496092323	2.015618503985061	3년	0.9293755748706636	불리(<1)	3년	6.880679389561806	6.392864922132787	불리	N	주당순현금<=0	15004697000.0	10.465785586842191	27.686117586106775		-3.9725887383778913	317.2164001464844	284.64944946289063	Y	Y	강한 상승추세	단기위험부채 존재
GWW	W.W. GRAINGER, INC.	0000277135	S&P 500	제외	PEG=불리, PEGY=안심	1271.489990234375	35.4	2025	78.0	585000000.0		585000000.0	2362000000.0	0.0	3736000000.0					-37.020833333333336	-37.020833333333336	36.963582586658426	36.963582586658426	-8.550762076982696	5.601826190477133	62.54354736477112	-8.601524153965393	19.703652380954267	133.58709472954223	-304.4939550503749	697.509294285781	4728.983153425795	-123.9478059118851	-45.14236843050503	271.9245286826125	3년	19.703652380954267	697.509294285781	-45.14236843050503	1.8788557023713444	2.261734938556855	3.8022166015774315	27.729166666666668	2.180840343191009	3년	2.261734938556855	안심	3년	5.601826190477133	6.598487944787532	불리	N	주당순현금<=0	48000000.0	-3.2322119368708213	17.49338623219574		-9.310787667505704	1334.8803930664062	1182.9081491088866	N	Y	중립/개선	
SNPS	SYNOPSYS INC	0000883241	S&P 500	제외	PEG=불리, PEGY=판정불가	397.1700134277344	8.04	2025		2888030000.0	72929000.0	2960959000.0	13462398000.0	22117000.0	28327602000.0	19897446000.0	58.74043297997339	41.25956702002661	1.4236803055025253	-63.39304945187618	-63.52656106630608	57.28396304472769	57.300568966920466	-44.589937973811175	8.526334391298395	13.492100704033394	-80.67987594762235	25.55266878259679	35.48420140806679	-648.6662026188836	205.44345701207817	285.29297932085694	-263.32204866642314	-48.27317016231416	-28.168550072885502	3년	25.55266878259679	205.44345701207817	-48.27317016231416				8.144311102525716	2.050585599914024	판정불가		판정불가	3년	8.526334391298395	6.718474835233908	불리	N	주당순현금<=0	165656000.0	-12.956670978993646	-5.146634440710651		-25.701508672242145	409.30559997558595	447.32525161743166	N	N	주의	단기위험부채 존재
EXR	Extra Space Storage Inc.	0001289490	S&P 500	제외	PEG=불리, PEGY=불리(<1)	136.4499969482422	4.59	2025	4.78	138920000.0		138920000.0		500000000.0	13433166000.0	14940010000.0	47.34459758752422	52.65540241247578	0.8991403620211766	0.6557453781291385	-1.7044093084859584	29.584804263641193	30.098999184472365	13.89578163771711	-10.535332538619723	4.348871143162825	36.29156327543422	-12.570665077239447	17.19774228632565	166.57827543424307	-57.69935270452906	78.93763709423473	22.080087328568453	-142.28607841333658	-42.14903711271087	5년	17.19774228632565	78.93763709423473	-42.14903711271087	0.6312626398096224	-0.19453677933211302	0.30856621736659334			5년	0.3085662173665933	불리(<1)	5년	4.348871143162825	6.802869822931776	불리	N	FCF<=0	211850521.0	-9.190734768704834	-2.6608616938410545		-10.729478901143619	145.81979919433593	141.46294929504396	N	N	주의	단기위험부채 존재
VRSN	VERISIGN INC/CA	0001014473	S&P 500	보류	PEG=불리, PEGY=불리(<1)	288.8500061035156	6.24	2022	1.13	307900000.0	272600000.0	580500000.0	0.0		-2154200000.0	3480100000.0	-162.47077456821782	262.4707745682178	-0.6190052009999713	6.188699360341151	6.188699360341151	45.29828633704719	45.29828633704719	-10.857142857142854	6.608652379326085	11.139222486886503	-13.214285714285708	21.71730475865217	30.778444973773006	-82.45714285714283	135.51598169398954	192.05749663634356	-128.54669936464967	-53.084307138486096	-33.509609631957005	3년	21.71730475865217	135.51598169398954	-53.084307138486096	-0.21473533865645408	0.17083764100358542	0.27085400969908485	11.389125799573561	3.942920394293508	3년	0.1708376410035854	불리(<1)	3년	6.608652379326085	6.854390840522083	불리	Y		93800000.0	3.3193828151010463	22.836493132409185		-6.822578676285285	280.9847979736328	262.3154499053955	Y	Y	강한 상승추세	
WRB	BERKLEY W R CORP	0000011544	S&P 500	보류	PEG=불리, PEGY=안심	70.05000305175781	4.45	2025	56.99999999999999	2539938000.0		2539938000.0			9700818000.0	34359177000.0	22.01729255756838	77.98270744243162	0.2823355751507086	6.35205233818752	6.35205233818752	14.314146227768605	14.314146227768605	2.0642201834862353		-2.067551596878059	12.62844036697247		4.364896806243882	56.19655963302749		19.423790787785276	-19.776506517058156		-72.27153470152795	1년	12.62844036697247	56.19655963302749	-19.776506517058156	4.1262831358327965		3.837633591904783	8.808458439307659	12.57452970101851	5년	3.837633591904783	안심	1년	2.0642201834862353	6.934408617007913	불리	Y		399861000.0	3.716319369568466	1.9650744737772063		-10.718832692899172	71.01800003051758	69.1472999572754	N	Y	상승전환	
CDNS	CADENCE DESIGN SYSTEMS INC	0000813672	S&P 500	보류	PEG=불리, PEGY=판정불가	284.95001220703125	4.06	2025		3001317000.0	154213000.0	3155530000.0			5474181000.0					11.545523065214846	11.545523065214846	67.34100717778729	67.34100717778729	5.454545454545442	9.527334351951566	13.985265633616972	19.409090909090885	27.554668703903133	36.470531267233945	78.80090909090899	111.87195493784671	148.0703569449698	-72.34570776798004	-60.73979640451259	-48.03637459141821	3년	27.554668703903133	111.87195493784671	-60.73979640451259				5.8062214611872145	2.037628079471247	판정불가		판정불가	3년	9.527334351951566	7.068189767476067	불리	Y		273312000.0	-25.74398825804063	-1.8496813797577838		-31.566559671797712	336.2096008300781	326.83755020141604	N	N	주의	
LNT	ALLIANT ENERGY CORP	0000352541	S&P 500	제외	PEG=불리, PEGY=불리(<1)	67.25	3.14	2025	3.15	556000000.0		556000000.0	10954000000.0	88000000.0	7334000000.0					-40.33359193173003	-40.67494181536075	34.26229042411784	34.37100057814036	16.72862453531599	4.774516892465397	4.91716309026109	41.95724907063198	18.049033784930792	18.33432618052218	131.74576208178442	56.67396608468269	57.56978420683964	95.90447893202145	-15.72644448374322	-14.394372926632503	3년	18.049033784930792	56.67396608468269	-15.726444483743219	0.5801895988051945	0.23128975892654235	0.235453117418632	-1.221877424359969	-1.8169181031375004	3년	0.2312897589265423	불리(<1)	3년	4.774516892465397	7.1760748146449576	불리	N	주당순현금<=0 | FCF<=0	257800000.0	-7.394660621704229	-6.03604822306103		-13.815197934050271	71.56639968872071	70.43954990386963	N	N	주의	단기위험부채 존재
MPWR	MONOLITHIC POWER SYSTEMS, INC.	0001280452	S&P 500	보류	PEG=불리, PEGY=불리(<1)	1186.0799560546875	12.86	2025	66.0	1099302000.0	157243000.0	1256545000.0			3531497000.0	662702000.0	84.19955753172418	15.800442468275827	5.328936686474464	26.010577739137634	26.010577739137634	90.20757218627915	90.20757218627915	-64.85378518720962	12.425319328361194	29.728257539054503	-121.20757037441925	33.35063865672239	67.956515078109	-1558.7293550150314	428.8892131254499	873.9207839044818	-231.41857317949334	-63.8397722736936	-26.318560612773112	3년	33.35063865672239	428.8892131254499	-63.8397722736936	0.012706414605898447	0.8693873189094643	1.0611997997393734	13.790163323604297	1.1626672597583685	3년	0.8693873189094643	불리(<1)	3년	12.425319328361194	7.259980190640046	불리	Y		48309000.0	-25.382660525278244	14.721239452650646		-29.813186315475214	1320.5324072265626	1255.5979000854493	N	N	판정불가	
TDY	TELEDYNE TECHNOLOGIES INC	0001094285	S&P 500	제외	PEG=불리, PEGY=판정불가	596.5	18.88	2025		352400000.0		352400000.0	2025300000.0	450100000.0	10513900000.0	4771400000.0	68.78438761424374	31.21561238575625	2.203525170809406	-35.29324894514768	-44.78902953586498	33.4636254737896	33.96657995423014	9.703660662405566	4.530504261422341	40.24408367454113	27.907321324811132	17.56100852284468	88.98816734908226	526.8902266124342	331.5518409113076	1680.096599550673	-11.669702160530736	-44.41712641889227	181.65911140832742	3년	17.56100852284468	331.5518409113076	-44.41712641889227				22.658227848101266	3.798529396161151	판정불가		판정불가	3년	4.530504261422341	7.386291578784162	불리	N	주당순현금<=0	47400000.0	-4.365668048902494	-7.743942149656724		-13.71329227064294	643.8324011230469	615.4188983154297	N	N	주의	단기위험부채 존재
COR	Cencora, Inc.	0001140859	S&P 500	제외	PEG=불리, PEGY=양호	320.95001220703125	7.96	2025	74.0	4356138000.0		4356138000.0	7542988000.0	13976000.0	1508019000.0					-16.324904976077537	-16.39649820197322	42.37122075164684	42.38021487550307	5.7104913678618825	-0.3327811631230859		19.920982735723765	7.834437673753828		158.57102257636117	62.36212388308047		-50.59323366715633	-80.5695212615062		1년	19.920982735723765	158.57102257636117	-50.59323366715633	1.881241322620231	1.7386145013066139		16.428837071111705	5.118814907697887	3년	1.738614501306614	양호	1년	5.7104913678618825	7.419890517672114	불리	N	주당순현금<=0	195214000.0	14.022310530114424	-8.989077623168262		-14.356234234281185	314.4686010742187	321.3471002960205	Y	N	중립/개선	단기위험부채 존재
AVGO	Broadcom Inc.	0001730168	S&P 500	제외	PEG=불리, PEGY=불리(<1)	360.8299865722656	4.77	2025	71.0	16178000000.0		16178000000.0	39440000000.0	3152000000.0	24941000000.0	89800000000.0	21.736781098299648	78.26321890170036	0.27773942093541204	-4.793323717288275	-5.442818874922728	76.65058915923562	76.78675166607724	287.8048780487805	-43.55912867705002	10.237702081843047	584.109756097561	-78.61825735410004	28.975404163686093	2786.203536585366	-375.00908757905717	138.21267786078266	672.1651858963102	-203.9295794513885	-61.69590028430135	5년	28.975404163686093	138.21267786078266	-61.69590028430135	4.681045272899225	0.35799948342136956	1.0598444574650048	5.545847929116011	1.5369698017061313	3년	0.3579994834213695	불리(<1)	5년	10.237702081843047	7.487089245855118	불리	N	주당순현금<=0	4853000000.0	-6.416479571023714	7.399465803862548		-25.072163738524623	383.2325994873047	370.093800201416	N	N	판정불가	단기위험부채 존재
APH	AMPHENOL CORP /DE/	0000820313	S&P 500	보류	PEG=불리, PEGY=안심	80.25	3.34	2025	61.0	11130600000.0	303600000.0	11434200000.0	3541500000.0	1100000.0	13413100000.0	22727200000.0	37.11396972354961	62.88603027645039	0.5901782885705235	6.178238747553816	6.1773776908023486	22.177174027678497	22.177431829101096	73.95833333333334	2.961536144628707	23.76838535152701	156.41666666666669	14.423072289257414	56.03677070305402	522.4316666666667	48.17306144611976	187.1628141482004	551.005192107996	-39.9712629954894	133.2246905273525	3년	14.423072289257414	48.17306144611976	-39.9712629954894	6.085461256916545	2.884115715771573	3.82232584033163	3.4270841487279844	4.270509842651694	3년	2.884115715771573	안심	3년	2.961536144628707	7.488402283355852	불리	Y		1277500000.0	5.273509728503467	22.08108200331058		-8.972326830232479	80.31429962158204	73.08239990234375	N	Y	상승전환	단기위험부채 존재
ES	EVERSOURCE ENERGY	0000072741	S&P 500	제외	PEG=불리, PEGY=불리(<1)	68.98999786376953	4.56	2025	4.47	135400000.0	91975000.0	227375000.0	26872433000.0	1150000000.0	16197271000.0					-71.76940909951273	-74.86697490193806	30.868291000719797	31.547581746865706	100.88105726872246	4.032716713858986	5.134994887862021	210.26211453744492	16.56543342771797	18.769989775724042	958.7952422907488	75.53837643039394	85.59115337730162	1289.7597796480948	9.491779633846487	24.06313382747658	3년	16.56543342771797	75.53837643039394	9.491779633846487	3.412921605095204	0.27545148883236575	0.31116056563150996	-0.12147036955823949	-0.17606953662775848	3년	0.2754514888323657	불리(<1)	3년	4.032716713858986	7.65446551071556	불리	N	주당순현금<=0 | FCF<=0	371259264.0	0.8183509514779308	-5.764241597427033		-9.473824048600676	72.60260025024414	70.2132001876831	N	N	중립/개선	단기위험부채 존재
VST	Vistra Corp.	0001692819	S&P 500	제외	PEG=불리, PEGY=불리(<1)	147.0500030517578	2.18	2025	61.0	785000000.0		785000000.0	17043000000.0	1800000000.0	5097000000.0	36440000000.0	12.270987312516551	87.72901268748345	0.13987376509330407	-47.03519351216827	-52.24268202993816	89.02990668070002	91.4186628815119	-68.85714285714286		10.892615869362698	-129.21428571428572		30.285231738725397	-281.6871428571429		66.02180519042138	-291.5587466924406		-55.102479550997764	5년	30.285231738725397	66.02180519042138	-55.102479550997764	-0.0882528483975839		0.8075108528104034	3.8130388146781753	2.5930219214861787	5년	0.8075108528104034	불리(<1)	5년	10.892615869362698	8.173418373369019	불리	N	주당순현금<=0	345656067.0	0.4577115361361628	-7.851860280439293		-32.52110669634121	148.94960021972656	157.3760498046875	N	N	중립/개선	단기위험부채 존재
KEYS	Keysight Technologies, Inc.	0001601046	S&P 500	제외	PEG=불리, PEGY=판정불가	325.6499938964844	4.91	2025		1873000000.0		1873000000.0	2534000000.0	0.0	5881000000.0	5420000000.0	52.03964250951243	47.96035749048757	1.0850553505535054	-3.820809248554913	-3.820809248554913	67.10199656721777	67.10199656721777	39.886039886039896	-7.381515092017421	8.205839717989182	88.27207977207979	-6.263030184034843	24.911679435978364	433.4159116809118	-30.75147820361108	122.31634603065378	33.09255943627727	-109.44310725624833	-62.43932187220156	5년	24.911679435978364	122.31634603065378	-62.43932187220156				7.404624277456647	2.273798377472221	판정불가		판정불가	5년	8.205839717989182	8.17734672785699	불리	N	주당순현금<=0	173000000.0	-4.229040065416734	15.160193543478485		-12.773879817110323	325.5422003173828	290.86874923706057	Y	Y	강한 상승추세	
CI	Cigna Group	0001739940	S&P 500	보류	PEG=불리, PEGY=불리(<1)	280.9100036621094	22.18	2025	2.24	7676000000.0	1056000000.0	8732000000.0		0.0	41713000000.0	116045000000.0	26.441131353085108	73.5588686469149	0.3594553836873627	32.513786336911636	32.513786336911636	11.19910808499539	11.19910808499539	83.00330033003301	1.3586099967532128	-0.6888681408957265	174.50660066006603	11.217219993506426	7.122263718208547	3870.5564026402644	248.7979394559725	157.97180926986556	1277.863497982057	-11.43144202324764	-43.764263568242	3년	11.217219993506426	248.7979394559725	-11.43144202324764	7.611615111049989	0.3213300532008121	0.13850494586997392	31.839829015910606	11.33453013450134	3년	0.3213300532008121	불리(<1)	3년	1.3586099967532128	8.243063212959466	불리	Y		268563000.0	-4.724593965812318	5.6529255691571745		-9.675239980029138	283.4079998779297	279.6800497436523	N	Y	중립/개선	
PEP	PEPSICO INC	0000077476	S&P 500	제외	PEG=불리, PEGY=불리(<1)	136.64999389648438	6.0	2025	4.33	9159000000.0	371000000.0	9530000000.0	42321000000.0	4898000000.0	20406000000.0	86852000000.0	19.025154300844694	80.97484569915531	0.23495141159673927	-23.882738528769117	-27.450109249817917	26.755455404208917	27.350017191050384	-13.66906474820144	-2.230046768668525	3.222947933334197	-18.83812949640288	4.039906462662949	14.945895866668394	-113.02877697841727	24.239438775977696	89.67537520001036	-182.71407393112602	-82.26166128163925	-34.37586593092598	5년	14.945895866668394	89.67537520001036	-34.37586593092598	-0.34905272988671704	0.07848691788670245	0.2822956223031075			3년	0.0784869178867024	불리(<1)	5년	3.222947933334197	8.301547514151096	불리	N	주당순현금<=0 | FCF<=0	1373000000.0	-4.925904154673355	-13.980867826095144		-19.848677638781897	139.5727996826172	148.63154975891112	N	N	주의	단기위험부채 존재
CIEN	CIENA CORP	0000936395	S&P 500	제외	PEG=불리, PEGY=판정불가	334.55999755859375	0.85	2025		1091952000.0	216148000.0	1308100000.0	1524158000.0	11580000.0	2729323000.0	3135344000.0	46.53841386049711	53.46158613950289	0.8705019289749386	-1.487511015642212	-1.5672367261511346	395.35001008733644	395.4438050408763	46.55172413793104	-5.273176281409042	-18.193805923142392	101.60344827586208	-2.0463525628180843	-27.887611846284784	86.36293103448277	-1.7393996783953716	-23.704470069342065	-74.1861155951983	-100.5199066508514	-107.08526728907289	1년	101.60344827586208	86.36293103448277	-74.1861155951983				4.580386649041639	1.3690777984416516	판정불가		판정불가	1년	46.55172413793104	8.492703920394634	불리	N	주당순현금<=0	145248000.0	-24.855128556377082	-0.6739272345589908		-46.64114871473784	396.0367999267578	379.47274978637694	N	N	주의	단기위험부채 존재
NTAP	NetApp, Inc.	0001002047	S&P 500	보류	PEG=불리, PEGY=불리(<1)	183.60000610351562	6.35	2026	1.13	2070000000.0	1514000000.0	3584000000.0	2487000000.0	0.0	1351000000.0	9393000000.0	12.57446016381236	87.42553983618764	0.14383051208346642	5.45771144278607	5.45771144278607	28.053904670981034	28.053904670981034	11.992945326278655	3.1252593706817544	14.4759458626317	32.48589065255731	14.750518741363509	37.4518917252634	206.2854056437389	93.66579400765828	237.8195124554226	12.355881691764758	-48.983774022943926	29.531320560707087	3년	14.750518741363509	93.66579400765828	-48.983774022943926	0.4677760718226519	0.1516815366911614	0.5562842693614232	9.298507462686567	5.064546379940734	3년	0.1516815366911614	불리(<1)	3년	3.1252593706817544	8.97650445724806	불리	Y		201000000.0	14.41391207506788	89.41504748320104		-11.338610932935534	180.6026007080078	131.82584995269775	Y	Y	강한 상승추세	
ULTA	Ulta Beauty, Inc.	0001403568	S&P 500	보류	PEG=불리, PEGY=불리(<1)	535.6300048828125	25.64	2025	0.18669603847506347	424243000.0	70000000.0	494243000.0		62287000.0	2803451000.0	4195843000.0	40.053339665400536	59.946660334599464	0.6681496423960572	10.985374852748327	9.600942410704363	20.46195904953448	20.5159540745752	1.1838989739542254	2.213584866040041	53.28338358172324	10.86779794790845	12.927169732080083	115.06676716344649	278.65033938437267	331.45263193053336	2950.311910070768	-47.977085517205666	-38.11910667643609	450.8115458760101	3년	12.927169732080083	331.45263193053336	-38.11910667643609	0.06698258994221135	0.11730455029767604	2.6131456665883013	23.73699184281301	4.431602342368085	3년	0.117304550297676	불리(<1)	3년	2.2135848660400415	9.243810510025572	불리	Y		44991000.0	12.428107507297103	-14.258044754879906		-24.219744866797654	510.23319274902343	556.9241485595703	Y	N	중립/개선	단기위험부채 존재
SYK	STRYKER CORP	0000310764	S&P 500	제외	PEG=불리, PEGY=불리(<1)	270.010009765625	2.2	2025	1.28	4011000000.0	89000000.0	4100000000.0	14859000000.0	0.0	11730000000.0	25424000000.0	31.571297841416808	68.42870215858319	0.46137507866582755	-27.83699870633894	-27.83699870633894	135.38500385089267	135.38500385089267	56.02836879432627	14.384834642672196	8.105373722329045	120.55673758865254	37.26966928534439	24.71074744465809	265.2248226950356	81.99327242775767	54.3636443782478	-1.7722258055333118	-69.6332471159385	-79.86606332652752	3년	37.26966928534439	81.99327242775767	-69.6332471159385	0.4232992367267152	0.11570583297338295	0.06932358426244681	11.08150064683053	4.104107346408947	3년	0.1157058329733829	불리(<1)	3년	14.384834642672196	9.411648254146556	불리	N	주당순현금<=0	386500000.0	-11.657506600958623	-19.928229706208235		-30.55119631902081	325.7840008544922	337.1396502685547	N	N	주의	
HII	HUNTINGTON INGALLS INDUSTRIES, INC.	0001501585	S&P 500	제외	PEG=불리, PEGY=불리(<1)	281.6700134277344	15.39	2025	1.97	627000000.0		627000000.0	2214000000.0	231000000.0	5073000000.0	7676000000.0	39.79135618479881	60.20864381520119	0.6608910891089109	-40.38167938931298	-46.25954198473283	20.926035920535888	21.30796331465024	10.243553008595986	2.146574918873223	20.13587083183459	28.987106017191973	12.793149837746446	48.77174166366918	446.1115616045845	196.88657600291782	750.5971042038688	58.380921055708846	-30.100271020354352	166.48101268204147	3년	12.793149837746446	196.88657600291782	-30.100271020354352	0.5836534475509595	0.19672024527270346	1.0563811949754356	20.203562340966922	7.172777142693741	3년	0.1967202452727034	불리(<1)	3년	2.146574918873223	9.748570029654662	불리	N	주당순현금<=0	39300000.0	-6.406379131838569	-32.05566984597369		-37.921229231578934	297.5270013427734	347.5740022277832	N	N	주의	단기위험부채 존재
EVRG	Evergy, Inc.	0001711269	S&P 500	제외	PEG=불리, PEGY=불리(<1)	81.36000061035156	3.66	2025	3.42	19800000.0		19800000.0	13039200000.0	1394000000.0	10221300000.0					-55.73373287671233	-61.701198630136986	37.45730423143822	39.087759355324735	-3.43007915567282	3.827192527443257	6.116382445678448	1.6398416886543599	16.154385054886514	20.732764891356894	6.001820580474957	59.12504930088465	75.88191950236623	-92.62313110195413	-27.32909432480748	-6.733137987818971	3년	16.154385054886514	59.12504930088465	-27.32909432480748	-0.0002690838510572958	0.19347875337383807	0.2545934001751916	-3.2178938356164384	-3.9551300534368736	3년	0.193478753373838	불리(<1)	3년	3.827192527443257	9.78714918647206	불리	N	주당순현금<=0 | FCF<=0	233600000.0	-1.750992622860803	-0.4648853234022421		-7.681830085163021	83.85019943237305	80.72819992065429	N	Y	중립/개선	단기위험부채 존재
MAS	MASCO CORP /DE/	0000062996	S&P 500	제외	PEG=불리, PEGY=불리(<1)	67.63999938964844	3.86	2025	1.84	647000000.0	0.0	647000000.0	2945000000.0	206000000.0	-185000000.0	5125000000.0	-3.7449392712550607	103.74493927125505	-0.03609756097560975	-10.942857142857143	-11.923809523809524	20.35825298769575	20.61238572887512	2.659574468085109	2.0689294926649726	39.146125181238034	13.819148936170219	12.637858985329945	86.79225036247607	53.341914893617044	48.78213568337359	335.0180863991576	-21.138504767963617	-27.879751443582716	395.2958152309334	3년	12.637858985329945	48.78213568337359	-27.879751443582713	0.22101967545076637	0.19200711844122756	2.0132437300002852	4.3	6.35718515493965	3년	0.1920071184412275	불리(<1)	3년	2.0689294926649726	9.83999361016041	불리	N	주당순현금<=0	210000000.0	-8.2847465903072	11.506758258810157		-18.279567315513955	75.41239990234375	69.74350021362305	N	N	판정불가	단기위험부채 존재
DGX	QUEST DIAGNOSTICS INC	0001022079	S&P 500	제외	PEG=불리, PEGY=불리(<1)	231.13999938964844	8.75	2025	1.46	420000000.0		420000000.0	5167000000.0	504000000.0	7170000000.0					-42.008849557522126	-46.469026548672566	31.217011308248065	31.7267458215224	13.784135240572166	3.161245578286187	15.756447866281853	36.06827048114433	14.822491156572374	40.012895732563706	315.5973667100129	129.69679762000828	350.11283765993244	36.539485828235605	-43.88820716341287	51.47219805505121	3년	14.822491156572374	129.69679762000828	-43.88820716341287	0.4883278251734626	0.14803613109065233	0.5515085251525336	12.026548672566372	5.203144719357899	3년	0.1480361310906523	불리(<1)	3년	3.161245578286187	9.874908650776764	불리	N	주당순현금<=0	113000000.0	13.398418934043743	15.063716532906657		-5.657143106265949	228.8902001953125	201.79990043640137	Y	Y	강한 상승추세	단기위험부채 존재
AMAT	APPLIED MATERIALS INC /DE	0000006951	S&P 500	보류	PEG=불리, PEGY=불리(<1)	454.010009765625	8.66	2025	45.0	7241000000.0	1332000000.0	8573000000.0	6455000000.0	100000000.0	20415000000.0	15884000000.0	56.24121876635721	43.7587812336428	1.2852556031226392	2.621287128712871	2.4975247524752477	52.12340908047484	52.13770034793877	0.5807200929152232	5.191743203490939	47.74832161975129	9.661440185830447	18.88348640698188	103.99664323950257	83.66807200929168	163.53099228446308	900.6109304540923	-81.57131556361854	-63.98075179688589	98.3680780340102	3년	18.88348640698188	163.53099228446308	-63.98075179688589	0.8744769556907114	0.9629405307315653	1.7793986091077518	7.051980198019802	1.5532653567837122	3년	0.9629405307315652	불리(<1)	3년	5.191743203490939	10.039673966429415	불리	Y		808000000.0	-17.847061788595976	34.61322517706158		-37.20470127723029	520.7417987060547	410.6387996673584	N	Y	중립/개선	단기위험부채 존재
XEL	XCEL ENERGY INC	0000072903	S&P 500	제외	PEG=불리, PEGY=불리(<1)	75.41000366210938	3.42	2025	3.11	129000000.0		129000000.0	9263144000.0	1550000000.0	23609000000.0					-15.50788455008489	-18.13946349745331	26.584177839822885	27.353645368293183	-0.5813953488372098	2.5625825491252474	44.65267498881473	7.33720930232558	13.625165098250495	97.80534997762946	25.093255813953483	46.598064636016694	334.49429692349275	-66.72423472303599	-38.20705162035362	343.5675383630345	3년	13.625165098250495	46.598064636016694	-38.20705162035362	0.09511690248230888	0.2133819064597049	1.7966579698871343	6.932088285229202	9.192531426320976	3년	0.2133819064597049	불리(<1)	3년	2.5625825491252474	10.373979112945085	불리	N	주당순현금<=0	589000000.0	-3.6540093313142896	-6.693882768056114		-10.129900642392986	78.42980026245117	78.57050025939941	N	N	주의	단기위험부채 존재
A	AGILENT TECHNOLOGIES, INC.	0001090872	S&P 500	제외	PEG=불리, PEGY=안심	143.1199951171875	4.57	2025	70.0	1789000000.0	0.0	1789000000.0	2729000000.0	304000000.0	6741000000.0	5986000000.0	52.966134988606896	47.0338650113931	1.1261276311393251	-3.2982456140350878	-4.364912280701755	32.03900234818875	32.27240862098233	3.160270880361187	3.018045520401325	14.719612881567535	14.820541760722374	14.53609104080265	37.93922576313507	67.72987584650126	66.42993605646811	173.38226173752727	-52.676161153412814	-53.584447790069525	21.14468114365211	3년	14.53609104080265	66.42993605646811	-53.584447790069525	2.283475311911425	2.2790361799305288	2.644265010528861	4.042105263157895	2.824277110859454	3년	2.2790361799305288	안심	3년	3.0180455204013246	10.615811501719287	불리	N	주당순현금<=0	285000000.0	10.474713813791414	28.209261523389806		-9.987424454599058	142.990400390625	131.59660007476808	Y	Y	강한 상승추세	단기위험부채 존재
MTD	METTLER TOLEDO INTERNATIONAL INC/	0001037646	S&P 500	제외	PEG=불리, PEGY=판정불가	1280.5799560546875	42.05	2025		69807000.0		69807000.0	2088241000.0		-23636000.0	3736282000.0	-0.6366348959744613	100.63663489597445	-0.006326074959010053	-97.64234285817118	-97.64234285817118	32.7757978338373	32.7757978338373	3.8784584980237167	3.064056292120587	36.02403387418598	16.256916996047433	14.628112584241174	80.54806774837196	683.6033596837946	615.1121341673413	3387.046248819041	-46.61767455818268	-51.96612821721591	164.49314881158395	3년	14.628112584241174	615.1121341673413	-51.96612821721591				41.05359847381745	3.2058598355934476	판정불가		판정불가	3년	3.064056292120587	10.69686543231021	불리	N	주당순현금<=0	20671708.0	12.208539413335151	9.63869486769584		-14.969260737100354	1362.5250073242187	1317.9517993164063	N	N	중립/개선	
CTSH	COGNIZANT TECHNOLOGY SOLUTIONS CORP	0001058290	S&P 500	보류	PEG=불리, PEGY=불리(<1)	58.31999969482422	4.56	2025	2.27	1901000000.0	13000000.0	1914000000.0	543000000.0	33000000.0	15015000000.0	5677000000.0	72.56427604871448	27.435723951285524	2.6448828606658448	2.803680981595092	2.736196319018405	12.174631296760774	12.189430564869697	1.1086474501108607	1.1211696562825724	12.15182468925482	10.717294900221722	10.742339312565145	32.80364937850964	48.87086474501105	48.985067265297054	149.58464116600393	-16.20222050627301	-16.00639999721334	156.48944092720777	3년	10.742339312565145	48.985067265297054	-16.00639999721334	0.27751538159597455	0.27854393070489447	1.1845799957072984	5.306748466257669	9.099362987014267	3년	0.2785439307048944	불리(<1)	3년	1.1211696562825724	10.858866210425123	불리	Y		489000000.0	13.95076074066841	-4.6747312783350985		-32.7335619981165	53.63620002746582	62.57810001373291	Y	N	중립/개선	단기위험부채 존재
FITB	FIFTH THIRD BANCORP	0000035527	S&P 500	제외	PEG=불리, PEGY=불리(<1)	54.43000030517578	3.53	2025	2.95	3499000000.0		3499000000.0	13589000000.0	926000000.0	21724000000.0	192652000000.0	10.133597044445274	89.86640295555472	0.11276290928721218	-15.003653753999819	-16.38059957919346	19.66959038503558	20.059660023900637	12.420382165605085	1.7598909234150195	14.04197322404901	33.34076433121017	12.019781846830039	36.58394644809802	117.69289808917188	42.42982991931004	129.141330961786	116.22799454215765	-22.04697835492137	137.26130853889757	3년	12.019781846830039	42.42982991931004	-22.046978354921375	0.7814286858407948	0.23945038158996212	0.8638702124156243	5.843841353143636	10.736434540471501	3년	0.2394503815899621	불리(<1)	3년	1.7598909234150195	11.176596301131712	불리	N	주당순현금<=0	672502856.0	1.8906817125606157	24.868089274242244		-8.32069852717472	56.47579971313476	51.09430004119873	N	Y	상승전환	단기위험부채 존재
DOV	DOVER Corp	0000029905	S&P 500	제외	PEG=불리, PEGY=불리(<1)	187.3699951171875	7.94	2025	1.1	513075000.0	0.0	513075000.0	2621295000.0	706677000.0	7405206000.0					-15.30168315466297	-20.430819367528688	25.52540028612726	26.17138721469977	-59.17737789203083	2.2834886521603703	44.73784358388186	-109.85475578406167	13.06697730432074	97.97568716776372	-872.2467609254496	103.75179979630668	777.926956112044	-565.5210458749904	-44.62731360407155	315.182247096448	3년	13.06697730432074	103.75179979630668	-44.62731360407155	-2.275277850337774	0.13255379403390805	1.7957737418438904	8.100640890714706	4.32333943631065	3년	0.132553794033908	불리(<1)	3년	2.2834886521603703	11.178247048426586	불리	N	주당순현금<=0	137777000.0	-14.25891357532988	-8.06182909153229		-19.690541735087375	205.30100036621093	210.1840498352051	N	N	주의	단기위험부채 존재
ITW	ILLINOIS TOOL WORKS INC	0000049826	S&P 500	제외	PEG=불리, PEGY=불리(<1)	265.20001220703125	10.49	2025	2.61	851000000.0		851000000.0	6683000000.0	1825000000.0	3226000000.0					-19.952104002736913	-26.195689360246323	27.183233194448825	27.778427222810063	-10.418445772843727	2.3985109954127504	39.022413479712895	-12.336891545687454	13.2970219908255	86.54482695942579	-129.4139923142614	139.4857606837595	907.8552348043766	-148.79863738966685	-47.40356174083866	242.32850415393253	3년	13.2970219908255	139.4857606837595	-47.40356174083866	-0.28725228220601495	0.18425001027602392	1.53154752350117	9.261033185083818	3.4920938004535578	3년	0.1842500102760239	불리(<1)	3년	2.3985109954127504	11.333378602990717	불리	N	주당순현금<=0	292300000.0	4.224804632627177	-0.15811419240895352		-11.481973696822534	280.07200134277343	267.2656008148193	N	N	중립/개선	단기위험부채 존재
CMG	CHIPOTLE MEXICAN GRILL INC	0001058090	S&P 500	보류	PEG=불리, PEGY=판정불가	36.130001068115234	1.14	2025		350545000.0	698591000.0	1049136000.0	0.0		2830607000.0	6163924000.0	31.47031234869278	68.52968765130723	0.4592215932578014	0.7814118109720128	0.7814118109720128	31.007534436090552	31.007534436090552	2.702702702702685	-67.10947685223975	-29.806686048388155	13.90540540540537	-125.7189537044795	-51.11337209677631	15.85216216216212	-143.31960722310663	-58.26924419032499	-56.12465625927791	-496.6775615447915	-261.27661906367246	1년	13.90540540540537	15.85216216216212	-56.12465625927791				1.0781861678990865	2.9841852643912237	판정불가		판정불가	1년	2.702702702702685	11.47278774135358	불리	Y		1342616000.0	15.61600341796876	10.964372064654437		-14.70726971782408	35.047199935913085	34.93560007095337	Y	Y	강한 상승추세	
VRSK	Verisk Analytics, Inc.	0001442145	S&P 500	제외	PEG=불리, PEGY=불리(<1)	175.86000061035156	6.48	2025	1.12	2178200000.0		2178200000.0	4773500000.0	195263000.0	309000000.0	5885700000.0	4.988135018644971	95.01186498135503	0.052500127427493756	-18.526903375906187	-19.9208149598809	29.99797901022496	30.213088822566736	-3.4277198211624373	2.5985568006018145	8.497453996787208	1.6445603576751253	13.697113601203629	25.494907993574415	10.656751117734812	88.75729613579952	165.20700379836222	-93.94020750554488	-49.52957134780367	-6.057657668040672	3년	13.697113601203629	88.75729613579952	-49.52957134780367	-0.0769291764747165	0.12396024409958838	0.32060339776586455	8.508540875329475	4.838246813260071	3년	0.1239602440995883	불리(<1)	3년	2.5985568006018145	11.5440920911475	불리	N	주당순현금<=0	140082773.0	-3.3736260382683736	-11.199754306058306		-33.94681225178103	190.33720001220703	193.87050064086915	N	N	주의	단기위험부채 존재
CSCO	CISCO SYSTEMS, INC.	0000858877	S&P 500	제외	PEG=불리, PEGY=불리(<1)	107.44000244140625	3.33	2026	1.54	7218000000.0	8700000000.0	15918000000.0	19372000000.0	31000000.0	50285000000.0	79352000000.0	38.78908027800705	61.21091972199295	0.6336954330073596	-0.8663155254577376	-0.8740907950840231	32.524419809869066	32.52675472567275	30.58823529411766	2.746874400366228	5.901191149181684	69.67647058823532	13.993748800732456	20.30238229836337	232.02264705882362	46.59918350643908	67.60693305355002	115.95554894496587	-56.62771551792124	-37.07471005464625	3년	13.993748800732456	46.59918350643908	-56.62771551792124	0.9878188598576879	0.13180479238142898	0.22878782135642467	3.202157010283421	2.980414126507264	3년	0.1318047923814289	불리(<1)	3년	2.746874400366228	11.840519466610026	불리	N	주당순현금<=0	3987000000.0	-11.811539992918563	38.204277583956944		-17.353844275841347	113.82539993286133	95.2288500213623	N	Y	중립/개선	단기위험부채 존재
LUV	SOUTHWEST AIRLINES CO	0000092380	S&P 500	보류	PEG=불리, PEGY=불리(<1)	38.689998626708984	0.79	2025	1.86	3231000000.0	0.0	3231000000.0	2883000000.0	271000000.0	7981000000.0					0.6236559139784946	0.13799283154121864	48.18524394016517	48.800007335655394	3.947368421052635	-3.1641996800259364		16.39473684210527	2.171600639948127		12.951842105263164	1.7155645055590205		-66.52405643580954	-95.56587085434862		1년	16.39473684210527	12.951842105263164	-66.52405643580954	0.12052171881217476	-0.027066370809400653		0.7078853046594982	1.829633832477889	1년	0.1205217188121747	불리(<1)	1년	3.947368421052635	12.206928464841834	불리	Y		558000000.0	-12.643942589883961	0.20719506628543716		-29.39781174204209	44.64099990844726	43.17509990692139	N	N	판정불가	단기위험부채 존재
UNP	UNION PACIFIC CORP	0000100885	S&P 500	제외	PEG=불리, PEGY=불리(<1)	285.7799987792969	11.98	2025	1.99	1266000000.0		1266000000.0	31814000000.0	0.0	18467000000.0	51231000000.0	26.49573875864444	73.50426124135556	0.3604653432492046	-51.26363483806008	-51.26363483806008	28.133859233502246	28.133859233502246	8.025247971145182	2.239111936305682	42.34446727212804	24.550495942290365	12.978223872611364	93.18893454425609	294.11494138863856	155.47912199388415	1116.403435840188	2.9165591171335326	-45.5948202610365	290.65135440159605	3년	12.978223872611364	155.47912199388415	-45.5948202610365	0.35598557197651953	0.15032107401993355	1.5758402323750116	9.228058399060245	3.2290777655811107	3년	0.1503210740199335	불리(<1)	3년	2.239111936305682	12.564739965577775	불리	N	주당순현금<=0	595900000.0	6.523035664092336	17.074965847442858		-7.996908353732746	294.5003997802734	261.25725074768064	N	Y	상승전환	
WEC	WEC ENERGY GROUP, INC.	0000783325	S&P 500	제외	PEG=불리, PEGY=불리(<1)	105.3499984741211	4.81	2025	3.59	27600000.0		27600000.0	18498100000.0	1924700000.0	9491800000.0					-57.042927733168625	-62.987029030265596	33.76152312001866	34.997303015465015	-0.41407867494824974	2.627012926537597	44.632634440111204	7.671842650103501	13.754025853075195	97.76526888022241	36.90156314699784	66.15686435329168	470.25094331386975	-64.97241226248087	-37.2027856559078	346.3701472472119	3년	13.754025853075195	66.15686435329168	-37.2027856559078	0.09406925492554599	0.1841449185937723	1.4283311291580305	2.107782581840642	2.0007428688842483	3년	0.1841449185937723	불리(<1)	3년	2.6270129265375974	12.851677576065962	불리	N	주당순현금<=0	323800000.0	-6.827630000477047	-8.431120660877301		-11.358855846295658	110.55519989013672	111.65840007781982	N	N	주의	단기위험부채 존재
LII	LENNOX INTERNATIONAL INC	0001069202	S&P 500	보류	PEG=불리, PEGY=불리(<1)	372.6199951171875	4.07	2025	1.45	34200000.0	500000.0	34700000.0		0.0	1163100000.0	2918700000.0	28.49478171394973	71.50521828605028	0.3984993318943365	0.980225988700565	0.980225988700565	91.31198258685183	91.31198258685183	-81.94321206743567	-33.564279747458514	7.0876315210889995	-155.38642413487133	-58.62855949491703	22.675263042178	-632.4227462289264	-238.61823714431233	92.28832058166446	-269.7232447308771	-164.037958314413	-75.2325903625649	5년	22.675263042178	92.28832058166446	-75.2325903625649	-0.88151861110752	-0.3516984172029433	0.09349957452701665	18.045197740112993	4.842788357194264	5년	0.0934995745270166	불리(<1)	5년	7.0876315210889995	12.883285807840917	불리	Y		35400000.0	-27.93068603308693	-22.74103160932741		-34.96465883963643	461.4782012939453	497.050149230957	N	N	주의	
AFL	AFLAC INC	0000004977	S&P 500	제외	PEG=불리, PEGY=불리(<1)	114.47000122070312	6.82	2025	2.13	6245000000.0		6245000000.0			29490000000.0	86980000000.0	25.31982484760024	74.68017515239977	0.3390434582662681	11.675559660333759	11.675559660333759	15.072498762517501	15.072498762517501	-29.179646936656283	1.1501008285269565	38.25795257148448	-49.859293873312566	10.800201657053913	85.01590514296896	-340.0403842159917	73.65737530110769	579.8084730750484	-397.05632968447264	-35.65355593987189	406.5156520415794	3년	10.800201657053913	73.65737530110769	-35.65355593987189	-1.7946358704585679	0.21762156893878515	2.6795790935423263			3년	0.2176215689387851	불리(<1)	3년	1.1501008285269565	13.105371623653452	불리	N	FCF<=0	534878000.0	-1.7002969338153817	4.414853679232622		-11.640294462231637	121.24	114.63435005187988	N	N	판정불가	
COO	COOPER COMPANIES, INC.	0000711404	S&P 500	제외	PEG=불리, PEGY=불리(<1)	54.16999816894531	1.87	2025	0.05538120918231536	110600000.0		110600000.0	2455700000.0	47100000.0	8238900000.0	4155700000.0	66.47168928404305	33.52831071595695	1.9825540823447314	-11.7255	-11.961	35.238234314944016	35.36417014382102	-4.59183673469387	-37.77093222139564	2.6595962043162835	-0.68367346938774	-67.04186444279128	13.819192408632567	-1.278469387755074	-125.3682865080197	25.8418898041429	-102.36010601988168	-331.4349099976361	-52.294829836347326	5년	13.819192408632567	25.8418898041429	-52.294829836347326	-0.12873674330463575	-1.0703019531321611	0.07704635224436364	2.1685	4.003138403728361	5년	0.0770463522443636	불리(<1)	5년	2.6595962043162835	13.249467816864664	불리	N	주당순현금<=0	200000000.0	-19.76004080160738	-24.258947551003708		-35.75664330526509	72.06959983825683	73.2323999786377	N	N	주의	단기위험부채 존재
TRMB	TRIMBLE INC.	0000864749	S&P 500	제외	PEG=불리, PEGY=판정불가	56.84000015258789	1.76	2025		253400000.0	0.0	253400000.0	1392200000.0	0.0	5836200000.0	3475800000.0	62.67396907216495	37.32603092783505	1.6790954600379768	-4.715527950310559	-4.715527950310559	34.97473187664685	34.97473187664685	-71.10016420361248	-0.7462964697448338	2.573740723547502	-133.70032840722496	7.0074070605103325	13.647481447095004	-235.31257799671593	12.333036426498186	24.019567346887207	-513.9911635556219	-78.30218790747722	-57.74178873609026	5년	13.647481447095004	24.019567346887207	-57.74178873609026				1.4944099378881988	2.629151889297029	판정불가		판정불가	5년	2.573740723547502	13.58906573481093	불리	N	주당순현금<=0	241500000.0	13.680000305175778	-14.087066193527376		-31.944441526379553	56.4676000213623	64.54429986953735	Y	N	중립/개선	
AJG	Arthur J. Gallagher & Co.	0000354190	S&P 500	제외	PEG=불리, PEGY=불리(<1)	243.30999755859375	5.74	2025	1.15	738400000.0		738400000.0	12104000000.0	640000000.0	23321000000.0	47318000000.0	33.014340520109286	66.98565947989071	0.49285684094847626	-44.3795392424834	-46.87856306130418	50.120128362557	50.555498365835874	-11.69230769230769	3.4145178584730878	51.46625205903632	-14.88461538461538	15.329035716946175	111.43250411807264	-85.43769230769229	87.98866501527104	639.622573637737	-135.11474792034275	-63.83680658494863	162.88380257934264	3년	15.329035716946175	87.98866501527104	-63.836806584948626	-0.21034079593825383	0.09107155164197622	1.0498028193069053	6.68566966028895	2.7477989919748	3년	0.0910715516419762	불리(<1)	3년	3.4145178584730873	14.678537480243213	불리	N	주당순현금<=0	256100000.0	10.144863866592457	19.14695145155756		-21.634247310913736	254.81539916992188	233.85520004272462	N	Y	상승전환	단기위험부채 존재
GLW	CORNING INC /NY	0000024741	S&P 500	제외	PEG=불리, PEGY=불리(<1)	163.1199951171875	1.83	2025	66.0	1526000000.0		1526000000.0	3458000000.0	75000000.0	11807000000.0	18669000000.0	38.741960887255544	61.258039112744456	0.6324388022925705	-2.2181400688863375	-2.304247990815155	90.3487077519529	90.39576126120363	215.51724137931038	5.9197116093949065	27.64725090252995	439.53448275862075	20.33942321878981	63.7945018050599	804.348103448276	37.221144490385356	116.74393830325963	393.10208896856693	-77.18174006586672	-28.430638917448913	3년	20.33942321878981	37.221144490385356	-77.18174006586672	3.1158967115744423	0.7960236886491645	1.0365090241205552			3년	0.7960236886491645	불리(<1)	3년	5.9197116093949065	15.262349538880333	불리	N	주당순현금<=0 | FCF<=0	871000000.0	-7.60691458647732	25.699306270119248		-36.20399954645549	160.55260025024415	145.06710021972657	Y	Y	강한 상승추세	단기위험부채 존재
VTR	Ventas, Inc.	0000740260	S&P 500	제외	PEG=불리, PEGY=불리(<1)	90.44000244140625	0.54	2025	2.33	741067000.0		741067000.0	13011016000.0	0.0	12527253000.0	14630983000.0	46.12690235109526	53.87309764890473	0.8562140356529702	-26.52302454524821	-26.52302454524821	216.59819812343417	216.59819812343417	184.21052631578948		13.239815312499648	376.92105263157896		34.979630624999295	203.53736842105266		18.88900053749962	125.0523694456104		-79.11432991199075	5년	34.979630624999295	18.88900053749962	-79.11432991199075	0.8612284309469854		0.07188340183525802	3.220825092139252	3.5612837297587885	5년	0.071883401835258	불리(<1)	5년	13.239815312499648	16.359608726486147	불리	N	주당순현금<=0	462615000.0	7.80784729933619	4.918800050201777		-10.036801412921692	92.88919967651367	85.32035015106202	N	Y	상승전환	
TSCO	TRACTOR SUPPLY CO /DE/	0000916365	S&P 500	제외	PEG=불리, PEGY=불리(<1)	33.52000045776367	2.06	2025	2.82	194109000.0	15900000.0	210009000.0	1764974000.0		2581293000.0	8352386000.0	23.608640787789728	76.39135921221028	0.30904857605958347	-2.9218889168661613	-2.9218889168661613	17.690237560499916	17.690237560499916	0.980392156862746	-40.358393897568654	-20.235562235652548	10.460784313725492	-72.21678779513731	-31.971124471305096	21.549215686274515	-148.76658285798285	-65.8605164108885	-35.71236458237149	-543.8143819402203	-296.4812515258613	1년	10.460784313725492	21.549215686274515	-35.71236458237149	0.21482991078359204	-2.1219835951433	-0.9844730561753063	1.3914310625392257	4.151047265922552	1년	0.214829910783592	불리(<1)	1년	0.980392156862746	18.044042311709894	불리	N	주당순현금<=0	532178000.0	7.229687179572597	-30.311847149437643		-44.69559458800138	32.92519996643066	41.59909992218017	Y	N	중립/개선	
ANET	Arista Networks, Inc.	0001596532	S&P 500	보류	PEG=불리, PEGY=판정불가	188.99000549316406	2.75	2025		1963900000.0	8779100000.0	10743000000.0	0.0	98793000.0	12370500000.0	7078100000.0	63.60612074905134	36.39387925094865	1.7477147822155663	8.4212589166732	8.343816728070863	65.66136239145122	65.68952318730662	23.318385650224215	-13.642192783183182	3.548578845590522	55.13677130044843	-18.784385566366364	15.597157691181044	151.62612107623318	-51.6570603075075	42.892183650747874	-19.770296487071302	-127.33322334835108	-77.30452277684105	5년	15.597157691181044	42.892183650747874	-77.30452277684105				3.4147127067492358	1.8068218463926915	판정불가		판정불가	5년	3.548578845590522	18.503565863568816	불리	Y		1275700000.0	20.837604135873477	41.005750365161276		-10.218524706335364	184.63740081787108	152.9856999206543	Y	Y	강한 상승추세	단기위험부채 존재
HSY	HERSHEY CO	0000047111	S&P 500	제외	PEG=불리, PEGY=불리(<1)	174.33999633789062	0.9006880540124623	2014	3.37	587998000.0	0.0	587998000.0	4089755000.0	218546000.0	4636750000.0	9104547000.0	33.743175771544706	66.25682422845529	0.5092784956791371	-15.574647411235695	-16.54666714108443	210.85507119038417	211.9342680616189	9.97663734289587			28.45327468579174			25.62752460702782			-85.30026090091296			1년	28.45327468579174	25.62752460702782	-85.30026090091296	0.06329768246761774			8.106961932422156	4.65008724487406	1년	0.0632976824676177	불리(<1)	1년	9.97663734289587	21.134883823408607	불리	N	주당순현금<=0	224837000.0	-3.594337608730691	-19.09976968079321		-26.21466174090462	178.54980010986327	192.3035501098633	N	N	주의	단기위험부채 존재
ACN	Accenture plc	0001467373	S&P 500	보류	PEG=불리, PEGY=불리(<1)	177.91000366210938	2.25	2025	3.71	11478729000.0	5945000.0	11484674000.0		99963000.0	31195446000.0					18.246493818420028	18.087675704682475	70.96155993052861	71.0321457588564	-15.41353383458647	-4.705085797437691	2.4863174611353456	-22.32706766917294	-0.9101715948753828	13.472634922270691	-50.23590225563912	-2.0478860884696113	30.313428575109054	-128.23669339642544	-101.1510797854622	-82.96136925909968	5년	13.472634922270691	30.313428575109054	-82.96136925909968	-0.1649277981775518	-0.014022885043844593	0.08731935243815866	17.276845866001423	9.711003041073504	5년	0.0873193524381586	불리(<1)	5년	2.4863174611353456	28.540828369569876	불리	Y		629418129.0	6.202243985589773	-9.252741192184233		-38.341305055305305	164.7967999267578	201.9548996734619	Y	N	중립/개선	단기위험부채 존재
PHM	PULTEGROUP INC/MI/	0000822416	S&P 500	보류	PEG=불리, PEGY=안심	116.41000366210938	11.12	2025	87.0	1980869000.0		1980869000.0	43900000.0		12985442000.0	5062981000.0	71.9477928902708	28.0522071097292	2.564781894302981	9.707317439873307	9.707317439873307	9.595565307755043	9.595565307755043	-24.302246426140233	0.3319275999318138	47.00020978752231	-40.104492852280465	9.163855199863628	102.50041957504462	-445.96196051735876	101.90206982248354	1139.8046656744962	-483.0959079872585	-12.462789608474225	879.1294818466657	3년	9.163855199863628	101.90206982248354	-12.462789608474223	6.534034375565977	9.10128010168937	13.964806188044452	8.762951232102317	7.527661675484162	3년	9.10128010168937	안심	3년	0.33192759993181387	28.9086093163877	불리	Y		199537000.0	-6.120964788621475	-3.3621081297893873		-18.34314979258921	127.64079956054688	125.28634994506837	N	N	주의	
ELV	Elevance Health, Inc.	0001156039	S&P 500	보류	PEG=불리, PEGY=불리(<1)	416.5400085449219	25.21	2025	1.73	9491000000.0	25884000000.0	35375000000.0	30797000000.0	150000000.0	43882000000.0	77468000000.0	36.16151627523691	63.83848372476309	0.5664532452109258	20.382902938557436	19.715048975957256	15.714284236666577	15.740775865488482	-1.8302180685358211	0.5345551244794411	63.01431604750667	4.839563862928358	9.569110248958882	134.52863209501334	122.00540498442392	241.23726937625344	3391.4668151152864	-70.70979918336795	-42.08545051435626	714.1995355890364	3년	9.569110248958882	241.23726937625344	-42.08545051435626	-0.0063775140519591435	0.14410806692649045	4.120093226800426	14.131789848619768	3.3926608629950423	3년	0.1441080669264904	불리(<1)	3년	0.5345551244794411	29.396938719780145	불리	Y		224600000.0	4.3489193315459085	44.68720252544634		-2.401649475100387	397.1982012939453	360.5711502075195	Y	Y	강한 상승추세	단기위험부채 존재
TSLA	Tesla, Inc.	0001318605	S&P 500	보류	PEG=불리, PEGY=판정불가	363.55999755859375	1.08	2025		16513000000.0	27546000000.0	44059000000.0	0.0	50841000.0	82137000000.0	54941000000.0	59.919899619194915	40.08010038080509	1.4950037312753681	12.488378684807257	12.473967970521542	325.06631377202456	325.0796570259928	-47.05882352941176	-33.18021688674605	11.032151746146003	-85.61764705882352	-57.860433773492105	30.564303492292005	-92.46705882352941	-62.489268475371475	33.00944777167537	-125.43378244154235	-117.18815845940264	-90.9204951058029	5년	30.564303492292005	33.00944777167537	-90.9204951058029				1.7630385487528344	0.4849374410254504	판정불가		판정불가	5년	11.032151746146003	29.46535918394922	불리	Y		3528000000.0	-8.916446669699951	-7.961826644770797		-25.78590799076125	355.6953985595703	399.0537496948242	Y	N	주의	단기위험부채 존재
URI	UNITED RENTALS, INC.	0001067701	S&P 500	제외	PEG=불리, PEGY=불리(<1)	989.0800170898438	10.27	2025	77.0	459000000.0		459000000.0	14302000000.0		8968000000.0	20898000000.0	30.027455969999327	69.97254403000068	0.4291319743516126	-214.2746579159185	-214.2746579159185	117.17182814077529	117.17182814077529	-1.9102196752626655	3.924142525332664	20.2179802192882	4.679560649474669	16.348285050665325	48.9359604385764	48.05908787010485	167.89688747033287	502.57231370417963	-95.14103135846295	-83.02494393079202	-49.18790138103375	3년	16.348285050665325	167.89688747033287	-83.02494393079202	0.6408518286027016	0.6906450450538922	0.8297043902266876	77.28623614636865	7.813951835137349	3년	0.6906450450538922	불리(<1)	3년	3.9241425253326634	29.85921825834861	불리	N	주당순현금<=0	64604000.0	-7.431981007806399	34.7850981463967		-15.08730424466882	1080.7856042480469	930.7206518554688	N	Y	중립/개선	
ON	ON SEMICONDUCTOR CORP	0001097864	S&P 500	제외	PEG=불리, PEGY=판정불가	70.16999816894531	0.29	2025		2147600000.0	400000000.0	2547600000.0	2980500000.0	0.0	7673300000.0	4832200000.0	61.359401863180196	38.6405981368198	1.587951657630065	-1.0512384652744051	-1.0512384652744051	245.59047115248183	245.59047115248183	-92.01101928374655	-59.13642526295217	6.668390127527379	-175.5220385674931	-109.77285052590435	21.83678025505476	-50.901391184572994	-31.834126652512257	6.33266627396588	-172.54010618900102	-145.36714761751395	-90.97525090606531	5년	21.83678025505476	6.33266627396588	-90.97525090606531				3.4448761534725594	4.9093291198019955	판정불가		판정불가	5년	6.668390127527379	36.82904965902858	불리	N	주당순현금<=0	411800000.0	-39.48775549935198	21.63286503608688		-47.60695736106446	82.29580017089843	78.72749998092651	N	N	판정불가	
RF	REGIONS FINANCIAL CORP	0001281761	S&P 500	제외	PEG=불리, PEGY=불리(<1)	29.950000762939453	2.3	2025	3.66	3538000000.0		3538000000.0	4134000000.0	750000000.0	19043000000.0	139711000000.0	11.995288307696184	88.00471169230381	0.13630279648703394	-0.6651785714285714	-1.5022321428571428	13.310947536681752	13.674883872085477	19.170984455958546	0.2915468391792686	17.429746204664866	46.84196891191709	9.083093678358537	43.35949240932973	107.73652849740931	20.891115460224633	99.72683254145838	259.7212879898286	-30.246694731054603	232.9777295527209	3년	9.083093678358537	20.891115460224633	-30.246694731054603	1.7152035490367514	0.2968644289439021	1.5843910545471407			3년	0.2968644289439021	불리(<1)	3년	0.2915468391792686	45.656291709947205	불리	N	주당순현금<=0 | FCF<=0	896000000.0	3.6690944814309123	18.28594440726503		-7.561730393693223	30.873600044250487	28.54484999656677	N	Y	상승전환	단기위험부채 존재
WSM	WILLIAMS SONOMA INC	0000719955	S&P 500	보류	PEG=불리, PEGY=불리(<1)	223.74000549316406	8.84	2025	1.34	1019801000.0		1019801000.0	299620000.0	0.0	2082559000.0	3329353000.0	38.48102112525111	61.51897887474889	0.6255146270161199	5.847855919060031	5.847855919060031	24.648433209740276	24.648433209740276	0.5688282138794165	-18.483779224854192	0.5286435792482447	9.637656427758833	-28.467558449708385	9.55728715849649	85.19688282138807	-251.65321669542212	84.48641848110897	-61.921479963496694	-212.4757354594375	-62.23902010957523	5년	9.55728715849649	84.48641848110897	-62.23902010957523	0.0774421723943536	-0.6955322100586708	0.07581186046786197	8.57024189422913	3.8304468060321812	5년	0.0758118604678619	불리(<1)	5년	0.5286435792482447	46.62580645506274	불리	Y		123153000.0	2.285818722883892	24.785277013396325		-11.136704036094569	232.10940063476562	205.1272998046875	N	Y	상승전환	
NOW	ServiceNow, Inc.	0001373715	S&P 500	보류	PEG=불리, PEGY=판정불가	131.1699981689453	1.67	2025		3726000000.0	2558000000.0	6284000000.0		0.0	12964000000.0	13074000000.0	49.788770258852445	50.211229741147555	0.9915863545969099	6.003682080002599	6.003682080002599	74.94988987361839	74.94988987361839	-75.58479532163743	1.437568278374224	23.132555206176452	-142.66959064327486	11.375136556748448	54.765110412352904	-238.258216374269	18.996478049769905	91.45773438862935	-281.6407865367166	-85.51766538465398	-30.27541689004758	3년	11.375136556748448	18.996478049769905	-85.51766538465398				4.37187288321004	3.3329823467551796	판정불가		판정불가	3년	1.4375682783742239	52.13657744199865	불리	Y		1046691000.0	27.250675047454266	16.110468931204025		-31.764032105134277	118.99779998779297	118.13074005126953	Y	Y	강한 상승추세	
DHR	DANAHER CORP /DE/	0000313616	S&P 500	보류	PEG=불리, PEGY=보통	200.52999877929688	5.05	2025	78.0	19912300000.0		19912300000.0	18416000000.0	764600000.0	52534000000.0	8444400000.0	86.15181769282238	13.848182307177623	6.221164321917484	2.089512637899735	1.0217846669459574	39.29514577057369	39.50657705195068	-4.536862003780722	-19.44272804312125	0.6459964100776094	-0.5737240075614434	-30.3854560862425	9.791992820155219	-2.8973062381852888	-153.44655323552462	49.449563741783855	-101.44482434340114	-176.5204977657272	-75.34056548007662	5년	9.791992820155219	49.449563741783855	-75.34056548007662	1.869521961443706	1.4901909843716517	2.0014176017886656	7.345342829213797	3.6629645808246742	3년	1.4901909843716517	보통	5년	0.6459964100776094	60.8287370604007	불리	Y		716100000.0	10.918748949739676	7.661336139434494		-17.15348223465325	202.25059967041017	202.5294499206543	N	N	중립/개선	단기위험부채 존재
LEN	LENNAR CORP /NEW/	0000920760	S&P 500	제외	PEG=불리, PEGY=불리(<1)	77.9000015258789	14.31	2024	2.48	3756305000.0		3756305000.0	5874995000.0		21959417000.0	12289828000.0	64.1164995023978	35.88350049760221	1.7867961211499461	-7.788757402975527	-7.788757402975527	5.988033468124	5.988033468124	4.224326292789512	0.0933489456862446	46.369977497318125	16.948652585579026	8.68669789137249	101.23995499463625	242.53521849963587	124.30664682554033	1448.7437559732448	211.34173780351472	59.57207238852856	1759.7480456941482	3년	8.68669789137249	124.30664682554033	59.572072388528554	1.1196207116206918	0.42974859098315177	8.157933277654577	0.10360673335318489	0.13299965510111836	3년	0.4297485909831517	불리(<1)	3년	0.09334894568624463	64.14677127956425	불리	N	주당순현금<=0	272019000.0	-17.95681513466223	-15.820185049503266		-44.392887741971464	84.99959976196288	97.82050003051758	N	N	주의	
WAT	WATERS CORP /DE/	0001000697	S&P 500	제외	PEG=불리, PEGY=판정불가	401.6400146484375	3.77	2025		587831000.0	934000.0	588765000.0	947445000.0		2561242000.0	2515308000.0	50.45241354857137	49.54758645142863	1.0182617794719375	-6.0017067416294365	-6.0017067416294365	108.12777755704694	108.12777755704694	-2.8350515463917496	-0.3511881428137187	1.5554382507588116	2.829896907216501	7.797623714372563	11.610876501517623	10.668711340206208	29.397041403184563	43.77300441072144	-97.34371303876564	-92.68074884697026	-89.10143341941745	5년	11.610876501517623	43.77300441072144	-89.10143341941745						판정불가		판정불가	5년	1.5554382507588116	69.51595635782868	불리	N	주당순현금<=0 | FCF<=0	59763000.0	11.647307931143303	41.761966774488556		-4.657454935754146	393.5260021972656	361.16375076293946	Y	Y	강한 상승추세	
CTVA	Corteva, Inc.	0001755672	S&P 500	보류	PEG=불리, PEGY=양호	84.48999786376953	1.6	2025	85.0	4521000000.0	9000000.0	4530000000.0		782000000.0	24144000000.0					6.648077487525683	5.5004402700322865	48.6512002351524	49.36847349608578	23.076923076923077	0.4201730021000882	11.94783991051851	54.65384615384615	9.340346004200176	32.39567982103702	87.44615384615385	14.944553606720284	51.83308771365924	3.4988235970259796	-82.31204404713482	-38.65180610226293	3년	9.340346004200176	14.944553606720284	-82.31204404713482	2.2214646823622095	1.7557670229969098	1.9927121929557225	3.2917522747285	3.8960259888230495	3년	1.7557670229969098	양호	3년	0.42017300210008823	115.78849662397712	불리	Y		681400000.0	12.86400905009657	5.943570989052693		-6.6512033260146985	83.44160034179687	77.683150100708	Y	Y	강한 상승추세	단기위험부채 존재
TMO	THERMO FISHER SCIENTIFIC INC.	0000097745	S&P 500	제외	PEG=불리, PEGY=불리(<1)	603.1799926757812	17.74	2025	31.0	9852000000.0	253000000.0	10105000000.0	19107000000.0	693000000.0	53407000000.0					-23.814814814814813	-25.64814814814815	35.34356299270553	35.446907599996024	7.3200241984270855	0.2075477652143886	2.137246520494207	23.14004839685417	8.915095530428777	12.774493040988414	410.5044585601929	158.1537947098065	226.61950654713445	-31.943289972344036	-73.77999989551765	-62.429206986488026	3년	8.915095530428777	158.1537947098065	-73.77999989551765	1.0842150862474127	0.882976845646695	0.9375751541329697	16.64814814814815	2.7600630575120535	3년	0.882976845646695	불리(<1)	3년	0.20754776521438867	170.2912240765253	불리	N	주당순현금<=0	378000000.0	26.80906278263775	26.747772407323755		-5.672064874323135	576.5552026367187	536.5179008483886	Y	Y	강한 상승추세	단기위험부채 존재
CNP	CENTERPOINT ENERGY INC	0001130310	S&P 500	제외	PEG=불리, PEGY=불리(<1)	39.119998931884766	1.6	2025	2.41	38000000.0	510000000.0	548000000.0	20566000000.0	500000000.0	11153000000.0					-30.53153359261801	-31.294135590635246	43.53220782781424	44.008834076575006	1.2658227848101276	0.2092056307007928		11.031645569620256	8.918411261401586		17.65063291139241	14.269458018242538		-54.880793984362164	-63.523879325537976		3년	8.918411261401586	14.269458018242538	-63.523879325537976	0.0844391536342321	0.06016707539991324		-3.6360863265461756	-9.294699452516044	3년	0.0601670753999132	불리(<1)	3년	0.2092056307007928	208.08334690606048	불리	N	주당순현금<=0 | FCF<=0	655650000.0	-8.061105444599615	-9.861756782294185		-13.143876250681163	41.594000091552736	41.4601501083374	N	N	주의	단기위험부채 존재
MCD	MCDONALDS CORP	0000063908	S&P 500	제외	PEG=불리, PEGY=불리(<1)	253.0500030517578	11.95	2025	2.94	774000000.0		774000000.0	39973000000.0	798000000.0	-1791000000.0					-54716638.74930207	-55830541.59687325	4578819.397431391	4672033.024843206	4.91659350307286	12.78230543570502	13.62338129334184	18.33318700614572	34.06461087141004	35.74676258668368	219.08158472344135	407.07209991335	427.17381291086997	-13.423599256534569	60.86626951357479	68.8100406082578	3년	34.06461087141004	407.07209991335	60.86626951357479	1.7158557307327346e-06	3.4337028982896463e-06	3.6173912652317112e-06	10030709.10106086	3963923.7226206316	3년	3.4337028982896463e-06	불리(<1)	3년	12.782305435705021	358215.4581161314	불리	N	주당순현금<=0	716.4	-11.138809279650319	-21.876447102346997		-25.804842296615536	268.5730010986328	295.1965005493164	N	N	주의	단기위험부채 존재
GM	General Motors Co	0001467858	S&P 500	보류	PEG=판정불가, PEGY=안심	86.12000274658203	3.27	2025	86.0	20945000000.0	5966000000.0	26911000000.0			61119000000.0	218116000000.0	21.88801547083997	78.11198452916003	0.28021328100643694	27.65775950668037	27.65775950668037	17.878361847064728	17.878361847064728	-48.665620094191524	-18.898461530269618	-5.460789481150885	-88.83124018838305	-29.296923060539235	-2.421578962301769	-290.47815541601256	-95.8009384079633	-7.918563206726785	-437.2946425359249	-211.24121615493735	-109.1948013866512	판정불가				2.088243890865093	3.7532263326881443	4.504842849014831	18.051387461459402	20.96073721058472	3년	3.753226332688144	안심	판정불가			판정불가	Y		973000000.0	6.518249068548587	17.24983842717922		-4.629014577972834	83.77960021972656	80.12080013275147	Y	Y	강한 상승추세	
HUM	HUMANA INC	0000049071	S&P 500	보류	PEG=판정불가, PEGY=양호	400.7300109863281	9.84	2025	88.0	4200000000.0	15703000000.0	19903000000.0	12369000000.0	1694000000.0	17657000000.0	31172000000.0	36.1608879968871	63.83911200311291	0.5664378288207366	62.35412907817854	48.33396785460083	34.38779287684447	35.81260600932188	-1.4028056112224505	-23.616654426020823	-17.217108695019935	5.694388777555099	-38.733308852041645	-25.93421739003987	56.03278557114218	-381.1357591040898	-255.1926991179923	-86.01732237792046	-195.11036075535984	-163.68195346534674	판정불가				2.5182539251330973	1.872273274547162	2.0583726195653216	3.103636634499197	0.7744956827316548	3년	1.872273274547162	양호	판정불가			판정불가	Y		120826000.0	8.69022982254959	144.84023673824572		-2.122515303698047	389.0252001953125	282.31085021972655	Y	Y	강한 상승추세	단기위험부채 존재
ODFL	OLD DOMINION FREIGHT LINE, INC.	0000878927	S&P 500	제외	PEG=판정불가, PEGY=보통	180.5500030517578	4.84	2025	64.0	120091000.0	0.0	120091000.0	45000000.0	20000000.0	4311057000.0	1159103000.0	78.81043698904602	21.189563010953975	3.719304496666819	0.3548757549693286	0.2603569031843401	37.2303982018158	37.24992689020113	-11.67883211678833	-26.48103950985108	-3.150049031832014	-14.85766423357666	-44.46207901970216	2.199901936335972	-71.91109489051104	-215.19646245535844	10.647525371866104	-139.82890815565173	-219.18939840375887	-94.10272766995534	판정불가				1.4053346300405636	1.0077507172168534	1.634415797497439			3년	1.0077507172168534	보통	판정불가			판정불가	N	FCF<=0	211598000.0	-27.127055596226914	2.445527362833033		-27.41124667185947	212.5102001953125	197.3760499572754	N	N	판정불가	단기위험부채 존재
IBKR	Interactive Brokers Group, Inc.	0001381197	S&P 500	제외	PEG=판정불가, PEGY=불리(<1)	89.41999816894531	2.22	2025	39.0	4963000000.0		4963000000.0		16000000.0	5363000000.0	182768000000.0	2.850673201120496	97.14932679887951	0.02934321106539438	11.1814650484052	11.145417609200186	35.24258248672977	35.25882007195727	-67.96536796536795	-16.033270923831843	-1.7104104038610624	-127.43073593073589	-23.566541847663686	5.079179192277875	-282.8962337662337	-52.31772290181339	11.275777806856883	-416.3679708779963	-158.50785503592508	-87.39009389649837	판정불가				-0.8218855123989439	0.6516755429264027	1.058083345912007			3년	0.6516755429264027	불리(<1)	판정불가			판정불가	N	FCF<=0	443859546.0	0.6641858895970021	33.622236425047134		-8.931667231288987	92.11259994506835	79.30364988327027	N	Y	상승전환	단기위험부채 존재
CEG	Constellation Energy Corp	0001868275	S&P 500	제외	PEG=판정불가, PEGY=불리(<1)	285.9700012207031	7.4	2025	57.99999999999999	3641000000.0		3641000000.0	7250000000.0	1650000000.0	14517000000.0	42396000000.0	25.50735332876496	74.49264667123504	0.3424143787149731	-11.493630573248408	-16.748407643312103	40.19778808026372	40.90789308973178	-37.76282590412111			-67.02565180824222			-495.98982338099245			-273.441207561559			판정불가				0.5034399916600117			4.101910828025478	1.434385009097421	1년	0.5034399916600117	불리(<1)	판정불가			판정불가	N	주당순현금<=0	314000000.0	15.913417955668674	-5.166634787915225		-29.20658681051391	268.56320037841795	295.54297523498536	Y	N	중립/개선	단기위험부채 존재
VZ	VERIZON COMMUNICATIONS INC	0000732712	S&P 500	제외	PEG=판정불가, PEGY=불리(<1)	49.970001220703125	4.06	2025	5.69	19048000000.0	350000000.0	19398000000.0	89658000000.0	441000000.0	105741000000.0					-16.606003308910424	-16.71023398723706	16.398030672318612	16.423703253187238	-1.932367149758456	-7.0765828174263685	-1.1420692869857585	4.635265700483088	-5.653165634852737	6.215861426028483	18.819178743961334	-22.95185247750211	25.236397389675638	-62.33904685964998	-145.93126259119023	-49.49690459639229	판정불가				0.22915147101077052	-0.08455788656177159	0.2773461523456941			5년	0.2773461523456941	불리(<1)	판정불가			판정불가	N	주당순현금<=0 | FCF<=0	4231000000.0	6.455054713764019	-1.3035746266806814		-2.7442581123010346	46.754800415039064	45.85065004348755	Y	Y	상승전환	단기위험부채 존재
TPL	Texas Pacific Land Corp	0001811074	S&P 500	보류	PEG=판정불가, PEGY=불리(<1)	366.1000061035156	6.97	2025	64.0	144809000.0		144809000.0			1458907000.0	164371000.0	89.87413123322068	10.12586876677932	8.875695834423347	2.0978453048822923	2.0978453048822923	52.224126369961745	52.224126369961745	-64.65517241379311	-50.58674419585327		-120.81034482758622	-92.67348839170654		-842.0481034482759	-645.9342140901946		-330.00494111168763	-276.43654829865125		판정불가				-0.012545397296869903	0.25684021421680997		7.633813495643156	2.0851716384524392	3년	0.2568402142168099	불리(<1)	판정불가			판정불가	Y		69027492.0	-0.9335629288089398	-30.79002091236238		-32.17732432872802	385.2908001708984	392.68415008544923	N	N	주의	
UPS	UNITED PARCEL SERVICE INC	0001090727	S&P 500	제외	PEG=판정불가, PEGY=불리(<1)	99.97000122070312	6.56	2025	6.61	5887000000.0	206000000.0	6093000000.0	17321000000.0	2341000000.0	16227000000.0					-13.209411764705882	-15.963529411764705	17.252959296556252	17.672794303729855	-2.8148148148148207	-20.79061596362501		2.8703703703703587	-33.08123192725003		18.82962962962955	-217.01288144276018		-81.16472001629819	-317.07800219354027		판정불가				0.219972998252115	-0.82192368972061		5.605882352941176	5.607564553855617	1년	0.219972998252115	불리(<1)	판정불가			판정불가	N	주당순현금<=0	850000000.0	-7.98895552993465	2.1248358811151835		-16.691665649414066	107.24480026245118	105.00760013580322	N	N	판정불가	단기위험부채 존재
IR	Ingersoll Rand Inc.	0001699150	S&P 500	제외	PEG=판정불가, PEGY=불리(<1)	73.08999633789062	1.45	2025	11.0	1248800000.0		1248800000.0	2778100000.0	0.0	10089800000.0	8143200000.0	55.33812318323918	44.661876816760824	1.2390460752529717	-3.813715710723192	-3.813715710723192	53.03704279214746	53.03704279214746	-29.611650485436897	-0.455587184000239		-50.723300970873794	7.588825631999522		-73.548786407767	11.003797166399307		-200.62770569553106	-84.94486562083077		판정불가				-0.3509179529178519	0.19881223124229208				3년	0.198812231242292	불리(<1)	판정불가			판정불가	N	주당순현금<=0 | FCF<=0	401000000.0	-0.15027406412235766	-9.9544191367815		-25.992309885666465	81.21559967041016	82.03299995422363	N	N	주의	
FTV	Fortive Corp	0001659166	S&P 500	제외	PEG=판정불가, PEGY=불리(<1)	54.5099983215332	0.58	2025	50.0	375500000.0		375500000.0	2306500000.0	899500000.0	6453400000.0					-5.771069934249851	-8.459354453078303	103.93287630307424	108.56784961139915	-75.42372881355932	-34.87672497401558	-29.666922875134137	-142.34745762711864	-61.25344994803116	-50.833845750268274	-82.56152542372881	-35.52700096985807	-29.483630535155598	-251.4612510841233	-165.1752009976191	-154.08848182537665	판정불가				-0.24461681152191217	0.14551002112059402	0.19563662479207677	2.9231918708906157	5.362670997800895	3년	0.145510021120594	불리(<1)	판정불가			판정불가	N	주당순현금<=0	334600000.0	-8.907088598702451	-0.6922956318831663		-14.947727514057663	60.32399978637695	58.135199851989746	N	N	주의	단기위험부채 존재
NKE	NIKE, Inc.	0000320187	S&P 500	보류	PEG=판정불가, PEGY=불리(<1)	36.619998931884766	2.1	2026	4.39	7563000000.0	2583000000.0	10146000000.0	5942000000.0	5000000.0	14865000000.0					2.838622552329507	2.8352464550979066	16.086369704550123	16.087977369898503	-2.77777777777778	-13.36921346091703	-10.018369318341202	2.94444444444444	-18.23842692183406	-11.536738636682404	6.183333333333325	-38.30069653585152	-24.22715113703305	-83.11487298283468	-204.5895621326832	-166.15825189426383	판정불가				0.10022287513174544	-0.5581876847190207	-0.34988436929614924	1.4746792707629979	4.026977918557517	1년	0.1002228751317454	불리(<1)	판정불가			판정불가	Y		1481000000.0	-20.322019883902385	-32.34805429653791		-50.89178076739821	41.2821997833252	51.0468498802185	N	N	주의	단기위험부채 존재
BF-B	BROWN FORMAN CORP	0000014693	S&P 500	제외	PEG=판정불가, PEGY=불리(<1)	26.59000015258789	1.53	2026	3.53	308000000.0		308000000.0	2083000000.0	68000000.0	4020000000.0	3874000000.0	50.92475297694451	49.07524702305548	1.0376871450696954	-3.8030308548999106	-3.9487244313129777	19.864726148684834	19.95995070843194	-16.847826086956523	-2.0882960100536807	-4.036359234531672	-25.195652173913047	4.323407979892639	0.42728153093665533	-38.549347826086965	6.614814209235737	0.6537407423330827	-244.97686199650178	-75.12292526785885	-97.54140376614681	판정불가				-0.6704258587445086	0.07257608180225372	-0.02549037075777642	1.9132994667186594	7.195560194581067	3년	0.0725760818022537	불리(<1)	판정불가			판정불가	N	주당순현금<=0	466733000.0	-0.3373319023929344	15.257912892618663		-13.892484212335098	27.165599975585938	27.226599950790405	N	N	판정불가	단기위험부채 존재
KLAC	KLA CORP	0000319201	S&P 500	제외	PEG=판정불가, PEGY=불리(<1)	177.17999267578125	3.66	2026	50.0	1649842000.0	1475936000.0	3125778000.0	3469670000.0	0.0	6349820000.0	11601715000.0	35.37201693337088	64.62798306662913	0.5473173578216669	-0.26059669620265635	-0.26059669620265635	48.48103534753659	48.48103534753659	-87.94863351992097	-46.684357143962295	-2.244895179579909	-167.39726703984195	-84.86871428792459	4.010209640840182	-612.6739973658216	-310.619494293804	14.677367285475068	-445.7918629034733	-275.31296259967763	-91.71612603442594	판정불가				-0.7827521266385087	0.0683905125430903	0.985026505273399	2.854683082341833	1.611176882463005	3년	0.0683905125430903	불리(<1)	판정불가			판정불가	N	주당순현금<=0	1319633000.0	-26.531326566328318	25.697902023413043		-41.274734780481495	200.16780029296876	172.5650350189209	N	Y	중립/개선	
PFE	PFIZER INC	0000078003	S&P 500	제외	PEG=판정불가, PEGY=불리(<1)	27.649999618530273	1.36	2025	6.19	1142000000.0	8525000000.0	9667000000.0	61641000000.0	0.0	86476000000.0	121385000000.0	41.60280187240512	58.39719812759488	0.7124109239197595	-9.097496936810783	-9.097496936810783	27.020218055397834	27.020218055397834	-3.5460992907801296	-37.11932514902995	-4.476866683376013	1.4078014184397407	-65.7386502980599	-0.4537333667520258	1.9146099290780476	-89.40456440536147	-0.6170773787827551	-93.07555169803717	-423.3438178619178	-102.23174461951605	판정불가				0.09784897752487598	-1.1446734103188034	0.06340190568083719	1.588482408541922	5.744963582123757	5년	0.0634019056808371	불리(<1)	판정불가			판정불가	N	주당순현금<=0	5713000000.0	5.6553287654629525	2.941172711195894		-4.720884967687466	26.191599922180174	26.207200012207032	Y	Y	상승전환	
SLB	SLB LIMITED/NV	0000087347	S&P 500	제외	PEG=판정불가, PEGY=불리(<1)	56.0099983215332	2.35	2025	2.07	3130000000.0	1176000000.0	4306000000.0	9742000000.0	1178000000.0	26109000000.0	27577000000.0	48.632790671683495	51.36720932831651	0.946767233564202	-3.7828810020876826	-4.602644398051496	25.443778435583354	25.79261392322753	-24.43729903536977	-0.5610216224331555		-40.37459807073954	7.377956755133689		-94.88030546623791	17.33819837456417		-269.3988721827205	-69.04445832147357		판정불가				-0.8790871643532667	0.059306379411657055		3.336812804453723	5.957530627475266	3년	0.059306379411657	불리(<1)	판정불가			판정불가	N	주당순현금<=0	1437000000.0	0.017854145595008752	25.695683562310755		-6.805324885905007	51.39439994812012	49.372900047302245	Y	Y	강한 상승추세	단기위험부채 존재
EMR	EMERSON ELECTRIC CO	0000032604	S&P 500	제외	PEG=판정불가, PEGY=불리(<1)	148.3699951171875	1.12	2025	1.48	2354000000.0	99000000.0	2453000000.0	8319000000.0	4192000000.0	20282000000.0					-10.35115581436386	-17.74836774307394	141.71531333174227	148.31996683951914	-35.26011560693641	-3.335847899742972	-1.3703810340970568	-62.02023121387282	1.8283042005140562	5.759237931805886	-69.46265895953756	2.047700704575743	6.450346483622593	-146.81718760230035	-98.6198687255072	-95.65252632209908	판정불가				-0.23836602278725044	-0.013095605944846666	0.0007735153197335524	4.706193753308629	3.1719309214720415	5년	0.0007735153197335	불리(<1)	판정불가			판정불가	N	주당순현금<=0	566700000.0	4.419733226231504	12.248451610311427		-9.739633343507093	149.85620086669923	143.07240070343016	N	Y	상승전환	단기위험부채 존재
CSX	CSX CORP	0000277948	S&P 500	제외	PEG=판정불가, PEGY=판정불가	49.040000915527344	1.54	2025	1.16	1958000000.0	5000000.0	1963000000.0	9832000000.0		13160000000.0	30522000000.0	30.126825694794196	69.87317430520581	0.4311644060022279	-4.201281366791244	-4.201281366791244	34.572261222284794	34.572261222284794	-13.966480446927374	-7.566647873326204	-15.619198935967571	-19.432960893854748	-6.633295746652408	-22.738397871935142	-29.92675977653631	-10.21527544984471	-35.01713272278012	-161.02520232021593	-120.83049604228349	-171.40524483899995	판정불가				-0.3704264631285528	-0.1853117975747727	-0.41823121846156175	0.9135077415910304	1.862780841225046	판정불가		판정불가	판정불가			판정불가	N	주당순현금<=0	1873000000.0	3.525442307997384	25.038244235547147		-7.871498521025444	50.204199981689456	43.38349990844726	N	Y	상승전환	
APTV	Aptiv PLC	0001521332	S&P 500	제외	PEG=판정불가, PEGY=판정불가	45.689998626708984	0.64	2025	1.9260232577148269	1851000000.0		1851000000.0	7470000000.0	81000000.0	9207000000.0	13914000000.0	39.820942000778516	60.179057999221484	0.6617076326002588	-25.99703895623207	-26.371796058110483	112.0109962233454	112.59655419503041	-43.85964912280701	-9.379349728076658	-9.25361634386701	-79.21929824561401	-10.258699456153316	-10.007232687734021	-50.70035087719297	-6.565567651938123	-6.404628920149774	-210.96597154974543	-114.36981363378744	-114.01757301959256	판정불가				-0.3743706178764648	-0.0665410247356447	-0.06541851544237012	6.204312019987046	13.579146873425804	판정불가		판정불가	판정불가			판정불가	N	주당순현금<=0	216140000.0	-32.76927715976363	-34.793779326812356		-48.471862444775724	52.37999969482422	65.96279987335205	N	N	주의	단기위험부채 존재
AXON	AXON ENTERPRISE, INC.	0001069183	S&P 500	제외	PEG=판정불가, PEGY=판정불가	478.8500061035156	1.51	2025		1201147000.0	505417000.0	1706564000.0	1730170000.0	80552000.0	3242658000.0	3757655000.0	46.32161447638127	53.67838552361873	0.8629472370401221	-0.28658492169479177	-1.264513779288576	317.3090006789473	317.9566356839763	-68.54166666666667	-9.393302099393695		-128.58333333333334	-10.286604198787394		-194.16083333333336	-15.532772340168965		-140.54731771087427	-103.24376571832204		판정불가							0.9115090445550564	0.19035377110510268	판정불가		판정불가	판정불가			판정불가	N	주당순현금<=0	82370000.0	7.317344913324475	-4.114935531462649		-38.41791255186179	565.592001953125	505.0084510803223	N	N	중립/개선	단기위험부채 존재
UNH	UNITEDHEALTH GROUP INC	0000731766	S&P 500	제외	PEG=판정불가, PEGY=판정불가	388.2799987792969	13.23	2025	2.36	24365000000.0	3756000000.0	28121000000.0	72320000000.0	3620000000.0	32454000000.0	207883000000.0	13.503538780961733	86.49646121903827	0.1561166617760952	-48.51701427003293	-52.49066959385291	33.0156472448473	33.31599912117534	-14.700193423597675	-14.517352798270888	-3.7667253412291712	-20.90038684719535	-20.534705596541777	0.9665493175416575	-276.5121179883945	-271.6741550422477	12.78744747107613	-171.21461802248726	-169.96861952620708	-96.70664275489898	판정불가				-0.3737680298096712	-0.3682300306915312	-0.04260783775634496	17.64544456641054	4.544515458402591	판정불가		판정불가	판정불가			판정불가	N	주당순현금<=0	911000000.0	-4.258411918011973	40.14799346226538		-11.0163874531527	410.1151983642578	352.7303991699219	N	Y	중립/개선	단기위험부채 존재
KR	KROGER CO	0000056873	S&P 500	제외	PEG=판정불가, PEGY=판정불가	56.95000076293945	1.54	2025	2.55	3334000000.0		3334000000.0	14509000000.0	1366000000.0	5927000000.0	44017000000.0	11.86729136633029	88.13270863366971	0.13465252061703434	-17.061068702290076	-19.146564885496183	48.05913601638281	49.413354317166004	-47.97297297297297	-20.45740326595622		-87.44594594594594	-32.41480653191244		-134.66675675675674	-49.91880205914516		-336.4648901715062	-187.65373378472384		판정불가				-0.9451475148760228	-0.3726118434557748				판정불가		판정불가	판정불가			판정불가	N	주당순현금<=0 | FCF<=0	655000000.0	-11.182161067553576	-24.02614533284303		-24.66930963968973	57.72780021667481	63.90204999923706	N	N	주의	단기위험부채 존재
DVN	DEVON ENERGY CORP/DE	0001090012	S&P 500	제외	PEG=판정불가, PEGY=판정불가	50.02000045776367	4.17	2025	2.61	1384000000.0	2343000000.0	3727000000.0	7391000000.0	998000000.0	15528000000.0					-5.788309636650869	-7.3649289099526065	13.383287792425548	13.761373949092635	-8.552631578947361	-22.960449726899977		-8.605263157894722	-37.420899453799954		-35.88394736842099	-156.0451507223458		-171.73919840068973	-411.9655123836086		판정불가				-0.4440337584543817	-1.5205867229738261		10.552922590837282	21.0974060261116	판정불가		판정불가	판정불가			판정불가	N	주당순현금<=0	633000000.0	12.127325203749816	8.291842270893724		-3.937006431871204	45.251399993896484	43.715850048065185	Y	Y	강한 상승추세	단기위험부채 존재
CVS	CVS HEALTH Corp	0000064803	S&P 500	제외	PEG=판정불가, PEGY=판정불가	95.29000091552734	1.39	2025	2.79	8453000000.0	2145000000.0	10598000000.0	71348000000.0	0.0	75214000000.0	178156000000.0	29.68544026522477	70.31455973477523	0.4221805608567772	-47.7970102281668	-47.7970102281668	102.94029578683033	102.94029578683033	-62.02185792349728	-23.78711813669546	-23.938579568888617	-115.54371584699456	-39.07423627339092	-39.377159137777234	-160.60576502732243	-54.31318842001338	-54.734251201510354	-268.54419507215266	-156.99778350108414	-157.43965859548177	판정불가				-0.5754001139277386	-0.20397374979547833	-0.2054451020102301	6.142407553107789	6.446014790736449	판정불가		판정불가	판정불가			판정불가	N	주당순현금<=0	1271000000.0	-5.165209263548576	25.266203888273253		-13.842674294589685	100.30140014648437	86.83415019989013	N	Y	중립/개선	
COP	CONOCOPHILLIPS	0001163165	S&P 500	제외	PEG=판정불가, PEGY=판정불가	137.0399932861328	6.35	2025	2.46	6497000000.0	484000000.0	6981000000.0	16147000000.0	961000000.0	64487000000.0	57452000000.0	52.88463904083189	47.11536095916811	1.1224500452551696	-7.312640512634768	-8.079326911570183	22.732698236026394	22.853436251606773	-18.693982074263765	-24.182162850978774		-28.88796414852753	-39.86432570195755		-183.43857234314981	-253.1384682074304		-233.85769215570457	-284.7186811217143		판정불가				-0.7141247337078722	-0.9555470549709695				판정불가		판정불가	판정불가			판정불가	N	주당순현금<=0 | FCF<=0	1253446000.0	18.793336131307072	13.953094006180034		-0.11662074757169405	122.05960006713867	113.45465023040771	Y	Y	강한 상승추세	단기위험부채 존재
SRE	SEMPRA	0001032208	S&P 500	제외	PEG=판정불가, PEGY=판정불가	84.0	2.75	2025	3.09	29000000.0		29000000.0		4166000000.0	31594000000.0					0.04435430833279802	-6.327371502509842	30.5293257060608	32.84631691000358	-37.782805429864254	-25.38521336020446	-26.568336591560993	-67.06561085972851	-42.27042672040892	-44.636673183121985	-184.4304298642534	-116.24367348112453	-122.75085125358547	-319.5600355526826	-238.3853255727673	-246.13196577807796	판정불가				-1.1363764062098791	-0.7302884306998739	-0.7690420947259894			판정불가		판정불가	판정불가			판정불가	N	FCF<=0	653826000.0	-8.236837273450782	-9.861575491624775		-15.789473684210531	88.24420028686524	90.91290027618408	N	N	주의	단기위험부채 존재
CVX	CHEVRON CORP	0000093410	S&P 500	제외	PEG=판정불가, PEGY=판정불가	212.75999450683594	6.63	2025	3.33	8178000000.0	0.0	8178000000.0	33477000000.0	977000000.0	186450000000.0	131836000000.0	58.57939086230623	41.42060913769377	1.414257107315149	-13.63092672413793	-14.157327586206897	34.14644362458128	34.225840436356386	-31.79012345679013	-28.68529133996226		-55.08024691358026	-48.87058267992452		-365.1820370370371	-324.0119631678995		-271.64036776909387	-252.2898907376542		판정불가				-0.8334725504562445	-0.7425455962186801				판정불가		판정불가	판정불가			판정불가	N	주당순현금<=0 | FCF<=0	1856000000.0	14.497893725519173	8.0164457472081		-0.49109165321891135	193.77480041503907	182.0235501098633	Y	Y	강한 상승추세	단기위험부채 존재
ORLY	O REILLY AUTOMOTIVE INC	0000898173	S&P 500	제외	PEG=판정불가, PEGY=판정불가	85.51000213623047	2.97	2025		193793000.0		193793000.0	6016904000.0	25000.0	-763352000.0					-6.803343540685509	-6.803372749056861	31.08193457135218	31.081944405820646	-92.6955238563699	-29.203737570730283	-11.269579863367396	-176.8910477127398	-49.907475141460566	-14.039159726734791	-525.3664117068373	-148.2252011701379	-41.69630438840233	-714.39176538652	-273.34253007501104	-148.76190310692982	판정불가							1.861365386210611	2.1767808907841824	판정불가		판정불가	판정불가			판정불가	N	주당순현금<=0	855919000.0	-5.094335644421777	-8.033986826207274		-20.691891691467625	88.72100067138672	91.9767999267578	N	N	주의	단기위험부채 존재
PANW	Palo Alto Networks Inc	0001327567	S&P 500	제외	PEG=판정불가, PEGY=판정불가	338.489990234375	0.4	2026		2514000000.0	557000000.0	3071000000.0	1991500000.0		27492000000.0	20968000000.0	56.73132480396204	43.26867519603797	1.3111407859595574	1.412958115183246	1.412958115183246	842.6925802979794	842.6925802979794	-75.00000000000001	-32.13955958512733		-141.50000000000003	-55.77911917025466		-56.600000000000016	-22.311647668101866		-116.72132164404903	-106.59152362309236		판정불가									판정불가		판정불가	판정불가			판정불가	N	FCF<=0	764000000.0	21.09254524113886	101.33832980332392		-14.522729738794194	349.97119995117185	235.19000015258788	N	Y	상승전환	
KMB	KIMBERLY CLARK CORP	0000055785	S&P 500	제외	PEG=판정불가, PEGY=판정불가	98.4800033569336	1.5	2025	5.19	688000000.0		688000000.0	6439000000.0	963000000.0	1502000000.0					-17.259903961584634	-20.150060024009605	77.15993821234548	79.0867089206288	-80.13245033112582	-35.99237051910854	-26.238981580201248	-151.76490066225165	-63.48474103821708	-43.977963160402496	-227.64735099337747	-95.22711155732563	-65.96694474060374	-331.16099028580066	-196.6969012096617	-166.98511625909612	판정불가				-0.9712611501176026	-0.3992015964857292	-0.27279676562562927			판정불가		판정불가	판정불가			판정불가	N	주당순현금<=0 | FCF<=0	333200000.0	-3.013588271620571	0.6747123943656064		-23.936045085024706	109.14639999389648	103.19380001068116	N	N	판정불가	단기위험부채 존재
VLO	VALERO ENERGY CORP/TX	0001035002	S&P 500	제외	PEG=판정불가, PEGY=판정불가	385.42999267578125	7.57	2025	1.23	4688000000.0		4688000000.0	8261000000.0		23725000000.0					-11.563106796116505	-11.563106796116505	52.442945769075	52.442945769075	-11.77156177156177	-36.119777156007146		-15.043123543123539	-63.73955431201429		-113.8764452214452	-482.50842614194823		-129.54529937612733	-225.1870470152612		판정불가				-0.20101009996616181	-0.6652901862080609		14.475728155339805	3.75573474571726	판정불가		판정불가	판정불가			판정불가	N	주당순현금<=0	309000000.0	50.794203236319824	63.44938580477706		-0.9050056358852476	322.4282019042969	242.77070152282715	Y	Y	강한 상승추세	
IRM	IRON MOUNTAIN INC	0001020569	S&P 500	제외	PEG=판정불가, PEGY=판정불가	112.9000015258789	0.49	2025	3.0	158535000.0		158535000.0	16215885000.0	216074000.0	-981007000.0					-53.91701587557418	-54.64254438982459	340.4428926560267	341.92356309327243	-19.672131147540984	-36.34769139588404	-16.260604064943717	-30.84426229508197	-64.19538279176808	-24.021208129887434	-15.113688524590165	-31.45573756796636	-11.770391983644842	-113.38679213491933	-127.86159180055998	-110.42550205895864	판정불가				-0.04897188781786673	-0.09795384810567202	-0.038951038047787455	-3.1282033201708437	-2.770773496804425	판정불가		판정불가	판정불가			판정불가	N	주당순현금<=0 | FCF<=0	297816000.0	-9.802665832514645	5.140626200086107		-15.151056968746202	121.56180023193359	109.98424983978272	N	Y	중립/개선	단기위험부채 존재
FANG	Diamondback Energy, Inc.	0001539838	S&P 500	제외	PEG=판정불가, PEGY=판정불가	205.38999938964844	5.73	2025	2.17	104000000.0		104000000.0	13726000000.0	763000000.0	36972000000.0	28092000000.0	56.824050165990414	43.17594983400959	1.316104228961982	-47.12206697823086	-49.76148388502797	44.068423449891675	44.529054672718395	-63.10367031551834	-38.48028199276532		-117.70734063103669	-68.46056398553064		-674.4630618158403	-392.2790316370906		-428.3816465359184	-290.9922746009129		판정불가				-1.3827059274040838	-0.8239523711133482				판정불가		판정불가	판정불가			판정불가	N	주당순현금<=0 | FCF<=0	289079000.0	7.202882882997685	16.0329957423486		-3.8841326018673628	196.58600036621092	181.68399993896483	Y	Y	강한 상승추세	단기위험부채 존재
COF	CAPITAL ONE FINANCIAL CORP	0000927628	S&P 500	보류	PEG=판정불가, PEGY=판정불가	207.11000061035156	4.03	2025	1.52	62093000000.0		62093000000.0	31377000000.0	1087000000.0	113616000000.0	555393000000.0	16.98273117402008	83.01726882597991	0.20456865678897646	56.74487345279882	54.7367448734528	37.311445944802166	37.80974087764237	-65.22864538395167	-39.17672229952939	-4.896815963113765	-121.95729076790334	-69.85344459905878	-1.2936319262275298	-491.4878817946505	-281.5093817342069	-5.213336662696945	-337.30765310522884	-235.9226405796924	-102.51718248627941	판정불가				-1.7074826174842168	-1.009253899064593	-0.09050348700260401	48.29115093293922	23.316667853133875	판정불가		판정불가	판정불가			판정불가	Y		541300000.0	13.771703059125805	16.714569834994396		-19.706133732630803	212.31640045166014	207.71584930419922	N	N	중립/개선	단기위험부채 존재
MGM	MGM Resorts International	0000789570	S&P 500	제외	PEG=판정불가, PEGY=판정불가	40.72999954223633	0.76	2025	0.029462313122680495	2062994000.0		2062994000.0	6230141000.0	0.0	2429917000.0	38097468000.0	5.995740904576005	94.00425909542399	0.06378158779475844	-15.028931566134704	-15.028931566134704	73.36701461627767	73.36701461627767	-68.33333333333333	-39.83701324007897		-128.16666666666666	-71.17402648015793		-97.40666666666667	-54.09226012492003		-339.1521427974915	-232.8069254428232		판정불가				-0.9309888289369801	-0.5425810377477773		5.267157154449554	12.931886112563296	판정불가		판정불가	판정불가			판정불가	N	주당순현금<=0	277275000.0	-13.744179395788159	12.203857846511923		-19.648844652413644	44.45980010986328	39.73385002136231	N	Y	중립/개선	
WY	WEYERHAEUSER CO	0000106535	S&P 500	제외	PEG=판정불가, PEGY=판정불가	21.989999771118164	0.45	2025	3.72	464000000.0		464000000.0	5050000000.0	522000000.0	9426000000.0	7187000000.0	56.738698609522665	43.261301390477335	1.3115347154584667	-6.338044714587592	-7.059470650264592	62.95120996823501	64.5543787141839	-16.66666666666667	-43.761896821361546		-24.833333333333343	-79.02379364272309		-11.175000000000004	-35.56070713922539		-150.81855441707341	-261.7130855359585		판정불가				-0.20566191933720604	-0.6360782714353952		0.268116152339728	1.2192640069595355	판정불가		판정불가	판정불가			판정불가	N	주당순현금<=0	723567000.0	-9.61775651428548	-4.515852733475656		-18.856090547680015	24.00460014343262	24.2838000869751	N	N	주의	단기위험부채 존재
TSN	TYSON FOODS, INC.	0000100493	S&P 500	보류	PEG=판정불가, PEGY=판정불가	52.459999084472656	1.33	2025	3.94	1229000000.0		1229000000.0			18085000000.0					3.442577030812325	3.442577030812325	36.85520455162431	36.85520455162431	-40.888888888888886	-46.97317852013001	-5.767715060111856	-73.27777777777777	-85.44635704026003	-3.0354301202237117	-97.45944444444444	-113.64365486354583	-4.037122059897537	-285.77858586598967	-316.6291590675658	-107.69561976811484	판정불가				-1.0025419567847833	-1.167628264275457	-0.04959177631348415	3.2969187675070026	6.284633673359783	판정불가		판정불가	판정불가			판정불가	Y		357000000.0	-5.715313335836248	-14.042274072159099		-23.694546786221593	57.24340003967285	60.45900003433228	N	N	주의	
OXY	OCCIDENTAL PETROLEUM CORP /DE/	0000797468	S&P 500	제외	PEG=판정불가, PEGY=판정불가	61.15999984741211	1.61	2025	1.83	1968000000.0		1968000000.0	35745000000.0	440000000.0	36034000000.0					-33.773622637736224	-34.213578642135786	58.96498291003002	59.23824750903596	-34.01639344262294	-49.362988839182776		-59.53278688524588	-90.22597767836555		-95.84778688524588	-145.26382406216854		-256.7164603080056	-337.51442842476587		판정불가				-0.5458560632796859	-0.8061223202881207		4.104589541045895	6.711232098244641	판정불가		판정불가	판정불가			판정불가	N	주당순현금<=0	1000100000.0	10.25779430591629	4.7080979407361445		-7.66907937830108	56.82760009765625	52.692749977111816	Y	Y	강한 상승추세	단기위험부채 존재
DOC	HEALTHPEAK PROPERTIES, INC.	0000765880	S&P 500	제외	PEG=판정불가, PEGY=판정불가	20.3700008392334	0.1	2025	5.98	467457000.0		467457000.0	9847894000.0		7500094000.0	12033567000.0	38.395741586792155	61.604258413207845	0.6232644069709339	-13.47678738700427	-13.47678738700427	338.4678822623767	338.4678822623767	-72.22222222222223	-52.27593913804323	-33.51833999568201	-135.94444444444446	-96.05187827608646	-58.536679991364025	-13.594444444444447	-9.605187827608646	-5.853667999136403	-166.73757429730207	-147.1535956400585	-128.73670966111112	판정불가				-0.19571198832647868	-0.1367808928533878	-0.0813617522927466			판정불가		판정불가	판정불가			판정불가	N	주당순현금<=0 | FCF<=0	696044000.0	-0.6341422476419556	20.53255206525797		-10.736191447655896	21.471800003051758	18.65575002193451	N	Y	중립/개선	
GPC	GENUINE PARTS CO	0000040987	S&P 500	제외	PEG=판정불가, PEGY=판정불가	134.16000366210938	0.47	2025	3.14	333547000.0		333547000.0	3498423000.0	943540000.0	4422991000.0					-22.728014362657092	-29.503885098743268	333.8042936697159	348.22103991670775	-92.73570324574962	-61.61464058703222	-16.81535450665752	-176.97140649149924	-114.72928117406444	-25.13070901331504	-83.17656105100464	-53.92276215181028	-11.811433236258068	-161.9980312914199	-140.19287468686886	-108.80398994770894	판정불가				-0.2684078813389994	-0.1751764183263928	-0.040968180355968276	3.0227935368043086	2.2531257113091687	판정불가		판정불가	판정불가			판정불가	N	주당순현금<=0	139250000.0	31.194993995190636	25.371461530591553		-10.11656934238665	130.33280044555664	119.98120025634766	Y	Y	강한 상승추세	단기위험부채 존재
CSGP	COSTAR GROUP, INC.	0001057352	S&P 500	보류	PEG=판정불가, PEGY=판정불가	29.489999771118164	0.02	2025		1633000000.0	0.0	1633000000.0	993000000.0	0.0	8334000000.0	2167000000.0	79.3638701076088	20.6361298923912	3.845869866174435	1.5212740670311387	1.5212740670311387	1398.4362852043512	1398.4362852043512	-94.11764705882352	-72.19119357371476	-53.398733410393206	-179.73529411764704	-135.8823871474295	-98.29746682078641	-3.5947058823529408	-2.71764774294859	-1.9659493364157283	-112.18957582316943	-109.21548919647736	-106.66649491920693	판정불가							0.2923698597575469	0.9914203527525536	판정불가		판정불가	판정불가			판정불가	Y		420700000.0	-9.678412272832748	-31.98800886530001		-66.9616860123867	30.324200019836425	43.18194997787476	N	N	주의	
APD	Air Products & Chemicals, Inc.	0000002969	S&P 500	제외	PEG=판정불가, PEGY=판정불가	293.6499938964844	-1.77	2025	2.45	1856000000.0	0.0	1856000000.0	4918100000.0	34700000.0	15024900000.0	23709700000.0	38.78935112276879	61.21064887723121	0.6337026617797779	-13.749887741356085	-13.905702739110911			-110.30267753201397			-212.10535506402795			375.4264784633295			27.84828410235638			판정불가							-23.661427929950605	-8.057697402265768	판정불가		판정불가	판정불가			판정불가	N	주당순현금<=0 | FCF<=0 | 순현금차감PER<=0/불가	222700000.0	5.583920268930398	1.0912912387301743		-6.5374481636322646	301.06159912109376	283.1574993896484	N	Y	상승전환	단기위험부채 존재
ALB	ALBEMARLE CORP	0000915913	S&P 500	제외	PEG=판정불가, PEGY=판정불가	122.11000061035156	-5.76	2025	1.3	613110000.0		613110000.0	3119464000.0	367178000.0	9533365000.0					-21.300941664400327	-24.421505303236334			48.57142857142857			105.64285714285714			-608.5028571428571			-598.323523135969			1년	105.64285714285714	-608.5028571428571	-598.323523135969				5.885113543649714	4.819518069145615	판정불가		판정불가	1년	48.57142857142857		판정불가	N	주당순현금<=0 | 순현금차감PER<=0/불가	117664000.0	-23.230226025013444	-25.492707874118015		-43.36796059011786	127.55920013427735	156.64614990234375	N	N	주의	단기위험부채 존재
ARE	ALEXANDRIA REAL ESTATE EQUITIES, INC.	0001035443	S&P 500	제외	PEG=판정불가, PEGY=판정불가	49.560001373291016	-8.44	2025	5.72	549062000.0		549062000.0	12400555000.0		15470070000.0	14925399000.0	50.89597400191456	49.10402599808544	1.036492893757815	-69.58899516755037	-69.58899516755037			-568.8888888888889			-1129.2777777777778			9531.104444444445			19131.445077362263			판정불가									판정불가		판정불가	판정불가			판정불가	N	주당순현금<=0 | FCF<=0 | 순현금차감PER<=0/불가	170307000.0	-6.082999917807264	-1.3731315954407686		-43.32761223236703	50.4976000213623	50.13875011444092	N	N	주의	
APO	Apollo Global Management, Inc.	0001858681	S&P 500	제외	PEG=판정불가, PEGY=판정불가	127.91000366210938	5.54	2025	1.72	8980000000.0		8980000000.0	13364000000.0		23341000000.0	418434000000.0	5.283458774262916	94.71654122573709	0.055781795934364796	-7.384732856185598	-7.384732856185598	24.42143258452978	24.42143258452978	-24.42019099590723			-40.34038199181446			-223.4857162346521			-274.7210615559188			판정불가				-0.9295192211732534					판정불가		판정불가	판정불가			판정불가	N	주당순현금<=0 | FCF<=0	593657223.0	-4.48062119028807	27.52741751772827		-16.234442555054805	127.76739944458008	127.82930011749268	Y	Y	중립/개선	
ARES	Ares Management Corp	0001176948	S&P 500	보류	PEG=판정불가, PEGY=판정불가	130.6300048828125	0.039510671963162464	2014	4.02	488896000.0		488896000.0			4275463000.0	19931981000.0	17.661769660605227	82.33823033939478	0.21450266283115563	6.083971489795992	6.083971489795992	3152.21248348133	3152.21248348133													판정불가							40.42582623597222	30.94681522230518	판정불가		판정불가	판정불가			판정불가	Y		80358036.0	-1.6488498122578576	35.367880707577726		-29.278328117236008	132.54899993896484	133.09005046844482	N	N	판정불가	
AVB	AVB		S&P 500	판정불가																																																												SEC ticker mapping 없음
BKR	Baker Hughes Co	0001701605	S&P 500	제외	PEG=판정불가, PEGY=판정불가	59.400001525878906	2.98	2024	1.45	7023000000.0		7023000000.0			18834000000.0									56.020942408376975		111.75011009858267	120.54188481675395		232.00022019716533	359.21481675392675		691.3606561875526	504.73873320933666		1063.9067986999062	5년	232.00022019716533	691.3606561875526	1063.9067986999062						판정불가		판정불가	5년	111.75011009858267		판정불가	N	주당순현금<=0 | FCF<=0 | 순현금차감PER<=0/불가		-6.427218093539522	6.261180508876496		-14.740917056093961	60.332200088500976	58.7102000617981	N	Y	중립/개선	
BAX	BAXTER INTERNATIONAL INC	0000010456	S&P 500	제외	PEG=판정불가, PEGY=판정불가	24.18000030517578	-1.87	2025	16.0	1966000000.0	5148000000.0	7114000000.0	9438000000.0	1000000.0	6129000000.0	13953000000.0	30.519868538990142	69.48013146100986	0.43926037411309393	-4.530214424951267	-4.5321637426900585			-87.00000000000001			-165.50000000000003			309.48500000000007			1179.9214065094702			판정불가									판정불가		판정불가	판정불가			판정불가	N	주당순현금<=0 | FCF<=0 | 순현금차감PER<=0/불가	513000000.0	18.008787580656225	34.25874512982732		-14.70899478018901	24.877000007629395	20.445849981307983	N	Y	상승전환	단기위험부채 존재
BLK	BlackRock, Inc.	0002012383	S&P 500	제외	PEG=판정불가, PEGY=판정불가	1062.4000244140625	35.31	2025	2.14	11468000000.0		11468000000.0	12768000000.0		55888000000.0	108456000000.0	34.006717616706425	65.99328238329359	0.5153057461090211	-8.081234006422008	-8.081234006422008	30.316659824992477	30.316659824992477	-15.94858367055462			-23.39716734110924			-826.1539788145673			-177.76298567671907			판정불가				-0.45547839868464285			22.080417839085364	2.0783525349844765	판정불가		판정불가	판정불가			판정불가	N	주당순현금<=0	160866521.0	4.507270116855855	15.11539671792368		-11.657335034441552	1099.140400390625	1060.279851989746	N	Y	상승전환	
BK	BK		S&P 500	판정불가																																																												SEC ticker mapping 없음
BG	Bunge Global SA	0001996862	S&P 500	제외	PEG=판정불가, PEGY=판정불가	124.58999633789062	0.49	2025	2.33	1135000000.0	861000000.0	1996000000.0	8831000000.0	3883000000.0	15904000000.0					-41.05920370735475	-64.3851565962587	338.0595919290722	385.66357741663126	-88.76146788990825			-169.0229357798165			-82.82123853211009			-166.475030874467			판정불가				-0.25566932562600475			-5.2803277335427685	-4.238163487237299	판정불가		판정불가	판정불가			판정불가	N	주당순현금<=0 | FCF<=0	166466940.0	-0.5507682376512557	-0.985460919589709		-5.189869214032461	114.54460067749024	114.64285034179687	Y	Y	중립/개선	단기위험부채 존재
CNC	CENTENE CORP	0001071739	S&P 500	제외	PEG=판정불가, PEGY=판정불가	65.4000015258789	-13.53	2025		17888000000.0	2432000000.0	20320000000.0	17351000000.0	50000000.0	19953000000.0	56691000000.0	26.03334899013621	73.96665100986378	0.35196062867121763	6.020895691885885	5.919499671476894			-314.42155309033285			-620.3431061806657			8393.242226624407			12733.703411005556			판정불가							8.762644083745002	13.39853804174241	판정불가		판정불가	판정불가			판정불가	N	순현금차감PER<=0/불가	493116000.0	2.927290814528516	89.18137721496862		-4.831198538780013	65.52459968566895	50.76719989776611	N	Y	상승전환	단기위험부채 존재
CRL	CHARLES RIVER LABORATORIES INTERNATIONAL, INC.	0001100682	S&P 500	제외	PEG=판정불가, PEGY=판정불가	273.0	-2.91	2025		213770000.0	1063000.0	214833000.0	1626760000.0	166000.0	3164630000.0	3924228000.0	44.64231051038122	55.35768948961878	0.8064337749998216	-28.4869461706077	-28.490295375675895			-1555.0			-3101.5			9025.365			3205.9945054945056			판정불가									판정불가		판정불가	판정불가			판정불가	N	주당순현금<=0 | FCF<=0 | 순현금차감PER<=0/불가	49564000.0	45.16643812831145	78.82876552541269		-8.56721405407207	257.90560028076175	201.87995040893554	Y	Y	강한 상승추세	단기위험부채 존재
COIN	Coinbase Global, Inc.	0001679788	S&P 500	보류	PEG=판정불가, PEGY=판정불가	172.27999877929688	4.45	2025		11285452000.0	309765000.0	11595217000.0	5937034000.0	452105000.0	14793058000.0	14878774000.0	49.855559980253325	50.144440019746675	0.9942390414694114	19.700576931781384	18.126444505569115	34.28751052753157	34.641248151399495	-53.05907172995781			-97.61814345991561			-434.4007383966245			-352.14809697852576			판정불가							8.437931958956717	4.897801264653082	판정불가		판정불가	판정불가			판정불가	Y		287209000.0	7.386403194235469	-10.842000419946396		-55.51423976382151	164.72819976806642	191.60399963378907	Y	N	중립/개선	단기위험부채 존재
CAG	CONAGRA BRANDS INC.	0000023217	S&P 500	제외	PEG=판정불가, PEGY=판정불가	14.699999809265137	-4.0	2026	8.11	218000000.0		218000000.0	6456000000.0	34200000.0	8932700000.0	10916800000.0	45.0021411118668	54.9978588881332	0.8182526014949436	-13.022964509394573	-13.094363256784968			-266.6666666666667			-524.8333333333334			2099.3333333333335			14181.179323622595			판정불가							2.04321503131524	13.899422162083566	판정불가		판정불가	판정불가			판정불가	N	주당순현금<=0 | 순현금차감PER<=0/불가	479000000.0	9.293680429191742	-9.09091069940009		-26.573429205070077	15.08340009689331	15.840050044059753	N	N	중립/개선	단기위험부채 존재
STZ	CONSTELLATION BRANDS, INC.	0000016918	S&P 500	제외	PEG=판정불가, PEGY=판정불가	123.80999755859375			3.39	102400000.0		102400000.0	9692900000.0	272000000.0	8082400000.0	13513600000.0	37.42544915725134	62.57455084274866	0.5980937721998579																	판정불가									판정불가		판정불가	판정불가			판정불가	N	주당순현금<=0 | FCF<=0 | 순현금차감PER<=0/불가		-13.492173153571319	-16.5250866742796		-25.7199406053349	131.9431999206543	145.03495029449462	N	N	주의	단기위험부채 존재 | EPS 없음
CTRA	CTRA		S&P 500	판정불가																																																												SEC ticker mapping 없음
CRWD	CrowdStrike Holdings, Inc.	0001535527	S&P 500	제외	PEG=판정불가, PEGY=판정불가	208.86000061035156	-0.65	2026		5230125000.0	0.0	5230125000.0	745471000.0		4428390000.0	6614079000.0	40.10325951560289	59.89674048439711	0.6695399314099514	17.897380435476663	17.897380435476663															판정불가							5.228916576208416	2.503550972387223	판정불가		판정불가	판정불가			판정불가	N	순현금차감PER<=0/불가	250576000.0	20.810372225028928	89.21048744700772		-9.584415320194129	202.31149932861328	143.70353740692138	Y	Y	강한 상승추세	
DDOG	Datadog, Inc.	0001561550	S&P 500	보류	PEG=판정불가, PEGY=판정불가	221.72000122070312	0.31	2025		401305000.0	4073531000.0	4474836000.0			3732206000.0	2911638000.0	56.175400867329216	43.824599132670784	1.2818234959153576	12.311363736408858	12.311363736408858	675.5117338203041	675.5117338203041	-40.38461538461539			-72.26923076923077			-22.40346153846154			-110.10439356626236			판정불가							2.752776004754149	1.2415551098676019	판정불가		판정불가	판정불가			판정불가	Y		363472000.0	-5.344947053814131	74.36300317343445		-23.053962895326563	247.40500030517578	177.09297515869142	N	Y	중립/개선	
DOW	DOW INC.	0001751788	S&P 500	제외	PEG=판정불가, PEGY=판정불가	29.639999389648438	-3.7	2025	4.76	3816000000.0	21000000.0	3837000000.0	15060000000.0	62000000.0	16008000000.0					-15.77150084317032	-15.858628442945475			-335.6687898089172			-662.8375796178344			2452.4990445859876			8174.28844496706			판정불가									판정불가		판정불가	판정불가			판정불가	N	주당순현금<=0 | FCF<=0 | 순현금차감PER<=0/불가	711600000.0	-11.864411393818653	-21.128265179713036		-29.209457497556713	30.089200057983398	31.598950090408326	N	N	주의	단기위험부채 존재
DD	DuPont de Nemours, Inc.	0001666700	S&P 500	제외	PEG=판정불가, PEGY=판정불가	127.31999969482422	-0.3	2025	1.88	715000000.0	0.0	715000000.0	7859000000.0	60000000.0	13919000000.0	7472000000.0	65.0694217194147	34.930578280585294	1.8628211991434689	-17.041984732824428	-17.185114503816795			-117.96407185628743			-227.42814371257487			68.22844311377246			-46.411841598090994			판정불가									판정불가		판정불가	판정불가			판정불가	N	주당순현금<=0 | FCF<=0 | 순현금차감PER<=0/불가	419200000.0	-9.39368358688817	-6.396121382417974		-17.640207833022902	137.86599929809572	136.89074977874756	N	N	주의	단기위험부채 존재
SATS	SATS		S&P 500	판정불가																																																												SEC ticker mapping 없음
EA	EA		S&P 500	판정불가																																																												SEC ticker mapping 없음
EQR	EQR		S&P 500	판정불가																																																												SEC ticker mapping 없음
ERIE	ERIE INDEMNITY CO	0000922621	S&P 500	제외	PEG=판정불가, PEGY=판정불가	240.39999389648438			2.4	266417000.0	33902000.0	300319000.0	0.0	0.0	2283374000.0	1072107000.0	68.04908148787014	31.950918512129856	2.1298004770046273																	판정불가									판정불가		판정불가	판정불가			판정불가	N	주당순현금<=0 | FCF<=0 | 순현금차감PER<=0/불가		6.366974797308433	-1.0821729399755675		-29.01435324605435	246.72700134277343	253.57984992980957	N	N	중립/개선	EPS 없음
XOM	ExxonMobil Holdings Corp	0002115436	S&P 500	제외	PEG=판정불가, PEGY=판정불가	165.22999572753906			2.51																											판정불가									판정불가		판정불가	판정불가			판정불가	N	주당순현금<=0 | FCF<=0 | 순현금차감PER<=0/불가		12.708041506402544	7.62065853010343		-3.639123723532489	154.57640045166016	145.42429988861085	Y	Y	강한 상승추세	EPS 없음
F	FORD MOTOR CO	0000037996	S&P 500	제외	PEG=판정불가, PEGY=판정불가	13.880000114440918	-2.06	2025	4.46	23356000000.0	15131000000.0	38487000000.0	291000000.0		35952000000.0	253180000000.0	12.434459001424955	87.56554099857505	0.14200173789398846	9.59939683337522	9.59939683337522			-241.0958904109589			-473.6917808219178			975.8050684931507			6930.295824550545			판정불가									판정불가		판정불가	판정불가			판정불가	N	FCF<=0 | 순현금차감PER<=0/불가	3979000000.0	-5.642419589079828	15.282393342339384		-20.412845817662507	14.099199962615966	13.515549983978271	N	Y	중립/개선	
GIS	GENERAL MILLS INC	0000040704	S&P 500	제외	PEG=판정불가, PEGY=판정불가	35.959999084472656	-3.74	2026	6.58	453800000.0		453800000.0	12416000000.0	68400000.0	7368400000.0	22636100000.0	24.55764968588045	75.44235031411955	0.32551543772999764	-22.246977868700018	-22.37418634926539			-805.6603773584906			-1602.8207547169811			5994.54962264151			16570.04943064619			판정불가							3.0245490050213872	8.410870639669653	판정불가		판정불가	판정불가			판정불가	N	주당순현금<=0 | 순현금차감PER<=0/불가	537700000.0	6.327615047187418	-8.730970325335575		-29.641951369514363	37.871999969482424	39.74399995803833	N	N	중립/개선	단기위험부채 존재
GDDY	GoDaddy Inc.	0001609711	S&P 500	제외	PEG=판정불가, PEGY=판정불가	96.37000274658203	6.22	2025		932400000.0	0.0	932400000.0	3765200000.0	15100000.0	215100000.0					-20.14492856685701	-20.252309399022906	18.732304069684734	18.74956786906832													판정불가							11.203874243534038	11.625893871764372	판정불가		판정불가	판정불가			판정불가	N	주당순현금<=0	140621000.0	28.20274723166747	19.34365665211397		-35.14368051572018	94.0147998046875	95.72224983215332	Y	Y	상승전환	단기위험부채 존재
HAL	HALLIBURTON CO	0000045012	S&P 500	제외	PEG=판정불가, PEGY=판정불가	36.06999969482422	-1.29	2019	1.83	2206000000.0		2206000000.0	7158000000.0	0.0	10461000000.0	14505000000.0	41.90098534006248	58.099014659937524	0.7211995863495346	-5.805392731535756	-5.805392731535756			-168.25396825396825			-328.0079365079365			423.1302380952381			1073.0807920022085			판정불가									판정불가		판정불가	판정불가			판정불가	N	주당순현금<=0 | FCF<=0 | 순현금차감PER<=0/불가	853000000.0	-9.280681042460092	3.5304234697167924		-16.077245046551646	34.245999794006345	34.95634997367859	Y	Y	중립/개선	
HAS	HASBRO, INC.	0000046080	S&P 500	제외	PEG=판정불가, PEGY=판정불가	90.16000366210938	-2.3	2025	3.15	4580369000.0		4580369000.0	2767900000.0	0.0	2995530000.0	4986500000.0	37.528423220659406	62.4715767793406	0.6007279655068686	12.927738944365192	12.927738944365192			-183.63636363636363			-358.77272727272725			825.1772727272726			815.2365119901402			판정불가							5.919400855920114	6.565439901826224	판정불가		판정불가	판정불가			판정불가	N	순현금차감PER<=0/불가	140200000.0	7.628037811998478	-5.204496810510417		-14.895222216012826	89.56059997558594	89.79699977874756	Y	Y	상승전환	
HPE	Hewlett Packard Enterprise Co	0001645590	S&P 500	제외	PEG=판정불가, PEGY=판정불가	55.220001220703125	-0.04	2025	97.0	5773000000.0		5773000000.0	21748000000.0	4609000000.0	24688000000.0	14276000000.0	63.361051226773434	36.63894877322657	1.7293359484449426	-12.06570996978852	-15.546827794561933			-102.07253886010363			-195.64507772020727			7.825803108808291			-85.82795556716823			판정불가									판정불가		판정불가	판정불가			판정불가	N	주당순현금<=0 | FCF<=0 | 순현금차감PER<=0/불가	1324000000.0	17.99145752330451	155.88508533794231		-7.689733362735374	50.74520027160644	33.80155014038086	Y	Y	강한 상승추세	단기위험부채 존재
HON	HONEYWELL INTERNATIONAL INC	0000773840	S&P 500	제외	PEG=판정불가, PEGY=판정불가	202.17999267578125	-0.18	2025	1.37	12487000000.0	443000000.0	12930000000.0	29046000000.0	5893000000.0	13904000000.0					-25.07156191661481	-34.23926571250778			-102.06659012629163			-195.63318025258326			35.21397244546498			-82.58285996580551			판정불가							8.434971997510889	4.172011229141417	판정불가		판정불가	판정불가			판정불가	N	주당순현금<=0 | 순현금차감PER<=0/불가	642800000.0	-12.021441426666268	-17.40418841522703		-22.279223683117657	227.31359954833985	229.8306862640381	N	N	주의	단기위험부채 존재
INTC	INTEL CORP	0000050863	S&P 500	제외	PEG=판정불가, PEGY=판정불가	100.31999969482422	-0.06	2025	0.49840510518442155	14265000000.0	23151000000.0	37416000000.0	44086000000.0	0.0	114281000000.0					-1.4724061810154525	-1.4724061810154525			98.63013698630138			205.76027397260276			-12.345616438356165			-112.30623651905086			1년	205.76027397260276	-12.345616438356165	-112.30623651905086				-1.0924944812362032	-1.0890096536678597	판정불가		판정불가	1년	98.63013698630138		판정불가	N	주당순현금<=0 | FCF<=0 | 순현금차감PER<=0/불가	4530000000.0	-14.22708577282943	121.70165678414193		-28.82077624730367	98.83399963378906	75.19479993820191	Y	Y	강한 상승추세	
IFF	INTERNATIONAL FLAVORS & FRAGRANCES INC	0000051253	S&P 500	제외	PEG=판정불가, PEGY=판정불가	84.05000305175781	-1.41	2025	1.9	590000000.0		590000000.0	4740000000.0	314000000.0	14154000000.0					-16.2109375	-17.4375			-248.42105263157896			-488.3421052631579			688.5623684210526			719.2294389293922			판정불가							1.0	1.1897679520418365	판정불가		판정불가	판정불가			판정불가	N	주당순현금<=0 | 순현금차감PER<=0/불가	256000000.0	8.43762190076156	20.054278656080182		-4.5645471295518325	81.93199981689453	74.94034990310669	Y	Y	강한 상승추세	단기위험부채 존재
IP	INTERNATIONAL PAPER CO /NEW/	0000051434	S&P 500	제외	PEG=판정불가, PEGY=판정불가	34.290000915527344	-4.52	2025	5.34	1145000000.0		1145000000.0	8839000000.0	992000000.0	14827000000.0					-15.214554083448686	-17.176191417836662			-387.8980891719745			-767.296178343949			3468.178726114649			10014.256732329726			판정불가							2.301759936721376	6.712627224454472	판정불가		판정불가	판정불가			판정불가	N	주당순현금<=0 | 순현금차감PER<=0/불가	505700000.0	-1.8884115393552836	-3.8148683089517244		-30.29070568644273	39.296800231933595	38.36765012741089	N	N	주의	단기위험부채 존재
IVZ	Invesco Ltd.	0000914208	S&P 500	제외	PEG=판정불가, PEGY=판정불가	31.93000030517578	-1.6	2025	2.68	1037500000.0	363900000.0	1401400000.0	1186000000.0	0.0	12231000000.0	14089100000.0	46.4701881831756	53.5298118168244	0.8681179067506086	0.4734065934065934	0.4734065934065934			-235.5932203389831			-462.6864406779662			740.298305084746			2218.503908578871			판정불가							3.167032967032967	9.91867502901213	판정불가		판정불가	판정불가			판정불가	N	순현금차감PER<=0/불가	455000000.0	12.866734789147971	39.43231806579852		-4.142903065809422	30.777999992370606	27.37964995384216	Y	Y	강한 상승추세	
KKR	KKR & Co. Inc.	0001404912	S&P 500	제외	PEG=판정불가, PEGY=판정불가	100.87000274658203			75.0	5363009000.0		5363009000.0	36914472000.0		30902561000.0	328512161000.0	8.59802314942458	91.40197685057542	0.09406824059703531																	판정불가									판정불가		판정불가	판정불가			판정불가	N	주당순현금<=0 | FCF<=0 | 순현금차감PER<=0/불가		5.8447004369969635	20.255133583080507		-32.456136855422415	103.38820053100586	105.50340015411376	N	N	중립/개선	EPS 없음
KHC	Kraft Heinz Co	0001637459	S&P 500	제외	PEG=판정불가, PEGY=판정불가	24.389999389648438	-4.93	2025	6.5	2615000000.0		2615000000.0		0.0	41664000000.0	39997000000.0	51.020683067804704	48.979316932195296	1.0416781258594394	2.203032855939343	2.203032855939343			-318.14159292035396			-627.7831858407079			3094.97110619469			12589.508748033231			판정불가							3.08424599831508	12.645535364892591	판정불가		판정불가	판정불가			판정불가	N	순현금차감PER<=0/불가	1187000000.0	0.7018995917155602	9.225255140979382		-11.694429223176705	25.47759998321533	24.025300016403197	N	Y	상승전환	
LYV	Live Nation Entertainment, Inc.	0001335258	S&P 500	제외	PEG=판정불가, PEGY=판정불가	170.0800018310547	-0.24	2025		7094200000.0		7094200000.0	1715688000.0		271007000.0					23.19881058106669	23.19881058106669			-108.75912408759125			-209.0182481751825			50.1643795620438			-70.50542155339727			판정불가							1.4389441534685132	0.8460395919432419	판정불가		판정불가	판정불가			판정불가	N	순현금차감PER<=0/불가	231844300.0	-1.305634524512922	6.087820646800557		-9.752734918829898	180.87720001220703	161.04200073242188	N	Y	중립/개선	
LITE	Lumentum Holdings Inc.	0001633978	S&P 500	제외	PEG=판정불가, PEGY=판정불가	935.7000122070312	-92.96	2026		2043500000.0	694900000.0	2738400000.0	40500000.0	1596900000.0	4643900000.0	2663600000.0	63.54977762572699	36.450222374273004	1.7434674876107523	36.16487935656836	14.758713136729222			-25224.324324324323			-50440.14864864865			4688916.218378378			501013.1941014571			판정불가							4.022788203753351	0.4299228546833958	판정불가		판정불가	판정불가			판정불가	N	순현금차감PER<=0/불가	74600000.0	5.183284879502592	51.87715616544808		-11.147191353384455	823.9236999511719	695.9910250854492	Y	Y	강한 상승추세	단기위험부채 존재
LYB	LyondellBasell Industries N.V.	0001489393	S&P 500	제외	PEG=판정불가, PEGY=판정불가	64.30000305175781	-2.34	2025	4.28	3443000000.0	0.0	3443000000.0	5772000000.0	226000000.0	10082000000.0					-4.071678321678322	-4.466783216783217			-156.38554216867468			-304.27108433734935			711.9943373493975			1007.3006276162738			판정불가							0.6713286713286714	1.0440569820631118	판정불가		판정불가	판정불가			판정불가	N	주당순현금<=0 | 순현금차감PER<=0/불가	572000000.0	1.3077072870512962	-13.49387667458175		-21.947068225848977	61.27339988708496	60.80969995498657	Y	Y	상승전환	단기위험부채 존재
MRNA	Moderna, Inc.	0001682852	S&P 500	제외	PEG=판정불가, PEGY=판정불가	136.6199951171875	-7.26	2025		2595000000.0	3204000000.0	5799000000.0	590000000.0		8650000000.0	3688000000.0	70.10860755389852	29.891392446101474	2.3454446854663775	13.390745501285346	13.390745501285346			21.76724137931034			52.03448275862068			-377.77034482758614			-376.5117540104938			1년	52.03448275862068	-377.77034482758614	-376.5117540104938				-5.308483290488432	-3.885582989470183	판정불가		판정불가	1년	21.76724137931034		판정불가	N	FCF<=0 | 순현금차감PER<=0/불가	389000000.0	175.221589035066	155.89061000003716		-21.653864381412667	89.6072006225586	56.52937508583069	Y	Y	강한 상승추세	
TAP	MOLSON COORS BEVERAGE CO	0000024545	S&P 500	제외	PEG=판정불가, PEGY=판정불가	38.439998626708984	-10.75	2025	4.99	896500000.0		896500000.0	3865400000.0	7000000.0	10230300000.0	12195700000.0	45.618032640684916	54.38196735931508	0.838844838754643	-14.911602209944752	-14.946760421898544			-300.9345794392524			-593.3691588785048			6378.718457943926			16493.96120142379			판정불가									판정불가		판정불가	판정불가			판정불가	N	주당순현금<=0 | FCF<=0 | 순현금차감PER<=0/불가	199100000.0	-6.083561348402744	-12.016480121357842		-29.31225106347486	40.97099998474121	43.97649995803833	N	N	주의	단기위험부채 존재
MNST	Monster Beverage Corp	0000865752	S&P 500	보류	PEG=판정불가, PEGY=판정불가	43.09000015258789	2.28	2010	0.006043165446226181	2088117000.0	677084000.0	2765201000.0	373951000.0		8254108000.0					2.429018813531603	2.429018813531603	17.833763745200127	17.833763745200127													판정불가							1.9969526162297564	4.634375978552471	판정불가		판정불가	판정불가			판정불가	Y		984451000.0	-6.356621266670182	11.936618647096942		-13.768262757745886	47.07420013427734	41.8867000579834	N	Y	중립/개선	
NCLH	Norwegian Cruise Line Holdings Ltd.	0001513761	S&P 500	제외	PEG=판정불가, PEGY=판정불가	14.569999694824219	0.92	2025		209893000.0	240000000.0	449893000.0	1552480000.0		2209888000.0	20331513000.0	9.803685227905754	90.19631477209424	0.1086927470670776	-2.307911555273571	-2.307911555273571	18.34555570662803	18.34555570662803	-51.322751322751316			-94.14550264550263			-86.61386243386242			-694.4671533838861			판정불가							-2.4487259618083104	-16.80663015166833	판정불가		판정불가	판정불가			판정불가	N	주당순현금<=0 | FCF<=0	477742311.0	-23.55718728713073	-25.12846669941635		-45.9168544692314	18.36899995803833	19.80505003929138	N	N	주의	
OMC	OMNICOM GROUP INC.	0000029989	S&P 500	제외	PEG=판정불가, PEGY=판정불가	79.44999694824219	-0.27	2025	4.09	5316800000.0	0.0	5316800000.0	9272900000.0	62000000.0	12045800000.0					-19.307467057101025	-19.610053684724257			-103.61930294906168			-198.73860589812335			53.65942359249331			-32.46138998916537			판정불가							13.608589555880917	17.128496008308534	판정불가		판정불가	판정불가			판정불가	N	주당순현금<=0 | 순현금차감PER<=0/불가	204900000.0	5.106496623041479	1.9766310021132272		-10.670120567419694	83.08400009155274	78.13694999694825	N	Y	상승전환	단기위험부채 존재
PSKY	Paramount Skydance Corp	0002041610	S&P 500	제외	PEG=판정불가, PEGY=판정불가	10.380000114440918	-0.53	2025	1.96	3274000000.0		3274000000.0		0.0	11693000000.0					2.970961887477314	2.970961887477314															판정불가							0.29310344827586204	2.8237326112173076	판정불가		판정불가	판정불가			판정불가	N	순현금차감PER<=0/불가	1102000000.0	-1.0486144811947984	5.918366453241486		-47.389759983418735	9.60560004234314	10.931450026035309	Y	N	판정불가	
PPL	PPL Corp	0000922224	S&P 500	제외	PEG=판정불가, PEGY=판정불가	34.209999084472656	1.59	2025	3.3	1071000000.0	0.0	1071000000.0	17990000000.0	456000000.0	13933000000.0					-22.76053746024742	-23.373978271280745	35.83052612875476	36.21633795959333													판정불가							-1.8847161760037021	-5.509255265835839	판정불가		판정불가	판정불가			판정불가	N	주당순현금<=0 | FCF<=0	743348000.0	-3.525098793776771	-10.139218915928561		-14.066822646671561	35.422600173950194	36.2678000831604	N	N	주의	단기위험부채 존재
Q	Qnity Electronics, Inc.	0002058873	S&P 500	제외	PEG=판정불가, PEGY=판정불가	123.31999969482422	3.3	2025	26.0	915000000.0		915000000.0	4100000000.0		7095000000.0	6704000000.0	51.41676933111094	48.58323066888905	1.0583233890214798	-15.181124880838894	-15.181124880838894	41.970037750200945	41.970037750200945													판정불가									판정불가		판정불가	판정불가			판정불가	N	주당순현금<=0 | FCF<=0	209800000.0	-17.301499642679097	15.20926629302306		-29.788203072555785	133.43739990234374	122.30930004119872	N	Y	중립/개선	
SJM	J M SMUCKER Co	0000091419	S&P 500	제외	PEG=판정불가, PEGY=판정불가	121.06999969482422	-1.3	2026	3.63	101300000.0	18600000.0	119900000.0	6392800000.0	420900000.0	5543800000.0	10675600000.0	34.18005598234213	65.81994401765786	0.519296339315823	-57.86808118081181	-61.75092250922509			88.76404494382022			186.02808988764045			-241.83651685393258			-299.7493330003462			1년	186.02808988764045	-241.83651685393258	-299.7493330003462				10.666051660516604	8.809822158587634	판정불가		판정불가	1년	88.76404494382022		판정불가	N	주당순현금<=0 | 순현금차감PER<=0/불가	108400000.0	3.629202942152565	14.216980844173799		-8.515941480224798	119.98119979858399	107.08975009918213	Y	Y	강한 상승추세	단기위험부채 존재
TTWO	TAKE TWO INTERACTIVE SOFTWARE INC	0000946581	S&P 500	제외	PEG=판정불가, PEGY=판정불가	216.9600067138672	-1.62	2026	0.0004609144400142039	1545500000.0	443800000.0	1989300000.0	2488000000.0	30000000.0	3510900000.0	5872300000.0	37.416872708670816	62.58312729132919	0.5978747679784752	-2.9318048206937095	-3.1081716637272194			93.66692728694292			195.83385457388584			-317.2508444096951			-246.22549529512793			1년	195.83385457388584	-317.2508444096951	-246.22549529512793				2.7131099353321577	1.2505115465405943	판정불가		판정불가	1년	93.66692728694292		판정불가	N	주당순현금<=0 | 순현금차감PER<=0/불가	170100000.0	2.301020766069195	3.7093737470488053		-17.282397481523248	237.7823992919922	227.51775009155273	N	N	중립/개선	단기위험부채 존재
TKO	TKO Group Holdings, Inc.	0001973266	S&P 500	제외	PEG=판정불가, PEGY=판정불가	189.63999938964844	-0.08	2025	1.65	831100000.0		831100000.0	3724063000.0	38061000.0	3737381000.0	6245742000.0	37.436992412093886	62.56300758790611	0.5983886302059868	-14.911329390520558	-15.107508915779817			-500.0			-991.5			79.32000000000001			-58.17338100860081			판정불가									판정불가		판정불가	판정불가			판정불가	N	주당순현금<=0 | FCF<=0 | 순현금차감PER<=0/불가	194011072.0	-11.258773000554157	-5.778310049156088		-15.700571777250715	188.60799865722657	197.4439496612549	Y	N	주의	단기위험부채 존재
VTRS	Viatris Inc	0001792044	S&P 500	제외	PEG=판정불가, PEGY=판정불가	16.3799991607666	-3.0	2025	2.91	1322400000.0	40700000.0	1363100000.0	12480600000.0	0.0	0.0	22481800000.0	0.0	100.0	0.0	-9.211616538238463	-9.211616538238463			-466.03773584905656			-923.5754716981131			2770.7264150943392			16815.302546112376			판정불가							1.6050211285110614	9.798664290260835	판정불가		판정불가	판정불가			판정불가	N	주당순현금<=0 | 순현금차감PER<=0/불가	1206900000.0	0.4291826923133124	18.695644451975557		-8.286681965325126	16.78520004272461	14.812400007247925	N	Y	상승전환	
V	VISA INC.	0001403161	S&P 500	제외	PEG=판정불가, PEGY=판정불가	367.2099914550781			73.0	17164000000.0	3604000000.0	20768000000.0	19602000000.0	5569000000.0	26437000000.0	61718000000.0	29.98922352674267	70.01077647325732	0.4283515343983927																	판정불가									판정불가		판정불가	판정불가			판정불가	N	주당순현금<=0 | FCF<=0 | 순현금차감PER<=0/불가		15.094814450630967	19.807501290400698		-4.407253227408148	364.83820373535156	334.7410501098633	Y	Y	강한 상승추세	단기위험부채 존재 | EPS 없음
WYNN	WYNN RESORTS LTD	0001174922	S&P 500	제외	PEG=판정불가, PEGY=판정불가	88.41999816894531	3.14	2025	1.11	1463442000.0	0.0	1463442000.0	10537402000.0	9410000.0	-275492000.0	14139396000.0	-1.9871170487043188	101.9871170487043	-0.01948400058955842	-87.04622852373781	-87.13649837399154	55.88096391486723	55.909712274820656	-27.81609195402298			-47.13218390804596			-147.99505747126432			-267.3773586700241			판정불가				-0.47791036666276576			6.640445881258214	7.510117641679004	판정불가		판정불가	판정불가			판정불가	N	주당순현금<=0	104243000.0	-17.939676873368615	-10.497016550742966		-33.688315136229384	97.47279983520508	106.69529991149902	N	N	주의	단기위험부채 존재
