종목코드	종목명	그룹	판정구분	현재가	현금배당금(FY2025 DPS)	EPS(FY2025)	현금및현금성자산	유가증권성자산	장기부채	단기위험부채	주주지분	총부채	주주지분비중	부채비중	주주대부채배수	주주대부채판정	업종보정유형	업종보정판정	주당순현금(린치식)	주당순현금(보수형)	순현금차감PER(린치식)	순현금차감PER(보수형)	현금보다부채많음(린치형)	현금보다부채많음(보수형)	연간이익증가율(1년,%)	연간이익증가율(3년CAGR,%)	연간이익증가율(5년CAGR,%)	그레이엄적정PER(1년)	그레이엄적정PER(3년)	그레이엄적정PER(5년)	그레이엄내재가치(1년)	그레이엄내재가치(3년)	그레이엄내재가치(5년)	그레이엄괴리율(1년,%)	그레이엄괴리율(3년,%)	그레이엄괴리율(5년,%)	그레이엄사용기준	그레이엄적정PER(선택)	그레이엄내재가치(선택)	그레이엄괴리율(선택,%)	배당수익률(%)	배당감안이익성장률(1년)	배당감안이익성장률(3년)	배당감안이익성장률(5년)	주당잉여현금흐름	잉여현금흐름수익률(%)	배당감안점수기준	배당감안점수	배당감안점수판정	사용연성장률기준	사용연성장률(%)	린치PER배수	린치PER판정	하드필터통과	하드필터사유	종합판정	종합판정사유	발행주식수	비고
"=""090430"""	아모레퍼시픽	직접추가	메인	138300.0	1240.0	3421.0	524558265446.0	595819964751.0		256253631834.0						판정불가	일반	일반	19154.135475076495	14773.189248313625	34.8277885194164	36.108392502685284	N	N	-60.24866372298396	20.627708642947496	46.209846998093965		49.75541728589499	100.91969399618793		170213.28253504678	345246.2731609589		23.075403134524052	149.63577235065716	3년	49.75541728589499	170213.28253504678	23.075403134524052	0.8966015907447578	-1.7041582212189725	0.6180211592157943	1.352553538177625	8421.099814611242	6.089009265807116	3년	0.6180211592157943	불리(<1)	3년	20.627708642947496	1.6883983152110225	보통	Y	통과	제외	배당감안점수<1	58492759.0	단기위험부채 존재; 배당감안점수<1; fs=2025:CFS,2024:CFS,2022:CFS,2020:CFS
"=""002790"""	아모레퍼시픽홀딩스	직접추가	메인	25500.0	400.0	1366.0	596631422270.0	1336881950600.0		256253631834.0						판정불가	일반	일반	24333.723385937104	21108.710783911738	0.8537896149801578	3.2147066003574394	N	N	-50.96913137114143												1년				1.5686274509803921	-57.86027734866406			6579.082341427906	25.800322907560414	1년	-57.86027734866406	불리(<1)	1년	-50.96913137114143		판정불가	Y	통과	보류	배당감안점수 또는 린치PER배수 미산출	79458180.0	단기위험부채 존재; 배당감안점수<1; fs=2025:CFS,2024:CFS,2022:CFS,2020:CFS
"=""278470"""	에이피알	직접추가	메인	368500.0	5090.0		154350192148.0	117891913354.0	78219359846.0	0.0						판정불가	일반	일반	5183.525259069071	5183.525259069071			N	N													판정불가				1.3812754409769334						판정불가		판정불가	판정불가			판정불가	N	주당FCF<=0 / 순현금차감PER<=0	제외	하드필터 미통과	37430655.0	EPS 미추출; fs=2025:CFS,2024:CFS,2022:CFS,2020:CFS
"=""002030"""	아세아	직접추가	메인	201000.0	5600.0	18725.0	163716811000.0	12160000.0	658028958000.0	265707008000.0						판정불가	일반	일반	-238487.41512057534	-366684.4193364424	23.470622970391208	30.316924931185174	Y	Y	-50.09727367214776	-25.894534715298978	-3.336896679607082			1.826206640785836			34195.71934871478			-82.987204304122	3년				2.7860696517412937	-2.01576260161866	-0.9845697360785696	-0.02346878600370645	-24122.07535681443	-12.001032515828074	3년	-0.9845697360785696	불리(<1)	3년	-25.894534715298978		판정불가	N	주당순현금<=0 / 주당FCF<=0	제외	하드필터 미통과	2072646.0	주당순현금 음수(린치식); 주당순현금 음수(보수형); 단기위험부채 존재; 주당FCF 음수; 1년 점수 과열 가능; 배당감안점수<1; fs=2025:CFS,2024:CFS,2022:CFS,2020:CFS
"=""282330"""	BGF리테일	필수소비재	메인	145400.0	4100.0	11303.0	414042445266.0	56154402761.0		0.0						판정불가	일반	일반	27204.316433276137	27204.316433276137	10.457018806221699	10.457018806221699	N	N	0.017697548889472614	0.2966584171548048	9.736317603940137	8.535395097778945	9.09331683430961	27.972635207880273	96475.57079019542	102781.76017820151	316174.6957546707	-33.64816314291925	-29.311031514304318	117.45164769922334	3년	9.09331683430961	102781.76017820151	-29.311031514304318	2.8198074277854195	0.2713493232876887	0.2980262255133361	1.2007365831889807	30299.629909466068	20.838810116551628	3년	0.2980262255133361	불리(<1)	3년	0.2966584171548048	35.24935818950632	매우 불리	Y	통과	제외	배당감안점수<1	17283906.0	배당감안점수<1; PER>연성장률의 2배; fs=2025:CFS,2024:CFS,2022:CFS,2020:CFS
"=""138930"""	BNK금융지주	직접추가	메인	15520.0	735.0	2512.0		18192691866568.0	16445000245415.0							판정불가	일반	일반	5631.773694536628	5631.773694536628	3.936395822238604	3.936395822238604	N	N	15.547378104875808			39.594756209751615			99462.02759889606			540.8635798897942			1년	39.594756209751615	99462.02759889606	540.8635798897942	4.735824742268041	5.152734573224121					1년	5.152734573224121	안심(>=2)	1년	15.547378104875808	0.2531871159037492	매우 유망	N	주당FCF<=0	제외	하드필터 미통과	310327033.0	fs=2025:CFS,2024:CFS,2022:NA,2020:NA
"=""068270"""	셀트리온	헬스케어	메인	183100.0	750.0	4668.0	1119206211717.0									판정불가	일반	일반	4845.86731932615	4845.86731932615	38.18640374478874	38.18640374478874	N	N	127.9296875	6.22945826601542	3.8046169226709114	264.359375	20.95891653203084	16.109233845341823	1234029.5625	97836.22237151997	75197.90359005563	573.9648074822501	-46.56678188338614	-58.93069164934155	3년	20.95891653203084	97836.22237151997	-46.56678188338614	0.4096122337520481	3.3608637407042132	0.17385953765477313	0.11035941442896599	1360.9075488767974	0.7432591747005993	3년	0.17385953765477313	불리(<1)	3년	6.22945826601542	6.129971839303148	매우 불리	Y	통과	제외	배당감안점수<1	230960969.0	1년 점수 과열 가능; 배당감안점수<1; PER>연성장률의 2배; fs=2025:CFS,2024:CFS,2022:CFS,2020:CFS
"=""030000"""	제일기획	직접추가	메인	18890.0	1230.0	2049.0	622369326472.0	216919787330.0	234763824456.0	4043255307.0						판정불가	일반	일반	5254.857894167939	5219.71175149604	6.654534946721357	6.671687773794026	N	N	0.0	2.315711686466715		8.5	13.13142337293343		17416.5	26906.286491140596		-7.800423504499731	42.436667502067735		3년	13.13142337293343	26906.286491140596	42.436667502067735	6.511381683430387	0.9784878636242641	1.3264778741970766		1492.008099731205	7.898401798471174	3년	1.3264778741970766	보통(1~1.5)	3년	2.315711686466715	2.8736457071107875	매우 불리	Y	통과	제외	린치PER배수>=2	115041225.0	단기위험부채 존재; PER>연성장률의 2배; fs=2025:CFS,2024:CFS,2022:CFS,2020:CFS
"=""185750"""	종근당	직접추가	메인	67500.0	500.0	5882.0	216235970816.0	108445557936.0		162832228224.0						판정불가	일반	일반	23522.90833817535	11725.848019601848	7.476554175760736	9.482174767153715	N	N	-28.564488705367985	-5.359713960632673	-7.035300955800583										3년				0.7407407407407408	-3.721466776076185	-0.6177943891407641	-0.8419065878592893	-8097.876847707491	-11.996854589196284	3년	-0.6177943891407641	불리(<1)	3년	-5.359713960632673		판정불가	N	주당FCF<=0	제외	하드필터 미통과	13802780.0	단기위험부채 존재; 주당FCF 음수; 배당감안점수<1; fs=2025:CFS,2024:CFS,2022:CFS,2020:CFS
"=""001040"""	CJ	직접추가	메인	130500.0	3300.0	4321.0	2587324564000.0	1114436500000.0	6845375033000.0	4564809586000.0						판정불가	일반	일반	-107742.88598847626	-264195.22512220073	55.136053225752434	91.34349111830612	Y	Y	44.370197126628796	-10.479231651272991	10.856012353166022	97.24039425325759		30.212024706332045	420175.74356832606		130546.15875606076	221.97374986078623		0.035370694299441396	3년				2.528735632183908	0.8506037341263228	-0.14419777176534718	0.24275854368005992	55371.62013720534	42.43036025839489	3년	-0.14419777176534718	불리(<1)	3년	-10.479231651272991		판정불가	N	주당순현금<=0	제외	하드필터 미통과	29176998.0	주당순현금 음수(린치식); 주당순현금 음수(보수형); 단기위험부채 존재; 1년 점수 과열 가능; 배당감안점수<1; fs=2025:CFS,2024:CFS,2022:CFS,2020:CFS
"=""097950"""	CJ제일제당	필수소비재	메인	181400.0	6000.0	-35668.0	1038957402000.0	243275982000.0	2029479364000.0	4904408060000.0						판정불가	일반	일반	-49637.08964403655	-375420.76602481195			Y	Y	-483.77447815795136												1년				3.307607497243661				48486.635145865745	26.729126320763918	판정불가		판정불가	1년	-483.77447815795136		판정불가	N	주당순현금<=0 / 순현금차감PER<=0	제외	하드필터 미통과	15054186.0	주당순현금 음수(린치식); 주당순현금 음수(보수형); 단기위험부채 존재; fs=2025:CFS,2024:CFS,2022:CFS,2020:CFS
"=""000120"""	CJ대한통운	직접추가	메인	73000.0	800.0	11347.0	307146405592.0	86460297519.0	237118568377.0							판정불가	일반	일반	6859.800761114246	6859.800761114246	5.828871000166189	5.828871000166189	N	N	-6.130046326935801	11.480536742818348			31.461073485636696			356988.8008415196			389.0257545774241		3년	31.461073485636696	356988.8008415196	389.0257545774241	1.095890410958904	-0.8636588313300065	2.157609450169455		12818.247147684604	17.5592426680611	3년	2.157609450169455	안심(>=2)	3년	11.480536742818348	0.5077176381855527	헐값	Y	통과	양호	배당감안점수>=1.5 & 린치PER배수<1	22812344.0	fs=2025:CFS,2024:CFS,2022:CFS,2020:CFS
"=""192820"""	코스맥스	직접추가	메인	266500.0	3300.0	10847.0	192279928597.0									판정불가	일반	일반	16941.695768248654	16941.695768248654	23.007126784525802	23.007126784525802	N	N	43.4408886537953	80.71243772559032	38.50568621710888	95.3817773075906	169.92487545118064	85.51137243421776	1034606.1384554352	1843175.1240189564	927541.8567939601	288.2199393829025	591.62293584201	248.0457248757824	3년	169.92487545118064	1843175.1240189564	591.62293584201	1.2382739212007505	1.9419705464937276	3.561970706481685	1.7274629948595206	-9341.661092827891	-3.505313730892267	3년	3.561970706481685	안심(>=2)	3년	80.71243772559032	0.2850505750148006	매우 유망	N	주당FCF<=0	제외	하드필터 미통과	11349509.0	주당FCF 음수; fs=2025:CFS,2024:CFS,2022:CFS,2020:CFS
"=""005420"""	코스모화학	직접추가	메인	10850.0		-791.0	42470783114.0	0.0	359006489619.0	388905499282.0						판정불가	일반	일반	-8241.35147565256	-18366.929236803113			Y	Y	-53.084223013048636												1년								1735.2172172327241	15.992785412283173	판정불가		판정불가	1년	-53.084223013048636		판정불가	N	주당순현금<=0 / 순현금차감PER<=0	제외	하드필터 미통과	38408228.0	주당순현금 음수(린치식); 주당순현금 음수(보수형); 단기위험부채 존재; fs=2025:CFS,2024:CFS,2022:CFS,2020:CFS
"=""021240"""	코웨이	직접추가	메인	97800.0	1940.0	8630.0	182190550994.0	2827952531.0	904957690609.0	910394928000.0						판정불가	일반	일반	-10011.790673154132	-22672.142564755995	12.492675628407198	13.959692070076013	Y	Y	10.06249202907792	10.977619808999673	9.097067548815364	28.62498405815584	30.455239617999347	26.694135097630728	247033.6124218849	262828.71790333436	230370.38589255317	152.59060574834854	168.7410203510576	135.55254181242654	3년	30.455239617999347	262828.71790333436	168.7410203510576	1.9836400817995912	0.9642555741610477	1.0375087192151653	0.8869763339903296	-2804.5647658552634	-2.867653134821333	3년	1.0375087192151653	보통(1~1.5)	3년	10.977619808999673	1.1380131436293186	보통	N	주당순현금<=0 / 주당FCF<=0	제외	하드필터 미통과	71909133.0	주당순현금 음수(린치식); 주당순현금 음수(보수형); 단기위험부채 존재; 주당FCF 음수; fs=2025:CFS,2024:CFS,2022:CFS,2020:CFS
"=""112610"""	씨에스윈드	직접추가	메인	50800.0	1000.0	837.0	478878903508.0	28665354936.0	782993106603.0	242475043746.0						판정불가	일반	일반	-6531.6500890188545	-12281.40054778353	68.49659508843352	75.36606994956216	Y	Y	-75.62609202096681	371.20709785870895	-15.050492534791582		750.9141957174179			628515.1818154788			1137.2346098729897		3년	750.9141957174179	628515.1818154788	1137.2346098729897	1.968503937007874	-1.0753467086774493	5.448089811090946	-0.19098742909620567	10303.466412416965	20.28241419767119	3년	5.448089811090946	안심(>=2)	3년	371.20709785870895	0.1845239368631499	매우 유망	N	주당순현금<=0	제외	하드필터 미통과	42171403.0	주당순현금 음수(린치식); 주당순현금 음수(보수형); 단기위험부채 존재; fs=2025:CFS,2024:CFS,2022:CFS,2020:CFS
"=""001680"""	대상	직접추가	메인	18560.0	850.0	-8438.0	595682138976.0	95932724888.0	719633177987.0	369419425431.0						판정불가	일반	일반	-808.6554463926876	-11470.718447992345			Y	Y	-419.37925813777446												1년				4.579741379310344						판정불가		판정불가	1년	-419.37925813777446		판정불가	N	주당순현금<=0 / 주당FCF<=0 / 순현금차감PER<=0	제외	하드필터 미통과	34648025.0	주당순현금 음수(린치식); 주당순현금 음수(보수형); 단기위험부채 존재; fs=2025:CFS,2024:CFS,2022:CFS,2020:CFS
"=""047040"""	대우건설	직접추가	메인	19450.0		-2220.0	1828879779729.0	434603860342.0	3056914611252.0	366055916900.0						판정불가	일반	일반	-1909.0176969162108	-2789.758742835851			Y	Y	-489.47368421052636												1년								846.7375999427635	4.353406683510352	판정불가		판정불가	1년	-489.47368421052636		판정불가	N	주당순현금<=0 / 순현금차감PER<=0	제외	하드필터 미통과	415622638.0	주당순현금 음수(린치식); 주당순현금 음수(보수형); 단기위험부채 존재; fs=2025:CFS,2024:CFS,2022:CFS,2020:CFS
"=""003090"""	대웅	직접추가	메인	16430.0	200.0	4280.0	255917494906.0	69412115604.0	668965344648.0	118388808025.0						판정불가	일반	일반	-5910.286064182885	-7946.487927707312	5.219693005650207	5.695441104604512	Y	Y	202.2598870056497	20.159526008317698	12.806544500421424	413.0197740112994	48.819052016635396	34.11308900084285	1767724.6327683614	208945.5426311995	146004.0209236074	10659.127405772133	1171.7318480292117	788.6428540694304	3년	48.819052016635396	208945.5426311995	1171.7318480292117	1.2172854534388313	38.9825938496438	4.095415465740338	2.686715471327482	-1554.3945053642824	-9.460709101425943	3년	4.095415465740338	안심(>=2)	3년	20.159526008317698	0.2589194311164158	매우 유망	N	주당순현금<=0 / 주당FCF<=0	제외	하드필터 미통과	58141980.0	주당순현금 음수(린치식); 주당순현금 음수(보수형); 단기위험부채 존재; 주당FCF 음수; 1년 점수 과열 가능; fs=2025:CFS,2024:CFS,2022:CFS,2020:CFS
"=""069620"""	대웅제약	직접추가	메인	114400.0	600.0	17022.0	168941641596.0	50139032546.0	550560567693.0	70828808025.0						판정불가	일반	일반	-28608.962834228405	-34721.96931155238	8.401419506181906	8.76054337396031	Y	Y	691.7209302325581	64.61424206621207	70.08103158930474	1391.9418604651162	137.72848413242414	148.6620631786095	23693634.348837208	2344414.256902124	2530525.6394262905	20611.21883639616	1949.3131616277306	2111.9979365614427	3년	137.72848413242414	2344414.256902124	1949.3131616277306	0.5244755244755245	82.39624330717777	7.753299016048112	8.403997331858925	-7954.179962240783	-6.952954512448237	3년	7.753299016048112	안심(>=2)	3년	64.61424206621207	0.1300242676772828	매우 유망	N	주당순현금<=0 / 주당FCF<=0	제외	하드필터 미통과	11586575.0	주당순현금 음수(린치식); 주당순현금 음수(보수형); 단기위험부채 존재; 주당FCF 음수; 1년 점수 과열 가능; fs=2025:CFS,2024:CFS,2022:CFS,2020:CFS
"=""005830"""	DB손해보험	직접추가	메인	186100.0	7600.0	29597.0	1713419000000.0	38577437000000.0								판정불가	일반	일반	580693.762250663	580693.762250663	-13.332221584980337	-13.332221584980337	N	N	-4.024255788313125			0.4514884233737497			13362.70286659287			-92.8196115708797			1년	0.4514884233737497	13362.70286659287	-92.8196115708797	4.083825900053735	-0.004468130938336591					1년	-0.004468130938336591	불리(<1)	1년	-4.024255788313125		판정불가	N	주당FCF<=0 / 순현금차감PER<=0	제외	하드필터 미통과	69384000.0	배당감안점수<1; fs=2025:CFS,2024:CFS,2022:NA,2020:NA
"=""000210"""	DL	직접추가	메인	56000.0	1000.0	-3845.0	1148320161495.0	191085453910.0	4026838230267.0	1422974217066.0						판정불가	일반	일반	-128242.38838418842	-196145.71410721686			Y	Y	-196.17308654327164												1년				1.7857142857142856				13042.307430075487	23.289834696563368	판정불가		판정불가	1년	-196.17308654327164		판정불가	N	주당순현금<=0 / 순현금차감PER<=0	제외	하드필터 미통과	20955884.0	주당순현금 음수(린치식); 주당순현금 음수(보수형); 단기위험부채 존재; fs=2025:CFS,2024:CFS,2022:CFS,2020:CFS
"=""375500"""	DL이앤씨	직접추가	메인	81200.0	890.0	8796.0	1844315983193.0	467317685812.0	444336959874.0	519274372386.0						판정불가	일반	일반	48258.513014689786	34838.3591979743	3.7450530906446353	5.2707640748096525	N	N	61.010433827567276	-4.5977556239353845		130.52086765513457			1148061.5518945637			1313.8689062740932			3년				1.0960591133004927	16.583608145906787	-0.9350191908847266		5614.431755408378	6.9143248219315	3년	-0.9350191908847266	불리(<1)	3년	-4.5977556239353845		판정불가	Y	통과	보류	배당감안점수 또는 린치PER배수 미산출	38693623.0	단기위험부채 존재; 1년 점수 과열 가능; 배당감안점수<1; fs=2025:CFS,2024:CFS,2022:CFS,2020:NA
"=""007340"""	DN오토모티브	직접추가	메인	44300.0	1000.0	5440.0	387784364000.0	182678434000.0	166472358000.0	641674039000.0						판정불가	일반	일반	6904.537131693404	-4062.213043680007	6.874165968438713	8.890112691852943	N	Y	-12.568306010928964	-36.239823236398784	0.45844418153007105			9.416888363060142			51227.872695047176			15.638538815004921	3년				2.2573363431151243	-1.4999593718211763	-4.943506899499823	0.39507054922940915	1407.8963795869365	3.1780956649817984	3년	-4.943506899499823	불리(<1)	3년	-36.239823236398784		판정불가	Y	통과	보류	배당감안점수 또는 린치PER배수 미산출	58510865.0	주당순현금 음수(보수형); 단기위험부채 존재; 1년 점수 과열 가능; 배당감안점수<1; fs=2025:CFS,2024:CFS,2022:CFS,2020:CFS
"=""026960"""	동서	직접추가	메인	25600.0	1140.0	1468.0	38923278454.0	723123250000.0	100000000.0	1896791452.0						판정불가	일반	일반	7642.392461925778	7623.367472437312	12.232702682611867	12.245662484715726	N	N	-7.90464240903388	-4.791896569068244	4.358606974752632			17.217213949505265			25274.87007787373			-1.270038758305747	3년				4.453125	-0.28215493326262453	-0.02769392650651023	0.7203422010148287	1043.7561603209629	4.077172501253761	3년	-0.02769392650651023	불리(<1)	3년	-4.791896569068244		판정불가	Y	통과	보류	배당감안점수 또는 린치PER배수 미산출	99700000.0	단기위험부채 존재; 배당감안점수<1; fs=2025:CFS,2024:CFS,2022:CFS,2020:CFS
"=""006040"""	동원산업	직접추가	메인	37450.0	1150.0	8793.0	462412200801.0	2315664040.0	920658109908.0	869187931428.0						판정불가	일반	일반	-10327.316971310991	-30015.370950217297	5.433562717083019	7.672622648722541	Y	Y	362.7894736842105	15.223245686790676	-33.98325939665047	734.078947368421	38.94649137358135		6454756.184210526	342456.4986479008		17135.664043285782	814.4365784990675		3년	38.94649137358135	342456.4986479008	814.4365784990675	3.0707610146862483	67.33339684267176	3.3668529570774828	-5.689176695205138	2047.1984446583815	5.466484498420245	3년	3.3668529570774828	안심(>=2)	3년	15.223245686790676	0.35692537773319666	매우 유망	N	주당순현금<=0	제외	하드필터 미통과	44147986.0	주당순현금 음수(린치식); 주당순현금 음수(보수형); 단기위험부채 존재; 1년 점수 과열 가능; fs=2025:CFS,2024:CFS,2022:CFS,2020:CFS
"=""014820"""	동원시스템즈	직접추가	메인	21200.0	600.0	1884.0	158748112816.0	38387113087.0	134729679435.0	120000000000.0						판정불가	일반	일반	2152.5625002716333	-1986.6128559613196	10.11010483000444	12.30711935029794	N	Y	-25.386138613861387	-8.631888523856201	-1.217505302346611			6.064989395306778			11426.44002075797			-46.101698015292605	3년				2.8301886792452833	-2.2310302725719806	-0.573851601161723	0.1595120331603885	2395.320646013515	11.298682292516581	3년	-0.573851601161723	불리(<1)	3년	-8.631888523856201		판정불가	Y	통과	보류	배당감안점수 또는 린치PER배수 미산출	28991282.0	주당순현금 음수(보수형); 단기위험부채 존재; 배당감안점수<1; fs=2025:CFS,2024:CFS,2022:CFS,2020:CFS
"=""000150"""	두산	직접추가	메인	1299000.0	4000.0	4194.0	4927903000000.0	175670000000.0	4309343000000.0	3985915000000.0						판정불가	일반	일반	49045.20763611584	-197092.59727544463	298.03404682019175	356.7221261982462	N	Y	-133.60576923076923												1년				0.30792917628945343	-0.4472570884993562			5159.062075166259	0.3971564338080261	1년	-0.4472570884993562	불리(<1)	1년	-133.60576923076923		판정불가	Y	통과	보류	배당감안점수 또는 린치PER배수 미산출	16193835.0	주당순현금 음수(보수형); 단기위험부채 존재; 배당감안점수<1; fs=2025:CFS,2024:CFS,2022:CFS,2020:CFS
"=""241560"""	두산밥캣	직접추가	메인	63600.0	1700.0	2.95	1389744000.0	5896000.0	976095000.0	54294000.0						판정불가	일반	일반	4.376822687223808	3.810410953130613	21557.838365190768	21558.030369168428	N	N	-28.743961352657	-92.28374718011123	-73.96450801980052										3년				2.6729559748427674	-0.0012093515563188762	-0.004156761438102354	-0.0033069898213946873	6.059063659665145	0.00952682965356155	3년	-0.004156761438102354	불리(<1)	3년	-92.28374718011123		판정불가	Y	통과	보류	배당감안점수 또는 린치PER배수 미산출	95856065.0	단기위험부채 존재; 1년 점수 과열 가능; 배당감안점수<1; fs=2025:CFS,2024:CFS,2022:CFS,2020:CFS
"=""034020"""	두산에너빌리티	전력/에너지설비	메인	91700.0		132.0	3080997000000.0	107870000000.0	3096393000000.0	1883572000000.0						판정불가	일반	일반	144.364047956165	-2796.1389965416356	693.6033026669988	715.8798408828911	N	Y	-24.13793103448276												1년					-0.03480077292260452			83.81713492188614	0.09140363677413973	1년	-0.03480077292260452	불리(<1)	1년	-24.13793103448276		판정불가	Y	통과	보류	배당감안점수 또는 린치PER배수 미산출	640561146.0	주당순현금 음수(보수형); 단기위험부채 존재; 배당감안점수<1; fs=2025:CFS,2024:CFS,2022:CFS,2020:CFS
"=""454910"""	두산로보틱스	직접추가	메인	72400.0		-856.0	156738581281.0	40399292507.0	16815636710.0							판정불가	일반	일반	2781.8928219046043	2781.8928219046043			N	N													판정불가								-504.36322470324734	-0.6966342882641537	판정불가		판정불가	판정불가			판정불가	N	주당FCF<=0 / 순현금차감PER<=0	제외	하드필터 미통과	64819980.0	주당FCF 음수; fs=2025:CFS,2024:CFS,2022:NA,2020:NA
"=""192080"""	더블유게임즈	직접추가	메인	55900.0	1200.0	6651.0	569919505893.0	290204328298.0	53240025218.0							판정불가	일반	일반	37536.62715928326	37536.62715928326	2.7609942626246786	2.7609942626246786	N	N	-29.55195424213537		0.05119867759955099			8.602397355199102			57214.54480942923			2.351600732431547	5년	8.602397355199102	57214.54480942923	2.351600732431547	2.146690518783542	-9.92586768264401		0.7960498962767557	10978.50357230814	19.639541274254277	5년	0.7960498962767557	불리(<1)	5년	0.05119867759955099	53.9270620272601	매우 불리	Y	통과	제외	배당감안점수<1	21495906.0	배당감안점수<1; PER>연성장률의 2배; fs=2025:CFS,2024:CFS,2022:CFS,2020:CFS
"=""450080"""	에코프로머티	직접추가	메인	37750.0		345.0	45037598354.0	777438041.0								판정불가	일반	일반	649.3175374808915	649.3175374808915	107.53821003628727	107.53821003628727	N	N	-155.8252427184466	5.476875138059767			19.453750276119536			6711.54384526124			-82.22107590659274		3년	19.453750276119536	6711.54384526124	-82.22107590659274		-1.4490220979674624	0.05092957318344495		-2943.2049268330334	-7.796569342604062	3년	0.05092957318344495	불리(<1)	3년	5.476875138059767	19.634957402805362	매우 불리	N	주당FCF<=0	제외	하드필터 미통과	70558754.0	주당FCF 음수; 배당감안점수<1; PER>연성장률의 2배; fs=2025:OFS,2024:OFS,2022:OFS,2020:NA
"=""139480"""	이마트	직접추가	메인	75000.0	2500.0	5084.0	1303365061491.0	1225715519294.0	5485558368112.0	3111389126654.0						판정불가	일반	일반	-107134.98980867355	-219883.5596791311	35.82513568227253	58.00227373704389	Y	Y	-122.85971223021583	-48.64098247110502	-16.302783941696873										3년				3.3333333333333335	-3.336383146094493	-1.2646888357827326	-0.3620209766513531	20093.231814609306	26.790975752812408	3년	-1.2646888357827326	불리(<1)	3년	-48.64098247110502		판정불가	N	주당순현금<=0	제외	하드필터 미통과	27595819.0	주당순현금 음수(린치식); 주당순현금 음수(보수형); 단기위험부채 존재; 1년 점수 과열 가능; 배당감안점수<1; fs=2025:CFS,2024:CFS,2022:CFS,2020:CFS
"=""383220"""	F&F	직접추가	메인	64800.0	2700.0	10611.0	325383761882.0	16380800000.0	136145710441.0	186267116479.0						판정불가	일반	일반	5367.64687570116	505.17391270411537	5.601013394053232	6.05926171777362	N	N	11.64772727272727	-2.8457492223840752		31.79545454545454	2.8085015552318495		337381.5681818181	29801.010002565155		420.6505681818181	-54.010787033078465		3년	2.8085015552318495	29801.010002565155	-54.010787033078465	4.166666666666666	2.823487970263482	0.2358354375094067		8579.832305807739	13.240481953407004	3년	0.2358354375094067	불리(<1)	3년	-2.8457492223840752		판정불가	Y	통과	보류	배당감안점수 또는 린치PER배수 미산출	38307075.0	단기위험부채 존재; 1년 점수 과열 가능; 배당감안점수<1; fs=2025:CFS,2024:CFS,2022:CFS,2020:NA
"=""093370"""	후성	직접추가	메인	13350.0		50.0	67697035372.0	6532556311.0	163041804446.0	95387151720.0						판정불가	일반	일반	-828.0447485733343	-1717.3912427755338	283.5608949714667	301.3478248555107	Y	Y	-107.48502994011977	-63.71940165586019	-5.111991994525078										3년					-0.37905448828173377	-0.22471152682132683	-0.018027845465219988	3.33571650938	0.024986640519700374	3년	-0.22471152682132683	불리(<1)	3년	-63.71940165586019		판정불가	N	주당순현금<=0	제외	하드필터 미통과	107255330.0	주당순현금 음수(린치식); 주당순현금 음수(보수형); 단기위험부채 존재; 1년 점수 과열 가능; 배당감안점수<1; fs=2025:CFS,2024:CFS,2022:CFS,2020:CFS
"=""114090"""	GKL	직접추가	메인	9290.0	414.0	761.0	213092869283.0		30375090489.0							판정불가	일반	일반	2953.9374287595624	2953.9374287595624	8.325969213193742	8.325969213193742	N	N	42.509363295880156			93.51872659176031			71167.7509363296			666.0683631467125			1년	93.51872659176031	71167.7509363296	666.0683631467125	4.456404736275566	5.64087697534738			1553.3159719230266	16.720301097126228	1년	5.64087697534738	안심(>=2)	1년	42.509363295880156	0.19586200704165013	매우 유망	Y	통과	매우 유망	배당감안점수>=2 & 린치PER배수<=0.5	61855670.0	fs=2025:CFS,2024:CFS,2022:CFS,2020:CFS
"=""006280"""	녹십자	직접추가	메인	127400.0	1500.0		49372311054.0		105096001522.0							판정불가	일반	일반	-4768.194863868153	-4768.194863868153			Y	Y													판정불가				1.1773940345368918				-497.6412769975163	-0.3906132472507977	판정불가		판정불가	판정불가			판정불가	N	주당순현금<=0 / 주당FCF<=0 / 순현금차감PER<=0	제외	하드필터 미통과	11686538.0	주당순현금 음수(린치식); 주당순현금 음수(보수형); 주당FCF 음수; EPS 미추출; fs=2025:CFS,2024:CFS,2022:CFS,2020:CFS
"=""005250"""	녹십자홀딩스	직접추가	메인	9810.0	300.0	0.0	79656808438.0		2117348227.0							판정불가	일반	일반	1648.7861266886407	1648.7861266886407			N	N	-100.0												1년				3.058103975535168				-2674.1633975649934	-27.259565724413797	판정불가		판정불가	1년	-100.0		판정불가	N	주당FCF<=0 / 순현금차감PER<=0	제외	하드필터 미통과	47028210.0	주당FCF 음수; fs=2025:CFS,2024:CFS,2022:CFS,2020:CFS
"=""078930"""	GS	직접추가	메인	122100.0	3000.0	8550.0	1610917000000.0	857643000000.0	104176000000.0							판정불가	일반	일반	25446.638122701283	25446.638122701283	11.304486769274703	11.304486769274703	N	N	41.60317986088109	-27.687155007765817		91.70635972176218			784089.3756210667			542.1698408034944			3년				2.457002457002457	3.8975836070362755	-2.2318706780513247		3039.077126716312	2.4890066557873154	3년	-2.2318706780513247	불리(<1)	3년	-27.687155007765817		판정불가	Y	통과	보류	배당감안점수 또는 린치PER배수 미산출	92915378.0	1년 점수 과열 가능; 배당감안점수<1; fs=2025:CFS,2024:CFS,2022:CFS,2020:CFS
"=""006360"""	GS건설	직접추가	메인	35550.0	500.0	1073.0	3015810000000.0	301590000000.0								판정불가	일반	일반	38763.054954990854	38763.054954990854	-2.994459417512445	-2.994459417512445	N	N	-62.91047355686139	-35.490770024369326	-22.823533314849886										3년				1.4064697609001406	20.539267767754158	11.382455231864078	7.152230358740781	3464.721168093708	9.746051105748826	3년	11.382455231864078	안심(>=2)	3년	-35.490770024369326		판정불가	N	순현금차감PER<=0	제외	하드필터 미통과	85581490.0	fs=2025:CFS,2024:CFS,2022:CFS,2020:CFS
"=""007070"""	GS리테일	직접추가	메인	25050.0	600.0	585.0	294440001357.0	139922954133.0	2214168472527.0							판정불가	일반	일반	-21287.651544267934	-21287.651544267934	79.20966075943237	79.20966075943237	Y	Y	-345.7983193277311	17.566734386037865	-23.182279339928648		43.63346877207573			25525.579231664302			1.8985198868834319		3년	43.63346877207573	25525.579231664302	1.8985198868834319	2.3952095808383236	-4.335369025122356	0.2520140065679943	-0.26243099086388877	8424.851248528614	33.63214071268908	3년	0.2520140065679943	불리(<1)	3년	17.566734386037865	4.509071465348086	매우 불리	N	주당순현금<=0	제외	하드필터 미통과	83607415.0	주당순현금 음수(린치식); 주당순현금 음수(보수형); 배당감안점수<1; PER>연성장률의 2배; fs=2025:CFS,2024:CFS,2022:CFS,2020:CFS
"=""086790"""	하나금융지주	직접추가	메인	134000.0	4105.0	13954.0		73098647000000.0	72812888000000.0							판정불가	일반	일반	1026.7067789838566	1026.7067789838566	9.52940326938628	9.52940326938628	N	N	10.491725393934592			29.483450787869184			411412.0722939266			207.02393454770643			1년	29.483450787869184	411412.0722939266	207.02393454770643	3.0634328358208953	1.4224561440591104			-14044.963863826157	-10.481316316288176	1년	1.4224561440591104	보통(1~1.5)	1년	10.491725393934592	0.9082779916156933	헐값	N	주당FCF<=0	제외	하드필터 미통과	278325814.0	주당FCF 음수; fs=2025:CFS,2024:CFS,2022:NA,2020:NA
"=""009420"""	한올바이오파마	직접추가	메인	54300.0		-109.0	24743015950.0	0.0	15000000000.0	15739600000.0						판정불가	일반	일반	186.5026217711966	-114.78772617593224			N	Y	202.77777777777777			414.05555555555554									1년	414.05555555555554							-315.0056843677905	-0.5801209656865387	판정불가		판정불가	1년	202.77777777777777		판정불가	N	주당FCF<=0 / 순현금차감PER<=0	제외	하드필터 미통과	52240638.0	주당순현금 음수(보수형); 단기위험부채 존재; 주당FCF 음수; fs=2025:CFS,2024:CFS,2022:CFS,2020:CFS
"=""300720"""	한일시멘트	직접추가	메인	16410.0	1000.0	1061.0	129285266021.0		337958155586.0	209542035372.0						판정불가	일반	일반	-2837.341716779947	-5686.501277561126	18.14075562373228	20.826108649916236	Y	Y	-60.067745577719236	-2.308290966967641	-43.43181980026135		3.883418066064718			4120.306568094666			-74.89148953019705		3년	3.883418066064718	4120.306568094666	-74.89148953019705	6.0938452163315056	-2.975284022390857	0.20867676781949973	-2.058237008335154	83.57535581957487	0.5092952822643197	3년	0.20867676781949973	불리(<1)	3년	-2.308290966967641		판정불가	N	주당순현금<=0	제외	하드필터 미통과	73545209.0	주당순현금 음수(린치식); 주당순현금 음수(보수형); 단기위험부채 존재; 배당감안점수<1; fs=2025:CFS,2024:CFS,2022:CFS,2020:CFS
"=""180640"""	한진칼	직접추가	메인	143500.0	360.0		110930322000.0	30600000000.0	366131984000.0	0.0						판정불가	일반	일반	-3364.2000447588075	-3364.2000447588075			Y	Y													판정불가				0.2508710801393728				1732.6632753204844	1.2074308538818708	판정불가		판정불가	판정불가			판정불가	N	주당순현금<=0 / 순현금차감PER<=0	제외	하드필터 미통과	66762279.0	주당순현금 음수(린치식); 주당순현금 음수(보수형); EPS 미추출; fs=2025:CFS,2024:CFS,2022:CFS,2020:CFS
"=""161390"""	한국타이어앤테크놀로지	직접추가	메인	63100.0	2300.0	8931.0	2603079747970.0	489388296676.0								판정불가	일반	일반	24964.41026923666	24964.41026923666	4.270024603153437	4.270024603153437	N	N	-2.2545693334792616	16.43379388057411	24.1178312692236	3.990861333041477	41.36758776114822	56.7356625384472	35642.38256539343	369453.9262948148	506706.20213087194	-43.51444918321168	485.505429944239	703.0209225528873	3년	41.36758776114822	369453.9262948148	485.505429944239	3.6450079239302693	0.3256277702531646	4.702268410743131	6.501798414147511	-5650.2614211339005	-8.954455501004595	3년	4.702268410743131	안심(>=2)	3년	16.43379388057411	0.25983194350520017	매우 유망	N	주당FCF<=0	제외	하드필터 미통과	123875069.0	주당FCF 음수; fs=2025:CFS,2024:CFS,2022:CFS,2020:CFS
"=""000240"""	한국앤컴퍼니	직접추가	메인	24250.0	1100.0	3666.0	87970654737.0	34240766097.0	15178888600.0	83728229501.0						판정불가	일반	일반	1127.4267830786544	245.4757867889732	6.307303114272052	6.547878945229412	N	N	-0.9991898460707582	28.543628944993937	19.90708834889714	6.5016203078584835	65.58725788998788	48.31417669779428	23834.9400486092	240442.88742469557	177119.77177411385	-1.7115874284156618	891.5170615451365	630.3908114396447	3년	65.58725788998788	240442.88742469557	891.5170615451365	4.536082474226804	0.5607614798395892	5.244668096633657	3.875375953918304	2176.2560889928754	8.974251913372683	3년	5.244668096633657	안심(>=2)	3년	28.543628944993937	0.2209706105144085	매우 유망	Y	통과	매우 유망	배당감안점수>=2 & 린치PER배수<=0.5	94935240.0	단기위험부채 존재; fs=2025:CFS,2024:CFS,2022:CFS,2020:CFS
"=""128940"""	한미약품	헬스케어	메인	494500.0	2000.0	13372.0	108273819495.0		91812500000.0	319500000000.0						판정불가	일반	일반	1284.9372460725326	-23654.585387266292	36.8841656262285	38.74922116267322	N	Y	39.77213337514372	26.231706206675454	68.07388619564503	88.04426675028743	60.96341241335091	144.64777239129006	1177327.9349848435	815202.7507913284	1934230.0124163306	138.08451668045367	64.8539435371746	291.148637495719	3년	60.96341241335091	815202.7507913284	64.8539435371746	0.40444893832153694	1.0892636889390688	0.7221569118553111	1.8565781269909303	7534.569419649112	1.523674301243501	3년	0.7221569118553111	불리(<1)	3년	26.231706206675454	1.4060909852993932	보통	Y	통과	제외	배당감안점수<1	12810991.0	주당순현금 음수(보수형); 단기위험부채 존재; 배당감안점수<1; fs=2025:CFS,2024:CFS,2022:CFS,2020:CFS
"=""008930"""	한미사이언스	직접추가	메인	56000.0	300.0	1748.0	127389343692.0	0.0	0.0	199600000000.0						판정불가	일반	일반	1862.6474131965133	-1055.8417861270873	30.971025507324647	32.64064175407728	N	Y	99.08883826879271	20.062307210120522	38.49990058066466	206.67767653758543	48.624614420241045	85.49980116132932	361272.57858769933	84995.82600658135	149453.65243000365	545.1296046208917	51.77826072603813	166.88152219643507	3년	48.624614420241045	84995.82600658135	51.77826072603813	0.5357142857142857	3.2167017695602556	0.6650739250130214	1.2603914215610013	667.8946648379807	1.192669044353537	3년	0.6650739250130214	불리(<1)	3년	20.062307210120522	1.5437419626243771	보통	Y	통과	제외	배당감안점수<1	68391550.0	주당순현금 음수(보수형); 단기위험부채 존재; 1년 점수 과열 가능; 배당감안점수<1; fs=2025:CFS,2024:CFS,2022:CFS,2020:CFS
"=""042700"""	한미반도체	반도체소부장	메인	250500.0	800.0	2256.0	276235377529.0	1620849416.0	1700783956.0							판정불가	일반	일반	2897.3777017947336	2897.3777017947336	109.75293541587114	109.75293541587114	N	N	41.97608558842039	33.93410123050573	17.576648487156234	92.45217117684078	76.36820246101146	43.65329697431247	208572.0981749528	172286.66475204186	98481.83797404893	-16.73768535930028	-31.22288832253818	-60.68589302433176	3년	76.36820246101146	172286.66475204186	-31.22288832253818	0.3193612774451098	0.38536961864027963	0.3120960945432492	0.16305723119651014	1415.2619637779844	0.5649748358395147	3년	0.3120960945432492	불리(<1)	3년	33.93410123050573	3.234296222267604	매우 불리	Y	통과	제외	배당감안점수<1	95312200.0	배당감안점수<1; PER>연성장률의 2배; fs=2025:CFS,2024:CFS,2022:CFS,2020:CFS
"=""018880"""	한온시스템	직접추가	메인	3515.0	316.0	-292.0	924789114632.0	12500000000.0	551438792860.0							판정불가	일반	일반	375.9762265709175	375.9762265709175			N	N	-55.69044006069803												1년				8.9900426742532				-358.42775774108145	-10.19709125863674	판정불가		판정불가	1년	-55.69044006069803		판정불가	N	주당FCF<=0 / 순현금차감PER<=0	제외	하드필터 미통과	1026262552.0	주당FCF 음수; fs=2025:CFS,2024:CFS,2022:CFS,2020:CFS
"=""014680"""	한솔케미칼	직접추가	메인	203000.0	2600.0	13428.0	112551479633.0	97254225348.0	138153315888.0	52809626645.0						판정불가	일반	일반	6321.231270657452	1662.3236254868134	14.646914561315352	14.993869256368274	N	N	22.295081967213104	-1.612254890420728	3.943248256290177	53.09016393442621	5.275490219158544	16.386496512580354	712894.7213114752	70839.28266286093	220037.875170929	251.17966567067742	-65.10380164391087	8.393041956122671	3년	5.275490219158544	70839.28266286093	-65.10380164391087	1.2807881773399015	1.6096134135185258	-0.02263048041232374	0.35666463484586197	10281.03332708436	5.06454843698737	3년	-0.02263048041232374	불리(<1)	3년	-1.612254890420728		판정불가	Y	통과	보류	배당감안점수 또는 린치PER배수 미산출	11335195.0	단기위험부채 존재; 1년 점수 과열 가능; 배당감안점수<1; fs=2025:CFS,2024:CFS,2022:CFS,2020:CFS
"=""009240"""	한샘	직접추가	메인	38950.0	8530.0	2808.0	98241927402.0	251054722982.0	161476119968.0	96981921492.0						판정불가	일반	일반	7980.840700116019	3859.9000100620688	11.028902884574068	12.496474355391001	N	N	-69.38174681059863		-5.701809832138416										5년				21.89987163029525	-4.305221986015983		1.4686920328959265	2308.508445254018	5.92685095058798	5년	1.4686920328959265	보통(1~1.5)	5년	-5.701809832138416		판정불가	Y	통과	보류	배당감안점수 또는 린치PER배수 미산출	23533928.0	단기위험부채 존재; fs=2025:CFS,2024:CFS,2022:CFS,2020:CFS
"=""000880"""	한화	직접추가	메인	142000.0	1100.0	4122.0	14684582000000.0	103264989000000.0	60168760000000.0							판정불가	일반	일반	770834.9267100092	770834.9267100092	-152.55578037603328	-152.55578037603328	N	N	-50.52808449351897	-33.7392629586393	7.803689278908865			24.107378557817732			99370.61441532469			-30.020694073715013	3년				0.7746478873239436	0.32613275277775944	0.2160823732149722	-0.05623082353935162	29660.332448246358	20.887558062145324	3년	0.2160823732149722	불리(<1)	3년	-33.7392629586393		판정불가	N	순현금차감PER<=0	제외	하드필터 미통과	74958735.0	배당감안점수<1; fs=2025:CFS,2024:CFS,2022:CFS,2020:CFS
"=""012450"""	한화에어로스페이스	우주항공/방산	메인	1047000.0	7000.0	28530.0	7713355500000.0		12463889065000.0							판정불가	일반	일반	-92129.95017531911	-92129.95017531911	39.927443048556576	39.927443048556576	Y	Y	-37.89049744203766	93.07351740567623	64.20288154253949		194.64703481135246	136.90576308507897		5553279.903167886	3905921.420817303		430.3992266635994	273.0583974037539	3년	194.64703481135246	5553279.903167886	430.3992266635994	0.6685768863419294	-0.9322390244331298	2.347811107713972	1.6247336036517517	39867.85493454941	3.807818045324681	3년	2.347811107713972	안심(>=2)	3년	93.07351740567623	0.42898822523840213	매우 유망	N	주당순현금<=0	제외	하드필터 미통과	51563401.0	주당순현금 음수(린치식); 주당순현금 음수(보수형); fs=2025:CFS,2024:CFS,2022:CFS,2020:CFS
"=""082740"""	한화엔진	직접추가	메인	49150.0		2071.0	276708027934.0	133988650000.0	53947006810.0	30000000000.0						판정불가	일반	일반	4275.157453852644	3915.6484367553294	21.6682001671402	21.841792159944312	N	N	113.94628099173553		62.28278611303117	236.39256198347107		133.06557222606233	489568.9958677686		275578.8000801751	896.0712021724693		460.6893185761447	5년	133.06557222606233	275578.8000801751	460.6893185761447		5.258686928900303		2.874386687985417	3492.7128128726085	7.106231562304393	5년	2.874386687985417	안심(>=2)	5년	62.28278611303117	0.34790030310809505	매우 유망	Y	통과	매우 유망	배당감안점수>=2 & 린치PER배수<=0.5	83447142.0	단기위험부채 존재; fs=2025:CFS,2024:OFS,2022:CFS,2020:CFS
"=""088350"""	한화생명	직접추가	메인	5710.0	150.0	693.0	3103115000000.0	104518986000000.0								판정불가	일반	일반	123912.9344985205	123912.9344985205	-170.56700504837013	-170.56700504837013	N	N	-25.96153846153846												1년				2.626970227670753	0.1368058741914967					1년	0.1368058741914967	불리(<1)	1년	-25.96153846153846		판정불가	N	주당FCF<=0 / 순현금차감PER<=0	제외	하드필터 미통과	868530000.0	배당감안점수<1; fs=2025:CFS,2024:CFS,2022:NA,2020:NA
"=""042660"""	한화오션	직접추가	메인	88100.0		4007.0	778471159631.0		5646344947762.0							판정불가	일반	일반	-15886.622071524067	-15886.622071524067	25.951240846399816	25.951240846399816	Y	Y	143.14320388349512		47.03819321855338	294.78640776699024		102.57638643710676	1181209.13592233		411023.5804534868	1240.7595186405563		366.5420890504958	5년	102.57638643710676	411023.5804534868	366.5420890504958		5.5158520061037155		1.8125604666444661	1951.772804089628	2.2154061340404403	5년	1.8125604666444661	양호(>=1.5)	5년	47.03819321855338	0.5517057325272393	헐값	N	주당순현금<=0	제외	하드필터 미통과	306413394.0	주당순현금 음수(린치식); 주당순현금 음수(보수형); fs=2025:CFS,2024:CFS,2022:CFS,2020:CFS
"=""009830"""	한화솔루션	석유화학	watchlist	30800.0	300.0	-12.0	2470461000000.0		8369710000000.0							판정불가	일반	일반	-34319.40174528579	-34319.40174528579			Y	Y	-99.19893190921229												1년				0.974025974025974				-15547.574445000917	-50.47913780844454	판정불가		판정불가	1년	-99.19893190921229		판정불가	N	주당순현금<=0 / 주당FCF<=0 / 순현금차감PER<=0	제외	하드필터 미통과	171892536.0	린치식 단독판정 비중 낮춤; 주당순현금 음수(린치식); 주당순현금 음수(보수형); 주당FCF 음수; fs=2025:CFS,2024:CFS,2022:CFS,2020:CFS
"=""272210"""	한화시스템	우주항공/방산	메인	71100.0	500.0	1243.0	325483658125.0	164123075536.0	1615285782454.0	1474436243190.0						판정불가	일반	일반	-5958.515188681878	-13763.093908709392	61.993978430154364	68.27280282277505	Y	Y	-52.02624469316866		7.897266078384502			24.294532156769			30198.10347086387			-57.527280631696385	5년	24.294532156769	30198.10347086387	-57.527280631696385	0.7032348804500703	-0.8278708854044874		0.13873123126828107	-1268.1431386537038	-1.7836049770094287	5년	0.13873123126828107	불리(<1)	5년	7.897266078384502	7.850055679374566	매우 불리	N	주당순현금<=0 / 주당FCF<=0	제외	하드필터 미통과	188919389.0	주당순현금 음수(린치식); 주당순현금 음수(보수형); 단기위험부채 존재; 주당FCF 음수; 배당감안점수<1; PER>연성장률의 2배; fs=2025:CFS,2024:CFS,2022:CFS,2020:CFS
"=""267250"""	HD현대	직접추가	메인	255000.0	4000.0	13623.0	6367475266000.0		1596736136000.0							판정불가	일반	일반	60394.38933167378	60394.38933167378	14.285077491619042	14.285077491619042	N	N	89.12952936276552	-11.915391188425783		186.75905872553105			2544218.6570179095			897.73280667369			3년				1.5686274509803921	6.349153994226346	-0.7243057479748197		64511.54397881789	25.298644697575646	3년	-0.7243057479748197	불리(<1)	3년	-11.915391188425783		판정불가	Y	통과	보류	배당감안점수 또는 린치PER배수 미산출	78993085.0	1년 점수 과열 가능; 배당감안점수<1; fs=2025:CFS,2024:CFS,2022:CFS,2020:CFS
"=""267260"""	HD현대일렉트릭	전력설비	메인	751000.0	7100.0	20354.0	950781542257.0		55346966947.0							판정불가	일반	일반	24840.658635145344	24840.658635145344	35.67649313967057	35.67649313967057	N	N	46.06386795837818	65.20736528007924		100.62773591675636	138.9147305601585		2048176.936849659	2827470.425821466		172.72662274962173	276.49406468994215		3년	138.9147305601585	2827470.425821466	276.49406468994215	0.9454061251664447	1.3176540053840813	1.854239741172513		19908.873951397247	2.650981884340512	3년	1.854239741172513	양호(>=1.5)	3년	65.20736528007924	0.5471236720949019	헐값	Y	통과	양호	배당감안점수>=1.5 & 린치PER배수<1	36047135.0	fs=2025:CFS,2024:CFS,2022:CFS,2020:CFS
"=""329180"""	HD현대중공업	직접추가	메인	463500.0	5661.0	15702.0	1869917695000.0		20593805000.0							판정불가	일반	일반	17619.114963644908	17619.114963644908	28.39643899097918	28.39643899097918	N	N	124.2822453935152			257.0644907870304			4036426.634337952			770.8579577859659			1년	257.0644907870304	4036426.634337952	770.8579577859659	1.221359223300971	4.4196951827898365					1년	4.4196951827898365	안심(>=2)	1년	124.2822453935152	0.22848347244666736	매우 유망	N	주당FCF<=0	제외	하드필터 미통과	104961225.0	fs=2025:CFS,2024:CFS,2022:CFS,2020:CFS
"=""071970"""	HD현대마린엔진	직접추가	메인	52800.0		4867.0	94276230277.0	247003276789.0								판정불가	일반	일반	10060.862797055377	10060.862797055377	8.781413027110052	8.781413027110052	N	N	97.52435064935065	113.65854515790357	162.5665198099373	203.5487012987013	235.81709031580715	333.6330396198746	990671.5292207792	1147721.7785670334	1623792.0038299295	1776.2718356454152	2073.7154897102905	2975.3636436172906	3년	235.81709031580715	1147721.7785670334	2073.7154897102905		11.105769691992924	12.943081575484033	18.512569595355618			3년	12.943081575484033	안심(>=2)	3년	113.65854515790357	0.07726135342406687	매우 유망	N	주당FCF<=0	제외	하드필터 미통과	33921495.0	fs=2025:CFS,2024:CFS,2022:CFS,2020:CFS
"=""443060"""	HD현대마린솔루션	직접추가	메인	210500.0	3950.0	6013.0	377924043510.0		9931501625.0							판정불가	일반	일반	8208.377954504365	8208.377954504365	33.64237852078757	33.64237852078757	N	N	13.36726998491704			35.23453996983408			211865.28883861232			0.6485932724999088			1년	35.23453996983408	211865.28883861232	0.6485932724999088	1.8764845605700713	0.45311167687112325			6828.081523113242	3.243744191502728	1년	0.45311167687112325	불리(<1)	1년	13.36726998491704	2.5167725765057445	매우 불리	Y	통과	제외	배당감안점수<1	44831335.0	배당감안점수<1; PER>연성장률의 2배; fs=2025:CFS,2024:CFS,2022:NA,2020:NA
"=""009540"""	HD한국조선해양	직접추가	메인	356000.0	12300.0	30664.0	3742015549000.0		398797408000.0							판정불가	일반	일반	47238.53250999998	47238.53250999998	10.069184303743803	10.069184303743803	N	N	84.96802991916998			178.43605983833996			5471563.338882856			1436.955994068218			1년	178.43605983833996	5471563.338882856	1436.955994068218	3.455056179775281	8.781554039692058					1년	8.781554039692058	안심(>=2)	1년	84.96802991916998	0.11850556395532073	매우 유망	N	주당FCF<=0	제외	하드필터 미통과	70773116.0	fs=2025:CFS,2024:CFS,2022:CFS,2020:CFS
"=""017960"""	한국카본	조선/LNG사이클	watchlist	22600.0	320.0	2043.0	57866929673.0	27093215744.0	98920898088.0	81871440000.0						판정불가	일반	일반	-268.94950885840325	-1846.1770478341368	11.193807884903771	11.965823322483669	Y	Y	394.6731234866828	63.08567663703022	8.209872487827186	797.8462469733656	134.67135327406044	24.91974497565437	1629999.882566586	275133.5747389055	50911.03898526188	7112.388860914096	1117.4051979597587	125.27008400558356	3년	134.67135327406044	275133.5747389055	1117.4051979597587	1.415929203539823	35.384657014204926	5.762257714602946	0.8599220024446362	2529.43380973873	11.192184998843938	3년	5.762257714602946	안심(>=2)	3년	63.08567663703022	0.17743818377836335	매우 유망	N	주당순현금<=0	제외	하드필터 미통과	51908452.0	린치식 단독판정 비중 낮춤; 주당순현금 음수(린치식); 주당순현금 음수(보수형); 단기위험부채 존재; 1년 점수 과열 가능; fs=2025:CFS,2024:CFS,2022:CFS,2020:CFS
"=""000080"""	하이트진로	직접추가	메인	15250.0	700.0	596.0	243639082453.0	11534336304.0								판정불가	일반	일반	3638.389855001192	3638.389855001192	19.482567357380553	19.482567357380553	N	N	-56.748911465892604	-21.8770293860485	-13.71294563046288										3년				4.590163934426229	-2.677200934285858	-0.887299149774196	-0.46825356887990843	1956.0991773402343	12.826879851411372	3년	-0.887299149774196	불리(<1)	3년	-21.8770293860485		판정불가	Y	통과	보류	배당감안점수 또는 린치PER배수 미산출	70133611.0	배당감안점수<1; fs=2025:CFS,2024:CFS,2022:CFS,2020:CFS
"=""204320"""	HL만도	직접추가	메인	49700.0	750.0	2130.0	799652317531.0		965892545521.0	659326263869.0						판정불가	일반	일반	-3540.256046154449	-17581.28462433386	24.99542537378143	31.58745757010979	Y	Y	-23.021322732200943	0.5378148348890388	76.60035963530261		9.575629669778078	161.70071927060522		20396.091196627305	344422.5320463891		-58.96158712952253	593.0030825883082	3년	9.575629669778078	20396.091196627305	-58.96158712952253	1.5090543259557343	-0.8606482220066627	0.0818897510338754	3.124948377281469	6770.8428804833	13.623426318879881	3년	0.0818897510338754	불리(<1)	3년	0.5378148348890388	46.4758942154105	매우 불리	N	주당순현금<=0	제외	하드필터 미통과	46957120.0	주당순현금 음수(린치식); 주당순현금 음수(보수형); 단기위험부채 존재; 배당감안점수<1; PER>연성장률의 2배; fs=2025:CFS,2024:CFS,2022:CFS,2020:CFS
"=""011200"""	HMM	직접추가	메인	20850.0	700.0	1951.0	1760767000000.0	10915294000000.0	151318000000.0							판정불가	일반	일반	13278.45506473833	13278.45506473833	3.8808533753263306	3.8808533753263306	N	N	-60.97219443888777	-54.38515324967628	80.08768235294812			168.67536470589624			329085.6365412036			1478.34837669642	3년				3.357314148681055	-14.845930705991188	-13.148612989457359	21.501713265477985	1809.1182228382938	8.676826008816757	3년	-13.148612989457359	불리(<1)	3년	-54.38515324967628		판정불가	Y	통과	보류	배당감안점수 또는 린치PER배수 미산출	943237970.0	1년 점수 과열 가능; 배당감안점수<1; fs=2025:CFS,2024:CFS,2022:CFS,2020:CFS
"=""008770"""	호텔신라	직접추가	메인	41700.0	200.0	-4566.0	338290693972.0		739494888568.0	24083900000.0						판정불가	일반	일반	-10222.252285555276	-10835.884209488653			Y	Y													판정불가				0.4796163069544364				1275.405833262693	3.0585271780879926	판정불가		판정불가	판정불가			판정불가	N	주당순현금<=0 / 순현금차감PER<=0	제외	하드필터 미통과	39248121.0	주당순현금 음수(린치식); 주당순현금 음수(보수형); 단기위험부채 존재; fs=2025:CFS,2024:CFS,2022:CFS,2020:CFS
"=""298050"""	HS효성첨단소재	직접추가	메인	172500.0	2500.0	-4843.0	31544586945.0		554202076606.0							판정불가	일반	일반	-116665.97238650985	-116665.97238650985			Y	Y	-143.41940111170882												1년				1.4492753623188406				-3354.717829760524	-1.9447639592814634	판정불가		판정불가	1년	-143.41940111170882		판정불가	N	주당순현금<=0 / 주당FCF<=0 / 순현금차감PER<=0	제외	하드필터 미통과	4479948.0	주당순현금 음수(린치식); 주당순현금 음수(보수형); 주당FCF 음수; fs=2025:CFS,2024:CFS,2022:CFS,2020:CFS
"=""352820"""	하이브	직접추가	메인	174200.0	500.0	-5690.0	534914956000.0	57033836000.0	1161573182000.0	0.0						판정불가	일반	일반	-13368.578698363612	-13368.578698363612			Y	Y	-2628.8888888888887												1년				0.28702640642939153				1088.4641428108619	0.6248359028764994	판정불가		판정불가	1년	-2628.8888888888887		판정불가	N	주당순현금<=0 / 순현금차감PER<=0	제외	하드필터 미통과	42609196.0	주당순현금 음수(린치식); 주당순현금 음수(보수형); fs=2025:CFS,2024:CFS,2022:CFS,2020:CFS
"=""298040"""	효성중공업	전력설비	메인	2931000.0	7500.0	55832.0	216772513676.0		637432979185.0							판정불가	일반	일반	-45113.22859928438	-45113.22859928438	53.30479346251763	53.30479346251763	Y	Y	133.51875862645866	270.5887113046113		275.5375172529173	549.6774226092226		15383810.66326488	30689589.85911812		424.8655975184197	947.0689136512494		3년	549.6774226092226	30689589.85911812	947.0689136512494	0.255885363357216	2.5096175278098074	5.081055174867501		33728.061849754005	1.1507356482345277	3년	5.081055174867501	안심(>=2)	3년	270.5887113046113	0.19699562929109238	매우 유망	N	주당순현금<=0	제외	하드필터 미통과	9324548.0	주당순현금 음수(린치식); 주당순현금 음수(보수형); fs=2025:CFS,2024:CFS,2022:CFS,2020:CFS
"=""298020"""	효성티앤씨	직접추가	메인	342000.0	10100.0	2517.0	78332153321.0		1022720440533.0							판정불가	일반	일반	-218220.35149809992	-218220.35149809992	222.57463309419944	222.57463309419944	Y	Y	-91.92622293504411	-2.1428862261368864	-39.74816600029081		4.214227547726227			10607.210737626914			-96.89847639250675		3년	4.214227547726227	10607.210737626914	-96.89847639250675	2.953216374269006	-0.3997445949876929	0.003640712047312087	-0.16531510853013162	-681.4700322251034	-0.1992602433406735	3년	0.003640712047312087	불리(<1)	3년	-2.1428862261368864		판정불가	N	주당순현금<=0 / 주당FCF<=0	제외	하드필터 미통과	4327682.0	주당순현금 음수(린치식); 주당순현금 음수(보수형); 주당FCF 음수; 배당감안점수<1; fs=2025:CFS,2024:CFS,2022:CFS,2020:CFS
"=""307950"""	현대오토에버	직접추가	메인	392500.0	1900.0	6654.0	301124937000.0	503550000000.0	137177596000.0							판정불가	일반	일반	24339.913182556786	24339.913182556786	55.32913838554902	55.32913838554902	N	N	6.840077071290951	17.005273141647017	18.824559086735636	22.1801541425819	42.51054628329403	46.14911817347127	147586.74566473998	282865.1749690385	307076.2323262778	-62.39828135930192	-27.932439498334137	-21.76401724171265	3년	42.51054628329403	282865.1749690385	-27.932439498334137	0.4840764331210191	0.13237425555726542	0.31609654668571413	0.34897770114019566	6801.802196340414	1.732943234736411	3년	0.31609654668571413	불리(<1)	3년	17.005273141647017	3.253645967617208	매우 불리	Y	통과	제외	배당감안점수<1	27423982.0	배당감안점수<1; PER>연성장률의 2배; fs=2025:CFS,2024:CFS,2022:CFS,2020:CFS
"=""069960"""	현대백화점	직접추가	메인	97400.0	2150.0	9572.0	279878097000.0	1384271000.0	850398528000.0	925684884000.0						판정불가	일반	일반	-25150.950692818045	-66058.30557705347	12.803066307231305	17.076713913189874	Y	Y	-681.8844984802432	13.23304981191371	24.719368231601415		34.96609962382742	57.93873646320283		334695.50559927605	554589.5854257775		243.62988254545797	469.39382487246144	3년	34.96609962382742	334695.50559927605	243.62988254545797	2.2073921971252566	-53.08705664511237	1.2059956293687275	2.1031493380236697	17816.28700542092	18.29187577558616	3년	1.2059956293687275	보통(1~1.5)	3년	13.23304981191371	0.9675068475677245	헐값	N	주당순현금<=0	제외	하드필터 미통과	22628813.0	주당순현금 음수(린치식); 주당순현금 음수(보수형); 단기위험부채 존재; fs=2025:CFS,2024:CFS,2022:CFS,2020:CFS
"=""000720"""	현대건설	직접추가	메인	133600.0	800.0	3319.0	4812659000000.0	700784000000.0	579678000000.0	1194728000000.0						판정불가	일반	일반	44306.32756193628	33577.399427860786	26.903788019904706	30.13636654779729	N	N	-321.1192538307795	-3.003815607902416	24.7843511038494		2.4923687841951683	58.0687022076988		8272.171994743763	192730.0226273523		-93.80825449495227	44.25899897256909	3년	2.4923687841951683	8272.171994743763	-93.80825449495227	0.5988023952095809	-11.913580764107774	-0.0893931074283477	0.9434787948923516	-7760.002367187725	-5.808385005380034	3년	-0.0893931074283477	불리(<1)	3년	-3.003815607902416		판정불가	N	주당FCF<=0	제외	하드필터 미통과	111355765.0	단기위험부채 존재; 주당FCF 음수; 배당감안점수<1; fs=2025:CFS,2024:CFS,2022:CFS,2020:CFS
"=""017800"""	현대엘리베이터	직접추가	메인	75700.0	14010.0		546026985679.0	858153283222.0	939270698991.0							판정불가	일반	일반	11892.58649504245	11892.58649504245			N	N													판정불가				18.507265521796565				5302.308441375475	7.004370464168395	판정불가		판정불가	판정불가			판정불가	N	순현금차감PER<=0	제외	하드필터 미통과	39092385.0	EPS 미추출; fs=2025:CFS,2024:CFS,2022:CFS,2020:CFS
"=""086280"""	현대글로비스	직접추가	메인	202500.0	5800.0	23117.0	2644639919844.0	1773253190103.0	2551475394576.0	800732226936.0						판정불가	일반	일반	24885.56953828	14209.1398458	7.683282020232729	8.145125239183285	N	N	58.49845731916352	-10.017436249066701	7.416538424274255	125.49691463832704		23.333076848548508	2901112.1756942063		539390.7375078959	1332.647987997139		166.3657963001955	3년				2.864197530864198	7.986516008190081	-0.9310134262110333	1.3380656766295618	25034.3648264	12.362649296987655	3년	-0.9310134262110333	불리(<1)	3년	-10.017436249066701		판정불가	Y	통과	보류	배당감안점수 또는 린치PER배수 미산출	75000000.0	단기위험부채 존재; 1년 점수 과열 가능; 배당감안점수<1; fs=2025:CFS,2024:CFS,2022:CFS,2020:CFS
"=""001450"""	현대해상	직접추가	메인	49000.0	2063.0	13006.0	1509674177483.0	19831696034080.0								판정불가	일반	일반	238717.78760137584	238717.78760137584	-14.586943533859436	-14.586943533859436	N	N	19.90412095510279			48.30824191020558			628296.9942841338			1182.238763845171			1년	48.30824191020558	628296.9942841338	1182.238763845171	4.210204081632653	-1.6531444699680165					1년	-1.6531444699680165	불리(<1)	1년	19.90412095510279		판정불가	N	주당FCF<=0 / 순현금차감PER<=0	제외	하드필터 미통과	89400000.0	배당감안점수<1; fs=2025:CFS,2024:CFS,2022:NA,2020:NA
"=""012330"""	현대모비스	직접추가	메인	417500.0	6500.0	40861.0	4922378000000.0			2945574000000.0						판정불가	일반	일반	54251.49199158146	21787.145638739283	8.889858496082292	9.684365393927234	N	N	-9.074523242617772	14.580422448898144	20.046998821740058		37.66084489779629	48.593997643480115		1538859.783368854	1985599.337710241		268.5891696691866	375.5926557389799	3년	37.66084489779629	1538859.783368854	268.5891696691866	1.5568862275449102	-0.8456419208906238	1.8152492172462218	2.4301719829180266	32588.711819214936	7.8056794776562715	3년	1.8152492172462218	양호(>=1.5)	3년	14.580422448898144	0.6097119975254288	헐값	Y	통과	양호	배당감안점수>=1.5 & 린치PER배수<1	90732583.0	단기위험부채 존재; fs=2025:CFS,2024:CFS,2022:CFS,2020:CFS
"=""005380"""	현대자동차	직접추가	메인	388000.0	10000.0	36088.0	18360566000000.0	5857507000000.0	131240462000000.0	10388351000000.0						판정불가	일반	일반	-522678.0458231802	-573412.8785132379	25.23492700684937	26.640791357604687	Y	Y	-24.20875774440827	8.159836431248424	45.92494426173537		24.819672862496848	100.34988852347074		895692.3542617862	3621426.777035012		130.8485449128315	833.357416761601	3년	24.819672862496848	895692.3542617862	130.8485449128315	2.5773195876288657	-0.8572023271915193	0.42548789683294763	1.9220290923052616	-83323.46231986141	-21.475119154603455	3년	0.42548789683294763	불리(<1)	3년	8.159836431248424	3.092577555870017	매우 불리	N	주당순현금<=0 / 주당FCF<=0	제외	하드필터 미통과	204757766.0	주당순현금 음수(린치식); 주당순현금 음수(보수형); 단기위험부채 존재; 주당FCF 음수; 배당감안점수<1; PER>연성장률의 2배; fs=2025:CFS,2024:CFS,2022:CFS,2020:CFS
"=""064350"""	현대로템	방산	메인	126100.0	600.0	7055.0	908414081000.0		60775088000.0	49136977000.0						판정불가	일반	일반	7766.386844661084	7316.175404518884	16.77301391287582	16.836828433094418	N	N	89.24356223175967	57.31843168250532	84.95065921728904	186.98712446351934	123.13686336501064	178.4013184345781	1319194.163090129	868730.57104015	1258621.3015559483	946.1492173593409	588.9219437273196	898.1136412021796	3년	123.13686336501064	868730.57104015	588.9219437273196	0.47581284694686754	5.349031220312371	3.4456684308290217	5.0930901570801295	6852.009336460757	5.4337901161465165	3년	3.4456684308290217	안심(>=2)	3년	57.31843168250532	0.29262862608983886	매우 유망	Y	통과	매우 유망	배당감안점수>=2 & 린치PER배수<=0.5	109142000.0	단기위험부채 존재; fs=2025:CFS,2024:CFS,2022:CFS,2020:CFS
"=""004020"""	현대제철	철강	watchlist	33650.0	500.0	-53.0	1342926134232.0	805366237672.0	5816297925103.0	1215935236760.0						판정불가	일반	일반	-27486.85957521251	-36598.68904783317			Y	Y													판정불가				1.4858841010401187				3999.7338333915905	11.886281822857624	판정불가		판정불가	판정불가			판정불가	N	주당순현금<=0 / 순현금차감PER<=0	제외	하드필터 미통과	133445785.0	린치식 단독판정 비중 낮춤; 주당순현금 음수(린치식); 주당순현금 음수(보수형); 단기위험부채 존재; fs=2025:CFS,2024:CFS,2022:CFS,2020:CFS
"=""011210"""	현대위아	직접추가	메인	57100.0	1200.0	5351.0	1116473000000.0	572468000000.0	739686000000.0	71245000000.0						판정불가	일반	일반	34905.39080171221	32285.615748994038	4.147749803455016	4.637335871987659	N	N	46.32212195788898	29.51602682110046	18.44874189552963	101.14424391577796	67.53205364220092	45.39748379105926	541222.8491933278	361364.01903941715	242921.9357659581	847.8508742440066	532.861679578664	325.4324619368793	3년	67.53205364220092	361364.01903941715	532.861679578664	2.1015761821366024	11.674691202369376	7.622832740996106	4.954570321611036	5543.207939464645	9.70789481517451	3년	7.622832740996106	안심(>=2)	3년	29.51602682110046	0.14052534335311917	매우 유망	Y	통과	매우 유망	배당감안점수>=2 & 린치PER배수<=0.5	27195083.0	단기위험부채 존재; fs=2025:CFS,2024:CFS,2022:CFS,2020:CFS
"=""139130"""	iM금융지주	직접추가	메인	18210.0	700.0	2511.0		10012037000000.0	9824584000000.0							판정불가	일반	일반	1167.025597818984	1167.025597818984	6.7873255285468	6.7873255285468	N	N	123.9964317573595			256.49286351471903			644053.5802854595			3436.812631990442			1년	256.49286351471903	644053.5802854595	3436.812631990442	3.844041735310269	18.83517638206474					1년	18.83517638206474	안심(>=2)	1년	123.9964317573595	0.05473807134892779	매우 유망	N	주당FCF<=0	제외	하드필터 미통과	160624583.0	fs=2025:CFS,2024:CFS,2022:NA,2020:NA
"=""024110"""	IBK기업은행	금융/은행	보정필요	20600.0	1048.0	3183.0			203390126000000.0							판정불가	금융보정	보정보류	-255058.34950533815	-255058.34950533815	86.60331432778452	86.60331432778452	Y	Y	2.4790727623953623			13.458145524790725			42837.27720540888			107.94794759907221			1년	13.458145524790725	42837.27720540888	107.94794759907221	5.087378640776699	0.08736907428893347					1년	0.08736907428893347	불리(<1)	1년	2.4790727623953623	34.93375250676608	매우 불리	N	주당순현금<=0 / 주당FCF<=0	제외	하드필터 미통과	797425869.0	린치식 단독판정 비중 낮춤; 주당순현금 음수(린치식); 주당순현금 음수(보수형); 배당감안점수<1; PER>연성장률의 2배; fs=2025:CFS,2024:CFS,2022:NA,2020:NA
"=""007660"""	이수페타시스	직접추가	메인	112300.0	230.0	2278.0	162780032068.0	175712986992.0	105628209085.0							판정불가	일반	일반	3172.1466751335415	3172.1466751335415	47.9051155947614	47.9051155947614	N	N	94.53458582408199	12.033069515911986		197.56917164816397	32.56613903182397		450062.57301451755	74185.66471449501		300.76809707437	-33.93974646972839		3년	32.56613903182397	74185.66471449501	-33.93974646972839	0.20480854853072128	1.9776467125981179	0.2554607772573868		185.87558603504556	0.16551699557884733	3년	0.2554607772573868	불리(<1)	3년	12.033069515911986	3.9811218186194175	매우 불리	Y	통과	제외	배당감안점수<1	73409219.0	1년 점수 과열 가능; 배당감안점수<1; PER>연성장률의 2배; fs=2025:CFS,2024:CFS,2022:CFS,2020:CFS
"=""457190"""	이수스페셜티케미컬	직접추가	메인	68100.0		26.0	26339571000.0	550236000.0	1431768000.0							판정불가	일반	일반	842.7503651316791	842.7503651316791	2586.8172936487817	2586.8172936487817	N	N	-92.73743016759776												1년					-0.03585001167082384			-1474.6892904859199	-2.1654761974829952	1년	-0.03585001167082384	불리(<1)	1년	-92.73743016759776		판정불가	N	주당FCF<=0	제외	하드필터 미통과	30208280.0	주당FCF 음수; 배당감안점수<1; fs=2025:CFS,2024:OFS,2022:NA,2020:NA
"=""175330"""	JB금융지주	직접추가	메인	31100.0	1140.0	3619.0		3918901000000.0	14183144000000.0							판정불가	일반	일반	-54055.16269326126	-54055.16269326126	23.530025612948677	23.530025612948677	Y	Y	5.2340796743239215			18.968159348647845			68645.76868275655			120.72594431754516			1년	18.968159348647845	68645.76868275655	120.72594431754516	3.6655948553054665	0.3782263001333861					1년	0.3782263001333861	불리(<1)	1년	5.2340796743239215	4.4955421157183695	매우 불리	N	주당순현금<=0 / 주당FCF<=0	제외	하드필터 미통과	189884601.0	주당순현금 음수(린치식); 주당순현금 음수(보수형); 배당감안점수<1; PER>연성장률의 2배; fs=2025:CFS,2024:CFS,2022:NA,2020:NA
"=""035720"""	카카오	직접추가	메인	35050.0	75.0	1138.0	6373784263399.0	3754429416501.0	2787664614576.0	1144217904147.0						판정불가	일반	일반	16588.990645648104	14003.159539614913	16.22232807939534	18.49458739928391	N	N	803.1746031746031	-28.535770270641315	-8.670866917633225	1614.8492063492063			1837698.3968253967			5143.07673844621			3년				0.21398002853067047	49.52363059550937	-1.745852389589096	-0.5213115434303169	1786.2097378837223	5.096176142321604	3년	-1.745852389589096	불리(<1)	3년	-28.535770270641315		판정불가	Y	통과	보류	배당감안점수 또는 린치PER배수 미산출	442495220.0	단기위험부채 존재; 1년 점수 과열 가능; 배당감안점수<1; fs=2025:CFS,2024:CFS,2022:CFS,2020:CFS
"=""323410"""	카카오뱅크	직접추가	메인	21600.0	460.0	1008.0		5031536000000.0								판정불가	일반	일반	10548.040591320245	10548.040591320245	10.964245445118804	10.964245445118804	N	N	9.090909090909083			26.681818181818166			26895.27272727271			24.515151515151423			1년	26.681818181818166	26895.27272727271	24.515151515151423	2.1296296296296298	1.0233753683007898			12444.320071931525	57.61259292560891	1년	1.0233753683007898	보통(1~1.5)	1년	9.090909090909083	1.2060669989630695	보통	Y	통과	보류	중간구간(보류)	477011437.0	fs=2025:OFS,2024:OFS,2022:NA,2020:NA
"=""377300"""	카카오페이	직접추가	메인	46950.0		335.0	1631491473258.0	2303511051026.0	95911725899.0	38914909706.0						판정불가	일반	일반	28407.16665292835	28119.217661003742	55.35174133454224	56.21129056416793	N	N	-428.4313725490196	-6.283340638970736											3년					-7.74016069268009	-0.11351658479892518		721.2173895844579	1.5361392749402725	3년	-0.11351658479892518	불리(<1)	3년	-6.283340638970736		판정불가	Y	통과	보류	배당감안점수 또는 린치PER배수 미산출	135145150.0	단기위험부채 존재; 배당감안점수<1; fs=2025:CFS,2024:CFS,2022:CFS,2020:NA
"=""035250"""	강원랜드	직접추가	메인	14670.0	950.0		200357737326.0	3009244892731.0	0.0							판정불가	일반	일반	15002.314335326879	15002.314335326879			N	N													판정불가				6.4758009543285615				808.0316694922186	5.508055006763589	판정불가		판정불가	판정불가			판정불가	N	순현금차감PER<=0	제외	하드필터 미통과	213940500.0	EPS 미추출; fs=2025:CFS,2024:CFS,2022:CFS,2020:CFS
"=""105560"""	KB금융	금융/은행	보정필요	172000.0	4367.0	15410.0		89862530000000.0	80049270000000.0							판정불가	금융보정	보정양호	25725.386408830236	25725.386408830236	9.492187773599595	9.492187773599595	N	N	19.64285714285714			47.78571428571428			736377.857142857			328.12666112956805			1년	47.78571428571428	736377.857142857	328.12666112956805	2.5389534883720932	2.3368491184848867					1년	2.3368491184848867	안심(>=2)	1년	19.64285714285714	0.4832386502923431	매우 유망	N	주당FCF<=0	제외	하드필터 미통과	381462103.0	린치식 단독판정 비중 낮춤; fs=2025:CFS,2024:CFS,2022:NA,2020:NA
"=""002380"""	케이씨씨	직접추가	메인	503000.0	15000.0		1193612441434.0	36838546215.0	2949860953111.0	758686269704.0						판정불가	일반	일반	-193486.25179354099	-278861.68031899276			Y	Y													판정불가				2.982107355864811				51624.29856328795	10.263280032462813	판정불가		판정불가	판정불가			판정불가	N	주당순현금<=0 / 순현금차감PER<=0	제외	하드필터 미통과	8886471.0	주당순현금 음수(린치식); 주당순현금 음수(보수형); 단기위험부채 존재; EPS 미추출; fs=2025:CFS,2024:CFS,2022:CFS,2020:CFS
"=""015760"""	한국전력	유틸리티	메인	33750.0	1542.0	13311.0	2240811000000.0	4250164000000.0	83995702000000.0							판정불가	일반	일반	-120730.62929345189	-120730.62929345189	11.605486386706627	11.605486386706627	Y	Y	144.73248758963044			297.9649751792609			3966211.7846111413			11651.738621070048			1년	297.9649751792609	3966211.7846111413	11651.738621070048	4.568888888888889	12.864723761128607			7699.067871674695	22.812052953110207	1년	12.864723761128607	안심(>=2)	1년	144.73248758963044	0.08018577293863992	매우 유망	N	주당순현금<=0	제외	하드필터 미통과	641964077.0	주당순현금 음수(린치식); 주당순현금 음수(보수형); fs=2025:CFS,2024:CFS,2022:CFS,2020:CFS
"=""052690"""	한전기술	원전/유틸리티	메인	143100.0	1347.0	2244.0	27327763423.0	143766317133.0	10000000.0							판정불가	일반	일반	4476.297241130298	4476.297241130298	61.77526860912197	61.77526860912197	N	N	45.90377113133941	68.14874025084036	33.4594702358408	100.30754226267882	144.79748050168072	75.4189404716816	225090.12483745127	324925.5462457715	169240.1024184535	57.295684722188156	127.06187718083264	18.267017762720815	3년	144.79748050168072	324925.5462457715	127.06187718083264	0.9412997903563942	0.7583143218381487	1.1184093828609376	0.5568696146651387	565.6546605965464	0.3952862757488095	3년	1.1184093828609376	보통(1~1.5)	3년	68.14874025084036	0.9064770439151324	헐값	Y	통과	보류	중간구간(보류)	38220000.0	fs=2025:CFS,2024:CFS,2022:CFS,2020:CFS
"=""051600"""	한전KPS	원전/유틸리티	메인	48000.0	1651.0	2761.0	145552915316.0	253105895590.0								판정불가	일반	일반	8859.0846868	8859.0846868	14.176354695110467	14.176354695110467	N	N	-27.94885177453027	7.4435664015639835	7.368549852889328		23.38713280312797	23.237099705778654		64571.873669436325	64157.632287654866		34.52473681132568	33.66173393261431	3년	23.38713280312797	64571.873669436325	34.52473681132568	3.439583333333333	-1.7288836917751762	0.76769733608958	0.7624056690645917	1565.3651230222222	3.2611773396296297	3년	0.76769733608958	불리(<1)	3년	7.4435664015639835	1.9045110811575272	보통	Y	통과	제외	배당감안점수<1	45000000.0	배당감안점수<1; fs=2025:CFS,2024:CFS,2022:CFS,2020:CFS
"=""000270"""	기아	직접추가	메인	126800.0	6800.0	19382.0	13998106000000.0	7661873000000.0	978970000000.0	211292000000.0						판정불가	일반	일반	52972.13234688462	52430.93110337479	3.8090943996035183	3.837017278744465	N	N	-22.138753866548832	12.82583771622907	39.189006811542605		34.15167543245814	86.87801362308521		661927.7732319037	1683869.6600426375		422.0250577538673	1227.9729180146983	3년	34.15167543245814	661927.7732319037	422.0250577538673	5.3627760252365935	-4.404190624169992	4.775049351194574	11.696161387183398	10401.987179740363	8.203459920930886	3년	4.775049351194574	안심(>=2)	3년	12.82583771622907	0.29698601244452916	매우 유망	Y	통과	매우 유망	배당감안점수>=2 & 린치PER배수<=0.5	390412998.0	단기위험부채 존재; fs=2025:CFS,2024:CFS,2022:CFS,2020:CFS
"=""039490"""	키움증권	직접추가	메인	273500.0	11500.0	42059.0		62457765152889.0								판정불가	일반	일반	2288251.0791779323	2288251.0791779323	-47.90297152043397	-47.90297152043397	N	N	43.20394960844398			94.90789921688796			3991731.3331630905			1359.4995733685887			1년	94.90789921688796	3991731.3331630905	1359.4995733685887	4.204753199268739	-0.9896818778244181			-250622.40952773768	-91.63525028436477	1년	-0.9896818778244181	불리(<1)	1년	43.20394960844398		판정불가	N	주당FCF<=0 / 순현금차감PER<=0	제외	하드필터 미통과	27294979.0	주당FCF 음수; 배당감안점수<1; fs=2025:CFS,2024:CFS,2022:NA,2020:NA
"=""161890"""	한국콜마	직접추가	메인	140300.0	864.0	5299.0	225316644282.0	284826044.0	476529423888.0	829915405830.0						판정불가	일반	일반	-10630.253549352963	-45788.59706291151	28.482780439583497	35.11768202734696	Y	Y	38.35509138381201		-5.429179724160593	85.21018276762402			451528.7584856397			221.83090412376316			5년				0.615823235923022	1.3682271891397169		-0.16899180536280387	4731.724715873624	3.372576419011849	5년	-0.16899180536280387	불리(<1)	5년	-5.429179724160593		판정불가	N	주당순현금<=0	제외	하드필터 미통과	23605077.0	주당순현금 음수(린치식); 주당순현금 음수(보수형); 단기위험부채 존재; 배당감안점수<1; fs=2025:CFS,2024:CFS,2022:CFS,2020:CFS
"=""120110"""	코오롱인더	직접추가	메인	56900.0	1300.0		263843934948.0	219536778414.0	1102334698976.0	1502712536405.0						판정불가	일반	일반	-22491.80343980112	-77097.98706719637			Y	Y													판정불가				2.2847100175746924				6217.225588737651	10.926582757008173	판정불가		판정불가	판정불가			판정불가	N	주당순현금<=0 / 순현금차감PER<=0	제외	하드필터 미통과	27519091.0	주당순현금 음수(린치식); 주당순현금 음수(보수형); 단기위험부채 존재; EPS 미추출; fs=2025:CFS,2024:CFS,2022:CFS,2020:CFS
"=""047810"""	한국항공우주	우주항공/방산	메인	129100.0	500.0	1907.0	60938581663.0	200000.0	1487227060504.0	492840000000.0						판정불가	일반	일반	-14632.333554052933	-19688.393661788952	75.37091429158517	78.02223055154114	Y	Y	8.045325779036826	16.21391673368946	20.01192023737235	24.590651558073652	40.92783346737892	48.5238404747447	46894.372521246456	78049.3784222916	92534.96378533814	-63.675931432032186	-39.543471400238886	-28.323033473789206	3년	40.92783346737892	78049.3784222916	-39.543471400238886	0.3872966692486445	0.11188165259164087	0.2202602099095348	0.270651047534108	-11214.27678311756	-8.686504092267668	3년	0.2202602099095348	불리(<1)	3년	16.21391673368946	4.648532216461839	매우 불리	N	주당순현금<=0 / 주당FCF<=0	제외	하드필터 미통과	97475107.0	주당순현금 음수(린치식); 주당순현금 음수(보수형); 단기위험부채 존재; 주당FCF 음수; 배당감안점수<1; PER>연성장률의 2배; fs=2025:CFS,2024:CFS,2022:CFS,2020:CFS
"=""071320"""	지역난방공사	유틸리티	메인	74800.0	6157.0	28102.0	13136000000.0	14472000000.0	3000419000000.0							판정불가	일반	일반	-256747.27759763927	-256747.27759763927	11.797995786692734	11.797995786692734	Y	Y	66.77744807121661		65.27173293436219	142.05489614243322		139.04346586872438	3992026.6913946583		3907399.4778428925	5236.934079404623		5123.796093372851	5년	139.04346586872438	3907399.4778428925	5123.796093372851	8.231283422459892	6.357752015667		6.230127361100438	29663.925551856057	39.65765448109099	5년	6.230127361100438	안심(>=2)	5년	65.27173293436219	0.18075199257474747	매우 유망	N	주당순현금<=0	제외	하드필터 미통과	11578744.0	주당순현금 음수(린치식); 주당순현금 음수(보수형); fs=2025:CFS,2024:CFS,2022:CFS,2020:CFS
"=""036460"""	한국가스공사	유틸리티	메인	36150.0	1154.0		1147352000000.0	151248000000.0	21802116000000.0							판정불가	일반	일반	-222108.6520858384	-222108.6520858384			Y	Y													판정불가				3.1922544951590597				46549.424241439454	128.76742528752268	판정불가		판정불가	판정불가			판정불가	N	주당순현금<=0 / 순현금차감PER<=0	제외	하드필터 미통과	92313000.0	주당순현금 음수(린치식); 주당순현금 음수(보수형); EPS 미추출; fs=2025:CFS,2024:CFS,2022:CFS,2020:CFS
"=""071050"""	한국금융지주	직접추가	메인	192800.0	8690.0	34592.0		111427682000000.0								판정불가	일반	일반	1999563.901886215	1999563.901886215	-52.23068634037393	-52.23068634037393	N	N													판정불가				4.507261410788382						판정불가		판정불가	판정불가			판정불가	N	주당FCF<=0 / 순현금차감PER<=0	제외	하드필터 미통과	55725992.0	fs=2025:CFS,2024:CFS,2022:NA,2020:NA
"=""006650"""	대한유화	직접추가	메인	110300.0	1300.0	5134.0	151455436829.0	90052666000.0								판정불가	일반	일반	37155.09274292308	37155.09274292308	14.247157627011477	14.247157627011477	N	N	-471.7595944967415		-24.26352631533887										5년				1.1786038077969174	-33.029815701397204		-1.6203177582435653	19148.828141846156	17.360678279098963	5년	-1.6203177582435653	불리(<1)	5년	-24.26352631533887		판정불가	Y	통과	보류	배당감안점수 또는 린치PER배수 미산출	6500000.0	배당감안점수<1; fs=2025:CFS,2024:CFS,2022:CFS,2020:CFS
"=""010130"""	고려아연	소재	메인	1227000.0	20000.0	42566.0	3451069963536.0	1038402532013.0	2668945939951.0	3128688084125.0						판정불가	일반	일반	87219.33882994796	-62672.518151442666	26.776785724993	30.298184423047566	N	Y	184.74145427787812	8.708371766163726	5.597910450753152	377.98290855575624	25.91674353232745	19.695820901506302	16089220.48558432	1103172.1051970504	838372.3124935173	1211.2649132505558	-10.091922966825562	-31.6729981667875	3년	25.91674353232745	1103172.1051970504	-10.091922966825562	1.6299918500407498	6.960187381787311	0.3860942729416108	0.2699316630094067	-75274.78704653852	-6.13486446997054	3년	0.3860942729416108	불리(<1)	3년	8.708371766163726	3.074832637374748	매우 불리	N	주당FCF<=0	제외	하드필터 미통과	20872969.0	주당순현금 음수(보수형); 단기위험부채 존재; 주당FCF 음수; 1년 점수 과열 가능; 배당감안점수<1; PER>연성장률의 2배; fs=2025:CFS,2024:CFS,2022:CFS,2020:CFS
"=""003490"""	대한항공	직접추가	메인	29800.0	750.0	2133.0	1869988073408.0	3532702331766.0	5900725093281.0	2027009390000.0						판정불가	일반	일반	-1352.5441151358968	-6857.420958534969	14.605037091015422	17.185851363588828	Y	Y	-40.1850813236119	-23.620676172572395	-13.307685693628002										3년				2.5167785234899327	-2.5791309234876483	-1.4449739167088418	-0.7388483235538176	-599.9903851348527	-2.013390554143801	3년	-1.4449739167088418	불리(<1)	3년	-23.620676172572395		판정불가	N	주당순현금<=0 / 주당FCF<=0	제외	하드필터 미통과	368220661.0	주당순현금 음수(린치식); 주당순현금 음수(보수형); 단기위험부채 존재; 주당FCF 음수; 1년 점수 과열 가능; 배당감안점수<1; fs=2025:CFS,2024:CFS,2022:CFS,2020:CFS
"=""259960"""	크래프톤	직접추가	메인	209000.0	2240.0	16454.0	596725775511.0	2771628277288.0	232600090556.0	253882981026.0						판정불가	일반	일반	66149.80047167496	60794.052303852826	8.681791632935763	9.007289880645871	N	N	-42.45444689259609	15.546458229987593			39.592916459975186			651461.8474324316			211.7042332212592		3년	39.592916459975186	651461.8474324316	211.7042332212592	1.0717703349282297	-4.766605593328924	1.9141473635317297		19894.79976593031	9.51904295020589	3년	1.9141473635317297	양호(>=1.5)	3년	15.546458229987593	0.5584417688261265	헐값	Y	통과	양호	배당감안점수>=1.5 & 린치PER배수<1	47403831.0	단기위험부채 존재; fs=2025:CFS,2024:CFS,2022:CFS,2020:NA
"=""030200"""	KT	통신	보정필요	53100.0	2400.0	7119.0	3506971000000.0									판정불가	통신보정	보정양호	13915.354148989203	13915.354148989203	5.504234562580531	5.504234562580531	N	N	273.1132075471698	10.974077918572789	21.542256858726816	554.7264150943396	30.448155837145578	51.58451371745363	3949097.3490566034	216760.42140463938	367230.1531545524	7337.094819315636	308.2117163929178	591.5822093306072	3년	30.448155837145578	216760.42140463938	308.2117163929178	4.519774011299435	50.439889216550306	2.8148967406302354	4.7349055665621345	17845.761962904104	33.60783797157082	3년	2.8148967406302354	안심(>=2)	3년	10.974077918572789	0.5015669292146208	헐값	Y	통과	양호	배당감안점수>=1.5 & 린치PER배수<1	252021685.0	린치식 단독판정 비중 낮춤; 1년 점수 과열 가능; fs=2025:CFS,2024:CFS,2022:CFS,2020:CFS
"=""033780"""	KT&G	필수소비재	메인	168400.0	6000.0	10228.0	913503000000.0		1062456000000.0	332978000000.0						판정불가	일반	일반	-1262.563450588038	-4084.9695293504915	16.58804883169613	16.863997803026056	Y	Y	-10.146710006149517	6.408926515670932	1.8767217197089403		21.317853031341862	12.25344343941788		218039.00080456457	125328.21949836609		29.476841332876823	-25.577066806195916	3년	21.317853031341862	218039.00080456457	29.476841332876823	3.5629453681710213	-0.3968980743171169	0.6011479701451016	0.3279268793497851	-776.4757168675206	-0.4610900931517343	3년	0.6011479701451016	불리(<1)	3년	6.408926515670932	2.5882725899782884	매우 불리	N	주당순현금<=0 / 주당FCF<=0	제외	하드필터 미통과	117976645.0	주당순현금 음수(린치식); 주당순현금 음수(보수형); 단기위험부채 존재; 주당FCF 음수; 배당감안점수<1; PER>연성장률의 2배; fs=2025:CFS,2024:CFS,2022:CFS,2020:CFS
"=""011780"""	금호석유	석유화학	watchlist	130000.0	1700.0	11391.0	650436032913.0	82275660739.0								판정불가	일반	일반	28146.856005717942	28146.856005717942	8.941545430101138	8.941545430101138	N	N	-15.138195634358931	-32.65223990875862	-11.416304781151009										3년				1.3076923076923077	-1.5467687811669695	-3.5054955372196517	-1.1305218491010185	19963.595148223274	15.35661165247944	3년	-3.5054955372196517	불리(<1)	3년	-32.65223990875862		판정불가	Y	통과	보류	배당감안점수 또는 린치PER배수 미산출	26031742.0	린치식 단독판정 비중 낮춤; 1년 점수 과열 가능; 배당감안점수<1; fs=2025:CFS,2024:CFS,2022:CFS,2020:CFS
"=""073240"""	금호타이어	직접추가	메인	7100.0		1209.0	574762190002.0	23370402051.0	732635884134.0	995816495352.0						판정불가	일반	일반	-468.2279387996295	-3934.8278846250682	6.259907310835095	9.127235636579876	Y	Y	6.896551724137923			22.293103448275843			26952.362068965496			279.6107333657112			1년	22.293103448275843	26952.362068965496	279.6107333657112		1.1017018913684038			2095.5020502990724	29.514113384493978	1년	1.1017018913684038	보통(1~1.5)	1년	6.896551724137923	0.9076865600710898	헐값	N	주당순현금<=0	제외	하드필터 미통과	287260287.0	주당순현금 음수(린치식); 주당순현금 음수(보수형); 단기위험부채 존재; fs=2025:CFS,2024:CFS,2022:CFS,2020:CFS
"=""066970"""	엘앤에프	2차전지	메인	127000.0		-15508.0	382883140911.0	62183142824.0	390410933286.0	781033333338.0						판정불가	일반	일반	1358.2710122097233	-18051.629894608985			N	Y	37.65311556896857			83.80623113793715									1년	83.80623113793715							-4189.943890632833	-3.2991684178211287	판정불가		판정불가	1년	37.65311556896857		판정불가	N	주당FCF<=0 / 순현금차감PER<=0	제외	하드필터 미통과	40238914.0	주당순현금 음수(보수형); 단기위험부채 존재; 주당FCF 음수; fs=2025:CFS,2024:CFS,2022:CFS,2020:CFS
"=""003550"""	LG	직접추가	메인	119100.0	3100.0	4780.0	1511450000000.0	1839426000000.0	159829000000.0	0.0						판정불가	일반	일반	20691.31243852798	20691.31243852798	20.58759154005691	20.58759154005691	N	N	28.77155172413792	-27.26466268691552	-10.530872700659177	66.04310344827584			315686.03448275855			165.0596427227192			3년				2.6028547439126783	1.52394739360386	-1.197896698844972	-0.38508719882658915	5491.624275551311	4.610935579807986	3년	-1.197896698844972	불리(<1)	3년	-27.26466268691552		판정불가	Y	통과	보류	배당감안점수 또는 린치PER배수 미산출	154221585.0	1년 점수 과열 가능; 배당감안점수<1; fs=2025:CFS,2024:CFS,2022:CFS,2020:CFS
"=""051910"""	LG화학	석유화학	watchlist	285000.0	2000.0	-23244.0	9899926000000.0	245464000000.0	2407851000000.0							판정불가	일반	일반	109608.75742571683	109608.75742571683			N	N	163.35825968728756			335.2165193745751									1년	335.2165193745751			0.7017543859649122				-79651.86819199358	-27.948023927015292	판정불가		판정불가	1년	163.35825968728756		판정불가	N	주당FCF<=0 / 순현금차감PER<=0	제외	하드필터 미통과	70592343.0	린치식 단독판정 비중 낮춤; 주당FCF 음수; fs=2025:CFS,2024:CFS,2022:CFS,2020:CFS
"=""064400"""	LG씨엔에스	직접추가	메인	72100.0	1850.0	4549.0	1140987852000.0	602021775000.0	159828598000.0	0.0						판정불가	일반	일반	16340.667162589976	16340.667162589976	12.25749238017367	12.25749238017367	N	N	8.827751196172251			26.155502392344502			118981.38038277514			65.02271897749672			1년	26.155502392344502	118981.38038277514	65.02271897749672	2.565880721220527	0.9295238833533216			3767.269821212876	5.225062165343795	1년	0.9295238833533216	불리(<1)	1년	8.827751196172251	1.3885181070223829	보통	Y	통과	제외	배당감안점수<1	96885948.0	배당감안점수<1; fs=2025:CFS,2024:CFS,2022:NA,2020:NA
"=""034220"""	LG디스플레이	직접추가	메인	8950.0		453.0	1572058000000.0	611000000.0	8934975000000.0							판정불가	일반	일반	-14724.612	-14724.612	52.26183664459161	52.26183664459161	Y	Y	-108.33026848105922												1년					-2.0728369961002877			490.0	5.4748603351955305	1년	-2.0728369961002877	불리(<1)	1년	-108.33026848105922		판정불가	N	주당순현금<=0	제외	하드필터 미통과	500000000.0	주당순현금 음수(린치식); 주당순현금 음수(보수형); 배당감안점수<1; fs=2025:CFS,2024:CFS,2022:CFS,2020:CFS
"=""066570"""	LG전자	직접추가	메인	204500.0	1350.0	5380.0	8769841000000.0	226864000000.0								판정불가	일반	일반	55233.007286238106	55233.007286238106	27.744794184714106	27.744794184714106	N	N	157.90987535953977	-6.773782148657093	-13.211093618974335	324.31975071907954			1744840.258868648			753.2226204736664			3년				0.6601466992665036	5.7153072033300525	-0.22035252482640058	-0.4523712389484125	2290.6763841474362	1.1201351511723405	3년	-0.22035252482640058	불리(<1)	3년	-6.773782148657093		판정불가	Y	통과	보류	배당감안점수 또는 린치PER배수 미산출	162886387.0	1년 점수 과열 가능; 배당감안점수<1; fs=2025:CFS,2024:CFS,2022:CFS,2020:CFS
"=""373220"""	LG에너지솔루션	2차전지	메인	371000.0		-4585.0	3779307000000.0	46724000000.0	2407851000000.0							판정불가	일반	일반	6060.598290598291	6060.598290598291			N	N													판정불가								-28061.529914529914	-7.563754693943372	판정불가		판정불가	판정불가			판정불가	N	주당FCF<=0 / 순현금차감PER<=0	제외	하드필터 미통과	234000000.0	주당FCF 음수; fs=2025:CFS,2024:CFS,2022:CFS,2020:CFS
"=""051900"""	LG생활건강	직접추가	메인	291500.0	2000.0	-5930.0	1086333734803.0	100697817600.0	120239309804.0	55803511595.0						판정불가	일반	일반	69713.77885077163	66067.07660540048			N	N	-152.33430412143676												1년				0.6861063464837049				22989.9067608023	7.886760466827547	판정불가		판정불가	1년	-152.33430412143676		판정불가	N	순현금차감PER<=0	제외	하드필터 미통과	15302459.0	단기위험부채 존재; fs=2025:CFS,2024:CFS,2022:CFS,2020:CFS
"=""011070"""	LG이노텍	직접추가	메인	553000.0	1880.0	14421.0	1406403000000.0	72896000000.0								판정불가	일반	일반	62504.42861478592	62504.42861478592	34.01259076244464	34.01259076244464	N	N	-24.040031603897816	-29.57093933979966	0.6187699510769251			9.73753990215385			140425.0629289607			-74.60667939801796	3년				0.3399638336347197	-0.6968027791764624	-0.8594163176314293	0.028187614151705283	24374.504243378797	4.407686119959999	3년	-0.8594163176314293	불리(<1)	3년	-29.57093933979966		판정불가	Y	통과	보류	배당감안점수 또는 린치PER배수 미산출	23667107.0	1년 점수 과열 가능; 배당감안점수<1; fs=2025:CFS,2024:CFS,2022:CFS,2020:CFS
"=""032640"""	LG유플러스	통신	보정필요	14910.0	660.0	1221.0	794318000000.0	96103000000.0	6032435000000.0	0.0						판정불가	통신보정	보정주의	-11962.94739559469	-11962.94739559469	22.008965925957977	22.008965925957977	Y	Y	40.18369690011481	-7.505357255026945	16.093370483592317	88.86739380022962		40.68674096718463	108507.08783008037		49678.510720932434	627.7470679415183		233.18920671316187	3년				4.426559356136821	2.0269128684340902	-0.13988834865062452	0.9323441141561026	2279.814694868141	15.290507678525426	3년	-0.13988834865062452	불리(<1)	3년	-7.505357255026945		판정불가	N	주당순현금<=0	제외	하드필터 미통과	429828355.0	린치식 단독판정 비중 낮춤; 주당순현금 음수(린치식); 주당순현금 음수(보수형); 1년 점수 과열 가능; 배당감안점수<1; fs=2025:CFS,2024:CFS,2022:CFS,2020:CFS
"=""079550"""	LIG넥스원	우주항공/방산	메인	670000.0	2950.0	11604.0	125190009682.0	74459447021.0	923361958512.0	603656788627.0						판정불가	일반	일반	-32896.0228095	-60334.96774709091	60.57359727761978	62.93820818227257	Y	Y	14.066647006782663	27.179527397785485	34.219216690902975	36.633294013565326	62.85905479557097	76.93843338180595	425092.74373341206	729416.4718478055	892793.5809624762	-36.553321830834015	8.868130126538132	33.25277327798153	3년	62.85905479557097	729416.4718478055	8.868130126538132	0.4402985074626865	0.23949288413163558	0.45597136618222456	0.5721884906309067	-39377.47379822727	-5.877234895257802	3년	0.45597136618222456	불리(<1)	3년	27.179527397785485	2.2286479227948295	매우 불리	N	주당순현금<=0 / 주당FCF<=0	제외	하드필터 미통과	22000000.0	주당순현금 음수(린치식); 주당순현금 음수(보수형); 단기위험부채 존재; 주당FCF 음수; 배당감안점수<1; PER>연성장률의 2배; fs=2025:CFS,2024:CFS,2022:CFS,2020:CFS
"=""004990"""	롯데지주	직접추가	메인	24850.0	1250.0	-8978.0	1391291862106.0	1039362449959.0	5672138060606.0	3773429305995.0						판정불가	일반	일반	-30897.982305800204	-66866.49579327319			Y	Y	-37.605115018416846												1년				5.030181086519115				-1991.5043153635747	-8.014101872690443	판정불가		판정불가	1년	-37.605115018416846		판정불가	N	주당순현금<=0 / 주당FCF<=0 / 순현금차감PER<=0	제외	하드필터 미통과	104909237.0	주당순현금 음수(린치식); 주당순현금 음수(보수형); 단기위험부채 존재; 주당FCF 음수; fs=2025:CFS,2024:CFS,2022:CFS,2020:CFS
"=""011170"""	롯데케미칼	석유화학	watchlist	67800.0	1000.0		1870312010924.0	824440281077.0	9399387662619.0							판정불가	일반	일반	-156740.37864171478	-156740.37864171478			Y	Y													판정불가				1.4749262536873156				-26783.67225319289	-39.50394137639069	판정불가		판정불가	판정불가			판정불가	N	주당순현금<=0 / 주당FCF<=0 / 순현금차감PER<=0	제외	하드필터 미통과	42775419.0	린치식 단독판정 비중 낮춤; 주당순현금 음수(린치식); 주당순현금 음수(보수형); 주당FCF 음수; EPS 미추출; fs=2025:CFS,2024:CFS,2022:CFS,2020:CFS
"=""005300"""	롯데칠성음료	직접추가	메인	97500.0	3400.0	4697.0	213358325740.0	11845742299.0	168590223949.0	1587240348429.0						판정불가	일반	일반	5630.868480357551	-152237.61390908112	19.559108264773784	53.16960057676839	N	Y	-20.09186798230691	-28.321091651421646											3년				3.4871794871794872	-0.8489491581286804	-1.2696852958766207		12123.245426933277	12.43409787377772	3년	-1.2696852958766207	불리(<1)	3년	-28.321091651421646		판정불가	Y	통과	보류	배당감안점수 또는 린치PER배수 미산출	10054194.0	주당순현금 음수(보수형); 단기위험부채 존재; 1년 점수 과열 가능; 배당감안점수<1; fs=2025:CFS,2024:CFS,2022:CFS,2020:CFS
"=""004000"""	롯데정밀화학	직접추가	메인	46750.0	1500.0	4165.0	172038879703.0	562065025.0	45301437028.0	842860000.0						판정불가	일반	일반	4934.089445736434	4901.420453488372	10.03983446680998	10.047678162427761	N	N		-10.129293888244783	-11.804095268565707										3년				3.2085561497326207		-0.6893278730233021	-0.8561435098604968	1136.2980498449613	2.4305840638394893	3년	-0.6893278730233021	불리(<1)	3년	-10.129293888244783		판정불가	Y	통과	보류	배당감안점수 또는 린치PER배수 미산출	25800000.0	단기위험부채 존재; 배당감안점수<1; fs=2025:CFS,2024:CFS,2022:CFS,2020:CFS
"=""023530"""	롯데쇼핑	직접추가	메인	110900.0	4000.0	1824.0	571525104252.0		9833740433980.0							판정불가	일반	일반	-327416.85979916755	-327416.85979916755	240.30529594252607	240.30529594252607	Y	Y	-105.26042567918326												1년				3.606853020739405	-0.4230184451813179			36267.714863697605	32.70307922786078	1년	-0.4230184451813179	불리(<1)	1년	-105.26042567918326		판정불가	N	주당순현금<=0	제외	하드필터 미통과	28288755.0	주당순현금 음수(린치식); 주당순현금 음수(보수형); 배당감안점수<1; fs=2025:CFS,2024:CFS,2022:CFS,2020:CFS
"=""280360"""	롯데웰푸드	직접추가	메인	139100.0	3300.0	8176.0	465769787384.0	60447985569.0	1114724963974.0							판정불가	일반	일반	-63249.23537832038	-63249.23537832038	24.74917262454995	24.74917262454995	Y	Y	-14.575279490126425		5.046315298946524			18.59263059789305			152013.34776837355			9.283499474028446	5년	18.59263059789305	152013.34776837355	9.283499474028446	2.372393961179008	-0.493062362692592		0.29975584932348576	-12931.762180407184	-9.296737728545782	5년	0.29975584932348576	불리(<1)	5년	5.046315298946524	4.904404730658946	매우 불리	N	주당순현금<=0 / 주당FCF<=0	제외	하드필터 미통과	9304574.0	주당순현금 음수(린치식); 주당순현금 음수(보수형); 주당FCF 음수; 배당감안점수<1; PER>연성장률의 2배; fs=2025:CFS,2024:CFS,2022:CFS,2020:CFS
"=""006260"""	LS	직접추가	메인	330000.0	2500.0	9903.0	2086611000000.0	856757000000.0	2796384000000.0	5804770000000.0						판정불가	일반	일반	4636.719242902208	-178479.05362776027	32.85502178704411	51.34596118628297	N	Y	14.129307364296405	-15.509731147342876	16.589235636822398	36.75861472859281		41.678471273644796	364020.5616572546		412741.90102290444	10.30926110825896		25.073303340274066	3년				0.7575757575757576	0.4531083016278073	-0.4490076276736609	0.5279805171591337	-31030.6309148265	-9.403221489341364	3년	-0.4490076276736609	불리(<1)	3년	-15.509731147342876		판정불가	N	주당FCF<=0	제외	하드필터 미통과	31700000.0	주당순현금 음수(보수형); 단기위험부채 존재; 주당FCF 음수; 1년 점수 과열 가능; 배당감안점수<1; fs=2025:CFS,2024:CFS,2022:CFS,2020:CFS
"=""010120"""	LS ELECTRIC	전력설비	메인	211500.0	3000.0	9647.0	762716704001.0	205184236697.0	773010797653.0	302192853551.0						판정불가	일반	일반	6496.3381015	-3576.7570168666666	21.25050916331502	22.294677829052212	N	Y	19.423124535776193	45.94979891928113	27.235637161019888	47.346249071552386	100.39959783856226	62.971274322039775	456749.26479326584	968554.9203486101	607483.8833847177	115.95709919303347	357.9455888173098	187.22642240412188	3년	100.39959783856226	968554.9203486101	357.9455888173098	1.4184397163120568	0.9807559946877539	2.229040173652191	1.3483948387833353	3012.7272868333334	1.4244573460204886	3년	2.229040173652191	안심(>=2)	3년	45.94979891928113	0.4624722994032087	매우 유망	Y	통과	매우 유망	배당감안점수>=2 & 린치PER배수<=0.5	30000000.0	주당순현금 음수(보수형); 단기위험부채 존재; fs=2025:CFS,2024:CFS,2022:CFS,2020:CFS
"=""138040"""	메리츠금융지주	직접추가	메인	125000.0	1350.0	12903.0		57255930460341.0								판정불가	일반	일반	326762.6475868441	326762.6475868441	-15.636878833360003	-15.636878833360003	N	N	5.253283302063783			19.006566604127563			245241.72889305794			96.19338311444633			1년	19.006566604127563	245241.72889305794	96.19338311444633	1.08	-0.405022215082478					1년	-0.405022215082478	불리(<1)	1년	5.253283302063783		판정불가	N	주당FCF<=0 / 순현금차감PER<=0	제외	하드필터 미통과	175221773.0	배당감안점수<1; fs=2025:CFS,2024:CFS,2022:NA,2020:NA
"=""006800"""	미래에셋증권	금융/증권	보정필요	35050.0	0.0	2680.0	1698057000000.0	128930885000000.0	9756730000000.0							판정불가	금융보정	보정주의	213146.27533903014	213146.27533903014	-66.45383408172766	-66.45383408172766	N	N	73.46278317152104			155.42556634304208			416540.51779935276			1088.4180251051434			1년	155.42556634304208	416540.51779935276	1088.4180251051434	0.0	-1.1054709511745173			-12193.31326010751	-34.788340257082766	1년	-1.1054709511745173	불리(<1)	1년	73.46278317152104		판정불가	N	주당FCF<=0 / 순현금차감PER<=0	제외	하드필터 미통과	567085734.0	린치식 단독판정 비중 낮춤; 주당FCF 음수; 배당감안점수<1; fs=2025:CFS,2024:CFS,2022:NA,2020:NA
"=""081660"""	미스토홀딩스	직접추가	메인	40200.0	1980.0	4061.0	625567094487.0	7474935386.0	1662319967352.0							판정불가	일반	일반	-19386.744506858304	-19386.744506858304	14.67292403517811	14.67292403517811	Y	Y	186.591390261115	-10.790250426997183	11.983680556282028	381.68278052223		32.467361112564056	1550013.7717007762		131849.95347812262	3755.755650996956		227.98495890080255	3년				4.925373134328359	13.052392484026011	-0.3997074665286804	1.1523983665471986	5893.732083819284	14.661025084127571	3년	-0.3997074665286804	불리(<1)	3년	-10.790250426997183		판정불가	N	주당순현금<=0	제외	하드필터 미통과	53091840.0	주당순현금 음수(린치식); 주당순현금 음수(보수형); 1년 점수 과열 가능; 배당감안점수<1; fs=2025:CFS,2024:CFS,2022:CFS,2020:CFS
"=""002840"""	미원상사	직접추가	메인	129200.0	2400.0	9449.0	26488253934.0	2869800000.0		56542234.0						판정불가	일반	일반	6180.642933473684	6168.739305263158	13.019299086308214	13.020558862814779	N	N	-12.428174235403155	-13.799130124356108	-1.8410746860862304			4.817850627827539			45523.87058234242			-64.76480605081856	3년				1.8575851393188854	-0.8119169108881493	-0.9172187308912493	0.0012681522348632621	4071.338190526316	3.151190549942969	3년	-0.9172187308912493	불리(<1)	3년	-13.799130124356108		판정불가	Y	통과	보류	배당감안점수 또는 린치PER배수 미산출	4750000.0	단기위험부채 존재; 1년 점수 과열 가능; 배당감안점수<1; fs=2025:CFS,2024:CFS,2022:CFS,2020:CFS
"=""268280"""	미원에스씨	직접추가	메인	133300.0	3200.0	12662.0	58959811112.0			34836825379.0						판정불가	일반	일반	11791.9622224	4824.5971466	9.59627529439267	10.146533158537355	N	N	13.418129702615555	-0.7008484463701614	13.343223272870098	35.33625940523111	7.098303107259677	35.186446545740196	447427.71658903634	89878.71394412204	445530.7861621624	235.65470111705653	-32.5741080689257	234.23164753350517	3년	7.098303107259677	89878.71394412204	-32.5741080689257	2.4006001500375094	1.6484239319287057	0.17712619235304272	1.6406181502636854	6279.6343486	4.71090348732183	3년	0.17712619235304272	불리(<1)	3년	-0.7008484463701614		판정불가	Y	통과	보류	배당감안점수 또는 린치PER배수 미산출	5000000.0	단기위험부채 존재; 1년 점수 과열 가능; 배당감안점수<1; fs=2025:CFS,2024:CFS,2022:CFS,2020:CFS
"=""035420"""	NAVER	직접추가	메인	210000.0	2630.0	13009.0	5984018799741.0	5235312755210.0	1256361590806.0	132159574017.0						판정불가	일반	일반	63518.0261625246	62675.45458896267	11.260048722997572	11.324817081331181	N	N	2.416942213824602		10.610774201816863	13.333884427649204		29.721548403633726	173460.5025192885		386647.62318287115	-17.399760705100707		84.1179158013672	5년	29.721548403633726	386647.62318287115	84.1179158013672	1.2523809523809524	0.32587098479523563		1.0535616182520113	11325.425174978569	5.393059607132652	5년	1.0535616182520113	보통(1~1.5)	5년	10.610774201816863	1.0611901175947684	보통	Y	통과	보류	중간구간(보류)	156852638.0	단기위험부채 존재; fs=2025:CFS,2024:CFS,2022:CFS,2020:CFS
"=""036570"""	NC	직접추가	메인	210500.0	1150.0	17876.0	503522487163.0	1499844872739.0	177813001472.0							판정불가	일반	일반	84736.00511687186	84736.00511687186	7.035354379230708	7.035354379230708	N	N	278.087986463621	-5.903415055311056	-8.909537463398499	564.675972927242			10094147.692047378			4695.319568668588			3년				0.5463182897862233	39.60487130200183	-0.7614537202759377	-1.1887417069283104	2177.512866910366	1.0344479177721455	3년	-0.7614537202759377	불리(<1)	3년	-5.903415055311056		판정불가	Y	통과	보류	배당감안점수 또는 린치PER배수 미산출	21544022.0	1년 점수 과열 가능; 배당감안점수<1; fs=2025:CFS,2024:CFS,2022:CFS,2020:CFS
"=""251270"""	넷마블	직접추가	메인	35050.0	876.0		688942929318.0	236601481356.0	377828444422.0	732523334222.0						판정불가	일반	일반	6372.235610039484	-2150.0853795346234			N	Y													판정불가				2.499286733238231				3193.167304922608	9.110320413473918	판정불가		판정불가	판정불가			판정불가	N	순현금차감PER<=0	제외	하드필터 미통과	85953502.0	주당순현금 음수(보수형); 단기위험부채 존재; EPS 미추출; fs=2025:CFS,2024:CFS,2022:CFS,2020:CFS
"=""005940"""	NH투자증권	직접추가	메인	26550.0	1300.0	2932.0	2630830000000.0	68236691000000.0	4707188000000.0							판정불가	일반	일반	185664.03388290948	185664.03388290948	-54.2680879546076	-54.2680879546076	N	N	45.43650793650793			99.37301587301586			291361.6825396825			997.4074671927777			1년	99.37301587301586	291361.6825396825	997.4074671927777	4.8964218455743875	-0.9274866994426478			-15292.555387622808	-57.59907867277894	1년	-0.9274866994426478	불리(<1)	1년	45.43650793650793		판정불가	N	주당FCF<=0 / 순현금차감PER<=0	제외	하드필터 미통과	356344369.0	주당FCF 음수; 배당감안점수<1; fs=2025:CFS,2024:CFS,2022:NA,2020:NA
"=""004370"""	농심	필수소비재	메인	413500.0	6000.0	29342.0	253539960716.0	745596630000.0	125972160319.0	27652497602.0						판정불가	일반	일반	143550.1925638563	139004.05987973648	9.200116128285178	9.355052147783502	N	N	7.867068597897209	13.475331168715332	2.7004092516118794	24.234137195794418	35.450662337430664	13.900818503223759	711078.0535989997	1040193.3343048906	407877.8165215915	71.96567197073756	151.55824287905455	-1.359657431295891	3년	35.450662337430664	1040193.3343048906	151.55824287905455	1.4510278113663846	1.0128237817146342	1.6224098448270197	0.4512374632114623	33019.471789396775	7.98536198050708	3년	1.6224098448270197	양호(>=1.5)	3년	13.475331168715332	0.6827376643361759	헐값	Y	통과	양호	배당감안점수>=1.5 & 린치PER배수<1	6082642.0	단기위험부채 존재; fs=2025:CFS,2024:CFS,2022:CFS,2020:CFS
"=""010060"""	OCI홀딩스	직접추가	메인	226500.0	1000.0	-4809.0	1034744959000.0									판정불가	일반	일반	55422.18002432964	55422.18002432964			N	N	-194.72129210163482												1년				0.44150110375275936				9707.740268037376	4.28597804328361	판정불가		판정불가	1년	-194.72129210163482		판정불가	N	순현금차감PER<=0	제외	하드필터 미통과	18670232.0	fs=2025:CFS,2024:CFS,2022:CFS,2020:CFS
"=""271560"""	오리온	필수소비재	메인	120000.0	3500.0	9682.0	311390944459.0	31192701875.0	22097727513.0							판정불가	일반	일반	8106.152590268567	8106.152590268567	11.556893969193496	11.556893969193496	N	N	-27.04393037450079	-0.8262042047842644	7.4207333275822185		6.847591590431471	23.34146665516444		66298.38177855751	225992.0801553021		-44.75134851786874	88.32673346275175	3년	6.847591590431471	66298.38177855751	-44.75134851786874	2.9166666666666665	-2.0876944767468397	0.18088445454763363	0.8944790894339482	9890.016867456836	8.241680722880696	3년	0.18088445454763363	불리(<1)	3년	-0.8262042047842644		판정불가	Y	통과	보류	배당감안점수 또는 린치PER배수 미산출	39536132.0	배당감안점수<1; fs=2025:CFS,2024:CFS,2022:CFS,2020:CFS
"=""001800"""	오리온홀딩스	직접추가	메인	25450.0	1100.0	2011.0	353427526408.0	40225597539.0	23781543774.0							판정불가	일반	일반	5904.20765579646	5904.20765579646	9.71943925619271	9.71943925619271	N	N	-24.681647940074903	5.512222260013111	9.302936730683564		19.524444520026222	27.10587346136713		39263.65792977273	54509.911530809295		54.27763430166102	114.1843282153607	3년	19.524444520026222	39263.65792977273	54.27763430166102	4.322200392927308	-2.0947142124660783	1.0118302500501197	1.4018439505066778	5198.228152968624	20.42525796844253	3년	1.0118302500501197	보통(1~1.5)	3년	5.512222260013111	1.7632524230199658	보통	Y	통과	보류	중간구간(보류)	62645422.0	fs=2025:CFS,2024:CFS,2022:CFS,2020:CFS
"=""007310"""	오뚜기	직접추가	메인	334000.0	9000.0	20279.0	412685029869.0	273077178893.0	186473980697.0	509239504017.0						판정불가	일반	일반	124578.19519914767	-2482.958596547259	10.32702819669867	16.592680043224384	N	Y	-49.363264083100276	-36.84393156790511	-8.312202484315046										3년				2.694610778443114	-4.519078714201258	-3.3067906990298335	-0.5439698235420483	8412.798855490377	2.518802052542029	3년	-3.3067906990298335	불리(<1)	3년	-36.84393156790511		판정불가	Y	통과	보류	배당감안점수 또는 린치PER배수 미산출	4007830.0	주당순현금 음수(보수형); 단기위험부채 존재; 1년 점수 과열 가능; 배당감안점수<1; fs=2025:CFS,2024:CFS,2022:CFS,2020:CFS
"=""028670"""	팬오션	직접추가	메인	6010.0	150.0	564.0	839667000000.0									판정불가	일반	일반	1570.7349206252525	1570.7349206252525	7.87103737477792	7.87103737477792	N	N	12.350597609561742	-23.645583428215545	26.662075505745552	33.201195219123484		61.824151011491104	18725.474103585646		34868.82117048098	211.57194847896247		480.18005275342733	3년				2.4958402662229617	1.8862110759833093	-2.6870337612377706	3.704456526328107	898.78863125288	14.954885711362396	3년	-2.6870337612377706	불리(<1)	3년	-23.645583428215545		판정불가	Y	통과	보류	배당감안점수 또는 린치PER배수 미산출	534569512.0	1년 점수 과열 가능; 배당감안점수<1; fs=2025:CFS,2024:CFS,2022:CFS,2020:CFS
"=""034230"""	파라다이스	직접추가	메인	9860.0	150.0	1087.0	341761126505.0	5000000000.0	796472209722.0	137240950000.0						판정불가	일반	일반	-4866.710272452332	-6351.912585875921	13.54803152939497	14.914363004485669	Y	Y	24.22857142857142	54.2810589168254		56.95714285714284	117.0621178336508		61912.414285714265	127246.52208517843		527.9149521877715	1190.5326783486655		3년	117.0621178336508	127246.52208517843	1190.5326783486655	1.5212981744421907	1.9006354943258352	4.118853500613282		1428.3554813839717	14.486363908559548	3년	4.118853500613282	안심(>=2)	3년	54.2810589168254	0.2495904059306314	매우 유망	N	주당순현금<=0	제외	하드필터 미통과	92405559.0	주당순현금 음수(린치식); 주당순현금 음수(보수형); 단기위험부채 존재; fs=2025:CFS,2024:CFS,2022:CFS,2020:CFS
"=""103140"""	풍산	직접추가	메인	79900.0	1700.0	5388.0	239069532140.0	18564061989.0	421550501295.0	535368466545.0						판정불가	일반	일반	-5849.103665257674	-24952.841736404414	15.914829930448715	19.460438332666	Y	Y	-37.65332099051145	-5.551366378147627	15.984603902585516			40.46920780517103			218048.09165426152			172.90124111922594	3년				2.127659574468085	-2.232236321173288	-0.2151268231355213	1.1380745855411685			3년	-0.2151268231355213	불리(<1)	3년	-5.551366378147627		판정불가	N	주당순현금<=0 / 주당FCF<=0	제외	하드필터 미통과	28024278.0	주당순현금 음수(린치식); 주당순현금 음수(보수형); 단기위험부채 존재; 배당감안점수<1; fs=2025:CFS,2024:CFS,2022:CFS,2020:CFS
"=""005490"""	POSCO홀딩스	철강	watchlist	337000.0	10000.0	8697.0	7049800440769.0		16374578210992.0							판정불가	일반	일반	-115216.08368150219	-115216.08368150219	51.996790120904016	51.996790120904016	Y	Y	-39.817313680714136	-40.58072367872994	-15.48101970257214										3년				2.967359050445104	-0.7086967204049471	-0.7233785881941069	-0.2406621759348993	-20625.34356158169	-6.120279988599908	3년	-0.7233785881941069	불리(<1)	3년	-40.58072367872994		판정불가	N	주당순현금<=0 / 주당FCF<=0	제외	하드필터 미통과	80932952.0	린치식 단독판정 비중 낮춤; 주당순현금 음수(린치식); 주당순현금 음수(보수형); 주당FCF 음수; 1년 점수 과열 가능; 배당감안점수<1; fs=2025:CFS,2024:CFS,2022:CFS,2020:CFS
"=""022100"""	포스코DX	직접추가	메인	21900.0	125.0	343.0	246949912811.0	5459116668.0	1166279518.0							판정불가	일반	일반	1652.5352570003922	1652.5352570003922	59.030509454809355	59.030509454809355	N	N	-40.86206896551724		43.180492810132876			94.86098562026575			32537.318067751152			48.57222861986828	5년	94.86098562026575	32537.318067751152	48.57222861986828	0.5707762557077625	-0.6825503130826672		0.741163670615689	902.5027073978604	4.121016928757353	5년	0.741163670615689	불리(<1)	5년	43.180492810132876	1.367064283271845	보통	Y	통과	제외	배당감안점수<1	152034729.0	배당감안점수<1; fs=2025:CFS,2024:CFS,2022:CFS,2020:CFS
"=""003670"""	포스코퓨처엠	2차전지	메인	192100.0	250.0	51.0	319841457995.0	455490703002.0	75416813902.0	2985898850806.0						판정불가	일반	일반	7868.972364368042	-25700.738083203534	3612.3730908947446	4270.6027075137945	N	Y	-101.85319767441861	-67.79595834778358	-36.26680545246004										3년				0.1301405517959396	-0.028159620992367372	-0.0187316802814594	-0.01000358046951165	-17346.109652439416	-9.029729126725359	3년	-0.0187316802814594	불리(<1)	3년	-67.79595834778358		판정불가	N	주당FCF<=0	제외	하드필터 미통과	88946220.0	주당순현금 음수(보수형); 단기위험부채 존재; 주당FCF 음수; 1년 점수 과열 가능; 배당감안점수<1; fs=2025:CFS,2024:CFS,2022:CFS,2020:CFS
"=""047050"""	포스코인터내셔널	에너지/상사	watchlist	58000.0	1850.0	3603.0	1171465925000.0	32399478000.0	3152207468000.0	2325933168000.0						판정불가	일반	일반	-11074.984015146463	-24296.313636184528	19.171519293684835	22.841052910403697	Y	Y	19.344153693275913	-8.992163844445855	13.250872999134566	47.18830738655183		35.00174599826913	170019.47151374622		126111.29083176368	193.1370198512866		117.43326005476496	3년				3.189655172413793	1.1753794011052856	-0.30266295451834263	0.8575495723473479	5016.375456714567	8.648923201232012	3년	-0.30266295451834263	불리(<1)	3년	-8.992163844445855		판정불가	N	주당순현금<=0	제외	하드필터 미통과	175922788.0	린치식 단독판정 비중 낮춤; 주당순현금 음수(린치식); 주당순현금 음수(보수형); 단기위험부채 존재; 1년 점수 과열 가능; 배당감안점수<1; fs=2025:CFS,2024:CFS,2022:CFS,2020:CFS
"=""012750"""	에스원	직접추가	메인	81800.0	3200.0	5281.0	217937111676.0	27694386215.0	36737106943.0							판정불가	일반	일반	5497.339730559434	5497.339730559434	14.448524951607755	14.448524951607755	N	N	1.033097378993686	5.738563246263584	4.672200779142521	10.566194757987372	19.97712649252717	17.844401558285043	55800.07451693131	105499.20500703598	94236.2846293033	-31.784749979301573	28.972133260435196	15.203281942913582	3년	19.97712649252717	105499.20500703598	28.972133260435196	3.9119804400977993	0.3422548554716808	0.6679258760796563	0.5941216316538332	4591.768535203577	5.613408967241536	3년	0.6679258760796563	불리(<1)	3년	5.738563246263584	2.5177948436858797	매우 불리	Y	통과	제외	배당감안점수<1	37999178.0	배당감안점수<1; PER>연성장률의 2배; fs=2025:CFS,2024:CFS,2022:CFS,2020:CFS
"=""062040"""	산일전기	직접추가	메인	210500.0	1250.0	4901.0	108606384509.0	126933410833.0	741366607.0	520000000.0						판정불가	일반	일반	7712.165751415659	7695.085883324793	41.376828045008025	41.38031302115389	N	N	60.1110748121529			128.7221496243058			630867.2553087228			199.69940869773058			1년	128.7221496243058	630867.2553087228	199.69940869773058	0.5938242280285035	1.467123071254981			3251.520036754562	1.5446651005959915	1년	1.467123071254981	보통(1~1.5)	1년	60.1110748121529	0.6883395143791823	헐값	Y	통과	보류	중간구간(보류)	30445200.0	단기위험부채 존재; fs=2025:CFS,2024:OFS,2022:NA,2020:NA
"=""207940"""	삼성바이오로직스	헬스케어	메인	1452000.0		24091.0	148851266520.0	1307174500000.0	918724421281.0							판정불가	일반	일반	11607.049188490424	11607.049188490424	59.78967045002322	59.78967045002322	N	N	58.274751987385855	28.169383318294948	45.91602063406175	125.04950397477171	64.8387666365899	100.3320412681235	3012567.600256225	1562030.7270420871	2417099.2061903635	107.4771074556629	7.577873763229137	66.46688747867518	3년	64.8387666365899	1562030.7270420871	7.577873763229137		0.9746625386754113	0.47114130427999384	0.7679590853815104	16692.97982791496	1.149654258120865	3년	0.47114130427999384	불리(<1)	3년	28.169383318294948	2.1225054795996225	매우 불리	Y	통과	제외	배당감안점수<1	46290951.0	배당감안점수<1; PER>연성장률의 2배; fs=2025:CFS,2024:CFS,2022:CFS,2020:CFS
"=""028260"""	삼성물산	직접추가	메인	376000.0	2800.0	14955.0	3458217651048.0	2068618122746.0	1611322967337.0	981336899188.0						판정불가	일반	일반	23035.606644979205	17262.240061011005	23.601764851556055	23.98781410491401	N	N	9.328167263688858	6.272963576271873	18.957826688295864	27.156334527377716	21.045927152543747	46.41565337659173	406122.9828569337	314741.84056629176	694146.0962469293	8.011431610886621	-16.292063679177726	84.613323469928	3년	21.045927152543747	314741.84056629176	-16.292063679177726	0.7446808510638299	0.4267836824113002	0.29733557941422467	0.8347895872736277	6578.623290328812	1.749633853810854	3년	0.29733557941422467	불리(<1)	3년	6.272963576271873	3.76245845597321	매우 불리	Y	통과	제외	배당감안점수<1	169976544.0	단기위험부채 존재; 배당감안점수<1; PER>연성장률의 2배; fs=2025:CFS,2024:CFS,2022:CFS,2020:CFS
"=""029780"""	삼성카드	직접추가	메인	45950.0	2800.0	6053.0		29504306000000.0	18053189000000.0							판정불가	일반	일반	98836.75651616586	98836.75651616586	-8.737280111707559	-8.737280111707559	N	N	-2.8098908156711677			2.8802183686576646			17433.961785484844			-62.05884268664887			1년	2.8802183686576646	17433.961785484844	-62.05884268664887	6.093579978237215	-0.3758250989533977					1년	-0.3758250989533977	불리(<1)	1년	-2.8098908156711677		판정불가	N	주당FCF<=0 / 순현금차감PER<=0	제외	하드필터 미통과	115858891.0	배당감안점수<1; fs=2025:CFS,2024:CFS,2022:NA,2020:NA
"=""028050"""	삼성E&A	직접추가	메인	50800.0	790.0	3150.0	861796626374.0	2074000285556.0		0.0						판정불가	일반	일반	14978.555673112245	14978.555673112245	11.371887087900873	11.371887087900873	N	N	-18.4360435007768												1년				1.5551181102362204	-1.484443633678095			805.8218167704082	1.5862634188393863	1년	-1.484443633678095	불리(<1)	1년	-18.4360435007768		판정불가	Y	통과	보류	배당감안점수 또는 린치PER배수 미산출	196000000.0	배당감안점수<1; fs=2025:CFS,2024:CFS,2022:CFS,2020:CFS
"=""009150"""	삼성전기	직접추가	메인	1404000.0	2350.0	9395.0	2701205916236.0		249136193271.0	2003354614634.0						판정불가	일반	일반	32828.335646491505	6007.402663954398	145.9469573553495	148.80176661373557	N	N	4.528259902091669	-10.207342192334501	3.285033400534343	17.55651980418334		15.070066801068686	164943.50356030246		141583.2775960403	-88.25188721080467		-89.915720968943	3년				0.16737891737891739	0.03217359857689746	-0.06879186422852536	0.02365525380229324			3년	-0.06879186422852536	불리(<1)	3년	-10.207342192334501		판정불가	N	주당FCF<=0	제외	하드필터 미통과	74693696.0	단기위험부채 존재; 1년 점수 과열 가능; 배당감안점수<1; fs=2025:CFS,2024:CFS,2022:CFS,2020:CFS
"=""005930"""	삼성전자	반도체	메인	269500.0	1668.0	6605.0	57856378000000.0	67965021000000.0	6486651000000.0	17574980000000.0						판정불가	일반	일반	20159.129590764183	17190.201384077154	37.7503210309214	38.19981810990505	N	N	33.43434343434344	-6.409201466872028	11.451444833603809	75.36868686868688		31.402889667207617	497810.17676767684		207416.08625190632	84.71620659282999		-23.03670268945962	3년				0.6189239332096476	0.9020656364659776	-0.15338353093526136	0.3197421488661403	5602.031650745953	2.0786759371970143	3년	-0.15338353093526136	불리(<1)	3년	-6.409201466872028		판정불가	Y	통과	보류	배당감안점수 또는 린치PER배수 미산출	5919637922.0	단기위험부채 존재; 1년 점수 과열 가능; 배당감안점수<1; fs=2025:CFS,2024:CFS,2022:CFS,2020:CFS
"=""000810"""	삼성화재해상보험	직접추가	메인	641000.0	19500.0	47478.0		11734007737216.0								판정불가	일반	일반	255025.28109142228	255025.28109142228	8.129548820687006	8.129548820687006	N	N	-2.667131347506102			3.165737304987796			150302.87576621058			-76.55181345300927			1년	3.165737304987796	150302.87576621058	-76.55181345300927	3.0421216848673946	0.04612683257489844			72732.0784920961	11.346658111091436	1년	0.04612683257489844	불리(<1)	1년	-2.667131347506102		판정불가	Y	통과	보류	배당감안점수 또는 린치PER배수 미산출	46011155.0	배당감안점수<1; fs=2025:CFS,2024:CFS,2022:NA,2020:NA
"=""010140"""	삼성중공업	직접추가	메인	21600.0		639.0	772614649370.0	311797002761.0	592438711867.0	1454489650793.0						판정불가	일반	일반	559.0601593909091	-1093.7689892375	32.92791837341016	35.51450546046557	N	Y	752.0			1512.5			966487.5			4374.479166666666			1년	1512.5	966487.5	4374.479166666666		22.837763124657542			1530.2205002727273	7.084354167929294	1년	22.837763124657542	안심(>=2)	1년	752.0	0.04378712549655606	매우 유망	Y	통과	매우 유망	배당감안점수>=2 & 린치PER배수<=0.5	880000000.0	주당순현금 음수(보수형); 단기위험부채 존재; fs=2025:CFS,2024:CFS,2022:CFS,2020:CFS
"=""032830"""	삼성생명	직접추가	메인	303500.0	5300.0	12824.0	4537833000000.0	132160246000000.0								판정불가	일반	일반	683490.395	683490.395	-29.631191126013725	-29.631191126013725	N	N	9.307875894988072			27.115751789976144			347732.4009546541			14.5741024562287			1년	27.115751789976144	347732.4009546541	14.5741024562287	1.7462932454695224	-0.3730585481173233					1년	-0.3730585481173233	불리(<1)	1년	9.307875894988072		판정불가	N	주당FCF<=0 / 순현금차감PER<=0	제외	하드필터 미통과	200000000.0	배당감안점수<1; fs=2025:CFS,2024:CFS,2022:NA,2020:NA
"=""006400"""	삼성SDI	2차전지	메인	574000.0	1000.0		1803994237947.0		5493341323030.0	5390568184387.0						판정불가	일반	일반	-45781.75616742857	-112674.26384699586			Y	Y													판정불가				0.17421602787456447				-28996.751032548895	-5.051698786158345	판정불가		판정불가	판정불가			판정불가	N	주당순현금<=0 / 주당FCF<=0 / 순현금차감PER<=0	제외	하드필터 미통과	80585530.0	주당순현금 음수(린치식); 주당순현금 음수(보수형); 단기위험부채 존재; 주당FCF 음수; EPS 미추출; fs=2025:CFS,2024:CFS,2022:CFS,2020:CFS
"=""018260"""	삼성에스디에스	직접추가	메인	224500.0	3190.0	9819.0	1558981444019.0	4845117385939.0								판정불가	일반	일반	82764.03348192893	82764.03348192893	14.43486775823109	14.43486775823109	N	N	0.3269643404516298	-11.608687356751402	11.36201067352738	9.15392868090326		31.22402134705476	89882.42571778911		306588.6656067307	-59.96328475822311		36.56510717449029	3년				1.420935412026726	0.12108872639180665	-0.7057738328718245	0.8855603182277149	10905.769354957107	4.857803721584458	3년	-0.7057738328718245	불리(<1)	3년	-11.608687356751402		판정불가	Y	통과	보류	배당감안점수 또는 린치PER배수 미산출	77377800.0	1년 점수 과열 가능; 배당감안점수<1; fs=2025:CFS,2024:CFS,2022:CFS,2020:CFS
"=""016360"""	삼성증권	직접추가	메인	87200.0	4000.0	11279.0	3379830380886.0	70613319064436.0	4076142290150.0							판정불가	일반	일반	782945.2089045016	782945.2089045016	-61.68500832560525	-61.68500832560525	N	N	12.028208184346445			32.556416368692894			367203.82022248715			321.1052984202834			1년	32.556416368692894	367203.82022248715	321.1052984202834	4.587155963302752	-0.26935822169212886					1년	-0.26935822169212886	불리(<1)	1년	12.028208184346445		판정불가	N	주당FCF<=0 / 순현금차감PER<=0	제외	하드필터 미통과	89300000.0	배당감안점수<1; fs=2025:CFS,2024:CFS,2022:NA,2020:NA
"=""003230"""	삼양식품	직접추가	메인	1265000.0	4800.0	52156.0	332840576772.0	3879418399.0	340183053989.0	92341086958.0						판정불가	일반	일반	-459.7174993014085	-12717.901899305922	24.262974873443156	24.498004101144755	Y	Y	43.018536799385764	69.73880446754251	42.35358590359803	94.53707359877153	147.97760893508502	93.20717180719606	4930675.610617528	7717920.171618294	4861313.252776118	289.7767281120575	510.1122665310904	284.2935377688631	3년	147.97760893508502	7717920.171618294	510.1122665310904	0.3794466403162055	1.788650553613806	2.889928027111221	1.7612445615927885	-20189.147647522273	-1.5959800511875315	3년	2.889928027111221	안심(>=2)	3년	69.73880446754251	0.34791211376064685	매우 유망	N	주당순현금<=0 / 주당FCF<=0	제외	하드필터 미통과	7533015.0	주당순현금 음수(린치식); 주당순현금 음수(보수형); 단기위험부채 존재; 주당FCF 음수; fs=2025:CFS,2024:CFS,2022:CFS,2020:CFS
"=""137310"""	에스디바이오센서	직접추가	메인	6180.0	200.0	-4279.0	366780003956.0	488796710916.0	899239816964.0							판정불가	일반	일반	-358.6318204794644	-358.6318204794644			Y	Y	431.55279503105584			871.6055900621117									1년	871.6055900621117			3.2362459546925564				2464.3043924052927	39.87547560526363	판정불가		판정불가	1년	431.55279503105584		판정불가	N	주당순현금<=0 / 순현금차감PER<=0	제외	하드필터 미통과	121749102.0	주당순현금 음수(린치식); 주당순현금 음수(보수형); fs=2025:CFS,2024:CFS,2022:CFS,2020:NA
"=""001430"""	세아베스틸지주	철강	watchlist	41850.0	1200.0	1567.0	232872225511.0	13022996803.0	1004860666577.0	664568218048.0						판정불가	일반	일반	-21163.42997643279	-39694.63327894818	40.21278237168653	52.038693860209435	Y	Y	177.83687943262413	-15.225348963483798		364.17375886524826			570660.2801418441			1263.5848987857682			3년				2.867383512544803	4.493702059084606	-0.3073143593177509		-2464.44276371399	-5.888752123569869	3년	-0.3073143593177509	불리(<1)	3년	-15.225348963483798		판정불가	N	주당순현금<=0 / 주당FCF<=0	제외	하드필터 미통과	35862119.0	린치식 단독판정 비중 낮춤; 주당순현금 음수(린치식); 주당순현금 음수(보수형); 단기위험부채 존재; 주당FCF 음수; 1년 점수 과열 가능; 배당감안점수<1; fs=2025:CFS,2024:CFS,2022:CFS,2020:CFS
"=""003030"""	세아제강지주	직접추가	메인	106700.0	1800.0	15656.0	657858846224.0	16603582224.0	0.0							판정불가	일반	일반	162848.45134399107	162848.45134399107	-3.5863854971890055	-3.5863854971890055	N	N	47.712048306444	-38.977007618002915	29.936065767104946	103.924096612888		68.3721315342099	1627035.6565713745		1070434.0912995902	1424.8694063461803		903.2184548262326	3년				1.6869728209934396	-13.774041068969353	10.397664954377396	-8.817523552023172	-147158.44666591173	-137.91794439166983	3년	10.397664954377396	안심(>=2)	3년	-38.977007618002915		판정불가	N	주당FCF<=0 / 순현금차감PER<=0	제외	하드필터 미통과	4141657.0	주당FCF 음수; fs=2025:CFS,2024:CFS,2022:CFS,2020:CFS
"=""004490"""	세방전지	직접추가	메인	64400.0	2650.0	10646.0	227178088991.0	123000000000.0	162095437595.0	251228623014.0						판정불가	일반	일반	13434.475099714286	-4510.426544142857	4.787293340248517	6.472893720096079	N	Y	-17.389617443935744	48.94307252053962	16.711840434713388		106.38614504107925	41.923680869426775		1132586.9001073297	446319.50653591746		1658.6753107256673	593.0427120122941	3년	106.38614504107925	1132586.9001073297	1658.6753107256673	4.114906832298137	-2.7729052030366064	11.08308507163328	4.350422208706845	11070.1328675	17.18964730978261	3년	11.08308507163328	안심(>=2)	3년	48.94307252053962	0.0978135023754274	매우 유망	Y	통과	매우 유망	배당감안점수>=2 & 린치PER배수<=0.5	14000000.0	주당순현금 음수(보수형); 단기위험부채 존재; fs=2025:CFS,2024:CFS,2022:CFS,2020:CFS
"=""055550"""	신한지주	직접추가	메인	110600.0	2590.0	9812.0		78053377000000.0	92991422000000.0							판정불가	일반	일반	-30768.6938706553	-30768.6938706553	14.407734801330543	14.407734801330543	Y	Y	16.242151403862092			40.984302807724184			402137.9791493897			263.59672617485506			1년	40.984302807724184	402137.9791493897	263.59672617485506	2.3417721518987342	1.2898574142303492					1년	1.2898574142303492	보통(1~1.5)	1년	16.242151403862092	0.8870582746756469	헐값	N	주당순현금<=0 / 주당FCF<=0	제외	하드필터 미통과	485494934.0	주당순현금 음수(린치식); 주당순현금 음수(보수형); fs=2025:CFS,2024:CFS,2022:NA,2020:NA
"=""004170"""	신세계	직접추가	메인	391500.0	5200.0	1590.0	845128179533.0	3188808721.0	2404267280398.0	2154639015848.0						판정불가	일반	일반	-161318.93140667863	-384709.14210858254	347.6848625199237	488.1818503827563	Y	Y	-86.49796195652173	-66.22887992742359											3년				1.3282247765006385	-0.24496245411069786	-0.18666517340024805		50780.68871201069	12.970801714434405	3년	-0.18666517340024805	불리(<1)	3년	-66.22887992742359		판정불가	N	주당순현금<=0	제외	하드필터 미통과	9645181.0	주당순현금 음수(린치식); 주당순현금 음수(보수형); 단기위험부채 존재; 1년 점수 과열 가능; 배당감안점수<1; fs=2025:CFS,2024:CFS,2022:CFS,2020:CFS
"=""034730"""	SK	직접추가	메인	602000.0	8000.0	29050.0	25214132000000.0	3449044000000.0	45546013000000.0	11714166000000.0						판정불가	일반	일반	-231053.85910201556	-391370.70990508975	28.67655280901947	34.19520516024406	Y	Y	-223.85418887230867	14.11831256779157	52.31072476454839		36.73662513558314	113.12144952909678		1067198.96018869	3286178.1088202614		77.27557478217444	445.8767622625019	3년	36.73662513558314	1067198.96018869	77.27557478217444	1.3289036544850499	-7.75983385101413	0.5386706109744857	1.8705047561421846	-54497.63687223273	-9.05276360003866	3년	0.5386706109744857	불리(<1)	3년	14.11831256779157	2.031160074642344	매우 불리	N	주당순현금<=0 / 주당FCF<=0	제외	하드필터 미통과	73068838.0	주당순현금 음수(린치식); 주당순현금 음수(보수형); 단기위험부채 존재; 주당FCF 음수; 배당감안점수<1; PER>연성장률의 2배; fs=2025:CFS,2024:CFS,2022:CFS,2020:CFS
"=""326030"""	에스케이바이오팜	직접추가	메인	83800.0		3409.0	307770519305.0	1711367837.0	0.0	0.0						판정불가	일반	일반	3951.8457878072995	3951.8457878072995	23.422749842238986	23.422749842238986	N	N	10.897852960312292			30.295705920624584			103278.06148340921			23.243510123400025			1년	30.295705920624584	103278.06148340921	23.243510123400025		0.4652678713521437			1874.8221177897738	2.2372578971238353	1년	0.4652678713521437	불리(<1)	1년	10.897852960312292	2.1492994929863483	매우 불리	Y	통과	제외	배당감안점수<1	78313250.0	배당감안점수<1; PER>연성장률의 2배; fs=2025:CFS,2024:CFS,2022:CFS,2020:CFS
"=""302440"""	SK바이오사이언스	헬스케어	메인	37300.0		-733.0	105552891515.0	800748039267.0	1496569133.0							판정불가	일반	일반	11535.766059068677	11535.766059068677			N	N	5.014326647564471			18.52865329512894									1년	18.52865329512894							-2012.819504379828	-5.396298939356107	판정불가		판정불가	1년	5.014326647564471		판정불가	N	주당FCF<=0 / 순현금차감PER<=0	제외	하드필터 미통과	78434701.0	주당FCF 음수; fs=2025:CFS,2024:CFS,2022:CFS,2020:OFS
"=""285130"""	SK케미칼	직접추가	메인	54500.0	1150.0	2306.0	567555999965.0	950748039267.0	341978345417.0	477883213809.0						판정불가	일반	일반	68000.55528903044	40375.277635757375	-5.854533950143296	6.125204841388823	N	N	92.16666666666666	-38.59552986089414	-34.69934418185778	192.83333333333331			444673.6666666666			715.9149847094801			3년				2.1100917431192663	-16.103204663708272	6.231997017778308	5.566498156175328	-13324.604357906223	-24.448815335607748	3년	6.231997017778308	안심(>=2)	3년	-38.59552986089414		판정불가	N	주당FCF<=0 / 순현금차감PER<=0	제외	하드필터 미통과	17298766.0	단기위험부채 존재; 주당FCF 음수; fs=2025:CFS,2024:CFS,2022:CFS,2020:CFS
"=""000660"""	SK하이닉스	반도체	메인	1856000.0	3000.0	62044.0	14923766000000.0	20018487000000.0								판정불가	일반	일반	47997.4443489617	47997.4443489617	29.140651080701414	29.140651080701414	N	N	115.94041486843936	167.48263503477668	54.92375157287208	240.38082973687872	343.46527006955336	118.34750314574416	14914188.200194903	21309959.216195367	7342752.485174551	703.5661745794667	1048.165906045009	295.6224399339737	3년	343.46527006955336	21309959.216195367	1048.165906045009	0.16163793103448276	3.984195565086848	5.752935049444886	1.8903280284079589	34057.28359137954	1.8349829521217424	3년	5.752935049444886	안심(>=2)	3년	167.48263503477668	0.17399207431057284	매우 유망	Y	통과	매우 유망	배당감안점수>=2 & 린치PER배수<=0.5	728002365.0	fs=2025:CFS,2024:CFS,2022:CFS,2020:CFS
"=""361610"""	SK아이이테크놀로지	직접추가	메인	17770.0		-2800.0	408979015000.0	44693499000.0	1097240539000.0	169179804000.0						판정불가	일반	일반	-7868.820694217059	-9937.359669189884			Y	Y	-19.075144508670515												1년								-1892.9730116363094	-10.652633717705736	판정불가		판정불가	1년	-19.075144508670515		판정불가	N	주당순현금<=0 / 주당FCF<=0 / 순현금차감PER<=0	제외	하드필터 미통과	81787100.0	주당순현금 음수(린치식); 주당순현금 음수(보수형); 단기위험부채 존재; 주당FCF 음수; fs=2025:CFS,2024:CFS,2022:CFS,2020:NA
"=""096770"""	SK이노베이션	에너지	메인	153500.0	2000.0		16091551855000.0	253291655000.0	22764517807000.0	7201712771000.0						판정불가	일반	일반	-37974.37695614934	-80574.75554913652			Y	Y													판정불가				1.3029315960912053				-19919.883669709132	-12.977122911862626	판정불가		판정불가	판정불가			판정불가	N	주당순현금<=0 / 주당FCF<=0 / 순현금차감PER<=0	제외	하드필터 미통과	169052788.0	주당순현금 음수(린치식); 주당순현금 음수(보수형); 단기위험부채 존재; 주당FCF 음수; EPS 미추출; fs=2025:CFS,2024:CFS,2022:CFS,2020:CFS
"=""402340"""	SK스퀘어	직접추가	메인	1138000.0		66713.0	1310718000000.0	317762000000.0	86661000000.0	0.0						판정불가	일반	일반	11672.743401201547	11672.743401201547	16.88317504232756	16.88317504232756	N	N	140.21676508713813			288.93353017427626			19275622.59851649			1593.8156940699905			1년	288.93353017427626	19275622.59851649	1593.8156940699905		8.305118245567124			2638.92507607574	0.23189148295920387	1년	8.305118245567124	안심(>=2)	1년	140.21676508713813	0.1204076775828872	매우 유망	Y	통과	매우 유망	배당감안점수>=2 & 린치PER배수<=0.5	132087115.0	fs=2025:CFS,2024:CFS,2022:NA,2020:NA
"=""017670"""	SK텔레콤	통신	보정필요	91300.0	1660.0	1825.0	1490024000000.0	186643000000.0	8712284000000.0	130000000000.0						판정불가	통신보정	보정주의	-32755.78594880276	-33361.02812917505	67.97577312263165	68.30741267352057	Y	Y	-68.42560553633218	-23.75836950489595	-38.33216341204368										3년				1.8181818181818181	-0.979870042786969	-0.3227648127978324	-0.5371616962412304	7451.904674561442	8.161998548260069	3년	-0.3227648127978324	불리(<1)	3년	-23.75836950489595		판정불가	N	주당순현금<=0	제외	하드필터 미통과	214790053.0	린치식 단독판정 비중 낮춤; 주당순현금 음수(린치식); 주당순현금 음수(보수형); 단기위험부채 존재; 배당감안점수<1; fs=2025:CFS,2024:CFS,2022:CFS,2020:CFS
"=""011790"""	SKC	석유화학	watchlist	92000.0		-25549.0	783286752410.0	262260000000.0	1840079753358.0	1176505206999.0						판정불가	일반	일반	-20981.481685498515	-52049.822993021764			Y	Y	53.32773210106223			115.15546420212446									1년	115.15546420212446							-22628.561644175294	-24.596262656712277	판정불가		판정불가	1년	53.32773210106223		판정불가	N	주당순현금<=0 / 주당FCF<=0 / 순현금차감PER<=0	제외	하드필터 미통과	37868298.0	린치식 단독판정 비중 낮춤; 주당순현금 음수(린치식); 주당순현금 음수(보수형); 단기위험부채 존재; 주당FCF 음수; fs=2025:CFS,2024:CFS,2022:CFS,2020:CFS
"=""005850"""	에스엘	직접추가	메인	51100.0	2770.0	6749.0	477732627030.0	395471183250.0	5459184760.0							판정불가	일반	일반	18681.85736639187	18681.85736639187	4.803399412299323	4.803399412299323	N	N	-15.61640410102526	26.173083545484687	36.58097754545193		60.846167090969374	81.66195509090386		410650.7816969523	551136.5349085102		703.6218819901219	978.5450780988457	3년	60.846167090969374	410650.7816969523	703.6218819901219	5.420743639921722	-2.122592686129137	6.577389151630608	8.744165866745607	6628.339203100551	12.97130959510871	3년	6.577389151630608	안심(>=2)	3년	26.173083545484687	0.18352439841304038	매우 유망	Y	통과	매우 유망	배당감안점수>=2 & 린치PER배수<=0.5	46448520.0	fs=2025:CFS,2024:CFS,2022:CFS,2020:CFS
"=""010950"""	S-Oil	에너지	메인	165900.0	330.0	1519.0	1834658000000.0									판정불가	일반	일반	16296.078356273132	16296.078356273132	98.4884276785562	98.4884276785562	N	N	-191.56118143459918	-56.19807916164843											3년				0.19891500904159135	-1.942992399575313	-0.568586233657576		299.21979550835795	0.1803615403908125	3년	-0.568586233657576	불리(<1)	3년	-56.19807916164843		판정불가	Y	통과	보류	배당감안점수 또는 린치PER배수 미산출	112582792.0	배당감안점수<1; fs=2025:CFS,2024:CFS,2022:CFS,2020:CFS
"=""003240"""	태광산업	직접추가	메인	925000.0	1750.0	165122.0	426476897621.0	483945901661.0	4773639440.0	862776693.0						판정불가	일반	일반	813408.6220962816	812633.7193721933	0.675811690166776	0.6805046004033786	N	N	-35.9373969451137	-25.915466865090508	-1.6741276308672282			5.151744738265544			850666.3946718831			-8.036065440877504	3년				0.1891891891891892	-52.89669929666741	-38.06722797226639	-2.197266580741726	-250604.9826773846	-27.092430559717258	3년	-38.06722797226639	불리(<1)	3년	-25.915466865090508		판정불가	N	주당FCF<=0	제외	하드필터 미통과	1113400.0	단기위험부채 존재; 주당FCF 음수; 1년 점수 과열 가능; 배당감안점수<1; fs=2025:CFS,2024:CFS,2022:CFS,2020:CFS
"=""001440"""	대한전선	직접추가	메인	31100.0		453.0	438856642626.0	245247440000.0	6781981976.0	210000000000.0						판정불가	일반	일반	3632.780419185475	2506.4567877893646	60.63403880974509	63.12040444196608	N	N	10.757946210268955	193.05011690585698	172.76923736437072	30.01589242053791	394.60023381171396	354.03847472874145	13597.199266503672	178753.90591670643	160379.42905211987	-56.27910203696569	474.77140166143545	415.6894824827005	3년	394.60023381171396	178753.90591670643	474.77140166143545		0.17742420629483022	3.183857131991511	2.849377029072378	-1780.5372383992687	-5.725200123470318	3년	3.183857131991511	안심(>=2)	3년	193.05011690585698	0.31408444491807247	매우 유망	N	주당FCF<=0	제외	하드필터 미통과	186447300.0	단기위험부채 존재; 주당FCF 음수; fs=2025:CFS,2024:CFS,2022:CFS,2020:CFS
"=""069260"""	티케이지휴켐스	직접추가	메인	16520.0	1000.0	1561.0	171952696150.0	96497220778.0	5482000000.0	34682173632.0						판정불가	일반	일반	6432.901178680633	5584.482108237203	6.461946714490305	7.005456689149773	N	N	-22.875494071146242	-9.82716016983225	3.8551596973951163			16.210319394790233			25304.308575267554			53.17378072195855	3년				6.053268765133172	-2.6032751505503473	-0.5840177227454513	1.5333503819072931	2212.3194254165533	13.391764076371388	3년	-0.5840177227454513	불리(<1)	3년	-9.82716016983225		판정불가	Y	통과	보류	배당감안점수 또는 린치PER배수 미산출	40878588.0	단기위험부채 존재; 배당감안점수<1; fs=2025:CFS,2024:CFS,2022:OFS,2020:CFS
"=""316140"""	우리금융지주	금융/은행	보정필요	33500.0	1360.0	4052.0	38499679000000.0	34245475000000.0	55583392000000.0							판정불가	금융보정	보정양호	23378.716262091115	23378.716262091115	2.4978488987929133	2.4978488987929133	N	N	2.5822784810126675			13.664556962025335			55368.78481012666			65.2799546570945			1년	13.664556962025335	55368.78481012666	65.2799546570945	4.059701492537314	2.6590799694728218			17894.539902880944	53.4165370235252	1년	2.6590799694728218	안심(>=2)	1년	2.5822784810126675	0.9673042304148992	헐값	Y	통과	양호	배당감안점수>=1.5 & 린치PER배수<1	734076320.0	린치식 단독판정 비중 낮춤; fs=2025:CFS,2024:CFS,2022:NA,2020:NA
"=""008730"""	율촌화학	직접추가	메인	15990.0	250.0	168.0	23775188232.0	161779800.0	131712944797.0	113904302896.0						판정불가	일반	일반	-4345.805514717742	-8938.72095407258	121.04646139712943	148.38524377424156	Y	Y	-82.87461773700306		-27.064834063200415										5년				1.5634771732332706	-0.6717349654444178		-0.21067412128886817	-316.2289210887097	-1.9776667985535314	5년	-0.21067412128886817	불리(<1)	5년	-27.064834063200415		판정불가	N	주당순현금<=0 / 주당FCF<=0	제외	하드필터 미통과	24800000.0	주당순현금 음수(린치식); 주당순현금 음수(보수형); 단기위험부채 존재; 주당FCF 음수; 배당감안점수<1; fs=2025:CFS,2024:CFS,2022:CFS,2020:CFS
"=""000670"""	영풍	직접추가	메인	39900.0	5.0	-464.0	137031350994.0	333746815114.0	234811309711.0	423217185895.0						판정불가	일반	일반	13052.744166069715	-10357.940446676752			N	Y	-99.68345363005008												1년				0.012531328320802004				-6139.559379575671	-15.38736686610444	판정불가		판정불가	1년	-99.68345363005008		판정불가	N	주당FCF<=0 / 순현금차감PER<=0	제외	하드필터 미통과	18077950.0	주당순현금 음수(보수형); 단기위험부채 존재; 주당FCF 음수; fs=2025:CFS,2024:CFS,2022:CFS,2020:CFS
"=""111770"""	영원무역	직접추가	메인	72500.0	2100.0	11558.0	1090560747187.0	439263571966.0	252626536541.0	76448105310.0						판정불가	일반	일반	28823.18822323828	27097.94397472907	3.7789247081468873	3.9281931151817724	N	N	17.387771683932552	-9.077711442871605	27.98342129695397	43.275543367865104		64.46684259390794	500178.73024578486		745107.7667003879	589.9016968907378		927.7348506212247	3년				2.896551724137931	5.367750080952931	-1.6356927422787413	8.171629605246846	3279.956119440683	4.52407740612508	3년	-1.6356927422787413	불리(<1)	3년	-9.077711442871605		판정불가	Y	통과	보류	배당감안점수 또는 린치PER배수 미산출	44311468.0	단기위험부채 존재; 1년 점수 과열 가능; 배당감안점수<1; fs=2025:CFS,2024:CFS,2022:CFS,2020:CFS
"=""009970"""	영원무역홀딩스	직접추가	메인	169100.0	6576.0	31684.0	1464189666693.0	805803639244.0	195931585244.0	78827842676.0						판정불가	일반	일반	153642.88520106729	147803.45570768186	0.48785237971634626	0.6721545351697431	N	N	10.101817423636938	-5.869320927784449	28.52060357499411	28.703634847273875		65.54120714998822	909445.9665010255		2076607.6073402269	437.8154739805		1128.0352497576741	3년				3.8888231815493794	28.67802062033795	-4.059625059913816	66.43285572448661	20832.48592605641	12.319625030193029	3년	-4.059625059913816	불리(<1)	3년	-5.869320927784449		판정불가	Y	통과	보류	배당감안점수 또는 린치PER배수 미산출	13499237.0	단기위험부채 존재; 1년 점수 과열 가능; 배당감안점수<1; fs=2025:CFS,2024:CFS,2022:CFS,2020:CFS
"=""000100"""	유한양행	헬스케어	메인	80000.0	600.0	2599.0	348564938250.0	29513907780.0	105262499518.0	199841800000.0						판정불가	일반	일반	3411.5503159327723	912.5418633854255	29.46843004388889	30.429956959066786	N	N	175.60975609756096	25.052899606383704	-2.455406441809782	359.7195121951219	58.60579921276741	3.589187116380436	934911.0121951218	152316.4721539825	9328.297315472753	1068.6387652439023	90.39559019247811	-88.33962835565906	3년	58.60579921276741	152316.4721539825	90.39559019247811	0.75	5.984701452873433	0.8756116144617844	-0.05787232096415826	-353.25969258346265	-0.4415746157293283	3년	0.8756116144617844	불리(<1)	3년	25.052899606383704	1.1762482789169868	보통	N	주당FCF<=0	제외	하드필터 미통과	79968437.0	단기위험부채 존재; 주당FCF 음수; 1년 점수 과열 가능; 배당감안점수<1; fs=2025:CFS,2024:CFS,2022:CFS,2020:CFS
"=""000990"""	DB하이텍	직접추가	메인	111500.0	810.0	6285.0	323054472680.0	132808839381.0	102572732928.0	231678525383.0						판정불가	일반	일반	8120.7660013468	2795.384563807385	16.448565473134956	17.29588153320487	N	N	13.858695652173903	-21.22701789143928	10.459461040450746	36.21739130434781		29.418922080901492	227626.30434782596		184897.92527846587	104.14915188145825		65.82773567575416	3년				0.726457399103139	0.8867127698824935	-1.246343368108253	0.680054346248223	4658.664548185125	4.178174482677242	3년	-1.246343368108253	불리(<1)	3년	-21.22701789143928		판정불가	Y	통과	보류	배당감안점수 또는 린치PER배수 미산출	43504588.0	단기위험부채 존재; 1년 점수 과열 가능; 배당감안점수<1; fs=2025:CFS,2024:CFS,2022:CFS,2020:CFS
