종목코드	종목명	그룹	판정구분	현재가	현금배당금(FY2025 DPS)	EPS(FY2025)	현금및현금성자산	유가증권성자산	장기부채	단기위험부채	주주지분	총부채	주주지분비중	부채비중	주주대부채배수	주주대부채판정	업종보정유형	업종보정판정	주당순현금(린치식)	주당순현금(보수형)	순현금차감PER(린치식)	순현금차감PER(보수형)	현금보다부채많음(린치형)	현금보다부채많음(보수형)	연간이익증가율(1년,%)	연간이익증가율(3년CAGR,%)	연간이익증가율(5년CAGR,%)	그레이엄적정PER(1년)	그레이엄적정PER(3년)	그레이엄적정PER(5년)	그레이엄내재가치(1년)	그레이엄내재가치(3년)	그레이엄내재가치(5년)	그레이엄괴리율(1년,%)	그레이엄괴리율(3년,%)	그레이엄괴리율(5년,%)	그레이엄사용기준	그레이엄적정PER(선택)	그레이엄내재가치(선택)	그레이엄괴리율(선택,%)	배당수익률(%)	배당감안이익성장률(1년)	배당감안이익성장률(3년)	배당감안이익성장률(5년)	주당잉여현금흐름	잉여현금흐름수익률(%)	배당감안점수기준	배당감안점수	배당감안점수판정	사용연성장률기준	사용연성장률(%)	린치PER배수	린치PER판정	하드필터통과	하드필터사유	종합판정	종합판정사유	발행주식수	비고
"=""090430"""	아모레퍼시픽	직접추가	메인	138500.0	1240.0	3421.0	524558265446.0	595819964751.0		256253631834.0						판정불가	일반	일반	19154.135475076495	14773.189248313625	34.88625095730006	36.166854940568946	N	N	-60.24866372298396	20.627708642947496	46.209846998093965		49.75541728589499	100.91969399618793		170213.28253504678	345246.2731609589		22.8976769206114	149.27528748083674	3년	49.75541728589499	170213.28253504678	22.8976769206114	0.8953068592057762	-1.7013395029584948	0.6169483653745692	1.3502498137433951	8421.099814611242	6.080216472643496	3년	0.6169483653745692	불리(<1)	3년	20.627708642947496	1.6912324854475527	보통	Y	통과	제외	배당감안점수<1	58492759.0	단기위험부채 존재; 배당감안점수<1; fs=2025:CFS,2024:CFS,2022:CFS,2020:CFS
"=""002790"""	아모레퍼시픽홀딩스	직접추가	메인	25800.0	400.0	1366.0	596631422270.0	1336881950600.0		256253631834.0						판정불가	일반	일반	24333.723385937104	21108.710783911738	1.0734089414808898	3.4343259268581714	N	N	-50.96913137114143												1년				1.550387596899225	-46.039064763205175			6579.082341427906	25.500319152821337	1년	-46.039064763205175	불리(<1)	1년	-50.96913137114143		판정불가	Y	통과	보류	배당감안점수 또는 린치PER배수 미산출	79458180.0	단기위험부채 존재; 배당감안점수<1; fs=2025:CFS,2024:CFS,2022:CFS,2020:CFS
"=""278470"""	에이피알	직접추가	메인	361000.0	5090.0		154350192148.0	117891913354.0	78219359846.0	0.0						판정불가	일반	일반	5183.525259069071	5183.525259069071			N	N													판정불가				1.4099722991689752						판정불가		판정불가	판정불가			판정불가	N	주당FCF<=0 / 순현금차감PER<=0	제외	하드필터 미통과	37430655.0	EPS 미추출; fs=2025:CFS,2024:CFS,2022:CFS,2020:CFS
"=""002030"""	아세아	직접추가	메인	226500.0	5600.0	18725.0	163716811000.0	12160000.0	658028958000.0	265707008000.0						판정불가	일반	일반	-238487.41512057534	-366684.4193364424	24.832438724730327	31.678740685524293	Y	Y	-50.09727367214776	-25.894534715298978	-3.336896679607082			1.826206640785836			34195.71934871478			-84.90255216392283	3년				2.4724061810154527	-1.917848988537049	-0.9432069396775641	-0.034812952049316594	-24122.07535681443	-10.649922894840808	3년	-0.9432069396775641	불리(<1)	3년	-25.894534715298978		판정불가	N	주당순현금<=0 / 주당FCF<=0	제외	하드필터 미통과	2072646.0	주당순현금 음수(린치식); 주당순현금 음수(보수형); 단기위험부채 존재; 주당FCF 음수; 1년 점수 과열 가능; 배당감안점수<1; fs=2025:CFS,2024:CFS,2022:CFS,2020:CFS
"=""282330"""	BGF리테일	필수소비재	메인	148000.0	4100.0	11303.0	414042445266.0	56154402761.0		0.0						판정불가	일반	일반	27204.316433276137	27204.316433276137	10.687046232568687	10.687046232568687	N	N	0.017697548889472614	0.2966584171548048	9.736317603940137	8.535395097778945	9.09331683430961	27.972635207880273	96475.57079019542	102781.76017820151	316174.6957546707	-34.81380352013823	-30.55286474445844	113.63155118558832	3년	9.09331683430961	102781.76017820151	-30.55286474445844	2.7702702702702706	0.26087356211330254	0.2869762720852311	1.1702567390507475	30299.629909466068	20.472722911801398	3년	0.2869762720852311	불리(<1)	3년	0.2966584171548048	36.02475309841582	매우 불리	Y	통과	제외	배당감안점수<1	17283906.0	배당감안점수<1; PER>연성장률의 2배; fs=2025:CFS,2024:CFS,2022:CFS,2020:CFS
"=""138930"""	BNK금융지주	직접추가	메인	15610.0	735.0	2512.0		18192691866568.0	16445000245415.0							판정불가	일반	일반	5631.773694536628	5631.773694536628	3.972223847716311	3.972223847716311	N	N	15.547378104875808			39.594756209751615			99462.02759889606			537.1686585451381			1년	39.594756209751615	99462.02759889606	537.1686585451381	4.708520179372197	5.0993848939035535					1년	5.0993848939035535	안심(>=2)	1년	15.547378104875808	0.2554915575424633	매우 유망	N	주당FCF<=0	제외	하드필터 미통과	310327033.0	fs=2025:CFS,2024:CFS,2022:NA,2020:NA
"=""068270"""	셀트리온	헬스케어	메인	180800.0	750.0	4668.0	1119206211717.0									판정불가	일반	일반	4845.86731932615	4845.86731932615	37.69368737803639	37.69368737803639	N	N	127.9296875	6.22945826601542	3.8046169226709114	264.359375	20.95891653203084	16.109233845341823	1234029.5625	97836.22237151997	75197.90359005563	582.5384748340708	-45.887045148495595	-58.40823916479223	3년	20.95891653203084	97836.22237151997	-45.887045148495595	0.4148230088495576	3.404933808190764	0.17627039796420957	0.11194022726413021	1360.9075488767974	0.7527143522548658	3년	0.17627039796420957	불리(<1)	3년	6.22945826601542	6.050877262260975	매우 불리	Y	통과	제외	배당감안점수<1	230960969.0	1년 점수 과열 가능; 배당감안점수<1; PER>연성장률의 2배; fs=2025:CFS,2024:CFS,2022:CFS,2020:CFS
"=""030000"""	제일기획	직접추가	메인	18860.0	1230.0	2049.0	622369326472.0	216919787330.0	234763824456.0	4043255307.0						판정불가	일반	일반	5254.857894167939	5219.71175149604	6.639893658287975	6.6570464853606435	N	N	0.0	2.315711686466715		8.5	13.13142337293343		17416.5	26906.286491140596		-7.653764581124067	42.66323696256944		3년	13.13142337293343	26906.286491140596	42.66323696256944	6.521739130434782	0.9822053584087583	1.330962703878625		1492.008099731205	7.910965534099708	3년	1.330962703878625	보통(1~1.5)	3년	2.315711686466715	2.867323120184726	매우 불리	Y	통과	제외	린치PER배수>=2	115041225.0	단기위험부채 존재; PER>연성장률의 2배; fs=2025:CFS,2024:CFS,2022:CFS,2020:CFS
"=""185750"""	종근당	직접추가	메인	68000.0	500.0	5882.0	216235970816.0	108445557936.0		162832228224.0						판정불가	일반	일반	23522.90833817535	11725.848019601848	7.561559276066754	9.567179867459734	N	N	-28.564488705367985	-5.359713960632673	-7.035300955800583										3년				0.7352941176470588	-3.680351310053692	-0.6115696080863189	-0.8331623952342481	-8097.876847707491	-11.908642423099252	3년	-0.6115696080863189	불리(<1)	3년	-5.359713960632673		판정불가	N	주당FCF<=0	제외	하드필터 미통과	13802780.0	단기위험부채 존재; 주당FCF 음수; 배당감안점수<1; fs=2025:CFS,2024:CFS,2022:CFS,2020:CFS
"=""001040"""	CJ	직접추가	메인	127700.0	3300.0	4321.0	2587324564000.0	1114436500000.0	6845375033000.0	4564809586000.0						판정불가	일반	일반	-107742.88598847626	-264195.22512220073	54.488055077175716	90.6954929697294	Y	Y	44.370197126628796	-10.479231651272991	10.856012353166022	97.24039425325759		30.212024706332045	420175.74356832606		130546.15875606076	229.03347186243232		2.228785243587117	3년				2.5841816758026623	0.8617371043236225	-0.144895059371966	0.24666312662348255	55371.62013720534	43.360704884264166	3년	-0.144895059371966	불리(<1)	3년	-10.479231651272991		판정불가	N	주당순현금<=0	제외	하드필터 미통과	29176998.0	주당순현금 음수(린치식); 주당순현금 음수(보수형); 단기위험부채 존재; 1년 점수 과열 가능; 배당감안점수<1; fs=2025:CFS,2024:CFS,2022:CFS,2020:CFS
"=""097950"""	CJ제일제당	필수소비재	메인	180500.0	6000.0	-35668.0	1038957402000.0	243275982000.0	2029479364000.0	4904408060000.0						판정불가	일반	일반	-49637.08964403655	-375420.76602481195			Y	Y	-483.77447815795136												1년				3.32409972299169				48486.635145865745	26.86240174286191	판정불가		판정불가	1년	-483.77447815795136		판정불가	N	주당순현금<=0 / 순현금차감PER<=0	제외	하드필터 미통과	15054186.0	주당순현금 음수(린치식); 주당순현금 음수(보수형); 단기위험부채 존재; fs=2025:CFS,2024:CFS,2022:CFS,2020:CFS
"=""000120"""	CJ대한통운	직접추가	메인	71700.0	800.0	11347.0	307146405592.0	86460297519.0	237118568377.0							판정불가	일반	일반	6859.800761114246	6859.800761114246	5.7143032730136385	5.7143032730136385	N	N	-6.130046326935801	11.480536742818348			31.461073485636696			356988.8008415196			397.8923303229005		3년	31.461073485636696	356988.8008415196	397.8923303229005	1.1157601115760112	-0.8774973913338222	2.204345176057003		12818.247147684604	17.877611084636825	3년	2.204345176057003	안심(>=2)	3년	11.480536742818348	0.49773833759020214	매우 유망	Y	통과	매우 유망	배당감안점수>=2 & 린치PER배수<=0.5	22812344.0	fs=2025:CFS,2024:CFS,2022:CFS,2020:CFS
"=""192820"""	코스맥스	직접추가	메인	265000.0	3300.0	10847.0	192279928597.0									판정불가	일반	일반	16941.695768248654	16941.695768248654	22.868839700539446	22.868839700539446	N	N	43.4408886537953	80.71243772559032	38.50568621710888	95.3817773075906	169.92487545118064	85.51137243421776	1034606.1384554352	1843175.1240189564	927541.8567939601	290.41741073790007	595.5377826486628	250.0157950165887	3년	169.92487545118064	1843175.1240189564	595.5377826486628	1.2452830188679245	1.9540200665103762	3.583816311525633	1.738215395118587	-9341.661092827891	-3.5251551293690153	3년	3.583816311525633	안심(>=2)	3년	80.71243772559032	0.28333724448132674	매우 유망	N	주당FCF<=0	제외	하드필터 미통과	11349509.0	주당FCF 음수; fs=2025:CFS,2024:CFS,2022:CFS,2020:CFS
"=""005420"""	코스모화학	직접추가	메인	11040.0		-791.0	42470783114.0	0.0	359006489619.0	388905499282.0						판정불가	일반	일반	-8241.35147565256	-18366.929236803113			Y	Y	-53.084223013048636												1년								1735.2172172327241	15.71754725754279	판정불가		판정불가	1년	-53.084223013048636		판정불가	N	주당순현금<=0 / 순현금차감PER<=0	제외	하드필터 미통과	38408228.0	주당순현금 음수(린치식); 주당순현금 음수(보수형); 단기위험부채 존재; fs=2025:CFS,2024:CFS,2022:CFS,2020:CFS
"=""021240"""	코웨이	직접추가	메인	96200.0	1940.0	8630.0	182190550994.0	2827952531.0	904957690609.0	910394928000.0						판정불가	일반	일반	-10011.790673154132	-22672.142564755995	12.30727586015691	13.774292301825724	Y	Y	10.06249202907792	10.977619808999673	9.097067548815364	28.62498405815584	30.455239617999347	26.694135097630728	247033.6124218849	262828.71790333436	230370.38589255317	156.79169690424627	173.21072547124152	139.4702556055646	3년	30.455239617999347	262828.71790333436	173.21072547124152	2.0166320166320166	0.9814620378189796	1.0558186858961023	0.9030186445585764	-2804.5647658552634	-2.9153479894545358	3년	1.0558186858961023	보통(1~1.5)	3년	10.977619808999673	1.1211242577436649	보통	N	주당순현금<=0 / 주당FCF<=0	제외	하드필터 미통과	71909133.0	주당순현금 음수(린치식); 주당순현금 음수(보수형); 단기위험부채 존재; 주당FCF 음수; fs=2025:CFS,2024:CFS,2022:CFS,2020:CFS
"=""112610"""	씨에스윈드	직접추가	메인	51100.0	1000.0	837.0	478878903508.0	28665354936.0	782993106603.0	242475043746.0						판정불가	일반	일반	-6531.6500890188545	-12281.40054778353	68.85501802750161	75.72449288863027	Y	Y	-75.62609202096681	371.20709785870895	-15.050492534791582		750.9141957174179			628515.1818154788			1129.971001595849		3년	750.9141957174179	628515.1818154788	1129.971001595849	1.9569471624266144	-1.0699168625461075	5.419562084379803	-0.19016109134028883	10303.466412416965	20.16333935893731	3년	5.419562084379803	안심(>=2)	3년	371.20709785870895	0.1854894974387306	매우 유망	N	주당순현금<=0	제외	하드필터 미통과	42171403.0	주당순현금 음수(린치식); 주당순현금 음수(보수형); 단기위험부채 존재; fs=2025:CFS,2024:CFS,2022:CFS,2020:CFS
"=""001680"""	대상	직접추가	메인	18640.0	850.0	-8438.0	595682138976.0	95932724888.0	719633177987.0	369419425431.0						판정불가	일반	일반	-808.6554463926876	-11470.718447992345			Y	Y	-419.37925813777446												1년				4.560085836909871						판정불가		판정불가	1년	-419.37925813777446		판정불가	N	주당순현금<=0 / 주당FCF<=0 / 순현금차감PER<=0	제외	하드필터 미통과	34648025.0	주당순현금 음수(린치식); 주당순현금 음수(보수형); 단기위험부채 존재; fs=2025:CFS,2024:CFS,2022:CFS,2020:CFS
"=""047040"""	대우건설	직접추가	메인	19750.0		-2220.0	1828879779729.0	434603860342.0	3056914611252.0	366055916900.0						판정불가	일반	일반	-1909.0176969162108	-2789.758742835851			Y	Y	-489.47368421052636												1년								846.7375999427635	4.287278987051967	판정불가		판정불가	1년	-489.47368421052636		판정불가	N	주당순현금<=0 / 순현금차감PER<=0	제외	하드필터 미통과	415622638.0	주당순현금 음수(린치식); 주당순현금 음수(보수형); 단기위험부채 존재; fs=2025:CFS,2024:CFS,2022:CFS,2020:CFS
"=""003090"""	대웅	직접추가	메인	16690.0	200.0	4280.0	255917494906.0	69412115604.0	668965344648.0	118388808025.0						판정불가	일반	일반	-5910.286064182885	-7946.487927707312	5.280440669201608	5.756188768155914	Y	Y	202.2598870056497	20.159526008317698	12.806544500421424	413.0197740112994	48.819052016635396	34.11308900084285	1767724.6327683614	208945.5426311995	146004.0209236074	10491.519669073465	1151.920566993406	774.7994063727226	3년	48.819052016635396	208945.5426311995	1151.920566993406	1.1983223487118035	38.530536010193245	4.044709465556549	2.6522155491334654	-1554.3945053642824	-9.313328372464245	3년	4.044709465556549	안심(>=2)	3년	20.159526008317698	0.26193277892659433	매우 유망	N	주당순현금<=0 / 주당FCF<=0	제외	하드필터 미통과	58141980.0	주당순현금 음수(린치식); 주당순현금 음수(보수형); 단기위험부채 존재; 주당FCF 음수; 1년 점수 과열 가능; fs=2025:CFS,2024:CFS,2022:CFS,2020:CFS
"=""069620"""	대웅제약	직접추가	메인	113200.0	600.0	17022.0	168941641596.0	50139032546.0	550560567693.0	70828808025.0						판정불가	일반	일반	-28608.962834228405	-34721.96931155238	8.33092250230457	8.690046370082975	Y	Y	691.7209302325581	64.61424206621207	70.08103158930474	1391.9418604651162	137.72848413242414	148.6620631786095	23693634.348837208	2344414.256902124	2530525.6394262905	20830.772392965733	1971.037329418837	2135.4466779384193	3년	137.72848413242414	2344414.256902124	1971.037329418837	0.5300353356890459	83.09415498424704	7.819575489254684	8.475780071830071	-7954.179962240783	-7.026660744028961	3년	7.819575489254684	안심(>=2)	3년	64.61424206621207	0.1289332233250935	매우 유망	N	주당순현금<=0 / 주당FCF<=0	제외	하드필터 미통과	11586575.0	주당순현금 음수(린치식); 주당순현금 음수(보수형); 단기위험부채 존재; 주당FCF 음수; 1년 점수 과열 가능; fs=2025:CFS,2024:CFS,2022:CFS,2020:CFS
"=""005830"""	DB손해보험	직접추가	메인	186200.0	7600.0	29597.0	1713419000000.0	38577437000000.0								판정불가	일반	일반	580693.762250663	580693.762250663	-13.328842864164038	-13.328842864164038	N	N	-4.024255788313125			0.4514884233737497			13362.70286659287			-92.82346784823154			1년	0.4514884233737497	13362.70286659287	-92.82346784823154	4.081632653061225	-0.004304714620228815					1년	-0.004304714620228815	불리(<1)	1년	-4.024255788313125		판정불가	N	주당FCF<=0 / 순현금차감PER<=0	제외	하드필터 미통과	69384000.0	배당감안점수<1; fs=2025:CFS,2024:CFS,2022:NA,2020:NA
"=""000210"""	DL	직접추가	메인	54800.0	1000.0	-3845.0	1148320161495.0	191085453910.0	4026838230267.0	1422974217066.0						판정불가	일반	일반	-128242.38838418842	-196145.71410721686			Y	Y	-196.17308654327164												1년				1.824817518248175				13042.307430075487	23.799831076780087	판정불가		판정불가	1년	-196.17308654327164		판정불가	N	주당순현금<=0 / 순현금차감PER<=0	제외	하드필터 미통과	20955884.0	주당순현금 음수(린치식); 주당순현금 음수(보수형); 단기위험부채 존재; fs=2025:CFS,2024:CFS,2022:CFS,2020:CFS
"=""375500"""	DL이앤씨	직접추가	메인	83900.0	890.0	8796.0	1844315983193.0	467317685812.0	444336959874.0	519274372386.0						판정불가	일반	일반	48258.513014689786	34838.3591979743	4.052010798693749	5.577721782858766	N	N	61.010433827567276	-4.5977556239353845		130.52086765513457			1148061.5518945637			1268.3689533904217			3년				1.0607866507747319	15.318621682437762	-0.8728922870345927		5614.431755408378	6.691813772834777	3년	-0.8728922870345927	불리(<1)	3년	-4.5977556239353845		판정불가	Y	통과	보류	배당감안점수 또는 린치PER배수 미산출	38693623.0	단기위험부채 존재; 1년 점수 과열 가능; 배당감안점수<1; fs=2025:CFS,2024:CFS,2022:CFS,2020:NA
"=""007340"""	DN오토모티브	직접추가	메인	46200.0	1000.0	5440.0	387784364000.0	182678434000.0	166472358000.0	641674039000.0						판정불가	일반	일반	6904.537131693404	-4062.213043680007	7.223430674321065	9.239377397735295	N	Y	-12.568306010928964	-36.239823236398784	0.45844418153007105			9.416888363060142			51227.872695047176			10.882841331270953	3년				2.1645021645021645	-1.4402856918682425	-4.717332055671647	0.36311642823079604	1407.8963795869365	3.0473947610106853	3년	-4.717332055671647	불리(<1)	3년	-36.239823236398784		판정불가	Y	통과	보류	배당감안점수 또는 린치PER배수 미산출	58510865.0	주당순현금 음수(보수형); 단기위험부채 존재; 1년 점수 과열 가능; 배당감안점수<1; fs=2025:CFS,2024:CFS,2022:CFS,2020:CFS
"=""026960"""	동서	직접추가	메인	25400.0	1140.0	1468.0	38923278454.0	723123250000.0	100000000.0	1896791452.0						판정불가	일반	일반	7642.392461925778	7623.367472437312	12.096462900595519	12.109422702699378	N	N	-7.90464240903388	-4.791896569068244	4.358606974752632			17.217213949505265			25274.87007787373			-0.49263748868610957	3년				4.488188976377953	-0.28243408513142565	-0.025107140424936863	0.7313539522941909	1043.7561603209629	4.109276221736074	3년	-0.025107140424936863	불리(<1)	3년	-4.791896569068244		판정불가	Y	통과	보류	배당감안점수 또는 린치PER배수 미산출	99700000.0	단기위험부채 존재; 배당감안점수<1; fs=2025:CFS,2024:CFS,2022:CFS,2020:CFS
"=""006040"""	동원산업	직접추가	메인	37500.0	1150.0	8793.0	462412200801.0	2315664040.0	920658109908.0	869187931428.0						판정불가	일반	일반	-10327.316971310991	-30015.370950217297	5.439249058490957	7.678308990130479	Y	Y	362.7894736842105	15.223245686790676	-33.98325939665047	734.078947368421	38.94649137358135		6454756.184210526	342456.4986479008		17112.683157894735	813.2173297277354		3년	38.94649137358135	342456.4986479008	813.2173297277354	3.0666666666666664	67.26225190585018	3.3625804144610396	-5.683981813945687	2047.1984446583815	5.459195852422351	3년	3.3625804144610396	안심(>=2)	3년	15.223245686790676	0.3572989078939082	매우 유망	N	주당순현금<=0	제외	하드필터 미통과	44147986.0	주당순현금 음수(린치식); 주당순현금 음수(보수형); 단기위험부채 존재; 1년 점수 과열 가능; fs=2025:CFS,2024:CFS,2022:CFS,2020:CFS
"=""014820"""	동원시스템즈	직접추가	메인	21650.0	600.0	1884.0	158748112816.0	38387113087.0	134729679435.0	120000000000.0						판정불가	일반	일반	2152.5625002716333	-1986.6128559613196	10.348958333189154	12.545972853482654	N	Y	-25.386138613861387	-8.631888523856201	-1.217505302346611			6.064989395306778			11426.44002075797			-47.2219860473073	3년				2.771362586605081	-2.1852224445363375	-0.5662913839798145	0.15014624991534103	2395.320646013515	11.063836702140946	3년	-0.5662913839798145	불리(<1)	3년	-8.631888523856201		판정불가	Y	통과	보류	배당감안점수 또는 린치PER배수 미산출	28991282.0	주당순현금 음수(보수형); 단기위험부채 존재; 배당감안점수<1; fs=2025:CFS,2024:CFS,2022:CFS,2020:CFS
"=""000150"""	두산	직접추가	메인	1322000.0	4000.0	4194.0	4927903000000.0	175670000000.0	4309343000000.0	3985915000000.0						판정불가	일반	일반	49045.20763611584	-197092.59727544463	303.5180716175213	362.20615099557574	N	Y	-133.60576923076923												1년				0.30257186081694404	-0.43919360932792983			5159.062075166259	0.390246753038295	1년	-0.43919360932792983	불리(<1)	1년	-133.60576923076923		판정불가	Y	통과	보류	배당감안점수 또는 린치PER배수 미산출	16193835.0	주당순현금 음수(보수형); 단기위험부채 존재; 배당감안점수<1; fs=2025:CFS,2024:CFS,2022:CFS,2020:CFS
"=""241560"""	두산밥캣	직접추가	메인	63000.0	1700.0	2.95	1389744000.0	5896000.0	976095000.0	54294000.0						판정불가	일반	일반	4.376822687223808	3.810410953130613	21354.448534682295	21354.640538659954	N	N	-28.743961352657	-92.28374718011123	-73.96450801980052										3년				2.6984126984126986	-0.0012196778864105562	-0.004195160288789511	-0.0033372950467741077	6.059063659665145	0.009617561364547849	3년	-0.004195160288789511	불리(<1)	3년	-92.28374718011123		판정불가	Y	통과	보류	배당감안점수 또는 린치PER배수 미산출	95856065.0	단기위험부채 존재; 1년 점수 과열 가능; 배당감안점수<1; fs=2025:CFS,2024:CFS,2022:CFS,2020:CFS
"=""034020"""	두산에너빌리티	전력/에너지설비	메인	89900.0		132.0	3080997000000.0	107870000000.0	3096393000000.0	1883572000000.0						판정불가	일반	일반	144.364047956165	-2796.1389965416356	679.9669390306352	702.2434772465275	N	Y	-24.13793103448276												1년					-0.03549868331671233			83.81713492188614	0.0932337429609412	1년	-0.03549868331671233	불리(<1)	1년	-24.13793103448276		판정불가	Y	통과	보류	배당감안점수 또는 린치PER배수 미산출	640561146.0	주당순현금 음수(보수형); 단기위험부채 존재; 배당감안점수<1; fs=2025:CFS,2024:CFS,2022:CFS,2020:CFS
"=""454910"""	두산로보틱스	직접추가	메인	71900.0		-856.0	156738581281.0	40399292507.0	16815636710.0							판정불가	일반	일반	2781.8928219046043	2781.8928219046043			N	N													판정불가								-504.36322470324734	-0.7014787548028475	판정불가		판정불가	판정불가			판정불가	N	주당FCF<=0 / 순현금차감PER<=0	제외	하드필터 미통과	64819980.0	주당FCF 음수; fs=2025:CFS,2024:CFS,2022:NA,2020:NA
"=""192080"""	더블유게임즈	직접추가	메인	56200.0	1200.0	6651.0	569919505893.0	290204328298.0	53240025218.0							판정불가	일반	일반	37536.62715928326	37536.62715928326	2.8061002617225586	2.8061002617225586	N	N	-29.55195424213537		0.05119867759955099			8.602397355199102			57214.54480942923			1.805239874429243	5년	8.602397355199102	57214.54480942923	1.805239874429243	2.135231316725979	-9.77040033080618		0.779170304122834	10978.50357230814	19.534703865316974	5년	0.779170304122834	불리(<1)	5년	0.05119867759955099	54.80806132670833	매우 불리	Y	통과	제외	배당감안점수<1	21495906.0	배당감안점수<1; PER>연성장률의 2배; fs=2025:CFS,2024:CFS,2022:CFS,2020:CFS
"=""450080"""	에코프로머티	직접추가	메인	37500.0		345.0	45037598354.0	777438041.0								판정불가	일반	일반	649.3175374808915	649.3175374808915	106.81357235512785	106.81357235512785	N	N	-155.8252427184466	5.476875138059767			19.453750276119536			6711.54384526124			-82.10254974597002		3년	19.453750276119536	6711.54384526124	-82.10254974597002		-1.4588524593145098	0.051275086276962596		-2943.2049268330334	-7.848546471554756	3년	0.051275086276962596	불리(<1)	3년	5.476875138059767	19.50264880293903	매우 불리	N	주당FCF<=0	제외	하드필터 미통과	70558754.0	주당FCF 음수; 배당감안점수<1; PER>연성장률의 2배; fs=2025:OFS,2024:OFS,2022:OFS,2020:NA
"=""139480"""	이마트	직접추가	메인	73900.0	2500.0	5084.0	1303365061491.0	1225715519294.0	5485558368112.0	3111389126654.0						판정불가	일반	일반	-107134.98980867355	-219883.5596791311	35.60877061539606	57.785908670167416	Y	Y	-122.85971223021583	-48.64098247110502	-16.302783941696873										3년				3.3829499323410013	-3.355262207401707	-1.2709799231090537	-0.3628272974908536	20093.231814609306	27.18975888309784	3년	-1.2709799231090537	불리(<1)	3년	-48.64098247110502		판정불가	N	주당순현금<=0	제외	하드필터 미통과	27595819.0	주당순현금 음수(린치식); 주당순현금 음수(보수형); 단기위험부채 존재; 1년 점수 과열 가능; 배당감안점수<1; fs=2025:CFS,2024:CFS,2022:CFS,2020:CFS
"=""383220"""	F&F	직접추가	메인	65200.0	2700.0	10611.0	325383761882.0	16380800000.0	136145710441.0	186267116479.0						판정불가	일반	일반	5367.64687570116	505.17391270411537	5.63871012386192	6.09695844758231	N	N	11.64772727272727	-2.8457492223840752		31.79545454545454	2.8085015552318495		337381.5681818181	29801.010002565155		417.45639291689895	-54.29292944391848		3년	2.8085015552318495	29801.010002565155	-54.29292944391848	4.141104294478527	2.8000786031526155	0.22972542365899645		8579.832305807739	13.159252002772606	3년	0.22972542365899645	불리(<1)	3년	-2.8457492223840752		판정불가	Y	통과	보류	배당감안점수 또는 린치PER배수 미산출	38307075.0	단기위험부채 존재; 1년 점수 과열 가능; 배당감안점수<1; fs=2025:CFS,2024:CFS,2022:CFS,2020:NA
"=""093370"""	후성	직접추가	메인	13240.0		50.0	67697035372.0	6532556311.0	163041804446.0	95387151720.0						판정불가	일반	일반	-828.0447485733343	-1717.3912427755338	281.3608949714667	299.14782485551063	Y	Y	-107.48502994011977	-63.71940165586019	-5.111991994525078										3년					-0.3820183680856575	-0.2264685775268169	-0.018168807698182417	3.33571650938	0.025194233454531725	3년	-0.2264685775268169	불리(<1)	3년	-63.71940165586019		판정불가	N	주당순현금<=0	제외	하드필터 미통과	107255330.0	주당순현금 음수(린치식); 주당순현금 음수(보수형); 단기위험부채 존재; 1년 점수 과열 가능; 배당감안점수<1; fs=2025:CFS,2024:CFS,2022:CFS,2020:CFS
"=""114090"""	GKL	직접추가	메인	9220.0	414.0	761.0	213092869283.0		30375090489.0							판정불가	일반	일반	2953.9374287595624	2953.9374287595624	8.233984981919104	8.233984981919104	N	N	42.509363295880156			93.51872659176031			71167.7509363296			671.8845003940303			1년	93.51872659176031	71167.7509363296	671.8845003940303	4.490238611713666	5.708001898327433			1553.3159719230266	16.84724481478337	1년	5.708001898327433	안심(>=2)	1년	42.509363295880156	0.19369814891386788	매우 유망	Y	통과	매우 유망	배당감안점수>=2 & 린치PER배수<=0.5	61855670.0	fs=2025:CFS,2024:CFS,2022:CFS,2020:CFS
"=""006280"""	녹십자	직접추가	메인	130100.0	1500.0		49372311054.0		105096001522.0							판정불가	일반	일반	-4768.194863868153	-4768.194863868153			Y	Y													판정불가				1.1529592621060722				-497.6412769975163	-0.38250674634705323	판정불가		판정불가	판정불가			판정불가	N	주당순현금<=0 / 주당FCF<=0 / 순현금차감PER<=0	제외	하드필터 미통과	11686538.0	주당순현금 음수(린치식); 주당순현금 음수(보수형); 주당FCF 음수; EPS 미추출; fs=2025:CFS,2024:CFS,2022:CFS,2020:CFS
"=""005250"""	녹십자홀딩스	직접추가	메인	9850.0	300.0	0.0	79656808438.0		2117348227.0							판정불가	일반	일반	1648.7861266886407	1648.7861266886407			N	N	-100.0												1년				3.0456852791878175				-2674.1633975649934	-27.148866980355262	판정불가		판정불가	1년	-100.0		판정불가	N	주당FCF<=0 / 순현금차감PER<=0	제외	하드필터 미통과	47028210.0	주당FCF 음수; fs=2025:CFS,2024:CFS,2022:CFS,2020:CFS
"=""078930"""	GS	직접추가	메인	117900.0	3000.0	8550.0	1610917000000.0	857643000000.0	104176000000.0							판정불가	일반	일반	25446.638122701283	25446.638122701283	10.813258699099265	10.813258699099265	N	N	41.60317986088109	-27.687155007765817		91.70635972176218			784089.3756210667			565.0461201196495			3년				2.5445292620865136	4.082738640724934	-2.3251663948235755		3039.077126716312	2.57767355955582	3년	-2.3251663948235755	불리(<1)	3년	-27.687155007765817		판정불가	Y	통과	보류	배당감안점수 또는 린치PER배수 미산출	92915378.0	1년 점수 과열 가능; 배당감안점수<1; fs=2025:CFS,2024:CFS,2022:CFS,2020:CFS
"=""006360"""	GS건설	직접추가	메인	37250.0	500.0	1073.0	3015810000000.0	301590000000.0								판정불가	일반	일반	38763.054954990854	38763.054954990854	-1.4101164538591366	-1.4101164538591366	N	N	-62.91047355686139	-35.490770024369326	-22.823533314849886										3년				1.342281879194631	43.66177808163999	24.216785820574472	15.23367192607847	3464.721168093708	9.301264880788478	3년	24.216785820574472	안심(>=2)	3년	-35.490770024369326		판정불가	N	순현금차감PER<=0	제외	하드필터 미통과	85581490.0	fs=2025:CFS,2024:CFS,2022:CFS,2020:CFS
"=""007070"""	GS리테일	직접추가	메인	25100.0	600.0	585.0	294440001357.0	139922954133.0	2214168472527.0							판정불가	일반	일반	-21287.651544267934	-21287.651544267934	79.29513084490246	79.29513084490246	Y	Y	-345.7983193277311	17.566734386037865	-23.182279339928648		43.63346877207573			25525.579231664302			1.6955347875071691		3년	43.63346877207573	25525.579231664302	1.6955347875071691	2.3904382470119523	-4.330756219475933	0.2516821956203731	-0.2622082954069974	8424.851248528614	33.56514441644866	3년	0.2516821956203731	불리(<1)	3년	17.566734386037865	4.513936916352914	매우 불리	N	주당순현금<=0	제외	하드필터 미통과	83607415.0	주당순현금 음수(린치식); 주당순현금 음수(보수형); 배당감안점수<1; PER>연성장률의 2배; fs=2025:CFS,2024:CFS,2022:CFS,2020:CFS
"=""086790"""	하나금융지주	직접추가	메인	135300.0	4105.0	13954.0		73098647000000.0	72812888000000.0							판정불가	일반	일반	1026.7067789838566	1026.7067789838566	9.622566520067089	9.622566520067089	N	N	10.491725393934592			29.483450787869184			411412.0722939266			204.07396326232566			1년	29.483450787869184	411412.0722939266	204.07396326232566	3.0339985218033996	1.4056254002018258			-14044.963863826157	-10.380608916353404	1년	1.4056254002018258	보통(1~1.5)	1년	10.491725393934592	0.9171576798636022	헐값	N	주당FCF<=0	제외	하드필터 미통과	278325814.0	주당FCF 음수; fs=2025:CFS,2024:CFS,2022:NA,2020:NA
"=""009420"""	한올바이오파마	직접추가	메인	52600.0		-109.0	24743015950.0	0.0	15000000000.0	15739600000.0						판정불가	일반	일반	186.5026217711966	-114.78772617593224			N	Y	202.77777777777777			414.05555555555554									1년	414.05555555555554							-315.0056843677905	-0.5988701223722253	판정불가		판정불가	1년	202.77777777777777		판정불가	N	주당FCF<=0 / 순현금차감PER<=0	제외	하드필터 미통과	52240638.0	주당순현금 음수(보수형); 단기위험부채 존재; 주당FCF 음수; fs=2025:CFS,2024:CFS,2022:CFS,2020:CFS
"=""300720"""	한일시멘트	직접추가	메인	16850.0	1000.0	1061.0	129285266021.0		337958155586.0	209542035372.0						판정불가	일반	일반	-2837.341716779947	-5686.501277561126	18.555458734005608	21.240811760189562	Y	Y	-60.067745577719236	-2.308290966967641	-43.43181980026135		3.883418066064718			4120.306568094666			-75.54714202911178		3년	3.883418066064718	4120.306568094666	-75.54714202911178	5.934718100890208	-2.9173640087712998	0.1954372126233994	-2.020812432443515	83.57535581957487	0.4959961769707707	3년	0.1954372126233994	불리(<1)	3년	-2.308290966967641		판정불가	N	주당순현금<=0	제외	하드필터 미통과	73545209.0	주당순현금 음수(린치식); 주당순현금 음수(보수형); 단기위험부채 존재; 배당감안점수<1; fs=2025:CFS,2024:CFS,2022:CFS,2020:CFS
"=""180640"""	한진칼	직접추가	메인	136900.0	360.0		110930322000.0	30600000000.0	366131984000.0	0.0						판정불가	일반	일반	-3364.2000447588075	-3364.2000447588075			Y	Y													판정불가				0.26296566837107377				1732.6632753204844	1.2656415451574028	판정불가		판정불가	판정불가			판정불가	N	주당순현금<=0 / 순현금차감PER<=0	제외	하드필터 미통과	66762279.0	주당순현금 음수(린치식); 주당순현금 음수(보수형); EPS 미추출; fs=2025:CFS,2024:CFS,2022:CFS,2020:CFS
"=""161390"""	한국타이어앤테크놀로지	직접추가	메인	63100.0	2300.0	8931.0	2603079747970.0	489388296676.0								판정불가	일반	일반	24964.41026923666	24964.41026923666	4.270024603153437	4.270024603153437	N	N	-2.2545693334792616	16.43379388057411	24.1178312692236	3.990861333041477	41.36758776114822	56.7356625384472	35642.38256539343	369453.9262948148	506706.20213087194	-43.51444918321168	485.505429944239	703.0209225528873	3년	41.36758776114822	369453.9262948148	485.505429944239	3.6450079239302693	0.3256277702531646	4.702268410743131	6.501798414147511	-5650.2614211339005	-8.954455501004595	3년	4.702268410743131	안심(>=2)	3년	16.43379388057411	0.25983194350520017	매우 유망	N	주당FCF<=0	제외	하드필터 미통과	123875069.0	주당FCF 음수; fs=2025:CFS,2024:CFS,2022:CFS,2020:CFS
"=""000240"""	한국앤컴퍼니	직접추가	메인	25200.0	1100.0	3666.0	87970654737.0	34240766097.0	15178888600.0	83728229501.0						판정불가	일반	일반	1127.4267830786544	245.4757867889732	6.566441139367524	6.807016970324884	N	N	-0.9991898460707582	28.543628944993937	19.90708834889714	6.5016203078584835	65.58725788998788	48.31417669779428	23834.9400486092	240442.88742469557	177119.77177411385	-5.4169045690111055	854.1384421614904	602.8562371988644	3년	65.58725788998788	240442.88742469557	854.1384421614904	4.365079365079365	0.5125896124811388	5.011650544276873	3.6963961450074594	2176.2560889928754	8.63593686108284	3년	5.011650544276873	안심(>=2)	3년	28.543628944993937	0.2300492748144123	매우 유망	Y	통과	매우 유망	배당감안점수>=2 & 린치PER배수<=0.5	94935240.0	단기위험부채 존재; fs=2025:CFS,2024:CFS,2022:CFS,2020:CFS
"=""128940"""	한미약품	헬스케어	메인	481500.0	2000.0	13372.0	108273819495.0		91812500000.0	319500000000.0						판정불가	일반	일반	1284.9372460725326	-23654.585387266292	35.911984950189016	37.77704048663374	N	Y	39.77213337514372	26.231706206675454	68.07388619564503	88.04426675028743	60.96341241335091	144.64777239129006	1177327.9349848435	815202.7507913284	1934230.0124163306	144.51255139872137	69.30482882478263	301.7092445309098	3년	60.96341241335091	815202.7507913284	69.30482882478263	0.4153686396677051	1.1190554370790886	0.7420106374878314	1.9071420009311475	7534.569419649112	1.5648119251607708	3년	0.7420106374878314	불리(<1)	3년	26.231706206675454	1.3690297027286056	보통	Y	통과	제외	배당감안점수<1	12810991.0	주당순현금 음수(보수형); 단기위험부채 존재; 배당감안점수<1; fs=2025:CFS,2024:CFS,2022:CFS,2020:CFS
"=""008930"""	한미사이언스	직접추가	메인	55100.0	300.0	1748.0	127389343692.0	0.0	0.0	199600000000.0						판정불가	일반	일반	1862.6474131965133	-1055.8417861270873	30.456151365448218	32.12576761220085	N	Y	99.08883826879271	20.062307210120522	38.49990058066466	206.67767653758543	48.624614420241045	85.49980116132932	361272.57858769933	84995.82600658135	149453.65243000365	555.667111774409	54.257397471109535	171.24074851180336	3년	48.624614420241045	84995.82600658135	54.257397471109535	0.5444646098003629	3.271368784685799	0.6766045904046426	1.2819861814437896	667.8946648379807	1.2121500269291845	3년	0.6766045904046426	불리(<1)	3년	20.062307210120522	1.51807820738008	보통	Y	통과	제외	배당감안점수<1	68391550.0	주당순현금 음수(보수형); 단기위험부채 존재; 1년 점수 과열 가능; 배당감안점수<1; fs=2025:CFS,2024:CFS,2022:CFS,2020:CFS
"=""042700"""	한미반도체	반도체소부장	메인	253000.0	800.0	2256.0	276235377529.0	1620849416.0	1700783956.0							판정불가	일반	일반	2897.3777017947336	2897.3777017947336	110.86109144423993	110.86109144423993	N	N	41.97608558842039	33.93410123050573	17.576648487156234	92.45217117684078	76.36820246101146	43.65329697431247	208572.0981749528	172286.66475204186	98481.83797404893	-17.560435503971227	-31.90250405057634	-61.07437234227315	3년	76.36820246101146	172286.66475204186	-31.90250405057634	0.31620553359683795	0.381489037957822	0.3089479484452805	0.16139886219461122	1415.2619637779844	0.5593920805446578	3년	0.3089479484452805	불리(<1)	3년	33.93410123050573	3.26695234069082	매우 불리	Y	통과	제외	배당감안점수<1	95312200.0	배당감안점수<1; PER>연성장률의 2배; fs=2025:CFS,2024:CFS,2022:CFS,2020:CFS
"=""018880"""	한온시스템	직접추가	메인	3555.0	316.0	-292.0	924789114632.0	12500000000.0	551438792860.0							판정불가	일반	일반	375.9762265709175	375.9762265709175			N	N	-55.69044006069803												1년				8.88888888888889				-358.42775774108145	-10.082356054601448	판정불가		판정불가	1년	-55.69044006069803		판정불가	N	주당FCF<=0 / 순현금차감PER<=0	제외	하드필터 미통과	1026262552.0	주당FCF 음수; fs=2025:CFS,2024:CFS,2022:CFS,2020:CFS
"=""014680"""	한솔케미칼	직접추가	메인	202000.0	2600.0	13428.0	112551479633.0	97254225348.0	138153315888.0	52809626645.0						판정불가	일반	일반	6321.231270657452	1662.3236254868134	14.572443307219434	14.919398002272356	N	N	22.295081967213104	-1.612254890420728	3.943248256290177	53.09016393442621	5.275490219158544	16.386496512580354	712894.7213114752	70839.28266286093	220037.875170929	252.9181788670669	-64.9310481867025	8.929641173727232	3년	5.275490219158544	70839.28266286093	-64.9310481867025	1.2871287128712872	1.6182743128876245	-0.022311027100607606	0.35892244415665336	10281.03332708436	5.089620458952654	3년	-0.022311027100607606	불리(<1)	3년	-1.612254890420728		판정불가	Y	통과	보류	배당감안점수 또는 린치PER배수 미산출	11335195.0	단기위험부채 존재; 1년 점수 과열 가능; 배당감안점수<1; fs=2025:CFS,2024:CFS,2022:CFS,2020:CFS
"=""009240"""	한샘	직접추가	메인	39200.0	8530.0	2808.0	98241927402.0	251054722982.0	161476119968.0	96981921492.0						판정불가	일반	일반	7980.840700116019	3859.9000100620688	11.117934223605406	12.58550569442234	N	N	-69.38174681059863		-5.701809832138416										5년				21.760204081632654	-4.2833085509587505		1.444368524451182	2308.508445254018	5.8890521562602505	5년	1.444368524451182	보통(1~1.5)	5년	-5.701809832138416		판정불가	Y	통과	보류	배당감안점수 또는 린치PER배수 미산출	23533928.0	단기위험부채 존재; fs=2025:CFS,2024:CFS,2022:CFS,2020:CFS
"=""000880"""	한화	직접추가	메인	138600.0	1100.0	4122.0	14684582000000.0	103264989000000.0	60168760000000.0							판정불가	일반	일반	770834.9267100092	770834.9267100092	-153.38062268559176	-153.38062268559176	N	N	-50.52808449351897	-33.7392629586393	7.803689278908865			24.107378557817732			99370.61441532469			-28.30403000337324	3년				0.7936507936507936	0.3242549992890342	0.2147964429152324	-0.056052322138390134	29660.332448246358	21.399951261361007	3년	0.2147964429152324	불리(<1)	3년	-33.7392629586393		판정불가	N	순현금차감PER<=0	제외	하드필터 미통과	74958735.0	배당감안점수<1; fs=2025:CFS,2024:CFS,2022:CFS,2020:CFS
"=""012450"""	한화에어로스페이스	우주항공/방산	메인	1067000.0	7000.0	28530.0	7713355500000.0		12463889065000.0							판정불가	일반	일반	-92129.95017531911	-92129.95017531911	40.62845952244371	40.62845952244371	Y	Y	-37.89049744203766	93.07351740567623	64.20288154253949		194.64703481135246	136.90576308507897		5553279.903167886	3905921.420817303		420.457348000739	266.06573765860384	3년	194.64703481135246	5553279.903167886	420.457348000739	0.6560449859418931	-0.9164623245320672	2.3069927704209565	1.596391477571342	39867.85493454941	3.736443761438558	3년	2.3069927704209565	안심(>=2)	3년	93.07351740567623	0.4365200827788413	매우 유망	N	주당순현금<=0	제외	하드필터 미통과	51563401.0	주당순현금 음수(린치식); 주당순현금 음수(보수형); fs=2025:CFS,2024:CFS,2022:CFS,2020:CFS
"=""082740"""	한화엔진	직접추가	메인	48350.0		2071.0	276708027934.0	133988650000.0	53947006810.0	30000000000.0						판정불가	일반	일반	4275.157453852644	3915.6484367553294	21.281913349177863	21.455505341981976	N	N	113.94628099173553		62.28278611303117	236.39256198347107		133.06557222606233	489568.9958677686		275578.8000801751	912.5522148247541		469.9664944781285	5년	133.06557222606233	275578.8000801751	469.9664944781285		5.354137060995851		2.926559519867475	3492.7128128726085	7.2238114020115995	5년	2.926559519867475	안심(>=2)	5년	62.28278611303117	0.34169815895126016	매우 유망	Y	통과	매우 유망	배당감안점수>=2 & 린치PER배수<=0.5	83447142.0	단기위험부채 존재; fs=2025:CFS,2024:OFS,2022:CFS,2020:CFS
"=""088350"""	한화생명	직접추가	메인	5980.0	150.0	693.0	3103115000000.0	104518986000000.0								판정불가	일반	일반	123912.9344985205	123912.9344985205	-170.17739465875974	-170.17739465875974	N	N	-25.96153846153846												1년				2.508361204013378	0.13781605544351802					1년	0.13781605544351802	불리(<1)	1년	-25.96153846153846		판정불가	N	주당FCF<=0 / 순현금차감PER<=0	제외	하드필터 미통과	868530000.0	배당감안점수<1; fs=2025:CFS,2024:CFS,2022:NA,2020:NA
"=""042660"""	한화오션	직접추가	메인	85500.0		4007.0	778471159631.0		5646344947762.0							판정불가	일반	일반	-15886.622071524067	-15886.622071524067	25.302376359252325	25.302376359252325	Y	Y	143.14320388349512		47.03819321855338	294.78640776699024		102.57638643710676	1181209.13592233		411023.5804534868	1281.5311531255322		380.7293338637272	5년	102.57638643710676	411023.5804534868	380.7293338637272		5.657302770739631		1.859042508525209	1951.772804089628	2.282775209461553	5년	1.859042508525209	양호(>=1.5)	5년	47.03819321855338	0.5379113147839244	헐값	N	주당순현금<=0	제외	하드필터 미통과	306413394.0	주당순현금 음수(린치식); 주당순현금 음수(보수형); fs=2025:CFS,2024:CFS,2022:CFS,2020:CFS
"=""009830"""	한화솔루션	석유화학	watchlist	30250.0	300.0	-12.0	2470461000000.0		8369710000000.0							판정불가	일반	일반	-34319.40174528579	-34319.40174528579			Y	Y	-99.19893190921229												1년				0.9917355371900827				-15547.574445000917	-51.39694031405262	판정불가		판정불가	1년	-99.19893190921229		판정불가	N	주당순현금<=0 / 주당FCF<=0 / 순현금차감PER<=0	제외	하드필터 미통과	171892536.0	린치식 단독판정 비중 낮춤; 주당순현금 음수(린치식); 주당순현금 음수(보수형); 주당FCF 음수; fs=2025:CFS,2024:CFS,2022:CFS,2020:CFS
"=""272210"""	한화시스템	우주항공/방산	메인	72400.0	500.0	1243.0	325483658125.0	164123075536.0	1615285782454.0	1474436243190.0						판정불가	일반	일반	-5958.515188681878	-13763.093908709392	63.03983522822355	69.31865962084424	Y	Y	-52.02624469316866		7.897266078384502			24.294532156769			30198.10347086387			-58.289912333060954	5년	24.294532156769	30198.10347086387	-58.289912333060954	0.6906077348066298	-0.8143364710981756		0.1362293188441942	-1268.1431386537038	-1.7515789207924084	5년	0.1362293188441942	불리(<1)	5년	7.897266078384502	7.982488446320558	매우 불리	N	주당순현금<=0 / 주당FCF<=0	제외	하드필터 미통과	188919389.0	주당순현금 음수(린치식); 주당순현금 음수(보수형); 단기위험부채 존재; 주당FCF 음수; 배당감안점수<1; PER>연성장률의 2배; fs=2025:CFS,2024:CFS,2022:CFS,2020:CFS
"=""267250"""	HD현대	직접추가	메인	245500.0	4000.0	13623.0	6367475266000.0		1596736136000.0							판정불가	일반	일반	60394.38933167378	60394.38933167378	13.587727421884034	13.587727421884034	N	N	89.12952936276552	-11.915391188425783		186.75905872553105			2544218.6570179095			936.3416118199224			3년				1.6293279022403258	6.679472913095977	-0.7570113063659929		64511.54397881789	26.277614655322974	3년	-0.7570113063659929	불리(<1)	3년	-11.915391188425783		판정불가	Y	통과	보류	배당감안점수 또는 린치PER배수 미산출	78993085.0	1년 점수 과열 가능; 배당감안점수<1; fs=2025:CFS,2024:CFS,2022:CFS,2020:CFS
"=""267260"""	HD현대일렉트릭	전력설비	메인	746000.0	7100.0	20354.0	950781542257.0		55346966947.0							판정불가	일반	일반	24840.658635145344	24840.658635145344	35.430841179367924	35.430841179367924	N	N	46.06386795837818	65.20736528007924		100.62773591675636	138.9147305601585		2048176.936849659	2827470.425821466		174.55454917555753	279.0174833540839		3년	138.9147305601585	2827470.425821466	279.0174833540839	0.9517426273458446	1.3269685116339305	1.8672745468417173		19908.873951397247	2.668749859436628	3년	1.8672745468417173	양호(>=1.5)	3년	65.20736528007924	0.5433564295564629	헐값	Y	통과	양호	배당감안점수>=1.5 & 린치PER배수<1	36047135.0	fs=2025:CFS,2024:CFS,2022:CFS,2020:CFS
"=""329180"""	HD현대중공업	직접추가	메인	453500.0	5661.0	15702.0	1869917695000.0		20593805000.0							판정불가	일반	일반	17619.114963644908	17619.114963644908	27.759577444679348	27.759577444679348	N	N	124.2822453935152			257.0644907870304			4036426.634337952			790.0609998540137			1년	257.0644907870304	4036426.634337952	790.0609998540137	1.2482910694597573	4.522062222061499					1년	4.522062222061499	안심(>=2)	1년	124.2822453935152	0.22335915606275156	매우 유망	N	주당FCF<=0	제외	하드필터 미통과	104961225.0	fs=2025:CFS,2024:CFS,2022:CFS,2020:CFS
"=""071970"""	HD현대마린엔진	직접추가	메인	51500.0		4867.0	94276230277.0	247003276789.0								판정불가	일반	일반	10060.862797055377	10060.862797055377	8.51430803430134	8.51430803430134	N	N	97.52435064935065	113.65854515790357	162.5665198099373	203.5487012987013	235.81709031580715	333.6330396198746	990671.5292207792	1147721.7785670334	1623792.0038299295	1823.6340373219016	2128.585977800065	3052.994182194038	3년	235.81709031580715	1147721.7785670334	2128.585977800065		11.454172230609604	13.349122993907521	19.093333146394325			3년	13.349122993907521	안심(>=2)	3년	113.65854515790357	0.0749112882139445	매우 유망	N	주당FCF<=0	제외	하드필터 미통과	33921495.0	fs=2025:CFS,2024:CFS,2022:CFS,2020:CFS
"=""443060"""	HD현대마린솔루션	직접추가	메인	229500.0	3950.0	6013.0	377924043510.0		9931501625.0							판정불가	일반	일반	8208.377954504365	8208.377954504365	36.802198909944394	36.802198909944394	N	N	13.36726998491704			35.23453996983408			211865.28883861232			-7.683970004961949			1년	35.23453996983408	211865.28883861232	-7.683970004961949	1.7211328976034859	0.4099864499793098			6828.081523113242	2.975198920746511	1년	0.4099864499793098	불리(<1)	1년	13.36726998491704	2.75315744736735	매우 불리	Y	통과	제외	배당감안점수<1	44831335.0	배당감안점수<1; PER>연성장률의 2배; fs=2025:CFS,2024:CFS,2022:NA,2020:NA
"=""009540"""	HD한국조선해양	직접추가	메인	351500.0	12300.0	30664.0	3742015549000.0		398797408000.0							판정불가	일반	일반	47238.53250999998	47238.53250999998	9.922432412274981	9.922432412274981	N	N	84.96802991916998			178.43605983833996			5471563.338882856			1456.6325288429177			1년	178.43605983833996	5471563.338882856	1456.6325288429177	3.499288762446657	8.915890278292473					1년	8.915890278292473	안심(>=2)	1년	84.96802991916998	0.11677842150411376	매우 유망	N	주당FCF<=0	제외	하드필터 미통과	70773116.0	fs=2025:CFS,2024:CFS,2022:CFS,2020:CFS
"=""017960"""	한국카본	조선/LNG사이클	watchlist	22000.0	320.0	2043.0	57866929673.0	27093215744.0	98920898088.0	81871440000.0						판정불가	일반	일반	-268.94950885840325	-1846.1770478341368	10.900122128662948	11.672137566242846	Y	Y	394.6731234866828	63.08567663703022	8.209872487827186	797.8462469733656	134.67135327406044	24.91974497565437	1629999.882566586	275133.5747389055	50911.03898526188	7309.090375302664	1150.6071579041159	131.4138135693722	3년	134.67135327406044	275133.5747389055	1150.6071579041159	1.4545454545454546	36.34158078830799	5.921054950555167	0.8866339136658936	2529.43380973873	11.497426407903317	3년	5.921054950555167	안심(>=2)	3년	63.08567663703022	0.17278283613216827	매우 유망	N	주당순현금<=0	제외	하드필터 미통과	51908452.0	린치식 단독판정 비중 낮춤; 주당순현금 음수(린치식); 주당순현금 음수(보수형); 단기위험부채 존재; 1년 점수 과열 가능; fs=2025:CFS,2024:CFS,2022:CFS,2020:CFS
"=""000080"""	하이트진로	직접추가	메인	15300.0	700.0	596.0	243639082453.0	11534336304.0								판정불가	일반	일반	3638.389855001192	3638.389855001192	19.566459974830217	19.566459974830217	N	N	-56.748911465892604	-21.8770293860485	-13.71294563046288										3년				4.57516339869281	-2.6664888863041525	-0.8842614356205649	-0.4670125430724144	1956.0991773402343	12.784961943400225	3년	-0.8842614356205649	불리(<1)	3년	-21.8770293860485		판정불가	Y	통과	보류	배당감안점수 또는 린치PER배수 미산출	70133611.0	배당감안점수<1; fs=2025:CFS,2024:CFS,2022:CFS,2020:CFS
"=""204320"""	HL만도	직접추가	메인	50300.0	750.0	2130.0	799652317531.0		965892545521.0	659326263869.0						판정불가	일반	일반	-3540.256046154449	-17581.28462433386	25.2771155146265	31.869147710954863	Y	Y	-23.021322732200943	0.5378148348890388	76.60035963530261		9.575629669778078	161.70071927060522		20396.091196627305	344422.5320463891		-59.4511109410988	584.7366442274138	3년	9.575629669778078	20396.091196627305	-59.4511109410988	1.4910536779324055	-0.8517692235021885	0.08026503307497437	3.089411577363237	6770.8428804833	13.460920239529422	3년	0.08026503307497437	불리(<1)	3년	0.5378148348890388	46.999662104600816	매우 불리	N	주당순현금<=0	제외	하드필터 미통과	46957120.0	주당순현금 음수(린치식); 주당순현금 음수(보수형); 단기위험부채 존재; 배당감안점수<1; PER>연성장률의 2배; fs=2025:CFS,2024:CFS,2022:CFS,2020:CFS
"=""011200"""	HMM	직접추가	메인	20850.0	700.0	1951.0	1760767000000.0	10915294000000.0	151318000000.0							판정불가	일반	일반	13278.45506473833	13278.45506473833	3.8808533753263306	3.8808533753263306	N	N	-60.97219443888777	-54.38515324967628	80.08768235294812			168.67536470589624			329085.6365412036			1478.34837669642	3년				3.357314148681055	-14.845930705991188	-13.148612989457359	21.501713265477985	1809.1182228382938	8.676826008816757	3년	-13.148612989457359	불리(<1)	3년	-54.38515324967628		판정불가	Y	통과	보류	배당감안점수 또는 린치PER배수 미산출	943237970.0	1년 점수 과열 가능; 배당감안점수<1; fs=2025:CFS,2024:CFS,2022:CFS,2020:CFS
"=""008770"""	호텔신라	직접추가	메인	41450.0	200.0	-4566.0	338290693972.0		739494888568.0	24083900000.0						판정불가	일반	일반	-10222.252285555276	-10835.884209488653			Y	Y													판정불가				0.48250904704463204				1275.405833262693	3.0769742660137345	판정불가		판정불가	판정불가			판정불가	N	주당순현금<=0 / 순현금차감PER<=0	제외	하드필터 미통과	39248121.0	주당순현금 음수(린치식); 주당순현금 음수(보수형); 단기위험부채 존재; fs=2025:CFS,2024:CFS,2022:CFS,2020:CFS
"=""298050"""	HS효성첨단소재	직접추가	메인	171600.0	2500.0	-4843.0	31544586945.0		554202076606.0							판정불가	일반	일반	-116665.97238650985	-116665.97238650985			Y	Y	-143.41940111170882												1년				1.4568764568764567				-3354.717829760524	-1.954963770256716	판정불가		판정불가	1년	-143.41940111170882		판정불가	N	주당순현금<=0 / 주당FCF<=0 / 순현금차감PER<=0	제외	하드필터 미통과	4479948.0	주당순현금 음수(린치식); 주당순현금 음수(보수형); 주당FCF 음수; fs=2025:CFS,2024:CFS,2022:CFS,2020:CFS
"=""352820"""	하이브	직접추가	메인	171300.0	500.0	-5690.0	534914956000.0	57033836000.0	1161573182000.0	0.0						판정불가	일반	일반	-13368.578698363612	-13368.578698363612			Y	Y	-2628.8888888888887												1년				0.29188558085230587				1088.4641428108619	0.6354139771225114	판정불가		판정불가	1년	-2628.8888888888887		판정불가	N	주당순현금<=0 / 순현금차감PER<=0	제외	하드필터 미통과	42609196.0	주당순현금 음수(린치식); 주당순현금 음수(보수형); fs=2025:CFS,2024:CFS,2022:CFS,2020:CFS
"=""298040"""	효성중공업	전력설비	메인	2891000.0	7500.0	55832.0	216772513676.0		637432979185.0							판정불가	일반	일반	-45113.22859928438	-45113.22859928438	52.58835844317388	52.58835844317388	Y	Y	133.51875862645866	270.5887113046113		275.5375172529173	549.6774226092226		15383810.66326488	30689589.85911812		432.12766043807954	961.5562040511282		3년	549.6774226092226	30689589.85911812	961.5562040511282	0.2594258042199931	2.543874507420443	5.150344013903863		33728.061849754005	1.1666572760205467	3년	5.150344013903863	안심(>=2)	3년	270.5887113046113	0.19434793931212194	매우 유망	N	주당순현금<=0	제외	하드필터 미통과	9324548.0	주당순현금 음수(린치식); 주당순현금 음수(보수형); fs=2025:CFS,2024:CFS,2022:CFS,2020:CFS
"=""298020"""	효성티앤씨	직접추가	메인	343000.0	10100.0	2517.0	78332153321.0		1022720440533.0							판정불가	일반	일반	-218220.35149809992	-218220.35149809992	222.9719314652761	222.9719314652761	Y	Y	-91.92622293504411	-2.1428862261368864	-39.74816600029081		4.214227547726227			10607.210737626914			-96.90751873538575		3년	4.214227547726227	10607.210737626914	-96.90751873538575	2.944606413994169	-0.3990709320958062	0.003595610364895351	-0.1650591594396631	-681.4700322251034	-0.19867930968661907	3년	0.003595610364895351	불리(<1)	3년	-2.1428862261368864		판정불가	N	주당순현금<=0 / 주당FCF<=0	제외	하드필터 미통과	4327682.0	주당순현금 음수(린치식); 주당순현금 음수(보수형); 주당FCF 음수; 배당감안점수<1; fs=2025:CFS,2024:CFS,2022:CFS,2020:CFS
"=""307950"""	현대오토에버	직접추가	메인	394500.0	1900.0	6654.0	301124937000.0	503550000000.0	137177596000.0							판정불가	일반	일반	24339.913182556786	24339.913182556786	55.62970947061064	55.62970947061064	N	N	6.840077071290951	17.005273141647017	18.824559086735636	22.1801541425819	42.51054628329403	46.14911817347127	147586.74566473998	282865.1749690385	307076.2323262778	-62.5889111115995	-28.29780102178998	-22.160650867863673	3년	42.51054628329403	282865.1749690385	-28.29780102178998	0.4816223067173638	0.13161491310459553	0.3143445402605017	0.34704803561220315	6801.802196340414	1.724157717703527	3년	0.3143445402605017	불리(<1)	3년	17.005273141647017	3.271321137110693	매우 불리	Y	통과	제외	배당감안점수<1	27423982.0	배당감안점수<1; PER>연성장률의 2배; fs=2025:CFS,2024:CFS,2022:CFS,2020:CFS
"=""069960"""	현대백화점	직접추가	메인	99300.0	2150.0	9572.0	279878097000.0	1384271000.0	850398528000.0	925684884000.0						판정불가	일반	일반	-25150.950692818045	-66058.30557705347	13.001561919433561	17.27520952539213	Y	Y	-681.8844984802432	13.23304981191371	24.719368231601415		34.96609962382742	57.93873646320283		334695.50559927605	554589.5854257775		237.05488982807256	458.49907897862784	3년	34.96609962382742	334695.50559927605	237.05488982807256	2.16515609264854	-52.27982196289906	1.184335082198578	2.067791892300678	17816.28700542092	17.94188016658703	3년	1.184335082198578	보통(1~1.5)	3년	13.23304981191371	0.9825068373677743	헐값	N	주당순현금<=0	제외	하드필터 미통과	22628813.0	주당순현금 음수(린치식); 주당순현금 음수(보수형); 단기위험부채 존재; fs=2025:CFS,2024:CFS,2022:CFS,2020:CFS
"=""000720"""	현대건설	직접추가	메인	131200.0	800.0	3319.0	4812659000000.0	700784000000.0	579678000000.0	1194728000000.0						판정불가	일반	일반	44306.32756193628	33577.399427860786	26.18067864961245	29.413257177505034	N	N	-321.1192538307795	-3.003815607902416	24.7843511038494		2.4923687841951683	58.0687022076988		8272.171994743763	192730.0226273523		-93.69499085766482	46.89788310011609	3년	2.4923687841951683	8272.171994743763	-93.69499085766482	0.6097560975609756	-12.24221503280103	-0.09144375294400091	0.9699560328924584	-7760.002367187725	-5.914635950600401	3년	-0.09144375294400091	불리(<1)	3년	-3.003815607902416		판정불가	N	주당FCF<=0	제외	하드필터 미통과	111355765.0	단기위험부채 존재; 주당FCF 음수; 배당감안점수<1; fs=2025:CFS,2024:CFS,2022:CFS,2020:CFS
"=""017800"""	현대엘리베이터	직접추가	메인	75000.0	14010.0		546026985679.0	858153283222.0	939270698991.0							판정불가	일반	일반	11892.58649504245	11892.58649504245			N	N													판정불가				18.68				5302.308441375475	7.069744588500633	판정불가		판정불가	판정불가			판정불가	N	순현금차감PER<=0	제외	하드필터 미통과	39092385.0	EPS 미추출; fs=2025:CFS,2024:CFS,2022:CFS,2020:CFS
"=""086280"""	현대글로비스	직접추가	메인	204000.0	5800.0	23117.0	2644639919844.0	1773253190103.0	2551475394576.0	800732226936.0						판정불가	일반	일반	24885.56953828	14209.1398458	7.748169332600251	8.210012551550806	N	N	58.49845731916352	-10.017436249066701	7.416538424274255	125.49691463832704		23.333076848548508	2901112.1756942063		539390.7375078959	1322.113811614807		164.40722426857644	3년				2.843137254901961	7.916914556316171	-0.9259347190540914	1.3241419022695924	25034.3648264	12.27174746392157	3년	-0.9259347190540914	불리(<1)	3년	-10.017436249066701		판정불가	Y	통과	보류	배당감안점수 또는 린치PER배수 미산출	75000000.0	단기위험부채 존재; 1년 점수 과열 가능; 배당감안점수<1; fs=2025:CFS,2024:CFS,2022:CFS,2020:CFS
"=""001450"""	현대해상	직접추가	메인	50400.0	2063.0	13006.0	1509674177483.0	19831696034080.0								판정불가	일반	일반	238717.78760137584	238717.78760137584	-14.47930090737935	-14.47930090737935	N	N	19.90412095510279			48.30824191020558			628296.9942841338			1146.6210204050274			1년	48.30824191020558	628296.9942841338	1146.6210204050274	4.093253968253968	-1.6573572907188177					1년	-1.6573572907188177	불리(<1)	1년	19.90412095510279		판정불가	N	주당FCF<=0 / 순현금차감PER<=0	제외	하드필터 미통과	89400000.0	배당감안점수<1; fs=2025:CFS,2024:CFS,2022:NA,2020:NA
"=""012330"""	현대모비스	직접추가	메인	415500.0	6500.0	40861.0	4922378000000.0			2945574000000.0						판정불가	일반	일반	54251.49199158146	21787.145638739283	8.840912067947885	9.635418965792827	N	N	-9.074523242617772	14.580422448898144	20.046998821740058		37.66084489779629	48.593997643480115		1538859.783368854	1985599.337710241		270.3633654317338	377.8819103995767	3년	37.66084489779629	1538859.783368854	270.3633654317338	1.5643802647412757	-0.8494760404985816	1.8261467357164747	2.4444739321446134	32588.711819214936	7.8432519420493225	3년	1.8261467357164747	양호(>=1.5)	3년	14.580422448898144	0.6063550009565053	헐값	Y	통과	양호	배당감안점수>=1.5 & 린치PER배수<1	90732583.0	단기위험부채 존재; fs=2025:CFS,2024:CFS,2022:CFS,2020:CFS
"=""005380"""	현대자동차	직접추가	메인	389000.0	10000.0	36088.0	18360566000000.0	5857507000000.0	131240462000000.0	10388351000000.0						판정불가	일반	일반	-522678.0458231802	-573412.8785132379	25.262637048968635	26.66850139972395	Y	Y	-24.20875774440827	8.159836431248424	45.92494426173537		24.819672862496848	100.34988852347074		895692.3542617862	3621426.777035012		130.25510392333834	830.9580403688976	3년	24.819672862496848	895692.3542617862	130.25510392333834	2.570694087403599	-0.8565243452242077	0.42475892353803596	1.9196585952264569	-83323.46231986141	-21.41991319276643	3년	0.42475892353803596	불리(<1)	3년	8.159836431248424	3.0959734624366173	매우 불리	N	주당순현금<=0 / 주당FCF<=0	제외	하드필터 미통과	204757766.0	주당순현금 음수(린치식); 주당순현금 음수(보수형); 단기위험부채 존재; 주당FCF 음수; 배당감안점수<1; PER>연성장률의 2배; fs=2025:CFS,2024:CFS,2022:CFS,2020:CFS
"=""064350"""	현대로템	방산	메인	123900.0	600.0	7055.0	908414081000.0		60775088000.0	49136977000.0						판정불가	일반	일반	7766.386844661084	7316.175404518884	16.461178335271285	16.52499285548988	N	N	89.24356223175967	57.31843168250532	84.95065921728904	186.98712446351934	123.13686336501064	178.4013184345781	1319194.163090129	868730.57104015	1258621.3015559483	964.7249096772631	601.1546174658192	915.8364015786509	3년	123.13686336501064	868730.57104015	601.1546174658192	0.48426150121065376	5.45087489518967	3.511455377399225	5.190085361959704	6852.009336460757	5.530273879306503	3년	3.511455377399225	안심(>=2)	3년	57.31843168250532	0.28718821942742634	매우 유망	Y	통과	매우 유망	배당감안점수>=2 & 린치PER배수<=0.5	109142000.0	단기위험부채 존재; fs=2025:CFS,2024:CFS,2022:CFS,2020:CFS
"=""004020"""	현대제철	철강	watchlist	33850.0	500.0	-53.0	1342926134232.0	805366237672.0	5816297925103.0	1215935236760.0						판정불가	일반	일반	-27486.85957521251	-36598.68904783317			Y	Y													판정불가				1.4771048744460855				3999.7338333915905	11.816052683579292	판정불가		판정불가	판정불가			판정불가	N	주당순현금<=0 / 순현금차감PER<=0	제외	하드필터 미통과	133445785.0	린치식 단독판정 비중 낮춤; 주당순현금 음수(린치식); 주당순현금 음수(보수형); 단기위험부채 존재; fs=2025:CFS,2024:CFS,2022:CFS,2020:CFS
"=""011210"""	현대위아	직접추가	메인	57900.0	1200.0	5351.0	1116473000000.0	572468000000.0	739686000000.0	71245000000.0						판정불가	일반	일반	34905.39080171221	32285.615748994038	4.297254568919415	4.786840637452058	N	N	46.32212195788898	29.51602682110046	18.44874189552963	101.14424391577796	67.53205364220092	45.39748379105926	541222.8491933278	361364.01903941715	242921.9357659581	834.7544891076474	524.1174767520158	319.5542932054544	3년	67.53205364220092	361364.01903941715	524.1174767520158	2.072538860103627	11.26176260722713	7.35087139348771	4.7754398596854655	5543.207939464645	9.573761553479526	3년	7.35087139348771	안심(>=2)	3년	29.51602682110046	0.14559054966867654	매우 유망	Y	통과	매우 유망	배당감안점수>=2 & 린치PER배수<=0.5	27195083.0	단기위험부채 존재; fs=2025:CFS,2024:CFS,2022:CFS,2020:CFS
"=""139130"""	iM금융지주	직접추가	메인	18290.0	700.0	2511.0		10012037000000.0	9824584000000.0							판정불가	일반	일반	1167.025597818984	1167.025597818984	6.819185345352853	6.819185345352853	N	N	123.9964317573595			256.49286351471903			644053.5802854595			3421.3427024902103			1년	256.49286351471903	644053.5802854595	3421.3427024902103	3.827227993439038	18.74471117549371					1년	18.74471117549371	안심(>=2)	1년	123.9964317573595	0.05499501274921258	매우 유망	N	주당FCF<=0	제외	하드필터 미통과	160624583.0	fs=2025:CFS,2024:CFS,2022:NA,2020:NA
"=""024110"""	IBK기업은행	금융/은행	보정필요	20500.0	1048.0	3183.0			203390126000000.0							판정불가	금융보정	보정보류	-255058.34950533815	-255058.34950533815	86.57189742549109	86.57189742549109	Y	Y	2.4790727623953623			13.458145524790725			42837.27720540888			108.96232783126281			1년	13.458145524790725	42837.27720540888	108.96232783126281	5.11219512195122	0.08768743795733572					1년	0.08768743795733572	불리(<1)	1년	2.4790727623953623	34.92107966280201	매우 불리	N	주당순현금<=0 / 주당FCF<=0	제외	하드필터 미통과	797425869.0	린치식 단독판정 비중 낮춤; 주당순현금 음수(린치식); 주당순현금 음수(보수형); 배당감안점수<1; PER>연성장률의 2배; fs=2025:CFS,2024:CFS,2022:NA,2020:NA
"=""007660"""	이수페타시스	직접추가	메인	113000.0	230.0	2278.0	162780032068.0	175712986992.0	105628209085.0							판정불가	일반	일반	3172.1466751335415	3172.1466751335415	48.21240268870345	48.21240268870345	N	N	94.53458582408199	12.033069515911986		197.56917164816397	32.56613903182397		450062.57301451755	74185.66471449501		298.2854628447058	-34.34896927920795		3년	32.56613903182397	74185.66471449501	-34.34896927920795	0.20353982300884954	1.9650156466748492	0.25380625433521425		185.87558603504556	0.16449166905756243	3년	0.25380625433521425	불리(<1)	3년	12.033069515911986	4.006658702083417	매우 불리	Y	통과	제외	배당감안점수<1	73409219.0	1년 점수 과열 가능; 배당감안점수<1; PER>연성장률의 2배; fs=2025:CFS,2024:CFS,2022:CFS,2020:CFS
"=""457190"""	이수스페셜티케미컬	직접추가	메인	66600.0		26.0	26339571000.0	550236000.0	1431768000.0							판정불가	일반	일반	842.7503651316791	842.7503651316791	2529.1249859564737	2529.1249859564737	N	N	-92.73743016759776												1년					-0.03666779249050279			-1474.6892904859199	-2.2142481839127925	1년	-0.03666779249050279	불리(<1)	1년	-92.73743016759776		판정불가	N	주당FCF<=0	제외	하드필터 미통과	30208280.0	주당FCF 음수; 배당감안점수<1; fs=2025:CFS,2024:OFS,2022:NA,2020:NA
"=""175330"""	JB금융지주	직접추가	메인	31450.0	1140.0	3619.0		3918901000000.0	14183144000000.0							판정불가	일반	일반	-54055.16269326126	-54055.16269326126	23.626737411788135	23.626737411788135	Y	Y	5.2340796743239215			18.968159348647845			68645.76868275655			118.26953476234196			1년	18.968159348647845	68645.76868275655	118.26953476234196	3.624801271860095	0.3749515132700479					1년	0.3749515132700479	불리(<1)	1년	5.2340796743239215	4.514019442174419	매우 불리	N	주당순현금<=0 / 주당FCF<=0	제외	하드필터 미통과	189884601.0	주당순현금 음수(린치식); 주당순현금 음수(보수형); 배당감안점수<1; PER>연성장률의 2배; fs=2025:CFS,2024:CFS,2022:NA,2020:NA
"=""035720"""	카카오	직접추가	메인	34900.0	75.0	1138.0	6373784263399.0	3754429416501.0	2787664614576.0	1144217904147.0						판정불가	일반	일반	16588.990645648104	14003.159539614913	16.090517886073723	18.362777205962292	N	N	803.1746031746031	-28.535770270641315	-8.670866917633225	1614.8492063492063			1837698.3968253967			5165.611452221767			3년				0.21489971346704873	49.92937508763472	-1.7600968941892083	-0.5255248627817494	1786.2097378837223	5.118079478176854	3년	-1.7600968941892083	불리(<1)	3년	-28.535770270641315		판정불가	Y	통과	보류	배당감안점수 또는 린치PER배수 미산출	442495220.0	단기위험부채 존재; 1년 점수 과열 가능; 배당감안점수<1; fs=2025:CFS,2024:CFS,2022:CFS,2020:CFS
"=""323410"""	카카오뱅크	직접추가	메인	21350.0	460.0	1008.0		5031536000000.0								판정불가	일반	일반	10548.040591320245	10548.040591320245	10.716229572102932	10.716229572102932	N	N	9.090909090909083			26.681818181818166			26895.27272727271			25.973174366616902			1년	26.681818181818166	26895.27272727271	25.973174366616902	2.1545667447306793	1.0493873577433048			12444.320071931525	58.287213451669906	1년	1.0493873577433048	보통(1~1.5)	1년	9.090909090909083	1.1787852529313236	보통	Y	통과	보류	중간구간(보류)	477011437.0	fs=2025:OFS,2024:OFS,2022:NA,2020:NA
"=""377300"""	카카오페이	직접추가	메인	48450.0		335.0	1631491473258.0	2303511051026.0	95911725899.0	38914909706.0						판정불가	일반	일반	28407.16665292835	28119.217661003742	59.82935327484075	60.68890250446644	N	N	-428.4313725490196	-6.283340638970736											3년					-7.160889247472147	-0.10502103557941996		721.2173895844579	1.4885807834560534	3년	-0.10502103557941996	불리(<1)	3년	-6.283340638970736		판정불가	Y	통과	보류	배당감안점수 또는 린치PER배수 미산출	135145150.0	단기위험부채 존재; 배당감안점수<1; fs=2025:CFS,2024:CFS,2022:CFS,2020:NA
"=""035250"""	강원랜드	직접추가	메인	14690.0	950.0		200357737326.0	3009244892731.0	0.0							판정불가	일반	일반	15002.314335326879	15002.314335326879			N	N													판정불가				6.466984343090537				808.0316694922186	5.500555952976301	판정불가		판정불가	판정불가			판정불가	N	순현금차감PER<=0	제외	하드필터 미통과	213940500.0	EPS 미추출; fs=2025:CFS,2024:CFS,2022:CFS,2020:CFS
"=""105560"""	KB금융	금융/은행	보정필요	173400.0	4367.0	15410.0		89862530000000.0	80049270000000.0							판정불가	금융보정	보정양호	25725.386408830236	25725.386408830236	9.583037870938986	9.583037870938986	N	N	19.64285714285714			47.78571428571428			736377.857142857			324.6700444883835			1년	47.78571428571428	736377.857142857	324.6700444883835	2.5184544405997693	2.312555985055859					1년	2.312555985055859	안심(>=2)	1년	19.64285714285714	0.48786374615689393	매우 유망	N	주당FCF<=0	제외	하드필터 미통과	381462103.0	린치식 단독판정 비중 낮춤; fs=2025:CFS,2024:CFS,2022:NA,2020:NA
"=""002380"""	케이씨씨	직접추가	메인	495000.0	15000.0		1193612441434.0	36838546215.0	2949860953111.0	758686269704.0						판정불가	일반	일반	-193486.25179354099	-278861.68031899276			Y	Y													판정불가				3.0303030303030303				51624.29856328795	10.429151224906656	판정불가		판정불가	판정불가			판정불가	N	주당순현금<=0 / 순현금차감PER<=0	제외	하드필터 미통과	8886471.0	주당순현금 음수(린치식); 주당순현금 음수(보수형); 단기위험부채 존재; EPS 미추출; fs=2025:CFS,2024:CFS,2022:CFS,2020:CFS
"=""015760"""	한국전력	유틸리티	메인	32750.0	1542.0	13311.0	2240811000000.0	4250164000000.0	83995702000000.0							판정불가	일반	일반	-120730.62929345189	-120730.62929345189	11.530360550931704	11.530360550931704	Y	Y	144.73248758963044			297.9649751792609			3966211.7846111413			12010.570334690507			1년	297.9649751792609	3966211.7846111413	12010.570334690507	4.708396946564886	12.960642806969279			7699.067871674695	23.50860418831968	1년	12.960642806969279	안심(>=2)	1년	144.73248758963044	0.07966670609313711	매우 유망	N	주당순현금<=0	제외	하드필터 미통과	641964077.0	주당순현금 음수(린치식); 주당순현금 음수(보수형); fs=2025:CFS,2024:CFS,2022:CFS,2020:CFS
"=""052690"""	한전기술	원전/유틸리티	메인	145000.0	1347.0	2244.0	27327763423.0	143766317133.0	10000000.0							판정불가	일반	일반	4476.297241130298	4476.297241130298	62.62197092641253	62.62197092641253	N	N	45.90377113133941	68.14874025084036	33.4594702358408	100.30754226267882	144.79748050168072	75.4189404716816	225090.12483745127	324925.5462457715	169240.1024184535	55.234568853414665	124.08658361777344	16.71731201272655	3년	144.79748050168072	324925.5462457715	124.08658361777344	0.9289655172413792	0.7478643031471213	1.1030905726243492	0.5491432997772019	565.6546605965464	0.3901066624803768	3년	1.1030905726243492	보통(1~1.5)	3년	68.14874025084036	0.9189013721444443	헐값	Y	통과	보류	중간구간(보류)	38220000.0	fs=2025:CFS,2024:CFS,2022:CFS,2020:CFS
"=""051600"""	한전KPS	원전/유틸리티	메인	48900.0	1651.0	2761.0	145552915316.0	253105895590.0								판정불가	일반	일반	8859.0846868	8859.0846868	14.502323546975733	14.502323546975733	N	N	-27.94885177453027	7.4435664015639835	7.368549852889328		23.38713280312797	23.237099705778654		64571.873669436325	64157.632287654866		32.04882140989022	31.201702019744104	3년	23.38713280312797	64571.873669436325	32.04882140989022	3.376278118609407	-1.6943887354550953	0.7460766190414864	0.7409038928620115	1565.3651230222222	3.2011556708020903	3년	0.7460766190414864	불리(<1)	3년	7.4435664015639835	1.948303106952686	보통	Y	통과	제외	배당감안점수<1	45000000.0	배당감안점수<1; fs=2025:CFS,2024:CFS,2022:CFS,2020:CFS
"=""000270"""	기아	직접추가	메인	127000.0	6800.0	19382.0	13998106000000.0	7661873000000.0	978970000000.0	211292000000.0						판정불가	일반	일반	52972.13234688462	52430.93110337479	3.8194132521471156	3.847336131288062	N	N	-22.138753866548832	12.82583771622907	39.189006811542605		34.15167543245814	86.87801362308521		661927.7732319037	1683869.6600426375		421.2029710487431	1225.881622080817	3년	34.15167543245814	661927.7732319037	421.2029710487431	5.354330708661418	-4.394503042699532	4.75993751518518	11.662350884697696	10401.987179740363	8.190541086409734	3년	4.75993751518518	안심(>=2)	3년	12.82583771622907	0.2977905487853048	매우 유망	Y	통과	매우 유망	배당감안점수>=2 & 린치PER배수<=0.5	390412998.0	단기위험부채 존재; fs=2025:CFS,2024:CFS,2022:CFS,2020:CFS
"=""039490"""	키움증권	직접추가	메인	274500.0	11500.0	42059.0		62457765152889.0								판정불가	일반	일반	2288251.0791779323	2288251.0791779323	-47.87919539641771	-47.87919539641771	N	N	43.20394960844398			94.90789921688796			3991731.3331630905			1354.1826350320912			1년	94.90789921688796	3991731.3331630905	1354.1826350320912	4.189435336976321	-0.9898534123855859			-250622.40952773768	-91.30142423597	1년	-0.9898534123855859	불리(<1)	1년	43.20394960844398		판정불가	N	주당FCF<=0 / 순현금차감PER<=0	제외	하드필터 미통과	27294979.0	주당FCF 음수; 배당감안점수<1; fs=2025:CFS,2024:CFS,2022:NA,2020:NA
"=""161890"""	한국콜마	직접추가	메인	139400.0	864.0	5299.0	225316644282.0	284826044.0	476529423888.0	829915405830.0						판정불가	일반	일반	-10630.253549352963	-45788.59706291151	28.31293707291054	34.947838660674	Y	Y	38.35509138381201		-5.429179724160593	85.21018276762402			451528.7584856397			223.908722012654			5년				0.6197991391678622	1.3765753239451286		-0.16986512464629766	4731.724715873624	3.3943505852751965	5년	-0.16986512464629766	불리(<1)	5년	-5.429179724160593		판정불가	N	주당순현금<=0	제외	하드필터 미통과	23605077.0	주당순현금 음수(린치식); 주당순현금 음수(보수형); 단기위험부채 존재; 배당감안점수<1; fs=2025:CFS,2024:CFS,2022:CFS,2020:CFS
"=""120110"""	코오롱인더	직접추가	메인	54800.0	1300.0		263843934948.0	219536778414.0	1102334698976.0	1502712536405.0						판정불가	일반	일반	-22491.80343980112	-77097.98706719637			Y	Y													판정불가				2.3722627737226274				6217.225588737651	11.34530216922929	판정불가		판정불가	판정불가			판정불가	N	주당순현금<=0 / 순현금차감PER<=0	제외	하드필터 미통과	27519091.0	주당순현금 음수(린치식); 주당순현금 음수(보수형); 단기위험부채 존재; EPS 미추출; fs=2025:CFS,2024:CFS,2022:CFS,2020:CFS
"=""047810"""	한국항공우주	우주항공/방산	메인	133100.0	500.0	1907.0	60938581663.0	200000.0	1487227060504.0	492840000000.0						판정불가	일반	일반	-14632.333554052933	-19688.393661788952	77.46844968749498	80.11976594745094	Y	Y	8.045325779036826	16.21391673368946	20.01192023737235	24.590651558073652	40.92783346737892	48.5238404747447	46894.372521246456	78049.3784222916	92534.96378533814	-64.7675638457953	-41.36034679016408	-30.477112107183967	3년	40.92783346737892	78049.3784222916	-41.36034679016408	0.3756574004507889	0.1087021001899169	0.21414620017648486	0.26317265570778703	-11214.27678311756	-8.425452128563157	3년	0.21414620017648486	불리(<1)	3년	16.21391673368946	4.777898576876873	매우 불리	N	주당순현금<=0 / 주당FCF<=0	제외	하드필터 미통과	97475107.0	주당순현금 음수(린치식); 주당순현금 음수(보수형); 단기위험부채 존재; 주당FCF 음수; 배당감안점수<1; PER>연성장률의 2배; fs=2025:CFS,2024:CFS,2022:CFS,2020:CFS
"=""071320"""	지역난방공사	유틸리티	메인	74800.0	6157.0	28102.0	13136000000.0	14472000000.0	3000419000000.0							판정불가	일반	일반	-256747.27759763927	-256747.27759763927	11.797995786692734	11.797995786692734	Y	Y	66.77744807121661		65.27173293436219	142.05489614243322		139.04346586872438	3992026.6913946583		3907399.4778428925	5236.934079404623		5123.796093372851	5년	139.04346586872438	3907399.4778428925	5123.796093372851	8.231283422459892	6.357752015667		6.230127361100438	29663.925551856057	39.65765448109099	5년	6.230127361100438	안심(>=2)	5년	65.27173293436219	0.18075199257474747	매우 유망	N	주당순현금<=0	제외	하드필터 미통과	11578744.0	주당순현금 음수(린치식); 주당순현금 음수(보수형); fs=2025:CFS,2024:CFS,2022:CFS,2020:CFS
"=""036460"""	한국가스공사	유틸리티	메인	36500.0	1154.0		1147352000000.0	151248000000.0	21802116000000.0							판정불가	일반	일반	-222108.6520858384	-222108.6520858384			Y	Y													판정불가				3.1616438356164385				46549.424241439454	127.53266915462864	판정불가		판정불가	판정불가			판정불가	N	주당순현금<=0 / 순현금차감PER<=0	제외	하드필터 미통과	92313000.0	주당순현금 음수(린치식); 주당순현금 음수(보수형); EPS 미추출; fs=2025:CFS,2024:CFS,2022:CFS,2020:CFS
"=""071050"""	한국금융지주	직접추가	메인	193400.0	8690.0	34592.0		111427682000000.0								판정불가	일반	일반	1999563.901886215	1999563.901886215	-52.21334128949511	-52.21334128949511	N	N													판정불가				4.493278179937953						판정불가		판정불가	판정불가			판정불가	N	주당FCF<=0 / 순현금차감PER<=0	제외	하드필터 미통과	55725992.0	fs=2025:CFS,2024:CFS,2022:NA,2020:NA
"=""006650"""	대한유화	직접추가	메인	106300.0	1300.0	5134.0	151455436829.0	90052666000.0								판정불가	일반	일반	37155.09274292308	37155.09274292308	13.468038032153666	13.468038032153666	N	N	-471.7595944967415		-24.26352631533887										5년				1.2229539040451554	-34.937281842339225		-1.7107593813060615	19148.828141846156	18.013949333815763	5년	-1.7107593813060615	불리(<1)	5년	-24.26352631533887		판정불가	Y	통과	보류	배당감안점수 또는 린치PER배수 미산출	6500000.0	배당감안점수<1; fs=2025:CFS,2024:CFS,2022:CFS,2020:CFS
"=""010130"""	고려아연	소재	메인	1224000.0	20000.0	42566.0	3451069963536.0	1038402532013.0	2668945939951.0	3128688084125.0						판정불가	일반	일반	87219.33882994796	-62672.518151442666	26.706306939107552	30.22770563716212	N	Y	184.74145427787812	8.708371766163726	5.597910450753152	377.98290855575624	25.91674353232745	19.695820901506302	16089220.48558432	1103172.1051970504	838372.3124935173	1214.4787978418562	-9.871560032920723	-31.50553002503944	3년	25.91674353232745	1103172.1051970504	-9.871560032920723	1.6339869281045754	6.9787051287522885	0.3872627809546891	0.27079361423303544	-75274.78704653852	-6.149900902494977	3년	0.3872627809546891	불리(<1)	3년	8.708371766163726	3.0667394153835494	매우 불리	N	주당FCF<=0	제외	하드필터 미통과	20872969.0	주당순현금 음수(보수형); 단기위험부채 존재; 주당FCF 음수; 1년 점수 과열 가능; 배당감안점수<1; PER>연성장률의 2배; fs=2025:CFS,2024:CFS,2022:CFS,2020:CFS
"=""003490"""	대한항공	직접추가	메인	29550.0	750.0	2133.0	1869988073408.0	3532702331766.0	5900725093281.0	2027009390000.0						판정불가	일반	일반	-1352.5441151358968	-6857.420958534969	14.487831277607079	17.06864555018048	Y	Y	-40.1850813236119	-23.620676172572395	-13.307685693628002										3년				2.5380710659898478	-2.598526276034885	-1.4551939971283758	-0.7433558840710732	-599.9903851348527	-2.0304243151771666	3년	-1.4551939971283758	불리(<1)	3년	-23.620676172572395		판정불가	N	주당순현금<=0 / 주당FCF<=0	제외	하드필터 미통과	368220661.0	주당순현금 음수(린치식); 주당순현금 음수(보수형); 단기위험부채 존재; 주당FCF 음수; 1년 점수 과열 가능; 배당감안점수<1; fs=2025:CFS,2024:CFS,2022:CFS,2020:CFS
"=""259960"""	크래프톤	직접추가	메인	208500.0	2240.0	16454.0	596725775511.0	2771628277288.0	232600090556.0	253882981026.0						판정불가	일반	일반	66149.80047167496	60794.052303852826	8.65140388527562	8.976902132985728	N	N	-42.45444689259609	15.546458229987593			39.592916459975186			651461.8474324316			212.4517253872574		3년	39.592916459975186	651461.8474324316	212.4517253872574	1.0743405275779376	-4.783051041628702	1.9211678217743984		19894.79976593031	9.541870391333482	3년	1.9211678217743984	양호(>=1.5)	3년	15.546458229987593	0.5564871276332194	헐값	Y	통과	양호	배당감안점수>=1.5 & 린치PER배수<1	47403831.0	단기위험부채 존재; fs=2025:CFS,2024:CFS,2022:CFS,2020:NA
"=""030200"""	KT	통신	보정필요	52000.0	2400.0	7119.0	3506971000000.0									판정불가	통신보정	보정양호	13915.354148989203	13915.354148989203	5.349718478860908	5.349718478860908	N	N	273.1132075471698	10.974077918572789	21.542256858726816	554.7264150943396	30.448155837145578	51.58451371745363	3949097.3490566034	216760.42140463938	367230.1531545524	7494.417978955006	316.8469642396911	606.2118329895238	3년	30.448155837145578	216760.42140463938	316.8469642396911	4.615384615384616	51.91461817289682	2.914071571346835	4.889536071378669	17845.761962904104	34.318773005584816	3년	2.914071571346835	안심(>=2)	3년	10.974077918572789	0.4874868320195647	매우 유망	Y	통과	매우 유망	배당감안점수>=2 & 린치PER배수<=0.5	252021685.0	린치식 단독판정 비중 낮춤; 1년 점수 과열 가능; fs=2025:CFS,2024:CFS,2022:CFS,2020:CFS
"=""033780"""	KT&G	필수소비재	메인	169100.0	6000.0	10228.0	913503000000.0		1062456000000.0	332978000000.0						판정불가	일반	일반	-1262.563450588038	-4084.9695293504915	16.656488409326165	16.93243738065609	Y	Y	-10.146710006149517	6.408926515670932	1.8767217197089403		21.317853031341862	12.25344343941788		218039.00080456457	125328.21949836609		28.940863870233336	-25.88514518133289	3년	21.317853031341862	218039.00080456457	28.940863870233336	3.548196333530455	-0.396152749034693	0.5977924400695572	0.3256939830247724	-776.4757168675206	-0.45918138194412816	3년	0.5977924400695572	불리(<1)	3년	6.408926515670932	2.598951379548225	매우 불리	N	주당순현금<=0 / 주당FCF<=0	제외	하드필터 미통과	117976645.0	주당순현금 음수(린치식); 주당순현금 음수(보수형); 단기위험부채 존재; 주당FCF 음수; 배당감안점수<1; PER>연성장률의 2배; fs=2025:CFS,2024:CFS,2022:CFS,2020:CFS
"=""011780"""	금호석유	석유화학	watchlist	126800.0	1700.0	11391.0	650436032913.0	82275660739.0								판정불가	일반	일반	28146.856005717942	28146.856005717942	8.660621893976126	8.660621893976126	N	N	-15.138195634358931	-32.65223990875862	-11.416304781151009										3년				1.3406940063091484	-1.593130585419807	-3.615392322372154	-1.16338190238393	19963.595148223274	15.74416021153255	3년	-3.615392322372154	불리(<1)	3년	-32.65223990875862		판정불가	Y	통과	보류	배당감안점수 또는 린치PER배수 미산출	26031742.0	린치식 단독판정 비중 낮춤; 1년 점수 과열 가능; 배당감안점수<1; fs=2025:CFS,2024:CFS,2022:CFS,2020:CFS
"=""073240"""	금호타이어	직접추가	메인	7680.0		1209.0	574762190002.0	23370402051.0	732635884134.0	995816495352.0						판정불가	일반	일반	-468.2279387996295	-3934.8278846250682	6.739642629280091	9.60697095502487	Y	Y	6.896551724137923			22.293103448275843			26952.362068965496			250.94221443965492			1년	22.293103448275843	26952.362068965496	250.94221443965492		1.0232815155771238			2095.5020502990724	27.285182946602504	1년	1.0232815155771238	보통(1~1.5)	1년	6.896551724137923	0.9772481812456144	헐값	N	주당순현금<=0	제외	하드필터 미통과	287260287.0	주당순현금 음수(린치식); 주당순현금 음수(보수형); 단기위험부채 존재; fs=2025:CFS,2024:CFS,2022:CFS,2020:CFS
"=""066970"""	엘앤에프	2차전지	메인	123100.0		-15508.0	382883140911.0	62183142824.0	390410933286.0	781033333338.0						판정불가	일반	일반	1358.2710122097233	-18051.629894608985			N	Y	37.65311556896857			83.80623113793715									1년	83.80623113793715							-4189.943890632833	-3.403691219035608	판정불가		판정불가	1년	37.65311556896857		판정불가	N	주당FCF<=0 / 순현금차감PER<=0	제외	하드필터 미통과	40238914.0	주당순현금 음수(보수형); 단기위험부채 존재; 주당FCF 음수; fs=2025:CFS,2024:CFS,2022:CFS,2020:CFS
"=""003550"""	LG	직접추가	메인	118000.0	3100.0	4780.0	1511450000000.0	1839426000000.0	159829000000.0	0.0						판정불가	일반	일반	20691.31243852798	20691.31243852798	20.357466017044356	20.357466017044356	N	N	28.77155172413792	-27.26466268691552	-10.530872700659177	66.04310344827584			315686.03448275855			167.53053769725298			3년				2.6271186440677963	1.54236634077724	-1.210246109325191	-0.38824842197815473	5491.624275551311	4.653918877585856	3년	-1.210246109325191	불리(<1)	3년	-27.26466268691552		판정불가	Y	통과	보류	배당감안점수 또는 린치PER배수 미산출	154221585.0	1년 점수 과열 가능; 배당감안점수<1; fs=2025:CFS,2024:CFS,2022:CFS,2020:CFS
"=""051910"""	LG화학	석유화학	watchlist	280500.0	2000.0	-23244.0	9899926000000.0	245464000000.0	2407851000000.0							판정불가	일반	일반	109608.75742571683	109608.75742571683			N	N	163.35825968728756			335.2165193745751									1년	335.2165193745751			0.7130124777183601				-79651.86819199358	-28.396387947234786	판정불가		판정불가	1년	163.35825968728756		판정불가	N	주당FCF<=0 / 순현금차감PER<=0	제외	하드필터 미통과	70592343.0	린치식 단독판정 비중 낮춤; 주당FCF 음수; fs=2025:CFS,2024:CFS,2022:CFS,2020:CFS
"=""064400"""	LG씨엔에스	직접추가	메인	72300.0	1850.0	4549.0	1140987852000.0	602021775000.0	159828598000.0	0.0						판정불가	일반	일반	16340.667162589976	16340.667162589976	12.301458086922405	12.301458086922405	N	N	8.827751196172251			26.155502392344502			118981.38038277514			64.56622459581625			1년	26.155502392344502	118981.38038277514	64.56622459581625	2.5587828492392806	0.9256247482984539			3767.269821212876	5.210608328095264	1년	0.9256247482984539	불리(<1)	1년	8.827751196172251	1.3934985041554375	보통	Y	통과	제외	배당감안점수<1	96885948.0	배당감안점수<1; fs=2025:CFS,2024:CFS,2022:NA,2020:NA
"=""034220"""	LG디스플레이	직접추가	메인	8970.0		453.0	1572058000000.0	611000000.0	8934975000000.0							판정불가	일반	일반	-14724.612	-14724.612	52.30598675496689	52.30598675496689	Y	Y	-108.33026848105922												1년					-2.071087368804344			490.0	5.4626532887402455	1년	-2.071087368804344	불리(<1)	1년	-108.33026848105922		판정불가	N	주당순현금<=0	제외	하드필터 미통과	500000000.0	주당순현금 음수(린치식); 주당순현금 음수(보수형); 배당감안점수<1; fs=2025:CFS,2024:CFS,2022:CFS,2020:CFS
"=""066570"""	LG전자	직접추가	메인	206500.0	1350.0	5380.0	8769841000000.0	226864000000.0								판정불가	일반	일반	55233.007286238106	55233.007286238106	28.116541396610018	28.116541396610018	N	N	157.90987535953977	-6.773782148657093	-13.211093618974335	324.31975071907954			1744840.258868648			744.9589631325172			3년				0.6537530266343826	5.639513983938722	-0.2176664987237938	-0.44661754143964444	2290.6763841474362	1.1092863845750296	3년	-0.2176664987237938	불리(<1)	3년	-6.773782148657093		판정불가	Y	통과	보류	배당감안점수 또는 린치PER배수 미산출	162886387.0	1년 점수 과열 가능; 배당감안점수<1; fs=2025:CFS,2024:CFS,2022:CFS,2020:CFS
"=""373220"""	LG에너지솔루션	2차전지	메인	365000.0		-4585.0	3779307000000.0	46724000000.0	2407851000000.0							판정불가	일반	일반	6060.598290598291	6060.598290598291			N	N													판정불가								-28061.529914529914	-7.6880903875424424	판정불가		판정불가	판정불가			판정불가	N	주당FCF<=0 / 순현금차감PER<=0	제외	하드필터 미통과	234000000.0	주당FCF 음수; fs=2025:CFS,2024:CFS,2022:CFS,2020:CFS
"=""051900"""	LG생활건강	직접추가	메인	295000.0	2000.0	-5930.0	1086333734803.0	100697817600.0	120239309804.0	55803511595.0						판정불가	일반	일반	69713.77885077163	66067.07660540048			N	N	-152.33430412143676												1년				0.6779661016949152				22989.9067608023	7.793188732475357	판정불가		판정불가	1년	-152.33430412143676		판정불가	N	순현금차감PER<=0	제외	하드필터 미통과	15302459.0	단기위험부채 존재; fs=2025:CFS,2024:CFS,2022:CFS,2020:CFS
"=""011070"""	LG이노텍	직접추가	메인	557000.0	1880.0	14421.0	1406403000000.0	72896000000.0								판정불가	일반	일반	62504.42861478592	62504.42861478592	34.28996403752958	34.28996403752958	N	N	-24.040031603897816	-29.57093933979966	0.6187699510769251			9.73753990215385			140425.0629289607			-74.78903717612914	3년				0.3375224416517056	-0.6912375042535552	-0.8525356534685382	0.027888404656300908	24374.504243378797	4.3760330778058885	3년	-0.8525356534685382	불리(<1)	3년	-29.57093933979966		판정불가	Y	통과	보류	배당감안점수 또는 린치PER배수 미산출	23667107.0	1년 점수 과열 가능; 배당감안점수<1; fs=2025:CFS,2024:CFS,2022:CFS,2020:CFS
"=""032640"""	LG유플러스	통신	보정필요	14760.0	660.0	1221.0	794318000000.0	96103000000.0	6032435000000.0	0.0						판정불가	통신보정	보정주의	-11962.94739559469	-11962.94739559469	21.886115803107852	21.886115803107852	Y	Y	40.18369690011481	-7.505357255026945	16.093370483592317	88.86739380022962		40.68674096718463	108507.08783008037		49678.510720932434	635.1428714775093		236.5752758870761	3년				4.471544715447155	2.040345670163221	-0.13861813429448208	0.9396329336847989	2279.814694868141	15.445899016721823	3년	-0.13861813429448208	불리(<1)	3년	-7.505357255026945		판정불가	N	주당순현금<=0	제외	하드필터 미통과	429828355.0	린치식 단독판정 비중 낮춤; 주당순현금 음수(린치식); 주당순현금 음수(보수형); 1년 점수 과열 가능; 배당감안점수<1; fs=2025:CFS,2024:CFS,2022:CFS,2020:CFS
"=""079550"""	LIG넥스원	우주항공/방산	메인	680000.0	2950.0	11604.0	125190009682.0	74459447021.0	923361958512.0	603656788627.0						판정불가	일반	일반	-32896.0228095	-60334.96774709091	61.4353690804464	63.79997998509918	Y	Y	14.066647006782663	27.179527397785485	34.219216690902975	36.633294013565326	62.85905479557097	76.93843338180595	425092.74373341206	729416.4718478055	892793.5809624762	-37.486361215674705	7.267128212912577	31.29317367095239	3년	62.85905479557097	729416.4718478055	7.267128212912577	0.4338235294117647	0.23602805278514435	0.44946992816204967	0.5640568411811508	-39377.47379822727	-5.79080497032754	3년	0.44946992816204967	불리(<1)	3년	27.179527397785485	2.2603545742834363	매우 불리	N	주당순현금<=0 / 주당FCF<=0	제외	하드필터 미통과	22000000.0	주당순현금 음수(린치식); 주당순현금 음수(보수형); 단기위험부채 존재; 주당FCF 음수; 배당감안점수<1; PER>연성장률의 2배; fs=2025:CFS,2024:CFS,2022:CFS,2020:CFS
"=""004990"""	롯데지주	직접추가	메인	25100.0	1250.0	-8978.0	1391291862106.0	1039362449959.0	5672138060606.0	3773429305995.0						판정불가	일반	일반	-30897.982305800204	-66866.49579327319			Y	Y	-37.605115018416846												1년				4.9800796812749				-1991.5043153635747	-7.934280140890736	판정불가		판정불가	1년	-37.605115018416846		판정불가	N	주당순현금<=0 / 주당FCF<=0 / 순현금차감PER<=0	제외	하드필터 미통과	104909237.0	주당순현금 음수(린치식); 주당순현금 음수(보수형); 단기위험부채 존재; 주당FCF 음수; fs=2025:CFS,2024:CFS,2022:CFS,2020:CFS
"=""011170"""	롯데케미칼	석유화학	watchlist	65700.0	1000.0		1870312010924.0	824440281077.0	9399387662619.0							판정불가	일반	일반	-156740.37864171478	-156740.37864171478			Y	Y													판정불가				1.5220700152207				-26783.67225319289	-40.766624434083546	판정불가		판정불가	판정불가			판정불가	N	주당순현금<=0 / 주당FCF<=0 / 순현금차감PER<=0	제외	하드필터 미통과	42775419.0	린치식 단독판정 비중 낮춤; 주당순현금 음수(린치식); 주당순현금 음수(보수형); 주당FCF 음수; EPS 미추출; fs=2025:CFS,2024:CFS,2022:CFS,2020:CFS
"=""005300"""	롯데칠성음료	직접추가	메인	97500.0	3400.0	4697.0	213358325740.0	11845742299.0	168590223949.0	1587240348429.0						판정불가	일반	일반	5630.868480357551	-152237.61390908112	19.559108264773784	53.16960057676839	N	Y	-20.09186798230691	-28.321091651421646											3년				3.4871794871794872	-0.8489491581286804	-1.2696852958766207		12123.245426933277	12.43409787377772	3년	-1.2696852958766207	불리(<1)	3년	-28.321091651421646		판정불가	Y	통과	보류	배당감안점수 또는 린치PER배수 미산출	10054194.0	주당순현금 음수(보수형); 단기위험부채 존재; 1년 점수 과열 가능; 배당감안점수<1; fs=2025:CFS,2024:CFS,2022:CFS,2020:CFS
"=""004000"""	롯데정밀화학	직접추가	메인	46400.0	1500.0	4165.0	172038879703.0	562065025.0	45301437028.0	842860000.0						판정불가	일반	일반	4934.089445736434	4901.420453488372	9.955800853364602	9.963644548982383	N	N		-10.129293888244783	-11.804095268565707										3년				3.2327586206896552		-0.6927152691312037	-0.8609389414392851	1136.2980498449613	2.4489182108727614	3년	-0.6927152691312037	불리(<1)	3년	-10.129293888244783		판정불가	Y	통과	보류	배당감안점수 또는 린치PER배수 미산출	25800000.0	단기위험부채 존재; 배당감안점수<1; fs=2025:CFS,2024:CFS,2022:CFS,2020:CFS
"=""023530"""	롯데쇼핑	직접추가	메인	111700.0	4000.0	1824.0	571525104252.0		9833740433980.0							판정불가	일반	일반	-327416.85979916755	-327416.85979916755	240.74389243375413	240.74389243375413	Y	Y	-105.26042567918326												1년				3.5810205908683974	-0.42235507642751163			36267.714863697605	32.46885842766124	1년	-0.42235507642751163	불리(<1)	1년	-105.26042567918326		판정불가	N	주당순현금<=0	제외	하드필터 미통과	28288755.0	주당순현금 음수(린치식); 주당순현금 음수(보수형); 배당감안점수<1; fs=2025:CFS,2024:CFS,2022:CFS,2020:CFS
"=""280360"""	롯데웰푸드	직접추가	메인	144700.0	3300.0	8176.0	465769787384.0	60447985569.0	1114724963974.0							판정불가	일반	일반	-63249.23537832038	-63249.23537832038	25.434104131399266	25.434104131399266	Y	Y	-14.575279490126425		5.046315298946524			18.59263059789305			152013.34776837355			5.054144967777163	5년	18.59263059789305	152013.34776837355	5.054144967777163	2.2805805114029023	-0.4833942219944479		0.28807367354072144	-12931.762180407184	-8.936946911131434	5년	0.28807367354072144	불리(<1)	5년	5.046315298946524	5.040133765860593	매우 불리	N	주당순현금<=0 / 주당FCF<=0	제외	하드필터 미통과	9304574.0	주당순현금 음수(린치식); 주당순현금 음수(보수형); 주당FCF 음수; 배당감안점수<1; PER>연성장률의 2배; fs=2025:CFS,2024:CFS,2022:CFS,2020:CFS
"=""006260"""	LS	직접추가	메인	321500.0	2500.0	9903.0	2086611000000.0	856757000000.0	2796384000000.0	5804770000000.0						판정불가	일반	일반	4636.719242902208	-178479.05362776027	31.996696027173364	50.487635426412226	N	Y	14.129307364296405	-15.509731147342876	16.589235636822398	36.75861472859281		41.678471273644796	364020.5616572546		412741.90102290444	13.225680142225382		28.380062526564377	3년				0.7776049766718507	0.46588911331058935	-0.46042648147670273	0.5427698096936435	-31030.6309148265	-9.651829211454588	3년	-0.46042648147670273	불리(<1)	3년	-15.509731147342876		판정불가	N	주당FCF<=0	제외	하드필터 미통과	31700000.0	주당순현금 음수(보수형); 단기위험부채 존재; 주당FCF 음수; 1년 점수 과열 가능; 배당감안점수<1; fs=2025:CFS,2024:CFS,2022:CFS,2020:CFS
"=""010120"""	LS ELECTRIC	전력설비	메인	206000.0	3000.0	9647.0	762716704001.0	205184236697.0	773010797653.0	302192853551.0						판정불가	일반	일반	6496.3381015	-3576.7570168666666	20.680383735720948	21.72455240145814	N	Y	19.423124535776193	45.94979891928113	27.235637161019888	47.346249071552386	100.39959783856226	62.971274322039775	456749.26479326584	968554.9203486101	607483.8833847177	121.7229440744009	370.1722914313642	194.89508902170763	3년	100.39959783856226	968554.9203486101	370.1722914313642	1.4563106796116505	1.0096251347272187	2.292322531569317	1.3873991995164154	3012.7272868333334	1.4624889741909386	3년	2.292322531569317	안심(>=2)	3년	45.94979891928113	0.4500647276400418	매우 유망	Y	통과	매우 유망	배당감안점수>=2 & 린치PER배수<=0.5	30000000.0	주당순현금 음수(보수형); 단기위험부채 존재; fs=2025:CFS,2024:CFS,2022:CFS,2020:CFS
"=""138040"""	메리츠금융지주	직접추가	메인	127400.0	1350.0	12903.0		57255930460341.0								판정불가	일반	일반	326762.6475868441	326762.6475868441	-15.45087557830304	-15.45087557830304	N	N	5.253283302063783			19.006566604127563			245241.72889305794			92.49743241213339			1년	19.006566604127563	245241.72889305794	92.49743241213339	1.0596546310832025	-0.4085812419596438					1년	-0.4085812419596438	불리(<1)	1년	5.253283302063783		판정불가	N	주당FCF<=0 / 순현금차감PER<=0	제외	하드필터 미통과	175221773.0	배당감안점수<1; fs=2025:CFS,2024:CFS,2022:NA,2020:NA
"=""006800"""	미래에셋증권	금융/증권	보정필요	34750.0	0.0	2680.0	1698057000000.0	128930885000000.0	9756730000000.0							판정불가	금융보정	보정주의	213146.27533903014	213146.27533903014	-66.56577438023513	-66.56577438023513	N	N	73.46278317152104			155.42556634304208			416540.51779935276			1098.6777490628856			1년	155.42556634304208	416540.51779935276	1098.6777490628856	0.0	-1.103611936546986			-12193.31326010751	-35.08867125210794	1년	-1.103611936546986	불리(<1)	1년	73.46278317152104		판정불가	N	주당FCF<=0 / 순현금차감PER<=0	제외	하드필터 미통과	567085734.0	린치식 단독판정 비중 낮춤; 주당FCF 음수; 배당감안점수<1; fs=2025:CFS,2024:CFS,2022:NA,2020:NA
"=""081660"""	미스토홀딩스	직접추가	메인	39800.0	1980.0	4061.0	625567094487.0	7474935386.0	1662319967352.0							판정불가	일반	일반	-19386.744506858304	-19386.744506858304	14.574426128258631	14.574426128258631	Y	Y	186.591390261115	-10.790250426997183	11.983680556282028	381.68278052223		32.467361112564056	1550013.7717007762		131849.95347812262	3794.506964072302		231.28129014603672	3년				4.974874371859297	13.144000521676997	-0.39901235245635797	1.1635830309133106	5893.732083819284	14.808372069897697	3년	-0.39901235245635797	불리(<1)	3년	-10.790250426997183		판정불가	N	주당순현금<=0	제외	하드필터 미통과	53091840.0	주당순현금 음수(린치식); 주당순현금 음수(보수형); 1년 점수 과열 가능; 배당감안점수<1; fs=2025:CFS,2024:CFS,2022:CFS,2020:CFS
"=""002840"""	미원상사	직접추가	메인	133000.0	2400.0	9449.0	26488253934.0	2869800000.0		56542234.0						판정불가	일반	일반	6180.642933473684	6168.739305263158	13.421458044928173	13.42271782143474	N	N	-12.428174235403155	-13.799130124356108	-1.8410746860862304			4.817850627827539			45523.87058234242			-65.77152587793803	3년				1.8045112781954888	-0.7915431335138909	-0.8936897024159948	-0.002724250060488656	4071.338190526316	3.061156534230313	3년	-0.8936897024159948	불리(<1)	3년	-13.799130124356108		판정불가	Y	통과	보류	배당감안점수 또는 린치PER배수 미산출	4750000.0	단기위험부채 존재; 1년 점수 과열 가능; 배당감안점수<1; fs=2025:CFS,2024:CFS,2022:CFS,2020:CFS
"=""268280"""	미원에스씨	직접추가	메인	133800.0	3200.0	12662.0	58959811112.0			34836825379.0						판정불가	일반	일반	11791.9622224	4824.5971466	9.635763526899384	10.186021391044068	N	N	13.418129702615555	-0.7008484463701614	13.343223272870098	35.33625940523111	7.098303107259677	35.186446545740196	447427.71658903634	89878.71394412204	445530.7861621624	234.40038609046064	-32.82607328540954	232.98265034541282	3년	7.098303107259677	89878.71394412204	-32.82607328540954	2.391629297458894	1.640737545700413	0.17546931764864465	1.6329637528363243	6279.6343486	4.693299214200299	3년	0.17546931764864465	불리(<1)	3년	-0.7008484463701614		판정불가	Y	통과	보류	배당감안점수 또는 린치PER배수 미산출	5000000.0	단기위험부채 존재; 1년 점수 과열 가능; 배당감안점수<1; fs=2025:CFS,2024:CFS,2022:CFS,2020:CFS
"=""035420"""	NAVER	직접추가	메인	208000.0	2630.0	13009.0	5984018799741.0	5235312755210.0	1256361590806.0	132159574017.0						판정불가	일반	일반	63518.0261625246	62675.45458896267	11.106309004341258	11.171077362674867	N	N	2.416942213824602		10.610774201816863	13.333884427649204		29.721548403633726	173460.5025192885		386647.62318287115	-16.60552763495745		85.88828037638037	5년	29.721548403633726	386647.62318287115	85.88828037638037	1.2644230769230769	0.3314661323855386		1.0692298651242405	11325.425174978569	5.444915949508927	5년	1.0692298651242405	보통(1~1.5)	5년	10.610774201816863	1.0467010976861184	보통	Y	통과	보류	중간구간(보류)	156852638.0	단기위험부채 존재; fs=2025:CFS,2024:CFS,2022:CFS,2020:CFS
"=""036570"""	NC	직접추가	메인	209500.0	1150.0	17876.0	503522487163.0	1499844872739.0	177813001472.0							판정불가	일반	일반	84736.00511687186	84736.00511687186	6.979413452848967	6.979413452848967	N	N	278.087986463621	-5.903415055311056	-8.909537463398499	564.675972927242			10094147.692047378			4718.208922218319			3년				0.548926014319809	39.92268323983621	-0.767183242139863	-1.197895998791406	2177.512866910366	1.0393856166636593	3년	-0.767183242139863	불리(<1)	3년	-5.903415055311056		판정불가	Y	통과	보류	배당감안점수 또는 린치PER배수 미산출	21544022.0	1년 점수 과열 가능; 배당감안점수<1; fs=2025:CFS,2024:CFS,2022:CFS,2020:CFS
"=""251270"""	넷마블	직접추가	메인	35150.0	876.0		688942929318.0	236601481356.0	377828444422.0	732523334222.0						판정불가	일반	일반	6372.235610039484	-2150.0853795346234			N	Y													판정불가				2.492176386913229				3193.167304922608	9.084402005469723	판정불가		판정불가	판정불가			판정불가	N	순현금차감PER<=0	제외	하드필터 미통과	85953502.0	주당순현금 음수(보수형); 단기위험부채 존재; EPS 미추출; fs=2025:CFS,2024:CFS,2022:CFS,2020:CFS
"=""005940"""	NH투자증권	직접추가	메인	26300.0	1300.0	2932.0	2630830000000.0	68236691000000.0	4707188000000.0							판정불가	일반	일반	185664.03388290948	185664.03388290948	-54.35335398462124	-54.35335398462124	N	N	45.43650793650793			99.37301587301586			291361.6825396825			1007.8390971090588			1년	99.37301587301586	291361.6825396825	1007.8390971090588	4.942965779467681	-0.9268880395169357			-15292.555387622808	-58.14659843202589	1년	-0.9268880395169357	불리(<1)	1년	45.43650793650793		판정불가	N	주당FCF<=0 / 순현금차감PER<=0	제외	하드필터 미통과	356344369.0	주당FCF 음수; 배당감안점수<1; fs=2025:CFS,2024:CFS,2022:NA,2020:NA
"=""004370"""	농심	필수소비재	메인	412500.0	6000.0	29342.0	253539960716.0	745596630000.0	125972160319.0	27652497602.0						판정불가	일반	일반	143550.1925638563	139004.05987973648	9.166035288533287	9.32097130803161	N	N	7.867068597897209	13.475331168715332	2.7004092516118794	24.234137195794418	35.450662337430664	13.900818503223759	711078.0535989997	1040193.3343048906	407877.8165215915	72.38255844824235	152.16808104360985	-1.1205293280990292	3년	35.450662337430664	1040193.3343048906	152.16808104360985	1.4545454545454546	1.0169733978772704	1.6288260030962425	0.45329900828062303	33019.471789396775	8.004720433793159	3년	1.6288260030962425	양호(>=1.5)	3년	13.475331168715332	0.6802085361592735	헐값	Y	통과	양호	배당감안점수>=1.5 & 린치PER배수<1	6082642.0	단기위험부채 존재; fs=2025:CFS,2024:CFS,2022:CFS,2020:CFS
"=""010060"""	OCI홀딩스	직접추가	메인	221500.0	1000.0	-4809.0	1034744959000.0									판정불가	일반	일반	55422.18002432964	55422.18002432964			N	N	-194.72129210163482												1년				0.4514672686230248				9707.740268037376	4.382726983312586	판정불가		판정불가	1년	-194.72129210163482		판정불가	N	순현금차감PER<=0	제외	하드필터 미통과	18670232.0	fs=2025:CFS,2024:CFS,2022:CFS,2020:CFS
"=""271560"""	오리온	필수소비재	메인	120100.0	3500.0	9682.0	311390944459.0	31192701875.0	22097727513.0							판정불가	일반	일반	8106.152590268567	8106.152590268567	11.567222413729748	11.567222413729748	N	N	-27.04393037450079	-0.8262042047842644	7.4207333275822185		6.847591590431471	23.34146665516444		66298.38177855751	225992.0801553021		-44.797350725597404	88.16992519175861	3년	6.847591590431471	66298.38177855751	-44.797350725597404	2.9142381348875936	-2.0860403108504584	0.1805129922655357	0.893470454082623	9890.016867456836	8.2348183742355	3년	0.1805129922655357	불리(<1)	3년	-0.8262042047842644		판정불가	Y	통과	보류	배당감안점수 또는 린치PER배수 미산출	39536132.0	배당감안점수<1; fs=2025:CFS,2024:CFS,2022:CFS,2020:CFS
"=""001800"""	오리온홀딩스	직접추가	메인	25300.0	1100.0	2011.0	353427526408.0	40225597539.0	23781543774.0							판정불가	일반	일반	5904.20765579646	5904.20765579646	9.64484949985258	9.64484949985258	N	N	-24.681647940074903	5.512222260013111	9.302936730683564		19.524444520026222	27.10587346136713		39263.65792977273	54509.911530809295		55.19232383309378	115.45419577394979	3년	19.524444520026222	39263.65792977273	55.19232383309378	4.3478260869565215	-2.108257039514114	1.0223123074258798	1.4153422319185733	5198.228152968624	20.546356335844365	3년	1.0223123074258798	보통(1~1.5)	3년	5.512222260013111	1.7497207196847753	보통	Y	통과	보류	중간구간(보류)	62645422.0	fs=2025:CFS,2024:CFS,2022:CFS,2020:CFS
"=""007310"""	오뚜기	직접추가	메인	336500.0	9000.0	20279.0	412685029869.0	273077178893.0	186473980697.0	509239504017.0						판정불가	일반	일반	124578.19519914767	-2482.958596547259	10.450308437341699	16.71596028386741	N	Y	-49.363264083100276	-36.84393156790511	-8.312202484315046										3년				2.674591381872214	-4.467683703420386	-3.2696968123865955	-0.539468393324944	8412.798855490377	2.500088812924332	3년	-3.2696968123865955	불리(<1)	3년	-36.84393156790511		판정불가	Y	통과	보류	배당감안점수 또는 린치PER배수 미산출	4007830.0	주당순현금 음수(보수형); 단기위험부채 존재; 1년 점수 과열 가능; 배당감안점수<1; fs=2025:CFS,2024:CFS,2022:CFS,2020:CFS
"=""028670"""	팬오션	직접추가	메인	5970.0	150.0	564.0	839667000000.0									판정불가	일반	일반	1570.7349206252525	1570.7349206252525	7.800115388962317	7.800115388962317	N	N	12.350597609561742	-23.645583428215545	26.662075505745552	33.201195219123484		61.824151011491104	18725.474103585646		34868.82117048098	213.65953272337762		484.06735628946365	3년				2.512562814070352	1.9055051986364786	-2.709321536967238	3.7402829144168765	898.78863125288	15.055085950634506	3년	-2.709321536967238	불리(<1)	3년	-23.645583428215545		판정불가	Y	통과	보류	배당감안점수 또는 린치PER배수 미산출	534569512.0	1년 점수 과열 가능; 배당감안점수<1; fs=2025:CFS,2024:CFS,2022:CFS,2020:CFS
"=""034230"""	파라다이스	직접추가	메인	9840.0	150.0	1087.0	341761126505.0	5000000000.0	796472209722.0	137240950000.0						판정불가	일반	일반	-4866.710272452332	-6351.912585875921	13.529632265365532	14.89596374045623	Y	Y	24.22857142857142	54.2810589168254		56.95714285714284	117.0621178336508		61912.414285714265	127246.52208517843		529.1912020905921	1193.1557122477482		3년	117.0621178336508	127246.52208517843	1193.1557122477482	1.524390243902439	1.9034487536219882	4.124683366567475		1428.3554813839717	14.515807737641989	3년	4.124683366567475	안심(>=2)	3년	54.2810589168254	0.2492514430511925	매우 유망	N	주당순현금<=0	제외	하드필터 미통과	92405559.0	주당순현금 음수(린치식); 주당순현금 음수(보수형); 단기위험부채 존재; fs=2025:CFS,2024:CFS,2022:CFS,2020:CFS
"=""103140"""	풍산	직접추가	메인	78800.0	1700.0	5388.0	239069532140.0	18564061989.0	421550501295.0	535368466545.0						판정불가	일반	일반	-5849.103665257674	-24952.841736404414	15.710672543663264	19.25628094588055	Y	Y	-37.65332099051145	-5.551366378147627	15.984603902585516			40.46920780517103			218048.09165426152			176.71077621099175	3년				2.1573604060913705	-2.2593533463172464	-0.2160318702222072	1.154754149337436			3년	-0.2160318702222072	불리(<1)	3년	-5.551366378147627		판정불가	N	주당순현금<=0 / 주당FCF<=0	제외	하드필터 미통과	28024278.0	주당순현금 음수(린치식); 주당순현금 음수(보수형); 단기위험부채 존재; 배당감안점수<1; fs=2025:CFS,2024:CFS,2022:CFS,2020:CFS
"=""005490"""	POSCO홀딩스	철강	watchlist	339000.0	10000.0	8697.0	7049800440769.0		16374578210992.0							판정불가	일반	일반	-115216.08368150219	-115216.08368150219	52.22675447642891	52.22675447642891	Y	Y	-39.817313680714136	-40.58072367872994	-15.48101970257214										3년				2.949852507374631	-0.7059113962361687	-0.7205286169627667	-0.2399376970830746	-20625.34356158169	-6.0841721420594945	3년	-0.7205286169627667	불리(<1)	3년	-40.58072367872994		판정불가	N	주당순현금<=0 / 주당FCF<=0	제외	하드필터 미통과	80932952.0	린치식 단독판정 비중 낮춤; 주당순현금 음수(린치식); 주당순현금 음수(보수형); 주당FCF 음수; 1년 점수 과열 가능; 배당감안점수<1; fs=2025:CFS,2024:CFS,2022:CFS,2020:CFS
"=""022100"""	포스코DX	직접추가	메인	22150.0	125.0	343.0	246949912811.0	5459116668.0	1166279518.0							판정불가	일반	일반	1652.5352570003922	1652.5352570003922	59.75937242857029	59.75937242857029	N	N	-40.86206896551724		43.180492810132876			94.86098562026575			32537.318067751152			46.895341163662074	5년	94.86098562026575	32537.318067751152	46.895341163662074	0.5643340857787811	-0.6743333010718259		0.7320161694836966	902.5027073978604	4.07450432233797	5년	0.7320161694836966	불리(<1)	5년	43.180492810132876	1.383943733373672	보통	Y	통과	제외	배당감안점수<1	152034729.0	배당감안점수<1; fs=2025:CFS,2024:CFS,2022:CFS,2020:CFS
"=""003670"""	포스코퓨처엠	2차전지	메인	193000.0	250.0	51.0	319841457995.0	455490703002.0	75416813902.0	2985898850806.0						판정불가	일반	일반	7868.972364368042	-25700.738083203534	3630.020149718274	4288.249766337324	N	Y	-101.85319767441861	-67.79595834778358	-36.26680545246004										3년				0.1295336787564767	-0.028022892380792135	-0.01864078486569247	-0.009955116027801714	-17346.109652439416	-8.987621581574826	3년	-0.01864078486569247	불리(<1)	3년	-67.79595834778358		판정불가	N	주당FCF<=0	제외	하드필터 미통과	88946220.0	주당순현금 음수(보수형); 단기위험부채 존재; 주당FCF 음수; 1년 점수 과열 가능; 배당감안점수<1; fs=2025:CFS,2024:CFS,2022:CFS,2020:CFS
"=""047050"""	포스코인터내셔널	에너지/상사	watchlist	57300.0	1850.0	3603.0	1171465925000.0	32399478000.0	3152207468000.0	2325933168000.0						판정불가	일반	일반	-11074.984015146463	-24296.313636184528	18.977236751358994	22.64677036807786	Y	Y	19.344153693275913	-8.992163844445855	13.250872999134566	47.18830738655183		35.00174599826913	170019.47151374622		126111.29083176368	196.71810037303007		120.0895127953991	3년				3.2286212914485164	1.1894658469235755	-0.3037082072860055	0.8683821836918885	5016.375456714567	8.754581948891042	3년	-0.3037082072860055	불리(<1)	3년	-8.992163844445855		판정불가	N	주당순현금<=0	제외	하드필터 미통과	175922788.0	린치식 단독판정 비중 낮춤; 주당순현금 음수(린치식); 주당순현금 음수(보수형); 단기위험부채 존재; 1년 점수 과열 가능; 배당감안점수<1; fs=2025:CFS,2024:CFS,2022:CFS,2020:CFS
"=""012750"""	에스원	직접추가	메인	80800.0	3200.0	5281.0	217937111676.0	27694386215.0	36737106943.0							판정불가	일반	일반	5497.339730559434	5497.339730559434	14.259166875485809	14.259166875485809	N	N	1.033097378993686	5.738563246263584	4.672200779142521	10.566194757987372	19.97712649252717	17.844401558285043	55800.07451693131	105499.20500703598	94236.2846293033	-30.94050183548105	30.56832302850989	16.629065135276377	3년	19.97712649252717	105499.20500703598	30.56832302850989	3.9603960396039604	0.35019531380773733	0.6801911619774842	0.605406816129457	4591.768535203577	5.682881850499476	3년	0.6801911619774842	불리(<1)	3년	5.738563246263584	2.4847973723684316	매우 불리	Y	통과	제외	배당감안점수<1	37999178.0	배당감안점수<1; PER>연성장률의 2배; fs=2025:CFS,2024:CFS,2022:CFS,2020:CFS
"=""062040"""	산일전기	직접추가	메인	196200.0	1250.0	4901.0	108606384509.0	126933410833.0	741366607.0	520000000.0						판정불가	일반	일반	7712.165751415659	7695.085883324793	38.459056161718905	38.46254113786476	N	N	60.1110748121529			128.7221496243058			630867.2553087228			221.54294358242757			1년	128.7221496243058	630867.2553087228	221.54294358242757	0.63710499490316	1.5795546191152539			3251.520036754562	1.6572477251552304	1년	1.5795546191152539	양호(>=1.5)	1년	60.1110748121529	0.6397998419077259	헐값	Y	통과	양호	배당감안점수>=1.5 & 린치PER배수<1	30445200.0	단기위험부채 존재; fs=2025:CFS,2024:OFS,2022:NA,2020:NA
"=""207940"""	삼성바이오로직스	헬스케어	메인	1423000.0		24091.0	148851266520.0	1307174500000.0	918724421281.0							판정불가	일반	일반	11607.049188490424	11607.049188490424	58.585901407642254	58.585901407642254	N	N	58.274751987385855	28.169383318294948	45.91602063406175	125.04950397477171	64.8387666365899	100.3320412681235	3012567.600256225	1562030.7270420871	2417099.2061903635	111.70538301168129	9.770254887005425	69.85939607802976	3년	64.8387666365899	1562030.7270420871	9.770254887005425		0.9946890051568651	0.48082188105789536	0.783738400038891	16692.97982791496	1.1730836140488377	3년	0.48082188105789536	불리(<1)	3년	28.169383318294948	2.07977223873385	매우 불리	Y	통과	제외	배당감안점수<1	46290951.0	배당감안점수<1; PER>연성장률의 2배; fs=2025:CFS,2024:CFS,2022:CFS,2020:CFS
"=""028260"""	삼성물산	직접추가	메인	379500.0	2800.0	14955.0	3458217651048.0	2068618122746.0	1611322967337.0	981336899188.0						판정불가	일반	일반	23035.606644979205	17262.240061011005	23.835800291208344	24.2218495445663	N	N	9.328167263688858	6.272963576271873	18.957826688295864	27.156334527377716	21.045927152543747	46.41565337659173	406122.9828569337	314741.84056629176	694146.0962469293	7.015278750180154	-17.064073632070688	82.91069729826859	3년	21.045927152543747	314741.84056629176	-17.064073632070688	0.7378129117259552	0.42230510628701545	0.294128009227519	0.8263049429595368	6578.623290328812	1.733497573209173	3년	0.294128009227519	불리(<1)	3년	6.272963576271873	3.799767048125339	매우 불리	Y	통과	제외	배당감안점수<1	169976544.0	단기위험부채 존재; 배당감안점수<1; PER>연성장률의 2배; fs=2025:CFS,2024:CFS,2022:CFS,2020:CFS
"=""029780"""	삼성카드	직접추가	메인	45600.0	2800.0	6053.0		29504306000000.0	18053189000000.0							판정불가	일반	일반	98836.75651616586	98836.75651616586	-8.795102679029549	-8.795102679029549	N	N	-2.8098908156711677			2.8802183686576646			17433.961785484844			-61.76762766341043			1년	2.8802183686576646	17433.961785484844	-61.76762766341043	6.140350877192982	-0.3786721068604167					1년	-0.3786721068604167	불리(<1)	1년	-2.8098908156711677		판정불가	N	주당FCF<=0 / 순현금차감PER<=0	제외	하드필터 미통과	115858891.0	배당감안점수<1; fs=2025:CFS,2024:CFS,2022:NA,2020:NA
"=""028050"""	삼성E&A	직접추가	메인	50400.0	790.0	3150.0	861796626374.0	2074000285556.0		0.0						판정불가	일반	일반	14978.555673112245	14978.555673112245	11.244902960916747	11.244902960916747	N	N	-18.4360435007768												1년				1.5674603174603174	-1.5001092710133324			805.8218167704082	1.5988528110523974	1년	-1.5001092710133324	불리(<1)	1년	-18.4360435007768		판정불가	Y	통과	보류	배당감안점수 또는 린치PER배수 미산출	196000000.0	배당감안점수<1; fs=2025:CFS,2024:CFS,2022:CFS,2020:CFS
"=""009150"""	삼성전기	직접추가	메인	1400000.0	2350.0	9395.0	2701205916236.0		249136193271.0	2003354614634.0						판정불가	일반	일반	32828.335646491505	6007.402663954398	145.52119897323135	148.37600823161742	N	N	4.528259902091669	-10.207342192334501	3.285033400534343	17.55651980418334		15.070066801068686	164943.50356030246		141583.2775960403	-88.21832117426412		-89.88690874313998	3년				0.16785714285714287	0.032271016718414085	-0.06898984560540986	0.02372774941214335			3년	-0.06898984560540986	불리(<1)	3년	-10.207342192334501		판정불가	N	주당FCF<=0	제외	하드필터 미통과	74693696.0	단기위험부채 존재; 1년 점수 과열 가능; 배당감안점수<1; fs=2025:CFS,2024:CFS,2022:CFS,2020:CFS
"=""005930"""	삼성전자	반도체	메인	269000.0	1668.0	6605.0	57856378000000.0	67965021000000.0	6486651000000.0	17574980000000.0						판정불가	일반	일반	20159.129590764183	17190.201384077154	37.674620803820716	38.12411788280437	N	N	33.43434343434344	-6.409201466872028	11.451444833603809	75.36868686868688		31.402889667207617	497810.17676767684		207416.08625190632	85.05954526679436		-22.89364823349207	3년				0.6200743494423792	0.9039087071669275	-0.1536611913780046	0.3204151475314112	5602.031650745953	2.082539647117455	3년	-0.1536611913780046	불리(<1)	3년	-6.409201466872028		판정불가	Y	통과	보류	배당감안점수 또는 린치PER배수 미산출	5919637922.0	단기위험부채 존재; 1년 점수 과열 가능; 배당감안점수<1; fs=2025:CFS,2024:CFS,2022:CFS,2020:CFS
"=""000810"""	삼성화재해상보험	직접추가	메인	647000.0	19500.0	47478.0		11734007737216.0								판정불가	일반	일반	255025.28109142228	255025.28109142228	8.255923141425033	8.255923141425033	N	N	-2.667131347506102			3.165737304987796			150302.87576621058			-76.76926185993655			1년	3.165737304987796	150302.87576621058	-76.76926185993655	3.0139103554868623	0.04200366234525091			72732.0784920961	11.24143407914932	1년	0.04200366234525091	불리(<1)	1년	-2.667131347506102		판정불가	Y	통과	보류	배당감안점수 또는 린치PER배수 미산출	46011155.0	배당감안점수<1; fs=2025:CFS,2024:CFS,2022:NA,2020:NA
"=""010140"""	삼성중공업	직접추가	메인	21350.0		639.0	772614649370.0	311797002761.0	592438711867.0	1454489650793.0						판정불가	일반	일반	559.0601593909091	-1093.7689892375	32.536682066680896	35.1232691537363	N	Y	752.0			1512.5			966487.5			4426.873536299766			1년	1512.5	966487.5	4426.873536299766		23.112375086643627			1530.2205002727273	7.167309134766872	1년	23.112375086643627	안심(>=2)	1년	752.0	0.04326686445037353	매우 유망	Y	통과	매우 유망	배당감안점수>=2 & 린치PER배수<=0.5	880000000.0	주당순현금 음수(보수형); 단기위험부채 존재; fs=2025:CFS,2024:CFS,2022:CFS,2020:CFS
"=""032830"""	삼성생명	직접추가	메인	309500.0	5300.0	12824.0	4537833000000.0	132160246000000.0								판정불가	일반	일반	683490.395	683490.395	-29.16331838739863	-29.16331838739863	N	N	9.307875894988072			27.115751789976144			347732.4009546541			12.352956689710526			1년	27.115751789976144	347732.4009546541	12.352956689710526	1.7124394184168013	-0.37788276241453767					1년	-0.37788276241453767	불리(<1)	1년	9.307875894988072		판정불가	N	주당FCF<=0 / 순현금차감PER<=0	제외	하드필터 미통과	200000000.0	배당감안점수<1; fs=2025:CFS,2024:CFS,2022:NA,2020:NA
"=""006400"""	삼성SDI	2차전지	메인	561000.0	1000.0		1803994237947.0		5493341323030.0	5390568184387.0						판정불가	일반	일반	-45781.75616742857	-112674.26384699586			Y	Y													판정불가				0.17825311942959002				-28996.751032548895	-5.1687613248750255	판정불가		판정불가	판정불가			판정불가	N	주당순현금<=0 / 주당FCF<=0 / 순현금차감PER<=0	제외	하드필터 미통과	80585530.0	주당순현금 음수(린치식); 주당순현금 음수(보수형); 단기위험부채 존재; 주당FCF 음수; EPS 미추출; fs=2025:CFS,2024:CFS,2022:CFS,2020:CFS
"=""018260"""	삼성에스디에스	직접추가	메인	227000.0	3190.0	9819.0	1558981444019.0	4845117385939.0								판정불가	일반	일반	82764.03348192893	82764.03348192893	14.68947617049303	14.68947617049303	N	N	0.3269643404516298	-11.608687356751402	11.36201067352738	9.15392868090326		31.22402134705476	89882.42571778911		306588.6656067307	-60.404217745467356		35.06108617036594	3년				1.4052863436123348	0.11792460561279662	-0.6946061857287185	0.8691458339941063	10905.769354957107	4.804303680597844	3년	-0.6946061857287185	불리(<1)	3년	-11.608687356751402		판정불가	Y	통과	보류	배당감안점수 또는 린치PER배수 미산출	77377800.0	1년 점수 과열 가능; 배당감안점수<1; fs=2025:CFS,2024:CFS,2022:CFS,2020:CFS
"=""016360"""	삼성증권	직접추가	메인	87400.0	4000.0	11279.0	3379830380886.0	70613319064436.0	4076142290150.0							판정불가	일반	일반	782945.2089045016	782945.2089045016	-61.667276257159465	-61.667276257159465	N	N	12.028208184346445			32.556416368692894			367203.82022248715			320.1416707351112			1년	32.556416368692894	367203.82022248715	320.1416707351112	4.576659038901601	-0.2692654553770769					1년	-0.2692654553770769	불리(<1)	1년	12.028208184346445		판정불가	N	주당FCF<=0 / 순현금차감PER<=0	제외	하드필터 미통과	89300000.0	배당감안점수<1; fs=2025:CFS,2024:CFS,2022:NA,2020:NA
"=""003230"""	삼양식품	직접추가	메인	1264000.0	4800.0	52156.0	332840576772.0	3879418399.0	340183053989.0	92341086958.0						판정불가	일반	일반	-459.7174993014085	-12717.901899305922	24.243801623960834	24.478830851662433	Y	Y	43.018536799385764	69.73880446754251	42.35358590359803	94.53707359877153	147.97760893508502	93.20717180719606	4930675.610617528	7717920.171618294	4861313.252776118	290.08509577670316	510.5949502862575	284.5975674664651	3년	147.97760893508502	7717920.171618294	510.5949502862575	0.37974683544303794	1.790077493124554	2.892225913682011	1.7626498270306958	-20189.147647522273	-1.5972426936330915	3년	2.892225913682011	안심(>=2)	3년	69.73880446754251	0.3476371843346449	매우 유망	N	주당순현금<=0 / 주당FCF<=0	제외	하드필터 미통과	7533015.0	주당순현금 음수(린치식); 주당순현금 음수(보수형); 단기위험부채 존재; 주당FCF 음수; fs=2025:CFS,2024:CFS,2022:CFS,2020:CFS
"=""137310"""	에스디바이오센서	직접추가	메인	6100.0	200.0	-4279.0	366780003956.0	488796710916.0	899239816964.0							판정불가	일반	일반	-358.6318204794644	-358.6318204794644			Y	Y	431.55279503105584			871.6055900621117									1년	871.6055900621117			3.278688524590164				2464.3043924052927	40.39843266238184	판정불가		판정불가	1년	431.55279503105584		판정불가	N	주당순현금<=0 / 순현금차감PER<=0	제외	하드필터 미통과	121749102.0	주당순현금 음수(린치식); 주당순현금 음수(보수형); fs=2025:CFS,2024:CFS,2022:CFS,2020:NA
"=""001430"""	세아베스틸지주	철강	watchlist	42200.0	1200.0	1567.0	232872225511.0	13022996803.0	1004860666577.0	664568218048.0						판정불가	일반	일반	-21163.42997643279	-39694.63327894818	40.43613910429661	52.26205059281951	Y	Y	177.83687943262413	-15.225348963483798		364.17375886524826			570660.2801418441			1252.2755453598202			3년				2.843601895734597	4.468292110241559	-0.30620497757743537		-2464.44276371399	-5.8399117623554275	3년	-0.30620497757743537	불리(<1)	3년	-15.225348963483798		판정불가	N	주당순현금<=0 / 주당FCF<=0	제외	하드필터 미통과	35862119.0	린치식 단독판정 비중 낮춤; 주당순현금 음수(린치식); 주당순현금 음수(보수형); 단기위험부채 존재; 주당FCF 음수; 1년 점수 과열 가능; 배당감안점수<1; fs=2025:CFS,2024:CFS,2022:CFS,2020:CFS
"=""003030"""	세아제강지주	직접추가	메인	106400.0	1800.0	15656.0	657858846224.0	16603582224.0	0.0							판정불가	일반	일반	162848.45134399107	162848.45134399107	-3.6055474798154745	-3.6055474798154745	N	N	47.712048306444	-38.977007618002915	29.936065767104946	103.924096612888		68.3721315342099	1627035.6565713745		1070434.0912995902	1429.1688501610663		906.0470782890885	3년				1.6917293233082706	-13.70215699732809	10.341086479494326	-8.771981305882532	-147158.44666591173	-138.30681077623282	3년	10.341086479494326	안심(>=2)	3년	-38.977007618002915		판정불가	N	주당FCF<=0 / 순현금차감PER<=0	제외	하드필터 미통과	4141657.0	주당FCF 음수; fs=2025:CFS,2024:CFS,2022:CFS,2020:CFS
"=""004490"""	세방전지	직접추가	메인	63200.0	2650.0	10646.0	227178088991.0	123000000000.0	162095437595.0	251228623014.0						판정불가	일반	일반	13434.475099714286	-4510.426544142857	4.674574948364242	6.360175328211803	N	Y	-17.389617443935744	48.94307252053962	16.711840434713388		106.38614504107925	41.923680869426775		1132586.9001073297	446319.50653591746		1692.0678799166608	606.2017508479706	3년	106.38614504107925	1132586.9001073297	1692.0678799166608	4.193037974683545	-2.8230544199253953	11.367046433562242	4.47203834365991	11070.1328675	17.516033018196204	3년	11.367046433562242	안심(>=2)	3년	48.94307252053962	0.09551045138007004	매우 유망	Y	통과	매우 유망	배당감안점수>=2 & 린치PER배수<=0.5	14000000.0	주당순현금 음수(보수형); 단기위험부채 존재; fs=2025:CFS,2024:CFS,2022:CFS,2020:CFS
"=""055550"""	신한지주	직접추가	메인	110300.0	2590.0	9812.0		78053377000000.0	92991422000000.0							판정불가	일반	일반	-30768.6938706553	-30768.6938706553	14.377159994970983	14.377159994970983	Y	Y	16.242151403862092			40.984302807724184			402137.9791493897			264.5856565270986			1년	40.984302807724184	402137.9791493897	264.5856565270986	2.3481414324569356	1.2930434691428463					1년	1.2930434691428463	보통(1~1.5)	1년	16.242151403862092	0.8851758389318026	헐값	N	주당순현금<=0 / 주당FCF<=0	제외	하드필터 미통과	485494934.0	주당순현금 음수(린치식); 주당순현금 음수(보수형); fs=2025:CFS,2024:CFS,2022:NA,2020:NA
"=""004170"""	신세계	직접추가	메인	385500.0	5200.0	1590.0	845128179533.0	3188808721.0	2404267280398.0	2154639015848.0						판정불가	일반	일반	-161318.93140667863	-384709.14210858254	343.91127761426327	484.40826547709594	Y	Y	-86.49796195652173	-66.22887992742359											3년				1.3488975356679638	-0.24759020701949302	-0.18865325627537613		50780.68871201069	13.17268189676023	3년	-0.18865325627537613	불리(<1)	3년	-66.22887992742359		판정불가	N	주당순현금<=0	제외	하드필터 미통과	9645181.0	주당순현금 음수(린치식); 주당순현금 음수(보수형); 단기위험부채 존재; 1년 점수 과열 가능; 배당감안점수<1; fs=2025:CFS,2024:CFS,2022:CFS,2020:CFS
"=""034730"""	SK	직접추가	메인	612000.0	8000.0	29050.0	25214132000000.0	3449044000000.0	45546013000000.0	11714166000000.0						판정불가	일반	일반	-231053.85910201556	-391370.70990508975	29.02078688819331	34.539439239417895	Y	Y	-223.85418887230867	14.11831256779157	52.31072476454839		36.73662513558314	113.12144952909678		1067198.96018869	3286178.1088202614		74.37891506351147	436.9572073235721	3년	36.73662513558314	1067198.96018869	74.37891506351147	1.3071895424836601	-7.668537734252997	0.5315328688262024	1.847569279000003	-54497.63687223273	-8.90484262618182	3년	0.5315328688262024	불리(<1)	3년	14.11831256779157	2.0555421725397336	매우 불리	N	주당순현금<=0 / 주당FCF<=0	제외	하드필터 미통과	73068838.0	주당순현금 음수(린치식); 주당순현금 음수(보수형); 단기위험부채 존재; 주당FCF 음수; 배당감안점수<1; PER>연성장률의 2배; fs=2025:CFS,2024:CFS,2022:CFS,2020:CFS
"=""326030"""	에스케이바이오팜	직접추가	메인	83400.0		3409.0	307770519305.0	1711367837.0	0.0	0.0						판정불가	일반	일반	3951.8457878072995	3951.8457878072995	23.305413379933324	23.305413379933324	N	N	10.897852960312292			30.295705920624584			103278.06148340921			23.834606095214884			1년	30.295705920624584	103278.06148340921	23.834606095214884		0.4676103694301204			1874.8221177897738	2.2479881508270667	1년	0.4676103694301204	불리(<1)	1년	10.897852960312292	2.138532559101942	매우 불리	Y	통과	제외	배당감안점수<1	78313250.0	배당감안점수<1; PER>연성장률의 2배; fs=2025:CFS,2024:CFS,2022:CFS,2020:CFS
"=""302440"""	SK바이오사이언스	헬스케어	메인	38000.0		-733.0	105552891515.0	800748039267.0	1496569133.0							판정불가	일반	일반	11535.766059068677	11535.766059068677			N	N	5.014326647564471			18.52865329512894									1년	18.52865329512894							-2012.819504379828	-5.296893432578495	판정불가		판정불가	1년	5.014326647564471		판정불가	N	주당FCF<=0 / 순현금차감PER<=0	제외	하드필터 미통과	78434701.0	주당FCF 음수; fs=2025:CFS,2024:CFS,2022:CFS,2020:OFS
"=""285130"""	SK케미칼	직접추가	메인	54900.0	1150.0	2306.0	567555999965.0	950748039267.0	341978345417.0	477883213809.0						판정불가	일반	일반	68000.55528903044	40375.277635757375	-5.681073412415628	6.29866537911649	N	N	92.16666666666666	-38.59552986089414	-34.69934418185778	192.83333333333331			444673.6666666666			709.970248937462			3년				2.0947176684881605	-16.59217853604083	6.4249851291545985	5.739166552946537	-13324.604357906223	-24.270681890539567	3년	6.4249851291545985	안심(>=2)	3년	-38.59552986089414		판정불가	N	주당FCF<=0 / 순현금차감PER<=0	제외	하드필터 미통과	17298766.0	단기위험부채 존재; 주당FCF 음수; fs=2025:CFS,2024:CFS,2022:CFS,2020:CFS
"=""000660"""	SK하이닉스	반도체	메인	1853000.0	3000.0	62044.0	14923766000000.0	20018487000000.0								판정불가	일반	일반	47997.4443489617	47997.4443489617	29.092298298804693	29.092298298804693	N	N	115.94041486843936	167.48263503477668	54.92375157287208	240.38082973687872	343.46527006955336	118.34750314574416	14914188.200194903	21309959.216195367	7342752.485174551	704.8671451805129	1050.0247823095178	296.26295116970056	3년	343.46527006955336	21309959.216195367	1050.0247823095178	0.16189962223421478	3.9908264826036053	5.762505696014359	1.8934788386027783	34057.28359137954	1.83795378258929	3년	5.762505696014359	안심(>=2)	3년	167.48263503477668	0.1737033710555358	매우 유망	Y	통과	매우 유망	배당감안점수>=2 & 린치PER배수<=0.5	728002365.0	fs=2025:CFS,2024:CFS,2022:CFS,2020:CFS
"=""361610"""	SK아이이테크놀로지	직접추가	메인	17640.0		-2800.0	408979015000.0	44693499000.0	1097240539000.0	169179804000.0						판정불가	일반	일반	-7868.820694217059	-9937.359669189884			Y	Y	-19.075144508670515												1년								-1892.9730116363094	-10.731139521747785	판정불가		판정불가	1년	-19.075144508670515		판정불가	N	주당순현금<=0 / 주당FCF<=0 / 순현금차감PER<=0	제외	하드필터 미통과	81787100.0	주당순현금 음수(린치식); 주당순현금 음수(보수형); 단기위험부채 존재; 주당FCF 음수; fs=2025:CFS,2024:CFS,2022:CFS,2020:NA
"=""096770"""	SK이노베이션	에너지	메인	153100.0	2000.0		16091551855000.0	253291655000.0	22764517807000.0	7201712771000.0						판정불가	일반	일반	-37974.37695614934	-80574.75554913652			Y	Y													판정불가				1.3063357282821686				-19919.883669709132	-13.011027870482778	판정불가		판정불가	판정불가			판정불가	N	주당순현금<=0 / 주당FCF<=0 / 순현금차감PER<=0	제외	하드필터 미통과	169052788.0	주당순현금 음수(린치식); 주당순현금 음수(보수형); 단기위험부채 존재; 주당FCF 음수; EPS 미추출; fs=2025:CFS,2024:CFS,2022:CFS,2020:CFS
"=""402340"""	SK스퀘어	직접추가	메인	1135000.0		66713.0	1310718000000.0	317762000000.0	86661000000.0	0.0						판정불가	일반	일반	11672.743401201547	11672.743401201547	16.838206295606533	16.838206295606533	N	N	140.21676508713813			288.93353017427626			19275622.59851649			1598.2927399573998			1년	288.93353017427626	19275622.59851649	1598.2927399573998		8.327298206562764			2638.92507607574	0.232504411989052	1년	8.327298206562764	안심(>=2)	1년	140.21676508713813	0.12008696880963114	매우 유망	Y	통과	매우 유망	배당감안점수>=2 & 린치PER배수<=0.5	132087115.0	fs=2025:CFS,2024:CFS,2022:NA,2020:NA
"=""017670"""	SK텔레콤	통신	보정필요	90400.0	1660.0	1825.0	1490024000000.0	186643000000.0	8712284000000.0	130000000000.0						판정불가	통신보정	보정주의	-32755.78594880276	-33361.02812917505	67.48262243770014	67.81426198858907	Y	Y	-68.42560553633218	-23.75836950489595	-38.33216341204368										3년				1.836283185840708	-0.9867625167051952	-0.32485528165852884	-0.5408189383851512	7451.904674561442	8.243257383364428	3년	-0.32485528165852884	불리(<1)	3년	-23.75836950489595		판정불가	N	주당순현금<=0	제외	하드필터 미통과	214790053.0	린치식 단독판정 비중 낮춤; 주당순현금 음수(린치식); 주당순현금 음수(보수형); 단기위험부채 존재; 배당감안점수<1; fs=2025:CFS,2024:CFS,2022:CFS,2020:CFS
"=""011790"""	SKC	석유화학	watchlist	92100.0		-25549.0	783286752410.0	262260000000.0	1840079753358.0	1176505206999.0						판정불가	일반	일반	-20981.481685498515	-52049.822993021764			Y	Y	53.32773210106223			115.15546420212446									1년	115.15546420212446							-22628.561644175294	-24.569556616911285	판정불가		판정불가	1년	53.32773210106223		판정불가	N	주당순현금<=0 / 주당FCF<=0 / 순현금차감PER<=0	제외	하드필터 미통과	37868298.0	린치식 단독판정 비중 낮춤; 주당순현금 음수(린치식); 주당순현금 음수(보수형); 단기위험부채 존재; 주당FCF 음수; fs=2025:CFS,2024:CFS,2022:CFS,2020:CFS
"=""005850"""	에스엘	직접추가	메인	51800.0	2770.0	6749.0	477732627030.0	395471183250.0	5459184760.0							판정불가	일반	일반	18681.85736639187	18681.85736639187	4.9071184817911	4.9071184817911	N	N	-15.61640410102526	26.173083545484687	36.58097754545193		60.846167090969374	81.66195509090386		410650.7816969523	551136.5349085102		692.7621268280932	963.9701446110236	3년	60.846167090969374	410650.7816969523	692.7621268280932	5.347490347490347	-2.0926565746557553	6.4234385230229885	8.544417268204695	6628.339203100551	12.79602162760724	3년	6.4234385230229885	안심(>=2)	3년	26.173083545484687	0.1874872127032072	매우 유망	Y	통과	매우 유망	배당감안점수>=2 & 린치PER배수<=0.5	46448520.0	fs=2025:CFS,2024:CFS,2022:CFS,2020:CFS
"=""010950"""	S-Oil	에너지	메인	154900.0	330.0	1519.0	1834658000000.0									판정불가	일반	일반	16296.078356273132	16296.078356273132	91.24682135860887	91.24682135860887	N	N	-191.56118143459918	-56.19807916164843											3년				0.21304067140090382	-2.097038975321469	-0.6135560412589156		299.21979550835795	0.19316965494406582	3년	-0.6135560412589156	불리(<1)	3년	-56.19807916164843		판정불가	Y	통과	보류	배당감안점수 또는 린치PER배수 미산출	112582792.0	배당감안점수<1; fs=2025:CFS,2024:CFS,2022:CFS,2020:CFS
"=""003240"""	태광산업	직접추가	메인	919000.0	1750.0	165122.0	426476897621.0	483945901661.0	4773639440.0	862776693.0						판정불가	일반	일반	813408.6220962816	812633.7193721933	0.6394749209900461	0.6441678312266486	N	N	-35.9373969451137	-25.915466865090508	-1.6741276308672282			5.151744738265544			850666.3946718831			-7.435648022646024	3년				0.19042437431991296	-55.90050742795309	-40.22838370415315	-2.3201899055716213	-250604.9826773846	-27.26931258731062	3년	-40.22838370415315	불리(<1)	3년	-25.915466865090508		판정불가	N	주당FCF<=0	제외	하드필터 미통과	1113400.0	단기위험부채 존재; 주당FCF 음수; 1년 점수 과열 가능; 배당감안점수<1; fs=2025:CFS,2024:CFS,2022:CFS,2020:CFS
"=""001440"""	대한전선	직접추가	메인	29700.0		453.0	438856642626.0	245247440000.0	6781981976.0	210000000000.0						판정불가	일반	일반	3632.780419185475	2506.4567877893646	57.54353108347578	60.029896715696765	N	N	10.757946210268955	193.05011690585698	172.76923736437072	30.01589242053791	394.60023381171396	354.03847472874145	13597.199266503672	178753.90591670643	160379.42905211987	-54.21818428786642	501.8650030865536	439.9980776165652	3년	394.60023381171396	178753.90591670643	501.8650030865536		0.18695318149077247	3.3548535043115093	3.002409377932374	-1780.5372383992687	-5.995074876765215	3년	3.3548535043115093	안심(>=2)	3년	193.05011690585698	0.2980756085816696	매우 유망	N	주당FCF<=0	제외	하드필터 미통과	186447300.0	단기위험부채 존재; 주당FCF 음수; fs=2025:CFS,2024:CFS,2022:CFS,2020:CFS
"=""069260"""	티케이지휴켐스	직접추가	메인	16610.0	1000.0	1561.0	171952696150.0	96497220778.0	5482000000.0	34682173632.0						판정불가	일반	일반	6432.901178680633	5584.482108237203	6.5196020636254755	7.0631120382849435	N	N	-22.875494071146242	-9.82716016983225	3.8551596973951163			16.210319394790233			25304.308575267554			52.34382044110508	3년				6.020469596628537	-2.5852842412815638	-0.5838838837177214	1.5147595202354927	2212.3194254165533	13.319201838751074	3년	-0.5838838837177214	불리(<1)	3년	-9.82716016983225		판정불가	Y	통과	보류	배당감안점수 또는 린치PER배수 미산출	40878588.0	단기위험부채 존재; 배당감안점수<1; fs=2025:CFS,2024:CFS,2022:OFS,2020:CFS
"=""316140"""	우리금융지주	금융/은행	보정필요	34000.0	1360.0	4052.0	38499679000000.0	34245475000000.0	55583392000000.0							판정불가	금융보정	보정양호	23378.716262091115	23378.716262091115	2.6212447526922222	2.6212447526922222	N	N	2.5822784810126675			13.664556962025335			55368.78481012666			62.84936708860782			1년	13.664556962025335	55368.78481012666	62.84936708860782	4.0	2.511127003402546			17894.539902880944	52.63099971435572	1년	2.511127003402546	안심(>=2)	1년	2.5822784810126675	1.015089879719043	보통	Y	통과	보류	중간구간(보류)	734076320.0	린치식 단독판정 비중 낮춤; fs=2025:CFS,2024:CFS,2022:NA,2020:NA
"=""008730"""	율촌화학	직접추가	메인	16240.0	250.0	168.0	23775188232.0	161779800.0	131712944797.0	113904302896.0						판정불가	일반	일반	-4345.805514717742	-8938.72095407258	122.53455663522466	149.8733390123368	Y	Y	-82.87461773700306		-27.064834063200415										5년				1.5394088669950738	-0.663773641521683		-0.20831205414316256	-316.2289210887097	-1.9472224204969808	5년	-0.20831205414316256	불리(<1)	5년	-27.064834063200415		판정불가	N	주당순현금<=0 / 주당FCF<=0	제외	하드필터 미통과	24800000.0	주당순현금 음수(린치식); 주당순현금 음수(보수형); 단기위험부채 존재; 주당FCF 음수; 배당감안점수<1; fs=2025:CFS,2024:CFS,2022:CFS,2020:CFS
"=""000670"""	영풍	직접추가	메인	39400.0	5.0	-464.0	137031350994.0	333746815114.0	234811309711.0	423217185895.0						판정불가	일반	일반	13052.744166069715	-10357.940446676752			N	Y	-99.68345363005008												1년				0.012690355329949238				-6139.559379575671	-15.582638019227593	판정불가		판정불가	1년	-99.68345363005008		판정불가	N	주당FCF<=0 / 순현금차감PER<=0	제외	하드필터 미통과	18077950.0	주당순현금 음수(보수형); 단기위험부채 존재; 주당FCF 음수; fs=2025:CFS,2024:CFS,2022:CFS,2020:CFS
"=""111770"""	영원무역	직접추가	메인	72500.0	2100.0	11558.0	1090560747187.0	439263571966.0	252626536541.0	76448105310.0						판정불가	일반	일반	28823.18822323828	27097.94397472907	3.7789247081468873	3.9281931151817724	N	N	17.387771683932552	-9.077711442871605	27.98342129695397	43.275543367865104		64.46684259390794	500178.73024578486		745107.7667003879	589.9016968907378		927.7348506212247	3년				2.896551724137931	5.367750080952931	-1.6356927422787413	8.171629605246846	3279.956119440683	4.52407740612508	3년	-1.6356927422787413	불리(<1)	3년	-9.077711442871605		판정불가	Y	통과	보류	배당감안점수 또는 린치PER배수 미산출	44311468.0	단기위험부채 존재; 1년 점수 과열 가능; 배당감안점수<1; fs=2025:CFS,2024:CFS,2022:CFS,2020:CFS
"=""009970"""	영원무역홀딩스	직접추가	메인	171000.0	6576.0	31684.0	1464189666693.0	805803639244.0	195931585244.0	78827842676.0						판정불가	일반	일반	153642.88520106729	147803.45570768186	0.5478195555779799	0.7321217110313767	N	N	10.101817423636938	-5.869320927784449	28.52060357499411	28.703634847273875		65.54120714998822	909445.9665010255		2076607.6073402269	431.8397464918277		1114.3904136492556	3년				3.8456140350877197	25.459900649237223	-3.6941121799889145	59.08189527103259	20832.48592605641	12.182740307635328	3년	-3.6941121799889145	불리(<1)	3년	-5.869320927784449		판정불가	Y	통과	보류	배당감안점수 또는 린치PER배수 미산출	13499237.0	단기위험부채 존재; 1년 점수 과열 가능; 배당감안점수<1; fs=2025:CFS,2024:CFS,2022:CFS,2020:CFS
"=""000100"""	유한양행	헬스케어	메인	78900.0	600.0	2599.0	348564938250.0	29513907780.0	105262499518.0	199841800000.0						판정불가	일반	일반	3411.5503159327723	912.5418633854255	29.04519033630905	30.006717251486947	N	N	175.60975609756096	25.052899606383704	-2.455406441809782	359.7195121951219	58.60579921276741	3.589187116380436	934911.0121951218	152316.4721539825	9328.297315472753	1084.9315743917894	93.05002807855828	-88.17706297151742	3년	58.60579921276741	152316.4721539825	93.05002807855828	0.7604562737642585	6.072269120262809	0.8887308219109513	-0.05835562268382474	-353.25969258346265	-0.4477309158218792	3년	0.8887308219109513	불리(<1)	3년	25.052899606383704	1.1593544377157874	보통	N	주당FCF<=0	제외	하드필터 미통과	79968437.0	단기위험부채 존재; 주당FCF 음수; 1년 점수 과열 가능; 배당감안점수<1; fs=2025:CFS,2024:CFS,2022:CFS,2020:CFS
"=""000990"""	DB하이텍	직접추가	메인	115200.0	810.0	6285.0	323054472680.0	132808839381.0	102572732928.0	231678525383.0						판정불가	일반	일반	8120.7660013468	2795.384563807385	17.037268734869244	17.88458479493916	N	N	13.858695652173903	-21.22701789143928	10.459461040450746	36.21739130434781		29.418922080901492	227626.30434782596		184897.92527846587	97.59227807971004		60.5016712486683	3년				0.703125	0.8547039363399266	-1.204646895627945	0.6551863572830129	4658.664548185125	4.043979642521809	3년	-1.204646895627945	불리(<1)	3년	-21.22701789143928		판정불가	Y	통과	보류	배당감안점수 또는 린치PER배수 미산출	43504588.0	단기위험부채 존재; 1년 점수 과열 가능; 배당감안점수<1; fs=2025:CFS,2024:CFS,2022:CFS,2020:CFS
