순위	종목코드	종목명	그룹	판정구분	현재가	현금배당금(FY2025 DPS)	EPS(FY2025)	현금및현금성자산	유가증권성자산	장기부채	단기위험부채	주주지분	총부채	주주지분비중	부채비중	주주대부채배수	주주대부채판정	업종보정유형	업종보정판정	주당순현금(린치식)	주당순현금(보수형)	순현금차감PER(린치식)	순현금차감PER(보수형)	현금보다부채많음(린치형)	현금보다부채많음(보수형)	연간이익증가율(1년,%)	연간이익증가율(3년CAGR,%)	연간이익증가율(5년CAGR,%)	그레이엄적정PER(1년)	그레이엄적정PER(3년)	그레이엄적정PER(5년)	그레이엄내재가치(1년)	그레이엄내재가치(3년)	그레이엄내재가치(5년)	그레이엄괴리율(1년,%)	그레이엄괴리율(3년,%)	그레이엄괴리율(5년,%)	그레이엄사용기준	그레이엄적정PER(선택)	그레이엄내재가치(선택)	그레이엄괴리율(선택,%)	배당수익률(%)	배당감안이익성장률(1년)	배당감안이익성장률(3년)	배당감안이익성장률(5년)	주당잉여현금흐름	잉여현금흐름수익률(%)	배당감안점수기준	배당감안점수	배당감안점수판정	사용연성장률기준	사용연성장률(%)	린치PER배수	린치PER판정	하드필터통과	하드필터사유	종합판정	종합판정사유	발행주식수	비고
1	010140	삼성중공업	직접추가	메인	21300.0		639.0	772614649370.0	311797002761.0	592438711867.0	1454489650793.0						판정불가	일반	일반	559.0601593909091	-1093.7689892375	32.45843480533504	35.04502189239045	N	Y	752.0			1512.5			966487.5			4437.5			1년	1512.5	966487.5	4437.5		23.16809188459073			1530.2205002727273	7.1841338040973115	1년	23.16809188459073	안심(>=2)	1년	752.0	0.04316281224113702	매우 유망	Y	통과	매우 유망	배당감안점수>=2 & 린치PER배수<=0.5	880000000.0	주당순현금 음수(보수형); 단기위험부채 존재; fs=2025:CFS,2024:CFS,2022:CFS,2020:CFS
2	139130	iM금융지주	직접추가	메인	18440.0	700.0	2511.0		10012037000000.0	9824584000000.0							판정불가	일반	일반	1167.025597818984	1167.025597818984	6.878922501864204	6.878922501864204	N	N	123.9964317573595			256.49286351471903			644053.5802854595			3392.6983746499973			1년	256.49286351471903	644053.5802854595	3392.6983746499973	3.7960954446854664	18.577404697816103					1년	18.577404697816103	안심(>=2)	1년	123.9964317573595	0.055476777874746565	매우 유망	N	주당FCF<=0	제외	하드필터 미통과	160624583.0	fs=2025:CFS,2024:CFS,2022:NA,2020:NA
3	071970	HD현대마린엔진	직접추가	메인	50200.0		4867.0	94276230277.0	247003276789.0								판정불가	일반	일반	10060.862797055377	10060.862797055377	8.247203041492629	8.247203041492629	N	N	97.52435064935065	113.65854515790357	162.5665198099373	203.5487012987013	235.81709031580715	333.6330396198746	990671.5292207792	1147721.7785670334	1623792.0038299295	1873.4492613959744	2186.298363679349	3134.6454259560346	3년	235.81709031580715	1147721.7785670334	2186.298363679349		11.825142434191859	13.781465617625072	19.71171547396692			3년	13.781465617625072	안심(>=2)	3년	113.65854515790357	0.07256122300382213	매우 유망	N	주당FCF<=0	제외	하드필터 미통과	33921495.0	fs=2025:CFS,2024:CFS,2022:CFS,2020:CFS
4	015760	한국전력	유틸리티	메인	34100.0	1542.0	13311.0	2240811000000.0	4250164000000.0	83995702000000.0							판정불가	일반	일반	-120730.62929345189	-120730.62929345189	11.631780429227849	11.631780429227849	Y	Y	144.73248758963044			297.9649751792609			3966211.7846111413			11531.119602965224			1년	297.9649751792609	3966211.7846111413	11531.119602965224	4.52199413489736	12.831611001656068			7699.067871674695	22.57791164713987	1년	12.831611001656068	안심(>=2)	1년	144.73248758963044	0.0803674463345659	매우 유망	N	주당순현금<=0	제외	하드필터 미통과	641964077.0	주당순현금 음수(린치식); 주당순현금 음수(보수형); fs=2025:CFS,2024:CFS,2022:CFS,2020:CFS
5	004490	세방전지	직접추가	메인	62900.0	2650.0	10646.0	227178088991.0	123000000000.0	162095437595.0	251228623014.0						판정불가	일반	일반	13434.475099714286	-4510.426544142857	4.646395350393172	6.331995730240735	N	Y	-17.389617443935744	48.94307252053962	16.711840434713388		106.38614504107925	41.923680869426775		1132586.9001073297	446319.50653591746		1700.6151035092682	609.5699626962122	3년	106.38614504107925	1132586.9001073297	1700.6151035092682	4.213036565977743	-2.835871656259947	11.440289746764524	4.503464604862023	11070.1328675	17.599575306041338	3년	11.440289746764524	안심(>=2)	3년	48.94307252053962	0.0949346886312307	매우 유망	Y	통과	매우 유망	배당감안점수>=2 & 린치PER배수<=0.5	14000000.0	주당순현금 음수(보수형); 단기위험부채 존재; fs=2025:CFS,2024:CFS,2022:CFS,2020:CFS
6	009540	HD한국조선해양	직접추가	메인	346500.0	12300.0	30664.0	3742015549000.0		398797408000.0							판정불가	일반	일반	47238.53250999998	47238.53250999998	9.7593747550874	9.7593747550874	N	N	84.96802991916998			178.43605983833996			5471563.338882856			1479.094758696351			1년	178.43605983833996	5471563.338882856	1479.094758696351	3.54978354978355	9.070029145341577					1년	9.070029145341577	안심(>=2)	1년	84.96802991916998	0.114859374336106	매우 유망	N	주당FCF<=0	제외	하드필터 미통과	70773116.0	fs=2025:CFS,2024:CFS,2022:CFS,2020:CFS
7	402340	SK스퀘어	직접추가	메인	1131000.0		66713.0	1310718000000.0	317762000000.0	86661000000.0	0.0						판정불가	일반	일반	11672.743401201547	11672.743401201547	16.77824796664516	16.77824796664516	N	N	140.21676508713813			288.93353017427626			19275622.59851649			1604.299080328602			1년	288.93353017427626	19275622.59851649	1604.299080328602		8.357056431987798			2638.92507607574	0.23332670876001238	1년	8.357056431987798	안심(>=2)	1년	140.21676508713813	0.1196593571119564	매우 유망	Y	통과	매우 유망	배당감안점수>=2 & 린치PER배수<=0.5	132087115.0	fs=2025:CFS,2024:CFS,2022:NA,2020:NA
8	069620	대웅제약	직접추가	메인	115600.0	600.0	17022.0	168941641596.0	50139032546.0	550560567693.0	70828808025.0						판정불가	일반	일반	-28608.962834228405	-34721.96931155238	8.471916510059241	8.831040377837644	Y	Y	691.7209302325581	64.61424206621207	70.08103158930474	1391.9418604651162	137.72848413242414	148.6620631786095	23693634.348837208	2344414.256902124	2530525.6394262905	20396.223485153296	1928.0400146212146	2089.036020264957	3년	137.72848413242414	2344414.256902124	1928.0400146212146	0.5190311418685121	81.7099602613513	7.688139174972243	8.333422862152306	-7954.179962240783	-6.880778514049121	3년	7.688139174972243	안심(>=2)	3년	64.61424206621207	0.13111531202947216	매우 유망	N	주당순현금<=0 / 주당FCF<=0	제외	하드필터 미통과	11586575.0	주당순현금 음수(린치식); 주당순현금 음수(보수형); 단기위험부채 존재; 주당FCF 음수; 1년 점수 과열 가능; fs=2025:CFS,2024:CFS,2022:CFS,2020:CFS
9	011210	현대위아	직접추가	메인	56300.0	1200.0	5351.0	1116473000000.0	572468000000.0	739686000000.0	71245000000.0						판정불가	일반	일반	34905.39080171221	32285.615748994038	3.998245037990617	4.4878311065232595	N	N	46.32212195788898	29.51602682110046	18.44874189552963	101.14424391577796	67.53205364220092	45.39748379105926	541222.8491933278	361364.01903941715	242921.9357659581	861.3194479455201	541.8543855051814	331.4776834208847	3년	67.53205364220092	361364.01903941715	541.8543855051814	2.1314387211367674	12.118707137413686	7.915339165440989	5.147303484683195	5543.207939464645	9.845840034573081	3년	7.915339165440989	안심(>=2)	3년	29.51602682110046	0.13546013703756177	매우 유망	Y	통과	매우 유망	배당감안점수>=2 & 린치PER배수<=0.5	27195083.0	단기위험부채 존재; fs=2025:CFS,2024:CFS,2022:CFS,2020:CFS
10	000660	SK하이닉스	반도체	메인	1793000.0	3000.0	62044.0	14923766000000.0	20018487000000.0								판정불가	일반	일반	47997.4443489617	47997.4443489617	28.125242660870324	28.125242660870324	N	N	115.94041486843936	167.48263503477668	54.92375157287208	240.38082973687872	343.46527006955336	118.34750314574416	14914188.200194903	21309959.216195367	7342752.485174551	731.8007919796376	1088.5086010148002	309.5232841703598	3년	343.46527006955336	21309959.216195367	1088.5086010148002	0.16731734523145567	4.128239304943224	5.960835765988028	1.9587766613210356	34057.28359137954	1.8994580921014803	3년	5.960835765988028	안심(>=2)	3년	167.48263503477668	0.16792930595479524	매우 유망	Y	통과	매우 유망	배당감안점수>=2 & 린치PER배수<=0.5	728002365.0	fs=2025:CFS,2024:CFS,2022:CFS,2020:CFS
11	112610	씨에스윈드	직접추가	메인	48350.0	1000.0	837.0	478878903508.0	28665354936.0	782993106603.0	242475043746.0						판정불가	일반	일반	-6531.6500890188545	-12281.40054778353	65.56947441937737	72.43894928050601	Y	Y	-75.62609202096681	371.20709785870895	-15.050492534791582		750.9141957174179			628515.1818154788			1199.9279872088498		3년	750.9141957174179	628515.1818154788	1199.9279872088498	2.0682523267838677	-1.121830552182142	5.692822056160646	-0.19799213464750826	10303.466412416965	21.310168381420816	3년	5.692822056160646	안심(>=2)	3년	371.20709785870895	0.17663852549590744	매우 유망	N	주당순현금<=0	제외	하드필터 미통과	42171403.0	주당순현금 음수(린치식); 주당순현금 음수(보수형); 단기위험부채 존재; fs=2025:CFS,2024:CFS,2022:CFS,2020:CFS
12	017960	한국카본	조선/LNG사이클	watchlist	22500.0	320.0	2043.0	57866929673.0	27093215744.0	98920898088.0	81871440000.0						판정불가	일반	일반	-268.94950885840325	-1846.1770478341368	11.144860258863634	11.916875696443531	Y	Y	394.6731234866828	63.08567663703022	8.209872487827186	797.8462469733656	134.67135327406044	24.91974497565437	1629999.882566586	275133.5747389055	50911.03898526188	7144.4439225181595	1122.8158877284689	126.2712843789417	3년	134.67135327406044	275133.5747389055	1122.8158877284689	1.4222222222222223	35.540629178718135	5.788129896734109	0.8642633901478392	2529.43380973873	11.241928043283245	3년	5.788129896734109	안심(>=2)	3년	63.08567663703022	0.1766622925039975	매우 유망	N	주당순현금<=0	제외	하드필터 미통과	51908452.0	린치식 단독판정 비중 낮춤; 주당순현금 음수(린치식); 주당순현금 음수(보수형); 단기위험부채 존재; 1년 점수 과열 가능; fs=2025:CFS,2024:CFS,2022:CFS,2020:CFS
13	071320	지역난방공사	유틸리티	메인	76100.0	6157.0	28102.0	13136000000.0	14472000000.0	3000419000000.0							판정불가	일반	일반	-256747.27759763927	-256747.27759763927	11.844255839358025	11.844255839358025	Y	Y	66.77744807121661		65.27173293436219	142.05489614243322		139.04346586872438	3992026.6913946583		3907399.4778428925	5145.7643776539535		5034.559103604327	5년	139.04346586872438	3907399.4778428925	5034.559103604327	8.090670170827858	6.321048722475284		6.193922530903925	29663.925551856057	38.980191263936995	5년	6.193922530903925	안심(>=2)	5년	65.27173293436219	0.1814607228410606	매우 유망	N	주당순현금<=0	제외	하드필터 미통과	11578744.0	주당순현금 음수(린치식); 주당순현금 음수(보수형); fs=2025:CFS,2024:CFS,2022:CFS,2020:CFS
14	005850	에스엘	직접추가	메인	50800.0	2770.0	6749.0	477732627030.0	395471183250.0	5459184760.0							판정불가	일반	일반	18681.85736639187	18681.85736639187	4.758948382517133	4.758948382517133	N	N	-15.61640410102526	26.173083545484687	36.58097754545193		60.846167090969374	81.66195509090386		410650.7816969523	551136.5349085102		708.3676805058117	984.9144387962799	3년	60.846167090969374	410650.7816969523	708.3676805058117	5.452755905511811	-2.1356920434042674	6.645552107095719	8.832567633089349	6628.339203100551	13.047911817127067	3년	6.645552107095719	안심(>=2)	3년	26.173083545484687	0.1818260494315403	매우 유망	Y	통과	매우 유망	배당감안점수>=2 & 린치PER배수<=0.5	46448520.0	fs=2025:CFS,2024:CFS,2022:CFS,2020:CFS
15	298040	효성중공업	전력설비	메인	2834000.0	7500.0	55832.0	216772513676.0		637432979185.0							판정불가	일반	일반	-45113.22859928438	-45113.22859928438	51.56743854060905	51.56743854060905	Y	Y	133.51875862645866	270.5887113046113		275.5375172529173	549.6774226092226		15383810.66326488	30689589.85911812		442.8302986331997	982.9071933351489		3년	549.6774226092226	30689589.85911812	982.9071933351489	0.2646436132674665	2.594338715008551	5.252410485825923		33728.061849754005	1.190122154190332	3년	5.252410485825923	안심(>=2)	3년	270.5887113046113	0.19057498109208906	매우 유망	N	주당순현금<=0	제외	하드필터 미통과	9324548.0	주당순현금 음수(린치식); 주당순현금 음수(보수형); fs=2025:CFS,2024:CFS,2022:CFS,2020:CFS
16	114090	GKL	직접추가	메인	9430.0	414.0	761.0	213092869283.0		30375090489.0							판정불가	일반	일반	2953.9374287595624	2953.9374287595624	8.50993767574302	8.50993767574302	N	N	42.509363295880156			93.51872659176031			71167.7509363296			654.6951318804835			1년	93.51872659176031	71167.7509363296	654.6951318804835	4.390243902439024	5.511157541376974			1553.3159719230266	16.472067570763805	1년	5.511157541376974	안심(>=2)	1년	42.509363295880156	0.20018972329721463	매우 유망	Y	통과	매우 유망	배당감안점수>=2 & 린치PER배수<=0.5	61855670.0	fs=2025:CFS,2024:CFS,2022:CFS,2020:CFS
17	000240	한국앤컴퍼니	직접추가	메인	24000.0	1100.0	3666.0	87970654737.0	34240766097.0	15178888600.0	83728229501.0						판정불가	일반	일반	1127.4267830786544	245.4757867889732	6.239108897141665	6.479684728099025	N	N	-0.9991898460707582	28.543628944993937	19.90708834889714	6.5016203078584835	65.58725788998788	48.31417669779428	23834.9400486092	240442.88742469557	177119.77177411385	-0.6877497974616564	901.8453642695649	637.9990490588077	3년	65.58725788998788	240442.88742469557	901.8453642695649	4.583333333333333	0.574464005413431	5.309566289747529	3.9253076177994455	2176.2560889928754	9.06773370413698	3년	5.309566289747529	안심(>=2)	3년	28.543628944993937	0.21858148833019697	매우 유망	Y	통과	매우 유망	배당감안점수>=2 & 린치PER배수<=0.5	94935240.0	단기위험부채 존재; fs=2025:CFS,2024:CFS,2022:CFS,2020:CFS
18	329180	HD현대중공업	직접추가	메인	444500.0	5661.0	15702.0	1869917695000.0		20593805000.0							판정불가	일반	일반	17619.114963644908	17619.114963644908	27.1864020530095	27.1864020530095	N	N	124.2822453935152			257.0644907870304			4036426.634337952			808.0824824157371			1년	257.0644907870304	4036426.634337952	808.0824824157371	1.2735658042744658	4.618331287567006					1년	4.618331287567006	안심(>=2)	1년	124.2822453935152	0.21874727131722735	매우 유망	N	주당FCF<=0	제외	하드필터 미통과	104961225.0	fs=2025:CFS,2024:CFS,2022:CFS,2020:CFS
19	034230	파라다이스	직접추가	메인	10000.0	150.0	1087.0	341761126505.0	5000000000.0	796472209722.0	137240950000.0						판정불가	일반	일반	-4866.710272452332	-6351.912585875921	13.676826377601042	15.04315785269174	Y	Y	24.22857142857142	54.2810589168254		56.95714285714284	117.0621178336508		61912.414285714265	127246.52208517843		519.1241428571426	1172.4652208517841		3년	117.0621178336508	127246.52208517843	1172.4652208517841	1.5	1.8811799403045644	4.078508959372311		1428.3554813839717	14.283554813839716	3년	4.078508959372311	안심(>=2)	3년	54.2810589168254	0.25196314608670356	매우 유망	N	주당순현금<=0	제외	하드필터 미통과	92405559.0	주당순현금 음수(린치식); 주당순현금 음수(보수형); 단기위험부채 존재; fs=2025:CFS,2024:CFS,2022:CFS,2020:CFS
20	138930	BNK금융지주	직접추가	메인	15590.0	735.0	2512.0		18192691866568.0	16445000245415.0							판정불가	일반	일반	5631.773694536628	5631.773694536628	3.9642620642768205	3.9642620642768205	N	N	15.547378104875808			39.594756209751615			99462.02759889606			537.9860654194745			1년	39.594756209751615	99462.02759889606	537.9860654194745	4.714560615779346	5.111150169218551					1년	5.111150169218551	안심(>=2)	1년	15.547378104875808	0.2549794594005268	매우 유망	N	주당FCF<=0	제외	하드필터 미통과	310327033.0	fs=2025:CFS,2024:CFS,2022:NA,2020:NA
21	003090	대웅	직접추가	메인	16740.0	200.0	4280.0	255917494906.0	69412115604.0	668965344648.0	118388808025.0						판정불가	일반	일반	-5910.286064182885	-7946.487927707312	5.292122912192263	5.7678710111465685	Y	Y	202.2598870056497	20.159526008317698	12.806544500421424	413.0197740112994	48.819052016635396	34.11308900084285	1767724.6327683614	208945.5426311995	146004.0209236074	10459.88430566524	1148.181258250893	772.1865049199964	3년	48.819052016635396	208945.5426311995	1148.181258250893	1.1947431302270013	38.44480438410596	4.035104530423442	2.645684513183083	-1554.3945053642824	-9.28551078473287	3년	4.035104530423442	안심(>=2)	3년	20.159526008317698	0.2625122688900902	매우 유망	N	주당순현금<=0 / 주당FCF<=0	제외	하드필터 미통과	58141980.0	주당순현금 음수(린치식); 주당순현금 음수(보수형); 단기위험부채 존재; 주당FCF 음수; 1년 점수 과열 가능; fs=2025:CFS,2024:CFS,2022:CFS,2020:CFS
22	161390	한국타이어앤테크놀로지	직접추가	메인	64200.0	2300.0	8931.0	2603079747970.0	489388296676.0								판정불가	일반	일반	24964.41026923666	24964.41026923666	4.393191101865787	4.393191101865787	N	N	-2.2545693334792616	16.43379388057411	24.1178312692236	3.990861333041477	41.36758776114822	56.7356625384472	35642.38256539343	369453.9262948148	506706.20213087194	-44.48227014736226	475.47340544363675	689.2619970885856	3년	41.36758776114822	369453.9262948148	475.47340544363675	3.582554517133956	0.30228258977641553	4.556220736495422	6.30529952921766	-5650.2614211339005	-8.801030250987383	3년	4.556220736495422	안심(>=2)	3년	16.43379388057411	0.267326652250327	매우 유망	N	주당FCF<=0	제외	하드필터 미통과	123875069.0	주당FCF 음수; fs=2025:CFS,2024:CFS,2022:CFS,2020:CFS
23	192820	코스맥스	직접추가	메인	265000.0	3300.0	10847.0	192279928597.0									판정불가	일반	일반	16941.695768248654	16941.695768248654	22.868839700539446	22.868839700539446	N	N	43.4408886537953	80.71243772559032	38.50568621710888	95.3817773075906	169.92487545118064	85.51137243421776	1034606.1384554352	1843175.1240189564	927541.8567939601	290.41741073790007	595.5377826486628	250.0157950165887	3년	169.92487545118064	1843175.1240189564	595.5377826486628	1.2452830188679245	1.9540200665103762	3.583816311525633	1.738215395118587	-9341.661092827891	-3.5251551293690153	3년	3.583816311525633	안심(>=2)	3년	80.71243772559032	0.28333724448132674	매우 유망	N	주당FCF<=0	제외	하드필터 미통과	11349509.0	주당FCF 음수; fs=2025:CFS,2024:CFS,2022:CFS,2020:CFS
24	001440	대한전선	직접추가	메인	28750.0		453.0	438856642626.0	245247440000.0	6781981976.0	210000000000.0						판정불가	일반	일반	3632.780419185475	2506.4567877893646	55.44640084065017	57.93276647287116	N	N	10.757946210268955	193.05011690585698	172.76923736437072	30.01589242053791	394.60023381171396	354.03847472874145	13597.199266503672	178753.90591670643	160379.42905211987	-52.70539385563939	521.7527162320223	457.84149235519953	3년	394.60023381171396	178753.90591670643	521.7527162320223		0.19402424769078674	3.4817429802282773	3.115968480278815	-1780.5372383992687	-6.1931730031278915	3년	3.4817429802282773	안심(>=2)	3년	193.05011690585698	0.28721246963911046	매우 유망	N	주당FCF<=0	제외	하드필터 미통과	186447300.0	단기위험부채 존재; 주당FCF 음수; fs=2025:CFS,2024:CFS,2022:CFS,2020:CFS
25	000270	기아	직접추가	메인	125400.0	6800.0	19382.0	13998106000000.0	7661873000000.0	978970000000.0	211292000000.0						판정불가	일반	일반	52972.13234688462	52430.93110337479	3.7368624317983383	3.764785310939285	N	N	-22.138753866548832	12.82583771622907	39.189006811542605		34.15167543245814	86.87801362308521		661927.7732319037	1683869.6600426375		427.85308870167756	1242.7987719638259	3년	34.15167543245814	661927.7732319037	427.85308870167756	5.422647527910686	-4.473299898972636	4.883370896626185	11.938265096364345	10401.987179740363	8.295045597879078	3년	4.883370896626185	안심(>=2)	3년	12.82583771622907	0.2913542580590997	매우 유망	Y	통과	매우 유망	배당감안점수>=2 & 린치PER배수<=0.5	390412998.0	단기위험부채 존재; fs=2025:CFS,2024:CFS,2022:CFS,2020:CFS
26	064350	현대로템	방산	메인	126300.0	600.0	7055.0	908414081000.0		60775088000.0	49136977000.0						판정불가	일반	일반	7766.386844661084	7316.175404518884	16.80136260174896	16.865177121967555	N	N	89.24356223175967	57.31843168250532	84.95065921728904	186.98712446351934	123.13686336501064	178.4013184345781	1319194.163090129	868730.57104015	1258621.3015559483	944.492607355605	587.8310142835709	896.5330970355886	3년	123.13686336501064	868730.57104015	587.8310142835709	0.4750593824228029	5.339961034162973	3.4398097603650335	5.0844518164746555	6852.009336460757	5.425185539557211	3년	3.4398097603650335	안심(>=2)	3년	57.31843168250532	0.2931232085136945	매우 유망	Y	통과	매우 유망	배당감안점수>=2 & 린치PER배수<=0.5	109142000.0	단기위험부채 존재; fs=2025:CFS,2024:CFS,2022:CFS,2020:CFS
27	082740	한화엔진	직접추가	메인	45650.0		2071.0	276708027934.0	133988650000.0	53947006810.0	30000000000.0						판정불가	일반	일반	4275.157453852644	3915.6484367553294	19.978195338554976	20.15178733135909	N	N	113.94628099173553		62.28278611303117	236.39256198347107		133.06557222606233	489568.9958677686		275578.8000801751	972.440297629285		503.6775467254658	5년	133.06557222606233	275578.8000801751	503.6775467254658		5.70353222905154		3.117538148845435	3492.7128128726085	7.651068593368255	5년	3.117538148845435	안심(>=2)	5년	62.28278611303117	0.3207659224219422	매우 유망	Y	통과	매우 유망	배당감안점수>=2 & 린치PER배수<=0.5	83447142.0	단기위험부채 존재; fs=2025:CFS,2024:OFS,2022:CFS,2020:CFS
28	003230	삼양식품	직접추가	메인	1291000.0	4800.0	52156.0	332840576772.0	3879418399.0	340183053989.0	92341086958.0						판정불가	일반	일반	-459.7174993014085	-12717.901899305922	24.761479359983536	24.996508587685135	Y	Y	43.018536799385764	69.73880446754251	42.35358590359803	94.53707359877153	147.97760893508502	93.20717180719606	4930675.610617528	7717920.171618294	4861313.252776118	281.9268482275389	497.8249551989383	276.55408619489685	3년	147.97760893508502	7717920.171618294	497.8249551989383	0.3718048024786987	1.7523323615303297	2.8314386329972416	1.7254781140065591	-20189.147647522273	-1.5638379277708965	3년	2.8314386329972416	안심(>=2)	3년	69.73880446754251	0.35506027883669705	매우 유망	N	주당순현금<=0 / 주당FCF<=0	제외	하드필터 미통과	7533015.0	주당순현금 음수(린치식); 주당순현금 음수(보수형); 단기위험부채 존재; 주당FCF 음수; fs=2025:CFS,2024:CFS,2022:CFS,2020:CFS
29	006040	동원산업	직접추가	메인	37650.0	1150.0	8793.0	462412200801.0	2315664040.0	920658109908.0	869187931428.0						판정불가	일반	일반	-10327.316971310991	-30015.370950217297	5.456308082714772	7.695368014354293	Y	Y	362.7894736842105	15.223245686790676	-33.98325939665047	734.078947368421	38.94649137358135		6454756.184210526	342456.4986479008		17044.106730970852	809.5790136730434		3년	38.94649137358135	342456.4986479008	809.5790136730434	3.054448871181939	67.04971878592453	3.349828177018662	-5.668450178509711	2047.1984446583815	5.437446068149752	3년	3.349828177018662	안심(>=2)	3년	15.223245686790676	0.3584194983760428	매우 유망	N	주당순현금<=0	제외	하드필터 미통과	44147986.0	주당순현금 음수(린치식); 주당순현금 음수(보수형); 단기위험부채 존재; 1년 점수 과열 가능; fs=2025:CFS,2024:CFS,2022:CFS,2020:CFS
30	012450	한화에어로스페이스	우주항공/방산	메인	1027000.0	7000.0	28530.0	7713355500000.0		12463889065000.0							판정불가	일반	일반	-92129.95017531911	-92129.95017531911	39.22642657466944	39.22642657466944	Y	Y	-37.89049744203766	93.07351740567623	64.20288154253949		194.64703481135246	136.90576308507897		5553279.903167886	3905921.420817303		440.7283255275448	280.3234100114219	3년	194.64703481135246	5553279.903167886	440.7283255275448	0.6815968841285297	-0.9485671728746475	2.39010081918467	1.654101178529663	39867.85493454941	3.881972242896729	3년	2.39010081918467	안심(>=2)	3년	93.07351740567623	0.421456367697963	매우 유망	N	주당순현금<=0	제외	하드필터 미통과	51563401.0	주당순현금 음수(린치식); 주당순현금 음수(보수형); fs=2025:CFS,2024:CFS,2022:CFS,2020:CFS
31	010120	LS ELECTRIC	전력설비	메인	200500.0	3000.0	9647.0	762716704001.0	205184236697.0	773010797653.0	302192853551.0						판정불가	일반	일반	6496.3381015	-3576.7570168666666	20.110258308126877	21.15442697386407	N	Y	19.423124535776193	45.94979891928113	27.235637161019888	47.346249071552386	100.39959783856226	62.971274322039775	456749.26479326584	968554.9203486101	607483.8833847177	127.80511959763881	383.06978571003	202.98448049113102	3년	100.39959783856226	968554.9203486101	383.06978571003	1.4962593516209477	1.0402344697354424	2.3592963125554864	1.4287184218329916	3012.7272868333334	1.50260712560266	3년	2.3592963125554864	안심(>=2)	3년	45.94979891928113	0.43765715587687487	매우 유망	Y	통과	매우 유망	배당감안점수>=2 & 린치PER배수<=0.5	30000000.0	주당순현금 음수(보수형); 단기위험부채 존재; fs=2025:CFS,2024:CFS,2022:CFS,2020:CFS
32	105560	KB금융	금융/은행	보정필요	173700.0	4367.0	15410.0		89862530000000.0	80049270000000.0							판정불가	금융보정	보정양호	25725.386408830236	25725.386408830236	9.602505748940283	9.602505748940283	N	N	19.64285714285714			47.78571428571428			736377.857142857			323.93659018011346			1년	47.78571428571428	736377.857142857	323.93659018011346	2.514104778353483	2.3074145957846293					1년	2.3074145957846293	안심(>=2)	1년	19.64285714285714	0.48885483812786906	매우 유망	N	주당FCF<=0	제외	하드필터 미통과	381462103.0	린치식 단독판정 비중 낮춤; fs=2025:CFS,2024:CFS,2022:NA,2020:NA
33	000120	CJ대한통운	직접추가	메인	73600.0	800.0	11347.0	307146405592.0	86460297519.0	237118568377.0							판정불가	일반	일반	6859.800761114246	6859.800761114246	5.881748412698136	5.881748412698136	N	N	-6.130046326935801	11.480536742818348			31.461073485636696			356988.8008415196			385.0391315781517		3년	31.461073485636696	356988.8008415196	385.0391315781517	1.0869565217391304	-0.8574133831207602	2.136693442620812		12818.247147684604	17.416096668049732	3년	2.136693442620812	안심(>=2)	3년	11.480536742818348	0.5123234692295606	헐값	Y	통과	양호	배당감안점수>=1.5 & 린치PER배수<1	22812344.0	fs=2025:CFS,2024:CFS,2022:CFS,2020:CFS
34	030200	KT	통신	보정필요	54300.0	2400.0	7119.0	3506971000000.0									판정불가	통신보정	보정양호	13915.354148989203	13915.354148989203	5.6727975630019385	5.6727975630019385	N	N	273.1132075471698	10.974077918572789	21.542256858726816	554.7264150943396	30.448155837145578	51.58451371745363	3949097.3490566034	216760.42140463938	367230.1531545524	7172.739132700927	299.19046299196935	576.2986245940192	3년	30.448155837145578	216760.42140463938	299.19046299196935	4.41988950276243	48.923497439782935	2.713646529841798	4.576603707986111	17845.761962904104	32.86512332026538	3년	2.713646529841798	안심(>=2)	3년	10.974077918572789	0.516927035245591	헐값	Y	통과	양호	배당감안점수>=1.5 & 린치PER배수<1	252021685.0	린치식 단독판정 비중 낮춤; 1년 점수 과열 가능; fs=2025:CFS,2024:CFS,2022:CFS,2020:CFS
35	267260	HD현대일렉트릭	전력설비	메인	728000.0	7100.0	20354.0	950781542257.0		55346966947.0							판정불가	일반	일반	24840.658635145344	24840.658635145344	34.54649412227841	34.54649412227841	N	N	46.06386795837818	65.20736528007924		100.62773591675636	138.9147305601585		2048176.936849659	2827470.425821466		181.34298583099712	288.38879475569587		3년	138.9147305601585	2827470.425821466	288.38879475569587	0.9752747252747253	1.3616184182729618	1.91575561245371		19908.873951397247	2.734735432884237	3년	1.91575561245371	양호(>=1.5)	3년	65.20736528007924	0.5297943564180826	헐값	Y	통과	양호	배당감안점수>=1.5 & 린치PER배수<1	36047135.0	fs=2025:CFS,2024:CFS,2022:CFS,2020:CFS
36	042660	한화오션	직접추가	메인	86100.0		4007.0	778471159631.0		5646344947762.0							판정불가	일반	일반	-15886.622071524067	-15886.622071524067	25.452114317824822	25.452114317824822	Y	Y	143.14320388349512		47.03819321855338	294.78640776699024		102.57638643710676	1181209.13592233		411023.5804534868	1271.9037583302322		377.3793036625864	5년	102.57638643710676	411023.5804534868	377.3793036625864		5.624020153926779		1.8481055299052789	1951.772804089628	2.266867368280636	5년	1.8481055299052789	양호(>=1.5)	5년	47.03819321855338	0.5410946419554586	헐값	N	주당순현금<=0	제외	하드필터 미통과	306413394.0	주당순현금 음수(린치식); 주당순현금 음수(보수형); fs=2025:CFS,2024:CFS,2022:CFS,2020:CFS
37	259960	크래프톤	직접추가	메인	213500.0	2240.0	16454.0	596725775511.0	2771628277288.0	232600090556.0	253882981026.0						판정불가	일반	일반	66149.80047167496	60794.052303852826	8.955281361877054	9.280779609587162	N	N	-42.45444689259609	15.546458229987593			39.592916459975186			651461.8474324316			205.13435476928882		3년	39.592916459975186	651461.8474324316	205.13435476928882	1.0491803278688525	-4.623558422294905	1.8531677439532677		19894.79976593031	9.318407384510683	3년	1.8531677439532677	양호(>=1.5)	3년	15.546458229987593	0.5760335395622904	헐값	Y	통과	양호	배당감안점수>=1.5 & 린치PER배수<1	47403831.0	단기위험부채 존재; fs=2025:CFS,2024:CFS,2022:CFS,2020:NA
38	012330	현대모비스	직접추가	메인	415000.0	6500.0	40861.0	4922378000000.0			2945574000000.0						판정불가	일반	일반	54251.49199158146	21787.145638739283	8.828675460914283	9.623182358759225	N	N	-9.074523242617772	14.580422448898144	20.046998821740058		37.66084489779629	48.593997643480115		1538859.783368854	1985599.337710241		270.80958635394074	378.4576717374075	3년	37.66084489779629	1538859.783368854	270.80958635394074	1.566265060240964	-0.8504399346897349	1.8288912737389245	2.448075476062724	32588.711819214936	7.8527016431843215	3년	1.8288912737389245	양호(>=1.5)	3년	14.580422448898144	0.6055157518142744	헐값	Y	통과	양호	배당감안점수>=1.5 & 린치PER배수<1	90732583.0	단기위험부채 존재; fs=2025:CFS,2024:CFS,2022:CFS,2020:CFS
39	062040	산일전기	직접추가	메인	201000.0	1250.0	4901.0	108606384509.0	126933410833.0	741366607.0	520000000.0						판정불가	일반	일반	7712.165751415659	7695.085883324793	39.43844812254323	39.441933098689084	N	N	60.1110748121529			128.7221496243058			630867.2553087228			213.86430612374272			1년	128.7221496243058	630867.2553087228	213.86430612374272	0.6218905472636816	1.5399430822102074			3251.520036754562	1.6176716600768966	1년	1.5399430822102074	양호(>=1.5)	1년	60.1110748121529	0.6560928788212218	헐값	Y	통과	양호	배당감안점수>=1.5 & 린치PER배수<1	30445200.0	단기위험부채 존재; fs=2025:CFS,2024:OFS,2022:NA,2020:NA
40	004370	농심	필수소비재	메인	417000.0	6000.0	29342.0	253539960716.0	745596630000.0	125972160319.0	27652497602.0						판정불가	일반	일반	143550.1925638563	139004.05987973648	9.319399067416798	9.474335086915122	N	N	7.867068597897209	13.475331168715332	2.7004092516118794	24.234137195794418	35.450662337430664	13.900818503223759	711078.0535989997	1040193.3343048906	407877.8165215915	70.52231501175055	149.44684275896657	-2.1875739756375245	3년	35.450662337430664	1040193.3343048906	149.44684275896657	1.4388489208633095	0.9985533886295936	1.6003371013183403	0.44415505147184675	33019.471789396775	7.91833855860834	3년	1.6003371013183403	양호(>=1.5)	3년	13.475331168715332	0.6915896129553349	헐값	Y	통과	양호	배당감안점수>=1.5 & 린치PER배수<1	6082642.0	단기위험부채 존재; fs=2025:CFS,2024:CFS,2022:CFS,2020:CFS
41	052690	한전기술	원전/유틸리티	메인	142600.0	1347.0	2244.0	27327763423.0	143766317133.0	10000000.0							판정불가	일반	일반	4476.297241130298	4476.297241130298	61.55245220983499	61.55245220983499	N	N	45.90377113133941	68.14874025084036	33.4594702358408	100.30754226267882	144.79748050168072	75.4189404716816	225090.12483745127	324925.5462457715	169240.1024184535	57.84721236847914	127.85802682031661	18.68169875066865	3년	144.79748050168072	324925.5462457715	127.85802682031661	0.9446002805049089	0.7611129976127706	1.1225115824110967	0.5589390719814172	565.6546605965464	0.396672272508097	3년	1.1225115824110967	보통(1~1.5)	3년	68.14874025084036	0.9032074838547873	헐값	Y	통과	보류	중간구간(보류)	38220000.0	fs=2025:CFS,2024:CFS,2022:CFS,2020:CFS
42	055550	신한지주	직접추가	메인	113200.0	2590.0	9812.0		78053377000000.0	92991422000000.0							판정불가	일반	일반	-30768.6938706553	-30768.6938706553	14.672716456446727	14.672716456446727	Y	Y	16.242151403862092			40.984302807724184			402137.9791493897			255.24556461960222			1년	40.984302807724184	402137.9791493897	255.24556461960222	2.287985865724382	1.2628975230721453					1년	1.2628975230721453	보통(1~1.5)	1년	16.242151403862092	0.9033727177889636	헐값	N	주당순현금<=0 / 주당FCF<=0	제외	하드필터 미통과	485494934.0	주당순현금 음수(린치식); 주당순현금 음수(보수형); fs=2025:CFS,2024:CFS,2022:NA,2020:NA
43	073240	금호타이어	직접추가	메인	7240.0		1209.0	574762190002.0	23370402051.0	732635884134.0	995816495352.0						판정불가	일반	일반	-468.2279387996295	-3934.8278846250682	6.375705491149404	9.243033816894185	Y	Y	6.896551724137923			22.293103448275843			26952.362068965496			272.27019432272783			1년	22.293103448275843	26952.362068965496	272.27019432272783		1.0816923293761835			2095.5020502990724	28.94339848479382	1년	1.0816923293761835	보통(1~1.5)	1년	6.896551724137923	0.9244772962166646	헐값	N	주당순현금<=0	제외	하드필터 미통과	287260287.0	주당순현금 음수(린치식); 주당순현금 음수(보수형); 단기위험부채 존재; fs=2025:CFS,2024:CFS,2022:CFS,2020:CFS
44	086790	하나금융지주	직접추가	메인	136800.0	4105.0	13954.0		73098647000000.0	72812888000000.0							판정불가	일반	일반	1026.7067789838566	1026.7067789838566	9.730062578544944	9.730062578544944	N	N	10.491725393934592			29.483450787869184			411412.0722939266			200.73981892830895			1년	29.483450787869184	411412.0722939266	200.73981892830895	3.000730994152047	1.3866772468491495			-14044.963863826157	-10.266786450165318	1년	1.3866772468491495	보통(1~1.5)	1년	10.491725393934592	0.9274034739958047	헐값	N	주당FCF<=0	제외	하드필터 미통과	278325814.0	주당FCF 음수; fs=2025:CFS,2024:CFS,2022:NA,2020:NA
45	069960	현대백화점	직접추가	메인	100500.0	2150.0	9572.0	279878097000.0	1384271000.0	850398528000.0	925684884000.0						판정불가	일반	일반	-25150.950692818045	-66058.30557705347	13.126927569245513	17.40057517520408	Y	Y	-681.8844984802432	13.23304981191371	24.719368231601415		34.96609962382742	57.93873646320283		334695.50559927605	554589.5854257775		233.0303538301254	451.8304332594801	3년	34.96609962382742	334695.50559927605	233.0303538301254	2.139303482587065	-51.78250519110051	1.1710549337162468	2.046074496298315	17816.28700542092	17.727648761612855	3년	1.1710549337162468	보통(1~1.5)	3년	13.23304981191371	0.9919805151362269	헐값	N	주당순현금<=0	제외	하드필터 미통과	22628813.0	주당순현금 음수(린치식); 주당순현금 음수(보수형); 단기위험부채 존재; fs=2025:CFS,2024:CFS,2022:CFS,2020:CFS
46	316140	우리금융지주	금융/은행	보정필요	34050.0	1360.0	4052.0	38499679000000.0	34245475000000.0	55583392000000.0							판정불가	금융보정	보정양호	23378.716262091115	23378.716262091115	2.6335843380821533	2.6335843380821533	N	N	2.5822784810126675			13.664556962025335			55368.78481012666			62.61023439097404			1년	13.664556962025335	55368.78481012666	62.61023439097404	3.994126284875184	2.4971308762706896			17894.539902880944	52.55371483959161	1년	2.4971308762706896	안심(>=2)	1년	2.5822784810126675	1.0198684446494577	보통	Y	통과	보류	중간구간(보류)	734076320.0	린치식 단독판정 비중 낮춤; fs=2025:CFS,2024:CFS,2022:NA,2020:NA
47	035420	NAVER	직접추가	메인	214500.0	2630.0	13009.0	5984018799741.0	5235312755210.0	1256361590806.0	132159574017.0						판정불가	일반	일반	63518.0261625246	62675.45458896267	11.60596308997428	11.67073144830789	N	N	2.416942213824602		10.610774201816863	13.333884427649204		29.721548403633726	173460.5025192885		386647.62318287115	-19.132632858140553		80.2553021831567	5년	29.721548403633726	386647.62318287115	80.2553021831567	1.2261072261072261	0.3138946256927913		1.0198965252740884	11325.425174978569	5.279918496493505	5년	1.0198965252740884	보통(1~1.5)	5년	10.610774201816863	1.093790412389231	보통	Y	통과	보류	중간구간(보류)	156852638.0	단기위험부채 존재; fs=2025:CFS,2024:CFS,2022:CFS,2020:CFS
48	021240	코웨이	직접추가	메인	99800.0	1940.0	8630.0	182190550994.0	2827952531.0	904957690609.0	910394928000.0						판정불가	일반	일반	-10011.790673154132	-22672.142564755995	12.724425338720062	14.191441780388875	Y	Y	10.06249202907792	10.977619808999673	9.097067548815364	28.62498405815584	30.455239617999347	26.694135097630728	247033.6124218849	262828.71790333436	230370.38589255317	147.52866976140774	163.35542876085606	130.83204999253826	3년	30.455239617999347	262828.71790333436	163.35542876085606	1.9438877755511021	0.9435695117872201	1.0154884987403712	0.8676977569092378	-2804.5647658552634	-2.8101851361275183	3년	1.0154884987403712	보통(1~1.5)	3년	10.977619808999673	1.1591242509863862	보통	N	주당순현금<=0 / 주당FCF<=0	제외	하드필터 미통과	71909133.0	주당순현금 음수(린치식); 주당순현금 음수(보수형); 단기위험부채 존재; 주당FCF 음수; fs=2025:CFS,2024:CFS,2022:CFS,2020:CFS
49	000100	유한양행	헬스케어	메인	79100.0	600.0	2599.0	348564938250.0	29513907780.0	105262499518.0	199841800000.0						판정불가	일반	일반	3411.5503159327723	912.5418633854255	29.122143010414476	30.08366992559237	N	N	175.60975609756096	25.052899606383704	-2.455406441809782	359.7195121951219	58.60579921276741	3.589187116380436	934911.0121951218	152316.4721539825	9328.297315472753	1081.935540069686	92.56191169909292	-88.20695661760713	3년	58.60579921276741	152316.4721539825	92.56191169909292	0.7585335018963337	6.05615766450929	0.8863164053225587	-0.0582674475331923	-353.25969258346265	-0.44659885282359374	3년	0.8863164053225587	불리(<1)	3년	25.052899606383704	1.1624260452069146	보통	N	주당FCF<=0	제외	하드필터 미통과	79968437.0	단기위험부채 존재; 주당FCF 음수; 1년 점수 과열 가능; 배당감안점수<1; fs=2025:CFS,2024:CFS,2022:CFS,2020:CFS
50	323410	카카오뱅크	직접추가	메인	21900.0	460.0	1008.0		5031536000000.0								판정불가	일반	일반	10548.040591320245	10548.040591320245	11.261864492737852	11.261864492737852	N	N	9.090909090909083			26.681818181818166			26895.27272727271			22.809464508094557			1년	26.681818181818166	26895.27272727271	22.809464508094557	2.1004566210045663	0.9937400435896149			12444.320071931525	56.82337932388825	1년	0.9937400435896149	불리(<1)	1년	9.090909090909083	1.2388050942011648	보통	Y	통과	제외	배당감안점수<1	477011437.0	배당감안점수<1; fs=2025:OFS,2024:OFS,2022:NA,2020:NA
51	022100	포스코DX	직접추가	메인	21450.0	125.0	343.0	246949912811.0	5459116668.0	1166279518.0							판정불가	일반	일반	1652.5352570003922	1652.5352570003922	57.71855610203967	57.71855610203967	N	N	-40.86206896551724		43.180492810132876			94.86098562026575			32537.318067751152			51.6891285209844	5년	94.86098562026575	32537.318067751152	51.6891285209844	0.5827505827505828	-0.6978573461116651		0.7582179172243179	902.5027073978604	4.207471829360655	5년	0.7582179172243179	불리(<1)	5년	43.180492810132876	1.3366812730885564	보통	Y	통과	제외	배당감안점수<1	152034729.0	배당감안점수<1; fs=2025:CFS,2024:CFS,2022:CFS,2020:CFS
52	128940	한미약품	헬스케어	메인	471000.0	2000.0	13372.0	108273819495.0		91812500000.0	319500000000.0						판정불가	일반	일반	1284.9372460725326	-23654.585387266292	35.126762096464816	36.99181763290954	N	Y	39.77213337514372	26.231706206675454	68.07388619564503	88.04426675028743	60.96341241335091	144.64777239129006	1177327.9349848435	815202.7507913284	1934230.0124163306	149.96346814964832	73.07914029539882	310.66454616057973	3년	60.96341241335091	815202.7507913284	73.07914029539882	0.42462845010615713	1.1443343885457438	0.7588611379431504	1.950037821807804	7534.569419649112	1.599696267441425	3년	0.7588611379431504	불리(<1)	3년	26.231706206675454	1.3390955898829693	보통	Y	통과	제외	배당감안점수<1	12810991.0	주당순현금 음수(보수형); 단기위험부채 존재; 배당감안점수<1; fs=2025:CFS,2024:CFS,2022:CFS,2020:CFS
53	064400	LG씨엔에스	직접추가	메인	73400.0	1850.0	4549.0	1140987852000.0	602021775000.0	159828598000.0	0.0						판정불가	일반	일반	16340.667162589976	16340.667162589976	12.543269474040454	12.543269474040454	N	N	8.827751196172251			26.155502392344502			118981.38038277514			62.0999732735356			1년	26.155502392344502	118981.38038277514	62.0999732735356	2.5204359673024523	0.9047232212431462			3767.269821212876	5.132520192388115	1년	0.9047232212431462	불리(<1)	1년	8.827751196172251	1.420890688387238	보통	Y	통과	제외	배당감안점수<1	96885948.0	배당감안점수<1; fs=2025:CFS,2024:CFS,2022:NA,2020:NA
54	008930	한미사이언스	직접추가	메인	57700.0	300.0	1748.0	127389343692.0	0.0	0.0	199600000000.0						판정불가	일반	일반	1862.6474131965133	-1055.8417861270873	31.94356555309124	33.61318179984387	N	Y	99.08883826879271	20.062307210120522	38.49990058066466	206.67767653758543	48.624614420241045	85.49980116132932	361272.57858769933	84995.82600658135	149453.65243000365	526.1223199093575	47.30645755040095	159.0184617504396	3년	48.624614420241045	84995.82600658135	47.30645755040095	0.5199306759098787	3.118273343003917	0.6443312613872755	1.2215239777075704	667.8946648379807	1.1575297484193774	3년	0.6443312613872755	불리(<1)	3년	20.062307210120522	1.592217944752494	보통	Y	통과	제외	배당감안점수<1	68391550.0	주당순현금 음수(보수형); 단기위험부채 존재; 1년 점수 과열 가능; 배당감안점수<1; fs=2025:CFS,2024:CFS,2022:CFS,2020:CFS
55	090430	아모레퍼시픽	직접추가	메인	140000.0	1240.0	3421.0	524558265446.0	595819964751.0		256253631834.0						판정불가	일반	일반	19154.135475076495	14773.189248313625	35.32471924142751	36.60532322469639	N	N	-60.24866372298396	20.627708642947496	46.209846998093965		49.75541728589499	100.91969399618793		170213.28253504678	345246.2731609589		21.580916096461976	146.60448082925637	3년	49.75541728589499	170213.28253504678	21.580916096461976	0.8857142857142857	-1.6804931705628683	0.6090189360495085	1.333218275902851	8421.099814611242	6.015071296150887	3년	0.6090189360495085	불리(<1)	3년	20.627708642947496	1.7124887622215297	보통	Y	통과	제외	배당감안점수<1	58492759.0	단기위험부채 존재; 배당감안점수<1; fs=2025:CFS,2024:CFS,2022:CFS,2020:CFS
56	001800	오리온홀딩스	직접추가	메인	25500.0	1100.0	2011.0	353427526408.0	40225597539.0	23781543774.0							판정불가	일반	일반	5904.20765579646	5904.20765579646	9.744302508306086	9.744302508306086	N	N	-24.681647940074903	5.512222260013111	9.302936730683564		19.524444520026222	27.10587346136713		39263.65792977273	54509.911530809295		53.97512913636364	113.76435894435018	3년	19.524444520026222	39263.65792977273	53.97512913636364	4.313725490196078	-2.090239135383689	1.0083787671650697	1.3973973210779058	5198.228152968624	20.385208443014214	3년	1.0083787671650697	보통(1~1.5)	3년	5.512222260013111	1.7677629907983625	보통	Y	통과	보류	중간구간(보류)	62645422.0	fs=2025:CFS,2024:CFS,2022:CFS,2020:CFS
57	051600	한전KPS	원전/유틸리티	메인	48450.0	1651.0	2761.0	145552915316.0	253105895590.0								판정불가	일반	일반	8859.0846868	8859.0846868	14.3393391210431	14.3393391210431	N	N	-27.94885177453027	7.4435664015639835	7.368549852889328		23.38713280312797	23.237099705778654		64571.873669436325	64157.632287654866		33.275281051468156	32.420293679370204	3년	23.38713280312797	64571.873669436325	33.275281051468156	3.4076367389060893	-1.7114606767064837	0.7567436022588964	0.7515120816119951	1565.3651230222222	3.230887766815732	3년	0.7567436022588964	불리(<1)	3년	7.4435664015639835	1.9264070940551066	보통	Y	통과	제외	배당감안점수<1	45000000.0	배당감안점수<1; fs=2025:CFS,2024:CFS,2022:CFS,2020:CFS
58	034730	SK	직접추가	메인	603000.0	8000.0	29050.0	25214132000000.0	3449044000000.0	45546013000000.0	11714166000000.0						판정불가	일반	일반	-231053.85910201556	-391370.70990508975	28.710976216936853	34.22962856816144	Y	Y	-223.85418887230867	14.11831256779157	52.31072476454839		36.73662513558314	113.12144952909678		1067198.96018869	3286178.1088202614		76.98158543759372	444.9714940000433	3년	36.73662513558314	1067198.96018869	76.98158543759372	1.3266998341625207	-7.750606853516714	0.5379480058516068	1.8681853307053253	-54497.63687223273	-9.037750725080056	3년	0.5379480058516068	불리(<1)	3년	14.11831256779157	2.0335982844320832	매우 불리	N	주당순현금<=0 / 주당FCF<=0	제외	하드필터 미통과	73068838.0	주당순현금 음수(린치식); 주당순현금 음수(보수형); 단기위험부채 존재; 주당FCF 음수; 배당감안점수<1; PER>연성장률의 2배; fs=2025:CFS,2024:CFS,2022:CFS,2020:CFS
59	207940	삼성바이오로직스	헬스케어	메인	1440000.0		24091.0	148851266520.0	1307174500000.0	918724421281.0							판정불가	일반	일반	11607.049188490424	11607.049188490424	59.29155912214144	59.29155912214144	N	N	58.274751987385855	28.169383318294948	45.91602063406175	125.04950397477171	64.8387666365899	100.3320412681235	3012567.600256225	1562030.7270420871	2417099.2061903635	109.20608335112676	8.474356044589392	67.85411154099748	3년	64.8387666365899	1562030.7270420871	8.474356044589392		0.9828507269869401	0.47509938573660415	0.7744107477334861	16692.97982791496	1.1592347102718723	3년	0.47509938573660415	불리(<1)	3년	28.169383318294948	2.104822759241372	매우 불리	Y	통과	제외	배당감안점수<1	46290951.0	배당감안점수<1; PER>연성장률의 2배; fs=2025:CFS,2024:CFS,2022:CFS,2020:CFS
60	326030	에스케이바이오팜	직접추가	메인	83200.0		3409.0	307770519305.0	1711367837.0	0.0	0.0						판정불가	일반	일반	3951.8457878072995	3951.8457878072995	23.246745148780494	23.246745148780494	N	N	10.897852960312292			30.295705920624584			103278.06148340921			24.132285436789914			1년	30.295705920624584	103278.06148340921	24.132285436789914		0.46879048617625446			1874.8221177897738	2.2533919684973243	1년	0.46879048617625446	불리(<1)	1년	10.897852960312292	2.1331490921597394	매우 불리	Y	통과	제외	배당감안점수<1	78313250.0	배당감안점수<1; PER>연성장률의 2배; fs=2025:CFS,2024:CFS,2022:CFS,2020:CFS
61	079550	LIG넥스원	우주항공/방산	메인	666000.0	2950.0	11604.0	125190009682.0	74459447021.0	923361958512.0	603656788627.0						판정불가	일반	일반	-32896.0228095	-60334.96774709091	60.22888855648914	62.593499461141924	Y	Y	14.066647006782663	27.179527397785485	34.219216690902975	36.633294013565326	62.85905479557097	76.93843338180595	425092.74373341206	729416.4718478055	892793.5809624762	-36.172260700688874	9.521992769940768	34.05309023460603	3년	62.85905479557097	729416.4718478055	9.521992769940768	0.4429429429429429	0.24090748306133775	0.4586249390078168	0.5755072103204429	-39377.47379822727	-5.912533603337429	3년	0.4586249390078168	불리(<1)	3년	27.179527397785485	2.2159652621993873	매우 불리	N	주당순현금<=0 / 주당FCF<=0	제외	하드필터 미통과	22000000.0	주당순현금 음수(린치식); 주당순현금 음수(보수형); 단기위험부채 존재; 주당FCF 음수; 배당감안점수<1; PER>연성장률의 2배; fs=2025:CFS,2024:CFS,2022:CFS,2020:CFS
62	012750	에스원	직접추가	메인	79200.0	3200.0	5281.0	217937111676.0	27694386215.0	36737106943.0							판정불가	일반	일반	5497.339730559434	5497.339730559434	13.956193953690695	13.956193953690695	N	N	1.033097378993686	5.738563246263584	4.672200779142521	10.566194757987372	19.97712649252717	17.844401558285043	55800.07451693131	105499.20500703598	94236.2846293033	-29.545360458420067	33.20606692807573	18.98520786528195	3년	19.97712649252717	105499.20500703598	33.20606692807573	4.040404040404041	0.36353044649799	0.7006901250524389	0.6242822970543862	4591.768535203577	5.797687544448961	3년	0.7006901250524389	불리(<1)	3년	5.738563246263584	2.432001418260514	매우 불리	Y	통과	제외	배당감안점수<1	37999178.0	배당감안점수<1; PER>연성장률의 2배; fs=2025:CFS,2024:CFS,2022:CFS,2020:CFS
63	443060	HD현대마린솔루션	직접추가	메인	212500.0	3950.0	6013.0	377924043510.0		9931501625.0							판정불가	일반	일반	8208.377954504365	8208.377954504365	33.97499119333039	33.97499119333039	N	N	13.36726998491704			35.23453996983408			211865.28883861232			-0.29868760535890493			1년	35.23453996983408	211865.28883861232	-0.29868760535890493	1.8588235294117648	0.44815592232788665			6828.081523113242	3.2132148344062315	1년	0.44815592232788665	불리(<1)	1년	13.36726998491704	2.5416551944911765	매우 불리	Y	통과	제외	배당감안점수<1	44831335.0	배당감안점수<1; PER>연성장률의 2배; fs=2025:CFS,2024:CFS,2022:NA,2020:NA
64	033780	KT&G	필수소비재	메인	169800.0	6000.0	10228.0	913503000000.0		1062456000000.0	332978000000.0						판정불가	일반	일반	-1262.563450588038	-4084.9695293504915	16.724927986956203	17.000876958286124	Y	Y	-10.146710006149517	6.408926515670932	1.8767217197089403		21.317853031341862	12.25344343941788		218039.00080456457	125328.21949836609		28.409305538612827	-26.19068345208122	3년	21.317853031341862	218039.00080456457	28.409305538612827	3.53356890459364	-0.39540625267346297	0.5944716430479544	0.3234866319617085	-776.4757168675206	-0.45728840804918763	3년	0.5944716430479544	불리(<1)	3년	6.408926515670932	2.6096301691181614	매우 불리	N	주당순현금<=0 / 주당FCF<=0	제외	하드필터 미통과	117976645.0	주당순현금 음수(린치식); 주당순현금 음수(보수형); 단기위험부채 존재; 주당FCF 음수; 배당감안점수<1; PER>연성장률의 2배; fs=2025:CFS,2024:CFS,2022:CFS,2020:CFS
65	030000	제일기획	직접추가	메인	18930.0	1230.0	2049.0	622369326472.0	216919787330.0	234763824456.0	4043255307.0						판정불가	일반	일반	5254.857894167939	5219.71175149604	6.674056664632533	6.691209491705202	N	N	0.0	2.315711686466715		8.5	13.13142337293343		17416.5	26906.286491140596		-7.9952456418383555	42.13569197644267		3년	13.13142337293343	26906.286491140596	42.13569197644267	6.497622820919176	0.973564227488759	1.3205363619535802		1492.008099731205	7.881712095780269	3년	1.3205363619535802	보통(1~1.5)	3년	2.315711686466715	2.8820758230122028	매우 불리	Y	통과	제외	린치PER배수>=2	115041225.0	단기위험부채 존재; PER>연성장률의 2배; fs=2025:CFS,2024:CFS,2022:CFS,2020:CFS
66	010130	고려아연	소재	메인	1213000.0	20000.0	42566.0	3451069963536.0	1038402532013.0	2668945939951.0	3128688084125.0						판정불가	일반	일반	87219.33882994796	-62672.518151442666	26.447884724194243	29.969283422248807	N	Y	184.74145427787812	8.708371766163726	5.597910450753152	377.98290855575624	25.91674353232745	19.695820901506302	16089220.48558432	1103172.1051970504	838372.3124935173	1226.3990507489134	-9.054236999418762	-30.884393034334934	3년	25.91674353232745	1103172.1051970504	-9.054236999418762	1.6488046166529264	7.047454298831817	0.39160698448379194	0.2739997978279473	-75274.78704653852	-6.205670819994932	3년	0.39160698448379194	불리(<1)	3년	8.708371766163726	3.037064268082488	매우 불리	N	주당FCF<=0	제외	하드필터 미통과	20872969.0	주당순현금 음수(보수형); 단기위험부채 존재; 주당FCF 음수; 1년 점수 과열 가능; 배당감안점수<1; PER>연성장률의 2배; fs=2025:CFS,2024:CFS,2022:CFS,2020:CFS
67	005380	현대자동차	직접추가	메인	385000.0	10000.0	36088.0	18360566000000.0	5857507000000.0	131240462000000.0	10388351000000.0						판정불가	일반	일반	-522678.0458231802	-573412.8785132379	25.15179688049158	26.557661231246893	Y	Y	-24.20875774440827	8.159836431248424	45.92494426173537		24.819672862496848	100.34988852347074		895692.3542617862	3621426.777035012		132.6473647433211	840.6303316974057	3년	24.819672862496848	895692.3542617862	132.6473647433211	2.5974025974025974	-0.8592370258749994	0.4276926646538971	1.929180133319748	-83323.46231986141	-21.64245774541855	3년	0.4276926646538971	불리(<1)	3년	8.159836431248424	3.082389836170215	매우 불리	N	주당순현금<=0 / 주당FCF<=0	제외	하드필터 미통과	204757766.0	주당순현금 음수(린치식); 주당순현금 음수(보수형); 단기위험부채 존재; 주당FCF 음수; 배당감안점수<1; PER>연성장률의 2배; fs=2025:CFS,2024:CFS,2022:CFS,2020:CFS
68	042700	한미반도체	반도체소부장	메인	244500.0	800.0	2256.0	276235377529.0	1620849416.0	1700783956.0							판정불가	일반	일반	2897.3777017947336	2897.3777017947336	107.09336094778602	107.09336094778602	N	N	41.97608558842039	33.93410123050573	17.576648487156234	92.45217117684078	76.36820246101146	43.65329697431247	208572.0981749528	172286.66475204186	98481.83797404893	-14.694438374252439	-29.535106440882675	-59.72112966296568	3년	76.36820246101146	172286.66475204186	-29.535106440882675	0.32719836400818	0.3950131322618008	0.3199199211911764	0.16717980174227173	1415.2619637779844	0.5788392489889507	3년	0.3199199211911764	불리(<1)	3년	33.93410123050573	3.1559215380518855	매우 불리	Y	통과	제외	배당감안점수<1	95312200.0	배당감안점수<1; PER>연성장률의 2배; fs=2025:CFS,2024:CFS,2022:CFS,2020:CFS
69	307950	현대오토에버	직접추가	메인	385500.0	1900.0	6654.0	301124937000.0	503550000000.0	137177596000.0							판정불가	일반	일반	24339.913182556786	24339.913182556786	54.27713958783336	54.27713958783336	N	N	6.840077071290951	17.005273141647017	18.824559086735636	22.1801541425819	42.51054628329403	46.14911817347127	147586.74566473998	282865.1749690385	307076.2323262778	-61.715500476072634	-26.623819722687802	-20.343389798630916	3년	42.51054628329403	282865.1749690385	-26.623819722687802	0.4928664072632944	0.13510187777467147	0.32238507190663845	0.3559035284595041	6801.802196340414	1.7644104270662553	3년	0.32238507190663845	불리(<1)	3년	17.005273141647017	3.1917828743900105	매우 불리	Y	통과	제외	배당감안점수<1	27423982.0	배당감안점수<1; PER>연성장률의 2배; fs=2025:CFS,2024:CFS,2022:CFS,2020:CFS
70	028260	삼성물산	직접추가	메인	382000.0	2800.0	14955.0	3458217651048.0	2068618122746.0	1611322967337.0	981336899188.0						판정불가	일반	일반	23035.606644979205	17262.240061011005	24.00296846238855	24.38901771574651	N	N	9.328167263688858	6.272963576271873	18.957826688295864	27.156334527377716	21.045927152543747	46.41565337659173	406122.9828569337	314741.84056629176	694146.0962469293	6.314916978254903	-17.606848019295352	81.71363776097624	3년	21.045927152543747	314741.84056629176	-17.606848019295352	0.7329842931937173	0.41916280366105113	0.29187839330970916	0.820348991931731	6578.623290328812	1.722152693803354	3년	0.29187839330970916	불리(<1)	3년	6.272963576271873	3.826416042519717	매우 불리	Y	통과	제외	배당감안점수<1	169976544.0	단기위험부채 존재; 배당감안점수<1; PER>연성장률의 2배; fs=2025:CFS,2024:CFS,2022:CFS,2020:CFS
71	007660	이수페타시스	직접추가	메인	110300.0	230.0	2278.0	162780032068.0	175712986992.0	105628209085.0							판정불가	일반	일반	3172.1466751335415	3172.1466751335415	47.027152469212666	47.027152469212666	N	N	94.53458582408199	12.033069515911986		197.56917164816397	32.56613903182397		450062.57301451755	74185.66471449501		308.0349710013758	-32.74191775657751		3년	32.56613903182397	74185.66471449501	-32.74191775657751	0.20852221214868538	2.0146469233546784	0.26030901479894814		185.87558603504556	0.16851821036722173	3년	0.26030901479894814	불리(<1)	3년	12.033069515911986	3.90815929443656	매우 불리	Y	통과	제외	배당감안점수<1	73409219.0	1년 점수 과열 가능; 배당감안점수<1; PER>연성장률의 2배; fs=2025:CFS,2024:CFS,2022:CFS,2020:CFS
72	175330	JB금융지주	직접추가	메인	31300.0	1140.0	3619.0		3918901000000.0	14183144000000.0							판정불가	일반	일반	-54055.16269326126	-54055.16269326126	23.585289497999796	23.585289497999796	Y	Y	5.2340796743239215			18.968159348647845			68645.76868275655			119.3155548969858			1년	18.968159348647845	68645.76868275655	119.3155548969858	3.642172523961661	0.376346968267587					1년	0.376346968267587	불리(<1)	1년	5.2340796743239215	4.5061005879789695	매우 불리	N	주당순현금<=0 / 주당FCF<=0	제외	하드필터 미통과	189884601.0	주당순현금 음수(린치식); 주당순현금 음수(보수형); 배당감안점수<1; PER>연성장률의 2배; fs=2025:CFS,2024:CFS,2022:NA,2020:NA
73	007070	GS리테일	직접추가	메인	25150.0	600.0	585.0	294440001357.0	139922954133.0	2214168472527.0							판정불가	일반	일반	-21287.651544267934	-21287.651544267934	79.38060093037254	79.38060093037254	Y	Y	-345.7983193277311	17.566734386037865	-23.182279339928648		43.63346877207573			25525.579231664302			1.4933567859415575		3년	43.63346877207573	25525.579231664302	1.4933567859415575	2.3856858846918487	-4.326153108166293	0.2513513381969818	-0.26198584051383295	8424.851248528614	33.49841450707202	3년	0.2513513381969818	불리(<1)	3년	17.566734386037865	4.518802367357741	매우 불리	N	주당순현금<=0	제외	하드필터 미통과	83607415.0	주당순현금 음수(린치식); 주당순현금 음수(보수형); 배당감안점수<1; PER>연성장률의 2배; fs=2025:CFS,2024:CFS,2022:CFS,2020:CFS
74	047810	한국항공우주	우주항공/방산	메인	127800.0	500.0	1907.0	60938581663.0	200000.0	1487227060504.0	492840000000.0						판정불가	일반	일반	-14632.333554052933	-19688.393661788952	74.68921528791448	77.34053154787046	Y	Y	8.045325779036826	16.21391673368946	20.01192023737235	24.590651558073652	40.92783346737892	48.5238404747447	46894.372521246456	78049.3784222916	92534.96378533814	-63.30643777680246	-38.92849888709578	-27.593925050596134	3년	40.92783346737892	78049.3784222916	-38.92849888709578	0.39123630672926446	0.11295555928984594	0.22232330298837155	0.2731740648961279	-11214.27678311756	-8.774864462533301	3년	0.22232330298837155	불리(<1)	3년	16.21391673368946	4.606488149326953	매우 불리	N	주당순현금<=0 / 주당FCF<=0	제외	하드필터 미통과	97475107.0	주당순현금 음수(린치식); 주당순현금 음수(보수형); 단기위험부채 존재; 주당FCF 음수; 배당감안점수<1; PER>연성장률의 2배; fs=2025:CFS,2024:CFS,2022:CFS,2020:CFS
75	280360	롯데웰푸드	직접추가	메인	139700.0	3300.0	8176.0	465769787384.0	60447985569.0	1114724963974.0							판정불가	일반	일반	-63249.23537832038	-63249.23537832038	24.82255814314095	24.82255814314095	Y	Y	-14.575279490126425		5.046315298946524			18.59263059789305			152013.34776837355			8.814135839923809	5년	18.59263059789305	152013.34776837355	8.814135839923809	2.3622047244094486	-0.4920151539293195		0.29845916688498597	-12931.762180407184	-9.256809005302207	5년	0.29845916688498597	불리(<1)	5년	5.046315298946524	4.918947127287694	매우 불리	N	주당순현금<=0 / 주당FCF<=0	제외	하드필터 미통과	9304574.0	주당순현금 음수(린치식); 주당순현금 음수(보수형); 주당FCF 음수; 배당감안점수<1; PER>연성장률의 2배; fs=2025:CFS,2024:CFS,2022:CFS,2020:CFS
76	068270	셀트리온	헬스케어	메인	183100.0	750.0	4668.0	1119206211717.0									판정불가	일반	일반	4845.86731932615	4845.86731932615	38.18640374478874	38.18640374478874	N	N	127.9296875	6.22945826601542	3.8046169226709114	264.359375	20.95891653203084	16.109233845341823	1234029.5625	97836.22237151997	75197.90359005563	573.9648074822501	-46.56678188338614	-58.93069164934155	3년	20.95891653203084	97836.22237151997	-46.56678188338614	0.4096122337520481	3.3608637407042132	0.17385953765477313	0.11035941442896599	1360.9075488767974	0.7432591747005993	3년	0.17385953765477313	불리(<1)	3년	6.22945826601542	6.129971839303148	매우 불리	Y	통과	제외	배당감안점수<1	230960969.0	1년 점수 과열 가능; 배당감안점수<1; PER>연성장률의 2배; fs=2025:CFS,2024:CFS,2022:CFS,2020:CFS
77	272210	한화시스템	우주항공/방산	메인	69700.0	500.0	1243.0	325483658125.0	164123075536.0	1615285782454.0	1474436243190.0						판정불가	일반	일반	-5958.515188681878	-13763.093908709392	60.86767110915678	67.14649550177747	Y	Y	-52.02624469316866		7.897266078384502			24.294532156769			30198.10347086387			-56.6741700561494	5년	24.294532156769	30198.10347086387	-56.6741700561494	0.7173601147776184	-0.8429579059526767		0.14153040581613704	-1268.1431386537038	-1.8194306149981403	5년	0.14153040581613704	불리(<1)	5년	7.897266078384502	7.7074357765096515	매우 불리	N	주당순현금<=0 / 주당FCF<=0	제외	하드필터 미통과	188919389.0	주당순현금 음수(린치식); 주당순현금 음수(보수형); 단기위험부채 존재; 주당FCF 음수; 배당감안점수<1; PER>연성장률의 2배; fs=2025:CFS,2024:CFS,2022:CFS,2020:CFS
78	450080	에코프로머티	직접추가	메인	35950.0		345.0	45037598354.0	777438041.0								판정불가	일반	일반	649.3175374808915	649.3175374808915	102.32081873193944	102.32081873193944	N	N	-155.8252427184466	5.476875138059767			19.453750276119536			6711.54384526124			-81.33089333724273		3년	19.453750276119536	6711.54384526124	-81.33089333724273		-1.522908481867002	0.053526498379651455		-2943.2049268330334	-8.186939991190636	3년	0.053526498379651455	불리(<1)	3년	5.476875138059767	18.682335483767762	매우 불리	N	주당FCF<=0	제외	하드필터 미통과	70558754.0	주당FCF 음수; 배당감안점수<1; PER>연성장률의 2배; fs=2025:OFS,2024:OFS,2022:OFS,2020:NA
79	024110	IBK기업은행	금융/은행	보정필요	20800.0	1048.0	3183.0			203390126000000.0							판정불가	금융보정	보정보류	-255058.34950533815	-255058.34950533815	86.66614813237139	86.66614813237139	Y	Y	2.4790727623953623			13.458145524790725			42837.27720540888			105.94844810292732			1년	13.458145524790725	42837.27720540888	105.94844810292732	5.038461538461538	0.08674129937533204					1년	0.08674129937533204	불리(<1)	1년	2.4790727623953623	34.95909819469425	매우 불리	N	주당순현금<=0 / 주당FCF<=0	제외	하드필터 미통과	797425869.0	린치식 단독판정 비중 낮춤; 주당순현금 음수(린치식); 주당순현금 음수(보수형); 배당감안점수<1; PER>연성장률의 2배; fs=2025:CFS,2024:CFS,2022:NA,2020:NA
80	282330	BGF리테일	필수소비재	메인	148600.0	4100.0	11303.0	414042445266.0	56154402761.0		0.0						판정불가	일반	일반	27204.316433276137	27204.316433276137	10.740129484802607	10.740129484802607	N	N	0.017697548889472614	0.2966584171548048	9.736317603940137	8.535395097778945	9.09331683430961	27.972635207880273	96475.57079019542	102781.76017820151	316174.6957546707	-35.07700485182005	-30.833270404978798	112.76897426290087	3년	9.09331683430961	102781.76017820151	-30.833270404978798	2.759084791386272	0.25854272466685996	0.2845164216004085	1.1634312615138886	30299.629909466068	20.39006050435132	3년	0.2845164216004085	불리(<1)	3년	0.2966584171548048	36.20369038508724	매우 불리	Y	통과	제외	배당감안점수<1	17283906.0	배당감안점수<1; PER>연성장률의 2배; fs=2025:CFS,2024:CFS,2022:CFS,2020:CFS
81	204320	HL만도	직접추가	메인	48600.0	750.0	2130.0	799652317531.0		965892545521.0	659326263869.0						판정불가	일반	일반	-3540.256046154449	-17581.28462433386	24.4789934488988	31.071025645227163	Y	Y	-23.021322732200943	0.5378148348890388	76.60035963530261		9.575629669778078	161.70071927060522		20396.091196627305	344422.5320463891		-58.0327341633183	608.6883375440106	3년	9.575629669778078	20396.091196627305	-58.0327341633183	1.5432098765432098	-0.8774099678769242	0.08501267487883021	3.192270534937422	6770.8428804833	13.931775474245473	3년	0.08501267487883021	불리(<1)	3년	0.5378148348890388	45.51565308522825	매우 불리	N	주당순현금<=0	제외	하드필터 미통과	46957120.0	주당순현금 음수(린치식); 주당순현금 음수(보수형); 단기위험부채 존재; 배당감안점수<1; PER>연성장률의 2배; fs=2025:CFS,2024:CFS,2022:CFS,2020:CFS
82	192080	더블유게임즈	직접추가	메인	56100.0	1200.0	6651.0	569919505893.0	290204328298.0	53240025218.0							판정불가	일반	일반	37536.62715928326	37536.62715928326	2.7910649286899316	2.7910649286899316	N	N	-29.55195424213537		0.05119867759955099			8.602397355199102			57214.54480942923			1.9867108902481778	5년	8.602397355199102	57214.54480942923	1.9867108902481778	2.13903743315508	-9.821669330296572		0.7847313361436857	10978.50357230814	19.569525084328234	5년	0.7847313361436857	불리(<1)	5년	0.05119867759955099	54.514394893558915	매우 불리	Y	통과	제외	배당감안점수<1	21495906.0	배당감안점수<1; PER>연성장률의 2배; fs=2025:CFS,2024:CFS,2022:CFS,2020:CFS
83	006360	GS건설	직접추가	메인	35250.0	500.0	1073.0	3015810000000.0	301590000000.0								판정불가	일반	일반	38763.054954990854	38763.054954990854	-3.274049352274794	-3.274049352274794	N	N	-62.91047355686139	-35.490770024369326	-22.823533314849886										3년				1.4184397163120568	18.78164536457734	10.406785800093079	6.537804197626303	3464.721168093708	9.828996221542434	3년	10.406785800093079	안심(>=2)	3년	-35.490770024369326		판정불가	N	순현금차감PER<=0	제외	하드필터 미통과	85581490.0	fs=2025:CFS,2024:CFS,2022:CFS,2020:CFS
84	003030	세아제강지주	직접추가	메인	106300.0	1800.0	15656.0	657858846224.0	16603582224.0	0.0							판정불가	일반	일반	162848.45134399107	162848.45134399107	-3.6119348073576307	-3.6119348073576307	N	N	47.712048306444	-38.977007618002915	29.936065767104946	103.924096612888		68.3721315342099	1627035.6565713745		1070434.0912995902	1430.6073909420268		906.9935007522014	3년				1.6933207902163687	-13.678366784477946	10.322358740207171	-8.75690959119506	-147158.44666591173	-138.436920664075	3년	10.322358740207171	안심(>=2)	3년	-38.977007618002915		판정불가	N	주당FCF<=0 / 순현금차감PER<=0	제외	하드필터 미통과	4141657.0	주당FCF 음수; fs=2025:CFS,2024:CFS,2022:CFS,2020:CFS
85	285130	SK케미칼	직접추가	메인	53800.0	1150.0	2306.0	567555999965.0	950748039267.0	341978345417.0	477883213809.0						판정불가	일반	일반	68000.55528903044	40375.277635757375	-6.158089891166712	5.821648900365406	N	N	92.16666666666666	-38.59552986089414	-34.69934418185778	192.83333333333331			444673.6666666666			726.5309789343245			3년				2.137546468401487	-15.31387407487182	5.920339591792694	5.287645729264782	-13324.604357906223	-24.766922598338702	3년	5.920339591792694	안심(>=2)	3년	-38.59552986089414		판정불가	N	주당FCF<=0 / 순현금차감PER<=0	제외	하드필터 미통과	17298766.0	단기위험부채 존재; 주당FCF 음수; fs=2025:CFS,2024:CFS,2022:CFS,2020:CFS
86	009240	한샘	직접추가	메인	38900.0	8530.0	2808.0	98241927402.0	251054722982.0	161476119968.0	96981921492.0						판정불가	일반	일반	7980.840700116019	3859.9000100620688	11.0110966167678	12.478668087584733	N	N	-69.38174681059863		-5.701809832138416										5년				21.9280205655527	-4.309627632617714		1.4736234998342364	2308.508445254018	5.934469010935779	5년	1.4736234998342364	보통(1~1.5)	5년	-5.701809832138416		판정불가	Y	통과	보류	배당감안점수 또는 린치PER배수 미산출	23533928.0	단기위험부채 존재; fs=2025:CFS,2024:CFS,2022:CFS,2020:CFS
87	000880	한화	직접추가	메인	138300.0	1100.0	4122.0	14684582000000.0	103264989000000.0	60168760000000.0							판정불가	일반	일반	770834.9267100092	770834.9267100092	-153.45340288937632	-153.45340288937632	N	N	-50.52808449351897	-33.7392629586393	7.803689278908865			24.107378557817732			99370.61441532469			-28.148507291883817	3년				0.7953723788864787	0.3240899919989687	0.2146833498602953	-0.056036956469413444	29660.332448246358	21.44637197993229	3년	0.2146833498602953	불리(<1)	3년	-33.7392629586393		판정불가	N	순현금차감PER<=0	제외	하드필터 미통과	74958735.0	배당감안점수<1; fs=2025:CFS,2024:CFS,2022:CFS,2020:CFS
88	383220	F&F	직접추가	메인	66300.0	2700.0	10611.0	325383761882.0	16380800000.0	136145710441.0	186267116479.0						판정불가	일반	일반	5367.64687570116	505.17391270411537	5.742376130835815	6.200624454556204	N	N	11.64772727272727	-2.8457492223840752		31.79545454545454	2.8085015552318495		337381.5681818181	29801.010002565155		408.87114356231996	-55.05126696445678		3년	2.8085015552318495	29801.010002565155	-55.05126696445678	4.072398190045249	2.737564573375381	0.21361348328860374		8579.832305807739	12.94092353817155	3년	0.21361348328860374	불리(<1)	3년	-2.8457492223840752		판정불가	Y	통과	보류	배당감안점수 또는 린치PER배수 미산출	38307075.0	단기위험부채 존재; 1년 점수 과열 가능; 배당감안점수<1; fs=2025:CFS,2024:CFS,2022:CFS,2020:NA
89	300720	한일시멘트	직접추가	메인	16660.0	1000.0	1061.0	129285266021.0		337958155586.0	209542035372.0						판정불가	일반	일반	-2837.341716779947	-5686.501277561126	18.376382390933035	21.06173541711699	Y	Y	-60.067745577719236	-2.308290966967641	-43.43181980026135		3.883418066064718			4120.306568094666			-75.26826789859145		3년	3.883418066064718	4120.306568094666	-75.26826789859145	6.002400960384153	-2.9421103385403593	0.20102487610614794	-2.0368219404459604	83.57535581957487	0.5016527960358635	3년	0.20102487610614794	불리(<1)	3년	-2.308290966967641		판정불가	N	주당순현금<=0	제외	하드필터 미통과	73545209.0	주당순현금 음수(린치식); 주당순현금 음수(보수형); 단기위험부채 존재; 배당감안점수<1; fs=2025:CFS,2024:CFS,2022:CFS,2020:CFS
90	268280	미원에스씨	직접추가	메인	133200.0	3200.0	12662.0	58959811112.0			34836825379.0						판정불가	일반	일반	11791.9622224	4824.5971466	9.588377647891328	10.138635512036013	N	N	13.418129702615555	-0.7008484463701614	13.343223272870098	35.33625940523111	7.098303107259677	35.186446545740196	447427.71658903634	89878.71394412204	445530.7861621624	235.9066941359132	-32.523488029938406	234.4825721938156	3년	7.098303107259677	89878.71394412204	-32.523488029938406	2.4024024024024024	1.649969649296949	0.1774600478326431	1.6421574382539337	6279.6343486	4.714440201651652	3년	0.1774600478326431	불리(<1)	3년	-0.7008484463701614		판정불가	Y	통과	보류	배당감안점수 또는 린치PER배수 미산출	5000000.0	단기위험부채 존재; 1년 점수 과열 가능; 배당감안점수<1; fs=2025:CFS,2024:CFS,2022:CFS,2020:CFS
91	271560	오리온	필수소비재	메인	121100.0	3500.0	9682.0	311390944459.0	31192701875.0	22097727513.0							판정불가	일반	일반	8106.152590268567	8106.152590268567	11.670506859092278	11.670506859092278	N	N	-27.04393037450079	-0.8262042047842644	7.4207333275822185		6.847591590431471	23.34146665516444		66298.38177855751	225992.0801553021		-45.253194237359615	86.61608600768133	3년	6.847591590431471	66298.38177855751	-45.253194237359615	2.8901734104046244	-2.0696407838772157	0.17685343323476643	0.8835011934339256	9890.016867456836	8.16681822250771	3년	0.17685343323476643	불리(<1)	3년	-0.8262042047842644		판정불가	Y	통과	보류	배당감안점수 또는 린치PER배수 미산출	39536132.0	배당감안점수<1; fs=2025:CFS,2024:CFS,2022:CFS,2020:CFS
92	088350	한화생명	직접추가	메인	5850.0	150.0	693.0	3103115000000.0	104518986000000.0								판정불가	일반	일반	123912.9344985205	123912.9344985205	-170.36498484634993	-170.36498484634993	N	N	-25.96153846153846												1년				2.564102564102564	0.13733711724001124					1년	0.13733711724001124	불리(<1)	1년	-25.96153846153846		판정불가	N	주당FCF<=0 / 순현금차감PER<=0	제외	하드필터 미통과	868530000.0	배당감안점수<1; fs=2025:CFS,2024:CFS,2022:NA,2020:NA
93	000810	삼성화재해상보험	직접추가	메인	647000.0	19500.0	47478.0		11734007737216.0								판정불가	일반	일반	255025.28109142228	255025.28109142228	8.255923141425033	8.255923141425033	N	N	-2.667131347506102			3.165737304987796			150302.87576621058			-76.76926185993655			1년	3.165737304987796	150302.87576621058	-76.76926185993655	3.0139103554868623	0.04200366234525091			72732.0784920961	11.24143407914932	1년	0.04200366234525091	불리(<1)	1년	-2.667131347506102		판정불가	Y	통과	보류	배당감안점수 또는 린치PER배수 미산출	46011155.0	배당감안점수<1; fs=2025:CFS,2024:CFS,2022:NA,2020:NA
94	298020	효성티앤씨	직접추가	메인	334500.0	10100.0	2517.0	78332153321.0		1022720440533.0							판정불가	일반	일반	-218220.35149809992	-218220.35149809992	219.59489531112433	219.59489531112433	Y	Y	-91.92622293504411	-2.1428862261368864	-39.74816600029081		4.214227547726227			10607.210737626914			-96.82893550444636		3년	4.214227547726227	10607.210737626914	-96.82893550444636	3.019431988041853	-0.40486729357273166	0.00399164908028972	-0.16725677507307857	-681.4700322251034	-0.2037279618012267	3년	0.00399164908028972	불리(<1)	3년	-2.1428862261368864		판정불가	N	주당순현금<=0 / 주당FCF<=0	제외	하드필터 미통과	4327682.0	주당순현금 음수(린치식); 주당순현금 음수(보수형); 주당FCF 음수; 배당감안점수<1; fs=2025:CFS,2024:CFS,2022:CFS,2020:CFS
95	005830	DB손해보험	직접추가	메인	187300.0	7600.0	29597.0	1713419000000.0	38577437000000.0								판정불가	일반	일반	580693.762250663	580693.762250663	-13.291676935184748	-13.291676935184748	N	N	-4.024255788313125			0.4514884233737497			13362.70286659287			-92.86561512728623			1년	0.4514884233737497	13362.70286659287	-92.86561512728623	4.05766150560598	-0.002513280864089122					1년	-0.002513280864089122	불리(<1)	1년	-4.024255788313125		판정불가	N	주당FCF<=0 / 순현금차감PER<=0	제외	하드필터 미통과	69384000.0	배당감안점수<1; fs=2025:CFS,2024:CFS,2022:NA,2020:NA
96	241560	두산밥캣	직접추가	메인	62700.0	1700.0	2.95	1389744000.0	5896000.0	976095000.0	54294000.0						판정불가	일반	일반	4.376822687223808	3.810410953130613	21252.75361942806	21252.945623405714	N	N	-28.743961352657	-92.28374718011123	-73.96450801980052										3년				2.711323763955343	-0.0012249065723372477	-0.004214626726499754	-0.0033526565795553927	6.059063659665145	0.00966357840456961	3년	-0.004214626726499754	불리(<1)	3년	-92.28374718011123		판정불가	Y	통과	보류	배당감안점수 또는 린치PER배수 미산출	95856065.0	단기위험부채 존재; 1년 점수 과열 가능; 배당감안점수<1; fs=2025:CFS,2024:CFS,2022:CFS,2020:CFS
97	003670	포스코퓨처엠	2차전지	메인	180600.0	250.0	51.0	319841457995.0	455490703002.0	75416813902.0	2985898850806.0						판정불가	일반	일반	7868.972364368042	-25700.738083203534	3386.882894816313	4045.112511435363	N	Y	-101.85319767441861	-67.79595834778358	-36.26680545246004										3년				0.13842746400885936	-0.03003197139354481	-0.01997634195954216	-0.010667147081980997	-17346.109652439416	-9.60471187842714	3년	-0.01997634195954216	불리(<1)	3년	-67.79595834778358		판정불가	N	주당FCF<=0	제외	하드필터 미통과	88946220.0	주당순현금 음수(보수형); 단기위험부채 존재; 주당FCF 음수; 1년 점수 과열 가능; 배당감안점수<1; fs=2025:CFS,2024:CFS,2022:CFS,2020:CFS
98	014680	한솔케미칼	직접추가	메인	198000.0	2600.0	13428.0	112551479633.0	97254225348.0	138153315888.0	52809626645.0						판정불가	일반	일반	6321.231270657452	1662.3236254868134	14.274558290835758	14.62151298588868	N	N	22.295081967213104	-1.612254890420728	3.943248256290177	53.09016393442621	5.275490219158544	16.386496512580354	712894.7213114752	70839.28266286093	220037.875170929	260.0478390461996	-64.2225845137066	11.13023998531768	3년	5.275490219158544	70839.28266286093	-64.2225845137066	1.3131313131313131	1.6538664664321592	-0.02095501459274236	0.3682341311251695	10281.03332708436	5.19244107428503	3년	-0.02095501459274236	불리(<1)	3년	-1.612254890420728		판정불가	Y	통과	보류	배당감안점수 또는 린치PER배수 미산출	11335195.0	단기위험부채 존재; 1년 점수 과열 가능; 배당감안점수<1; fs=2025:CFS,2024:CFS,2022:CFS,2020:CFS
99	026960	동서	직접추가	메인	25500.0	1140.0	1468.0	38923278454.0	723123250000.0	100000000.0	1896791452.0						판정불가	일반	일반	7642.392461925778	7623.367472437312	12.164582791603694	12.177542593707553	N	N	-7.90464240903388	-4.791896569068244	4.358606974752632			17.217213949505265			25274.87007787373			-0.8828624397108631	3년				4.470588235294118	-0.28229937948303774	-0.02641342816918481	0.7258115926623383	1043.7561603209629	4.093161413023384	3년	-0.02641342816918481	불리(<1)	3년	-4.791896569068244		판정불가	Y	통과	보류	배당감안점수 또는 린치PER배수 미산출	99700000.0	단기위험부채 존재; 배당감안점수<1; fs=2025:CFS,2024:CFS,2022:CFS,2020:CFS
100	034020	두산에너빌리티	전력/에너지설비	메인	89500.0		132.0	3080997000000.0	107870000000.0	3096393000000.0	1883572000000.0						판정불가	일반	일반	144.364047956165	-2796.1389965416356	676.9366360003321	699.2131742162245	N	Y	-24.13793103448276												1년					-0.03565759297221863			83.81713492188614	0.0936504300803197	1년	-0.03565759297221863	불리(<1)	1년	-24.13793103448276		판정불가	Y	통과	보류	배당감안점수 또는 린치PER배수 미산출	640561146.0	주당순현금 음수(보수형); 단기위험부채 존재; 배당감안점수<1; fs=2025:CFS,2024:CFS,2022:CFS,2020:CFS
101	457190	이수스페셜티케미컬	직접추가	메인	64400.0		26.0	26339571000.0	550236000.0	1431768000.0							판정불가	일반	일반	842.7503651316791	842.7503651316791	2444.5096013410894	2444.5096013410894	N	N	-92.73743016759776												1년					-0.0379370283989561			-1474.6892904859199	-2.289890202617888	1년	-0.0379370283989561	불리(<1)	1년	-92.73743016759776		판정불가	N	주당FCF<=0	제외	하드필터 미통과	30208280.0	주당FCF 음수; 배당감안점수<1; fs=2025:CFS,2024:OFS,2022:NA,2020:NA
102	009150	삼성전기	직접추가	메인	1370000.0	2350.0	9395.0	2701205916236.0		249136193271.0	2003354614634.0						판정불가	일반	일반	32828.335646491505	6007.402663954398	142.32801110734525	145.18282036573132	N	N	4.528259902091669	-10.207342192334501	3.285033400534343	17.55651980418334		15.070066801068686	164943.50356030246		141583.2775960403	-87.9603282072772		-89.66545419007005	3년				0.17153284671532848	0.03302085592457528	-0.07051183577665582	0.024285916878601595			3년	-0.07051183577665582	불리(<1)	3년	-10.207342192334501		판정불가	N	주당FCF<=0	제외	하드필터 미통과	74693696.0	단기위험부채 존재; 1년 점수 과열 가능; 배당감안점수<1; fs=2025:CFS,2024:CFS,2022:CFS,2020:CFS
103	000720	현대건설	직접추가	메인	131400.0	800.0	3319.0	4812659000000.0	700784000000.0	579678000000.0	1194728000000.0						판정불가	일반	일반	44306.32756193628	33577.399427860786	26.24093776380347	29.473516291696058	N	N	-321.1192538307795	-3.003815607902416	24.7843511038494		2.4923687841951683	58.0687022076988		8272.171994743763	192730.0226273523		-93.70458752302605	46.67429423695	3년	2.4923687841951683	8272.171994743763	-93.70458752302605	0.60882800608828	-12.21413764666599	-0.09126913159017365	0.9676932790475506	-7760.002367187725	-5.905633460569045	3년	-0.09126913159017365	불리(<1)	3년	-3.003815607902416		판정불가	N	주당FCF<=0	제외	하드필터 미통과	111355765.0	단기위험부채 존재; 주당FCF 음수; 배당감안점수<1; fs=2025:CFS,2024:CFS,2022:CFS,2020:CFS
104	377300	카카오페이	직접추가	메인	46500.0		335.0	1631491473258.0	2303511051026.0	95911725899.0	38914909706.0						판정불가	일반	일반	28407.16665292835	28119.217661003742	54.008457752452685	54.868006982078384	N	N	-428.4313725490196	-6.283340638970736											3년					-7.932671851374302	-0.11633993823282966		721.2173895844579	1.5510051388913073	3년	-0.11633993823282966	불리(<1)	3년	-6.283340638970736		판정불가	Y	통과	보류	배당감안점수 또는 린치PER배수 미산출	135145150.0	단기위험부채 존재; 배당감안점수<1; fs=2025:CFS,2024:CFS,2022:CFS,2020:NA
105	032640	LG유플러스	통신	보정필요	14880.0	660.0	1221.0	794318000000.0	96103000000.0	6032435000000.0	0.0						판정불가	통신보정	보정주의	-11962.94739559469	-11962.94739559469	21.984395901387952	21.984395901387952	Y	Y	40.18369690011481	-7.505357255026945	16.093370483592317	88.86739380022962		40.68674096718463	108507.08783008037		49678.510720932434	629.2142999333358		233.8609591460513	3년				4.435483870967742	2.029584118263881	-0.13963874185259698	0.9337920608163721	2279.814694868141	15.321335314974066	3년	-0.13963874185259698	불리(<1)	3년	-7.505357255026945		판정불가	N	주당순현금<=0	제외	하드필터 미통과	429828355.0	린치식 단독판정 비중 낮춤; 주당순현금 음수(린치식); 주당순현금 음수(보수형); 1년 점수 과열 가능; 배당감안점수<1; fs=2025:CFS,2024:CFS,2022:CFS,2020:CFS
106	001040	CJ	직접추가	메인	131000.0	3300.0	4321.0	2587324564000.0	1114436500000.0	6845375033000.0	4564809586000.0						판정불가	일반	일반	-107742.88598847626	-264195.22512220073	55.251767180855424	91.45920507340911	Y	Y	44.370197126628796	-10.479231651272991	10.856012353166022	97.24039425325759		30.212024706332045	420175.74356832606		130546.15875606076	220.74484241856948		-0.34644369766354544	3년				2.519083969465649	0.8486476268281504	-0.1440704630451261	0.24207544853454213	55371.62013720534	42.26841231847736	3년	-0.1440704630451261	불리(<1)	3년	-10.479231651272991		판정불가	N	주당순현금<=0	제외	하드필터 미통과	29176998.0	주당순현금 음수(린치식); 주당순현금 음수(보수형); 단기위험부채 존재; 1년 점수 과열 가능; 배당감안점수<1; fs=2025:CFS,2024:CFS,2022:CFS,2020:CFS
107	005930	삼성전자	반도체	메인	269500.0	1668.0	6605.0	57856378000000.0	67965021000000.0	6486651000000.0	17574980000000.0						판정불가	일반	일반	20159.129590764183	17190.201384077154	37.7503210309214	38.19981810990505	N	N	33.43434343434344	-6.409201466872028	11.451444833603809	75.36868686868688		31.402889667207617	497810.17676767684		207416.08625190632	84.71620659282999		-23.03670268945962	3년				0.6189239332096476	0.9020656364659776	-0.15338353093526136	0.3197421488661403	5602.031650745953	2.0786759371970143	3년	-0.15338353093526136	불리(<1)	3년	-6.409201466872028		판정불가	Y	통과	보류	배당감안점수 또는 린치PER배수 미산출	5919637922.0	단기위험부채 존재; 1년 점수 과열 가능; 배당감안점수<1; fs=2025:CFS,2024:CFS,2022:CFS,2020:CFS
108	161890	한국콜마	직접추가	메인	141000.0	864.0	5299.0	225316644282.0	284826044.0	476529423888.0	829915405830.0						판정불가	일반	일반	-10630.253549352963	-45788.59706291151	28.614880835884687	35.24978242364814	Y	Y	38.35509138381201		-5.429179724160593	85.21018276762402			451528.7584856397			220.23316204655296			5년				0.6127659574468085	1.361803935677793		-0.1683184981386932	4731.724715873624	3.355833131825265	5년	-0.1683184981386932	불리(<1)	5년	-5.429179724160593		판정불가	N	주당순현금<=0	제외	하드필터 미통과	23605077.0	주당순현금 음수(린치식); 주당순현금 음수(보수형); 단기위험부채 존재; 배당감안점수<1; fs=2025:CFS,2024:CFS,2022:CFS,2020:CFS
109	004170	신세계	직접추가	메인	404500.0	5200.0	1590.0	845128179533.0	3188808721.0	2404267280398.0	2154639015848.0						판정불가	일반	일반	-161318.93140667863	-384709.14210858254	355.86096314885447	496.35795101168713	Y	Y	-86.49796195652173	-66.22887992742359											3년				1.2855377008652658	-0.2394542618601654	-0.18249639311910962		50780.68871201069	12.553940349075573	3년	-0.18249639311910962	불리(<1)	3년	-66.22887992742359		판정불가	N	주당순현금<=0	제외	하드필터 미통과	9645181.0	주당순현금 음수(린치식); 주당순현금 음수(보수형); 단기위험부채 존재; 1년 점수 과열 가능; 배당감안점수<1; fs=2025:CFS,2024:CFS,2022:CFS,2020:CFS
110	008730	율촌화학	직접추가	메인	15480.0	250.0	168.0	23775188232.0	161779800.0	131712944797.0	113904302896.0						판정불가	일반	일반	-4345.805514717742	-8938.72095407258	118.01074711141514	145.34952948852728	Y	Y	-82.87461773700306		-27.064834063200415										5년				1.614987080103359	-0.688578223983123		-0.21565702790670072	-316.2289210887097	-2.0428224876531633	5년	-0.21565702790670072	불리(<1)	5년	-27.064834063200415		판정불가	N	주당순현금<=0 / 주당FCF<=0	제외	하드필터 미통과	24800000.0	주당순현금 음수(린치식); 주당순현금 음수(보수형); 단기위험부채 존재; 주당FCF 음수; 배당감안점수<1; fs=2025:CFS,2024:CFS,2022:CFS,2020:CFS
111	103140	풍산	직접추가	메인	78400.0	1700.0	5388.0	239069532140.0	18564061989.0	421550501295.0	535368466545.0						판정불가	일반	일반	-5849.103665257674	-24952.841736404414	15.636433493923102	19.18204189614039	Y	Y	-37.65332099051145	-5.551366378147627	15.984603902585516			40.46920780517103			218048.09165426152			178.12256588553765	3년				2.1683673469387754	-2.269376431483781	-0.21635362261628333	1.1609406490667586			3년	-0.21635362261628333	불리(<1)	3년	-5.551366378147627		판정불가	N	주당순현금<=0 / 주당FCF<=0	제외	하드필터 미통과	28024278.0	주당순현금 음수(린치식); 주당순현금 음수(보수형); 단기위험부채 존재; 배당감안점수<1; fs=2025:CFS,2024:CFS,2022:CFS,2020:CFS
112	066570	LG전자	직접추가	메인	205000.0	1350.0	5380.0	8769841000000.0	226864000000.0								판정불가	일반	일반	55233.007286238106	55233.007286238106	27.837730987688083	27.837730987688083	N	N	157.90987535953977	-6.773782148657093	-13.211093618974335	324.31975071907954			1744840.258868648			751.1415896920233			3년				0.6585365853658537	5.6961687004963295	-0.2196747129281426	-0.45091882808840117	2290.6763841474362	1.1174031142182617	3년	-0.2196747129281426	불리(<1)	3년	-6.773782148657093		판정불가	Y	통과	보류	배당감안점수 또는 린치PER배수 미산출	162886387.0	1년 점수 과열 가능; 배당감안점수<1; fs=2025:CFS,2024:CFS,2022:CFS,2020:CFS
113	093370	후성	직접추가	메인	12970.0		50.0	67697035372.0	6532556311.0	163041804446.0	95387151720.0						판정불가	일반	일반	-828.0447485733343	-1717.3912427755338	275.9608949714667	293.74782485551066	Y	Y	-107.48502994011977	-63.71940165586019	-5.111991994525078										3년					-0.38949369964622454	-0.2309001123599361	-0.01852433474334702	3.33571650938	0.025718708630531995	3년	-0.2309001123599361	불리(<1)	3년	-63.71940165586019		판정불가	N	주당순현금<=0	제외	하드필터 미통과	107255330.0	주당순현금 음수(린치식); 주당순현금 음수(보수형); 단기위험부채 존재; 1년 점수 과열 가능; 배당감안점수<1; fs=2025:CFS,2024:CFS,2022:CFS,2020:CFS
114	016360	삼성증권	직접추가	메인	87300.0	4000.0	11279.0	3379830380886.0	70613319064436.0	4076142290150.0							판정불가	일반	일반	782945.2089045016	782945.2089045016	-61.67614229138236	-61.67614229138236	N	N	12.028208184346445			32.556416368692894			367203.82022248715			320.62293267180655			1년	32.556416368692894	367203.82022248715	320.62293267180655	4.581901489117984	-0.26931174772559113					1년	-0.26931174772559113	불리(<1)	1년	12.028208184346445		판정불가	N	주당FCF<=0 / 순현금차감PER<=0	제외	하드필터 미통과	89300000.0	배당감안점수<1; fs=2025:CFS,2024:CFS,2022:NA,2020:NA
115	047050	포스코인터내셔널	에너지/상사	watchlist	54300.0	1850.0	3603.0	1171465925000.0	32399478000.0	3152207468000.0	2325933168000.0						판정불가	일반	일반	-11074.984015146463	-24296.313636184528	18.144597284248253	21.81413090096712	Y	Y	19.344153693275913	-8.992163844445855	13.250872999134566	47.18830738655183		35.00174599826913	170019.47151374622		126111.29083176368	213.1113655870096		132.2491543863051	3년				3.4069981583793743	1.2538802319633786	-0.3078142544896873	0.9180623243688647	5016.375456714567	9.238260509603254	3년	-0.3078142544896873	불리(<1)	3년	-8.992163844445855		판정불가	N	주당순현금<=0	제외	하드필터 미통과	175922788.0	린치식 단독판정 비중 낮춤; 주당순현금 음수(린치식); 주당순현금 음수(보수형); 단기위험부채 존재; 1년 점수 과열 가능; 배당감안점수<1; fs=2025:CFS,2024:CFS,2022:CFS,2020:CFS
116	001430	세아베스틸지주	철강	watchlist	41450.0	1200.0	1567.0	232872225511.0	13022996803.0	1004860666577.0	664568218048.0						판정불가	일반	일반	-21163.42997643279	-39694.63327894818	39.95751753441786	51.783429022940766	Y	Y	177.83687943262413	-15.225348963483798		364.17375886524826			570660.2801418441			1276.7437397873198			3년				2.8950542822677927	4.523102156164141	-0.30858510343129214		-2464.44276371399	-5.945579647078384	3년	-0.30858510343129214	불리(<1)	3년	-15.225348963483798		판정불가	N	주당순현금<=0 / 주당FCF<=0	제외	하드필터 미통과	35862119.0	린치식 단독판정 비중 낮춤; 주당순현금 음수(린치식); 주당순현금 음수(보수형); 단기위험부채 존재; 주당FCF 음수; 1년 점수 과열 가능; 배당감안점수<1; fs=2025:CFS,2024:CFS,2022:CFS,2020:CFS
117	017670	SK텔레콤	통신	보정필요	92400.0	1660.0	1825.0	1490024000000.0	186643000000.0	8712284000000.0	130000000000.0						판정불가	통신보정	보정주의	-32755.78594880276	-33361.02812917505	68.57851284865905	68.91015239954797	Y	Y	-68.42560553633218	-23.75836950489595	-38.33216341204368										3년				1.7965367965367967	-0.9715735435505033	-0.3202436418652754	-0.5327561811690887	7451.904674561442	8.064831898876019	3년	-0.3202436418652754	불리(<1)	3년	-23.75836950489595		판정불가	N	주당순현금<=0	제외	하드필터 미통과	214790053.0	린치식 단독판정 비중 낮춤; 주당순현금 음수(린치식); 주당순현금 음수(보수형); 단기위험부채 존재; 배당감안점수<1; fs=2025:CFS,2024:CFS,2022:CFS,2020:CFS
118	029780	삼성카드	직접추가	메인	46500.0	2800.0	6053.0		29504306000000.0	18053189000000.0							판정불가	일반	일반	98836.75651616586	98836.75651616586	-8.646416077344433	-8.646416077344433	N	N	-2.8098908156711677			2.8802183686576646			17433.961785484844			-62.50760906347346			1년	2.8802183686576646	17433.961785484844	-62.50760906347346	6.021505376344086	-0.37143881718670413					1년	-0.37143881718670413	불리(<1)	1년	-2.8098908156711677		판정불가	N	주당FCF<=0 / 순현금차감PER<=0	제외	하드필터 미통과	115858891.0	배당감안점수<1; fs=2025:CFS,2024:CFS,2022:NA,2020:NA
119	032830	삼성생명	직접추가	메인	308000.0	5300.0	12824.0	4537833000000.0	132160246000000.0								판정불가	일반	일반	683490.395	683490.395	-29.280286572052404	-29.280286572052404	N	N	9.307875894988072			27.115751789976144			347732.4009546541			12.900130180082492			1년	27.115751789976144	347732.4009546541	12.900130180082492	1.7207792207792207	-0.3766580319706973					1년	-0.3766580319706973	불리(<1)	1년	9.307875894988072		판정불가	N	주당FCF<=0 / 순현금차감PER<=0	제외	하드필터 미통과	200000000.0	배당감안점수<1; fs=2025:CFS,2024:CFS,2022:NA,2020:NA
120	081660	미스토홀딩스	직접추가	메인	41150.0	1980.0	4061.0	625567094487.0	7474935386.0	1662319967352.0							판정불가	일반	일반	-19386.744506858304	-19386.744506858304	14.90685656411187	14.90685656411187	Y	Y	186.591390261115	-10.790250426997183	11.983680556282028	381.68278052223		32.467361112564056	1550013.7717007762		131849.95347812262	3666.7406359678644		220.41300966736966	3년				4.811664641555286	12.839934031663761	-0.40106281023963775	1.1266859062877121	5893.732083819284	14.322556704299597	3년	-0.40106281023963775	불리(<1)	3년	-10.790250426997183		판정불가	N	주당순현금<=0	제외	하드필터 미통과	53091840.0	주당순현금 음수(린치식); 주당순현금 음수(보수형); 1년 점수 과열 가능; 배당감안점수<1; fs=2025:CFS,2024:CFS,2022:CFS,2020:CFS
121	138040	메리츠금융지주	직접추가	메인	130800.0	1350.0	12903.0		57255930460341.0								판정불가	일반	일반	326762.6475868441	326762.6475868441	-15.18737096697234	-15.18737096697234	N	N	5.253283302063783			19.006566604127563			245241.72889305794			87.4936765237446			1년	19.006566604127563	245241.72889305794	87.4936765237446	1.0321100917431194	-0.4138565790929593					1년	-0.4138565790929593	불리(<1)	1년	5.253283302063783		판정불가	N	주당FCF<=0 / 순현금차감PER<=0	제외	하드필터 미통과	175221773.0	배당감안점수<1; fs=2025:CFS,2024:CFS,2022:NA,2020:NA
122	023530	롯데쇼핑	직접추가	메인	117800.0	4000.0	1824.0	571525104252.0		9833740433980.0							판정불가	일반	일반	-327416.85979916755	-327416.85979916755	244.08819067936818	244.08819067936818	Y	Y	-105.26042567918326												1년				3.395585738539898	-0.4173280143423735			36267.714863697605	30.787533840150765	1년	-0.4173280143423735	불리(<1)	1년	-105.26042567918326		판정불가	N	주당순현금<=0	제외	하드필터 미통과	28288755.0	주당순현금 음수(린치식); 주당순현금 음수(보수형); 배당감안점수<1; fs=2025:CFS,2024:CFS,2022:CFS,2020:CFS
123	000150	두산	직접추가	메인	1247000.0	4000.0	4194.0	4927903000000.0	175670000000.0	4309343000000.0	3985915000000.0						판정불가	일반	일반	49045.20763611584	-197092.59727544463	285.63538206101197	344.3234614390664	N	Y	-133.60576923076923												1년				0.32076984763432237	-0.466626362677524			5159.062075166259	0.41371788894677297	1년	-0.466626362677524	불리(<1)	1년	-133.60576923076923		판정불가	Y	통과	보류	배당감안점수 또는 린치PER배수 미산출	16193835.0	주당순현금 음수(보수형); 단기위험부채 존재; 배당감안점수<1; fs=2025:CFS,2024:CFS,2022:CFS,2020:CFS
124	006260	LS	직접추가	메인	302500.0	2500.0	9903.0	2086611000000.0	856757000000.0	2796384000000.0	5804770000000.0						판정불가	일반	일반	4636.719242902208	-178479.05362776027	30.078085505109343	48.569024904348204	N	Y	14.129307364296405	-15.509731147342876	16.589235636822398	36.75861472859281		41.678471273644796	364020.5616572546		412741.90102290444	20.337375754464325		36.443603643935354	3년				0.8264462809917356	0.4972309039665313	-0.48817218981098054	0.5790156396375609	-31030.6309148265	-10.258059806554215	3년	-0.48817218981098054	불리(<1)	3년	-15.509731147342876		판정불가	N	주당FCF<=0	제외	하드필터 미통과	31700000.0	주당순현금 음수(보수형); 단기위험부채 존재; 주당FCF 음수; 1년 점수 과열 가능; 배당감안점수<1; fs=2025:CFS,2024:CFS,2022:CFS,2020:CFS
125	014820	동원시스템즈	직접추가	메인	21450.0	600.0	1884.0	158748112816.0	38387113087.0	134729679435.0	120000000000.0						판정불가	일반	일반	2152.5625002716333	-1986.6128559613196	10.242801220662615	12.439815740956115	N	Y	-25.386138613861387	-8.631888523856201	-1.217505302346611			6.064989395306778			11426.44002075797			-46.7298833531097	3년				2.797202797202797	-2.205347475755982	-0.5696376997811107	0.1542251441597335	2395.320646013515	11.166996018711027	3년	-0.5696376997811107	불리(<1)	3년	-8.631888523856201		판정불가	Y	통과	보류	배당감안점수 또는 린치PER배수 미산출	28991282.0	주당순현금 음수(보수형); 단기위험부채 존재; 배당감안점수<1; fs=2025:CFS,2024:CFS,2022:CFS,2020:CFS
126	069260	티케이지휴켐스	직접추가	메인	16440.0	1000.0	1561.0	171952696150.0	96497220778.0	5482000000.0	34682173632.0						판정불가	일반	일반	6432.901178680633	5584.482108237203	6.410697515259043	6.954207489918511	N	N	-22.875494071146242	-9.82716016983225	3.8551596973951163			16.210319394790233			25304.308575267554			53.91915191768586	3년				6.082725060827251	-2.6194917121495833	-0.5840916842656075	1.550203349100117	2212.3194254165533	13.45693081153621	3년	-0.5840916842656075	불리(<1)	3년	-9.82716016983225		판정불가	Y	통과	보류	배당감안점수 또는 린치PER배수 미산출	40878588.0	단기위험부채 존재; 배당감안점수<1; fs=2025:CFS,2024:CFS,2022:OFS,2020:CFS
127	010950	S-Oil	에너지	메인	159400.0	330.0	1519.0	1834658000000.0									판정불가	일반	일반	16296.078356273132	16296.078356273132	94.2092966713146	94.2092966713146	N	N	-191.56118143459918	-56.19807916164843											3년				0.20702634880803011	-2.0311600006250314	-0.5943261948784815		299.21979550835795	0.18771630834903258	3년	-0.5943261948784815	불리(<1)	3년	-56.19807916164843		판정불가	Y	통과	보류	배당감안점수 또는 린치PER배수 미산출	112582792.0	배당감안점수<1; fs=2025:CFS,2024:CFS,2022:CFS,2020:CFS
128	185750	종근당	직접추가	메인	67800.0	500.0	5882.0	216235970816.0	108445557936.0		162832228224.0						판정불가	일반	일반	23522.90833817535	11725.848019601848	7.527557235944347	9.533177827337326	N	N	-28.564488705367985	-5.359713960632673	-7.035300955800583										3년				0.7374631268436578	-3.696687345750002	-0.6140439307080401	-0.8366376543620992	-8097.876847707491	-11.943771161810458	3년	-0.6140439307080401	불리(<1)	3년	-5.359713960632673		판정불가	N	주당FCF<=0	제외	하드필터 미통과	13802780.0	단기위험부채 존재; 주당FCF 음수; 배당감안점수<1; fs=2025:CFS,2024:CFS,2022:CFS,2020:CFS
129	018260	삼성에스디에스	직접추가	메인	230000.0	3190.0	9819.0	1558981444019.0	4845117385939.0								판정불가	일반	일반	82764.03348192893	82764.03348192893	14.99500626520736	14.99500626520736	N	N	0.3269643404516298	-11.608687356751402	11.36201067352738	9.15392868090326		31.22402134705476	89882.42571778911		306588.6656067307	-60.920684470526474		33.299419829013345	3년				1.3869565217391304	0.11429944288636541	-0.6816756628324703	0.8502141959652064	10905.769354957107	4.741638849981351	3년	-0.6816756628324703	불리(<1)	3년	-11.608687356751402		판정불가	Y	통과	보류	배당감안점수 또는 린치PER배수 미산출	77377800.0	1년 점수 과열 가능; 배당감안점수<1; fs=2025:CFS,2024:CFS,2022:CFS,2020:CFS
130	004000	롯데정밀화학	직접추가	메인	45250.0	1500.0	4165.0	172038879703.0	562065025.0	45301437028.0	842860000.0						판정불가	일반	일반	4934.089445736434	4901.420453488372	9.67969040918693	9.687534104804712	N	N		-10.129293888244783	-11.804095268565707										3년				3.314917127071823		-0.703987056725025	-0.8770092619322681	1136.2980498449613	2.511155911259583	3년	-0.703987056725025	불리(<1)	3년	-10.129293888244783		판정불가	Y	통과	보류	배당감안점수 또는 린치PER배수 미산출	25800000.0	단기위험부채 존재; 배당감안점수<1; fs=2025:CFS,2024:CFS,2022:CFS,2020:CFS
131	005490	POSCO홀딩스	철강	watchlist	328500.0	10000.0	8697.0	7049800440769.0		16374578210992.0							판정불가	일반	일반	-115216.08368150219	-115216.08368150219	51.01944160992321	51.01944160992321	Y	Y	-39.817313680714136	-40.58072367872994	-15.48101970257214										3년				3.0441400304414	-0.7207678580927551	-0.7357309775218654	-0.24376745961311705	-20625.34356158169	-6.278643397741762	3년	-0.7357309775218654	불리(<1)	3년	-40.58072367872994		판정불가	N	주당순현금<=0 / 주당FCF<=0	제외	하드필터 미통과	80932952.0	린치식 단독판정 비중 낮춤; 주당순현금 음수(린치식); 주당순현금 음수(보수형); 주당FCF 음수; 1년 점수 과열 가능; 배당감안점수<1; fs=2025:CFS,2024:CFS,2022:CFS,2020:CFS
132	267250	HD현대	직접추가	메인	246500.0	4000.0	13623.0	6367475266000.0		1596736136000.0							판정불가	일반	일반	60394.38933167378	60394.38933167378	13.661132692382456	13.661132692382456	N	N	89.12952936276552	-11.915391188425783		186.75905872553105			2544218.6570179095			932.137386214162			3년				1.6227180527383367	6.64309830370859	-0.7534275061559657		64511.54397881789	26.171011756112733	3년	-0.7534275061559657	불리(<1)	3년	-11.915391188425783		판정불가	Y	통과	보류	배당감안점수 또는 린치PER배수 미산출	78993085.0	1년 점수 과열 가능; 배당감안점수<1; fs=2025:CFS,2024:CFS,2022:CFS,2020:CFS
133	036570	NC	직접추가	메인	211500.0	1150.0	17876.0	503522487163.0	1499844872739.0	177813001472.0							판정불가	일반	일반	84736.00511687186	84736.00511687186	7.091295305612449	7.091295305612449	N	N	278.087986463621	-5.903415055311056	-8.909537463398499	564.675972927242			10094147.692047378			4672.646662906562			3년				0.5437352245862884	39.292077071967725	-0.7558111176787148	-1.1797283681291688	2177.512866910366	1.0295569110687308	3년	-0.7558111176787148	불리(<1)	3년	-5.903415055311056		판정불가	Y	통과	보류	배당감안점수 또는 린치PER배수 미산출	21544022.0	1년 점수 과열 가능; 배당감안점수<1; fs=2025:CFS,2024:CFS,2022:CFS,2020:CFS
134	011070	LG이노텍	직접추가	메인	545000.0	1880.0	14421.0	1406403000000.0	72896000000.0								판정불가	일반	일반	62504.42861478592	62504.42861478592	33.45784421227474	33.45784421227474	N	N	-24.040031603897816	-29.57093933979966	0.6187699510769251			9.73753990215385			140425.0629289607			-74.23393340753015	3년				0.344954128440367	-0.7082069402058006	-0.8735166864288615	0.028804129560855832	24374.504243378797	4.472386099702532	3년	-0.8735166864288615	불리(<1)	3년	-29.57093933979966		판정불가	Y	통과	보류	배당감안점수 또는 린치PER배수 미산출	23667107.0	1년 점수 과열 가능; 배당감안점수<1; fs=2025:CFS,2024:CFS,2022:CFS,2020:CFS
135	000080	하이트진로	직접추가	메인	15380.0	700.0	596.0	243639082453.0	11534336304.0								판정불가	일반	일반	3638.389855001192	3638.389855001192	19.700688162749678	19.700688162749678	N	N	-56.748911465892604	-21.8770293860485	-13.71294563046288										3년				4.551365409622886	-2.6495290735561983	-0.8794446078886324	-0.4650385887617282	1956.0991773402343	12.718460190768754	3년	-0.8794446078886324	불리(<1)	3년	-21.8770293860485		판정불가	Y	통과	보류	배당감안점수 또는 린치PER배수 미산출	70133611.0	배당감안점수<1; fs=2025:CFS,2024:CFS,2022:CFS,2020:CFS
136	002840	미원상사	직접추가	메인	130400.0	2400.0	9449.0	26488253934.0	2869800000.0		56542234.0						판정불가	일반	일반	6180.642933473684	6168.739305263158	13.146296652188202	13.147556428694767	N	N	-12.428174235403155	-13.799130124356108	-1.8410746860862304			4.817850627827539			45523.87058234242			-65.08905630188465	3년				1.8404907975460123	-0.8053738416206226	-0.9096584112773372	-4.44146785719217e-05	4071.338190526316	3.122191863900549	3년	-0.9096584112773372	불리(<1)	3년	-13.799130124356108		판정불가	Y	통과	보류	배당감안점수 또는 린치PER배수 미산출	4750000.0	단기위험부채 존재; 1년 점수 과열 가능; 배당감안점수<1; fs=2025:CFS,2024:CFS,2022:CFS,2020:CFS
137	005940	NH투자증권	직접추가	메인	26650.0	1300.0	2932.0	2630830000000.0	68236691000000.0	4707188000000.0							판정불가	일반	일반	185664.03388290948	185664.03388290948	-54.233981542602145	-54.233981542602145	N	N	45.43650793650793			99.37301587301586			291361.6825396825			993.2896155335177			1년	99.37301587301586	291361.6825396825	993.2896155335177	4.878048780487805	-0.9277311988881435			-15292.555387622808	-57.38294704548896	1년	-0.9277311988881435	불리(<1)	1년	45.43650793650793		판정불가	N	주당FCF<=0 / 순현금차감PER<=0	제외	하드필터 미통과	356344369.0	주당FCF 음수; 배당감안점수<1; fs=2025:CFS,2024:CFS,2022:NA,2020:NA
138	086280	현대글로비스	직접추가	메인	203000.0	5800.0	23117.0	2644639919844.0	1773253190103.0	2551475394576.0	800732226936.0						판정불가	일반	일반	24885.56953828	14209.1398458	7.704911124355237	8.166754343305792	N	N	58.49845731916352	-10.017436249066701	7.416538424274255	125.49691463832704		23.333076848548508	2901112.1756942063		539390.7375078959	1329.1192983715302		165.70972291029355	3년				2.857142857142857	7.963180779900396	-0.9293155075196318	1.3333938725058083	25034.3648264	12.332199421871922	3년	-0.9293155075196318	불리(<1)	3년	-10.017436249066701		판정불가	Y	통과	보류	배당감안점수 또는 린치PER배수 미산출	75000000.0	단기위험부채 존재; 1년 점수 과열 가능; 배당감안점수<1; fs=2025:CFS,2024:CFS,2022:CFS,2020:CFS
139	002030	아세아	직접추가	메인	209000.0	5600.0	18725.0	163716811000.0	12160000.0	658028958000.0	265707008000.0						판정불가	일반	일반	-238487.41512057534	-366684.4193364424	23.89785928547799	30.744161246271954	Y	Y	-50.09727367214776	-25.894534715298978	-3.336896679607082			1.826206640785836			34195.71934871478			-83.6384117948733	3년				2.6794258373205744	-1.9841880926816566	-0.9714304783811966	-0.027511704476644607	-24122.07535681443	-11.541662850150445	3년	-0.9714304783811966	불리(<1)	3년	-25.894534715298978		판정불가	N	주당순현금<=0 / 주당FCF<=0	제외	하드필터 미통과	2072646.0	주당순현금 음수(린치식); 주당순현금 음수(보수형); 단기위험부채 존재; 주당FCF 음수; 1년 점수 과열 가능; 배당감안점수<1; fs=2025:CFS,2024:CFS,2022:CFS,2020:CFS
140	039490	키움증권	직접추가	메인	273000.0	11500.0	42059.0		62457765152889.0								판정불가	일반	일반	2288251.0791779323	2288251.0791779323	-47.9148595824421	-47.9148595824421	N	N	43.20394960844398			94.90789921688796			3991731.3331630905			1362.1726495102896			1년	94.90789921688796	3991731.3331630905	1362.1726495102896	4.212454212454213	-0.9895970526494757			-250622.40952773768	-91.80308041309073	1년	-0.9895970526494757	불리(<1)	1년	43.20394960844398		판정불가	N	주당FCF<=0 / 순현금차감PER<=0	제외	하드필터 미통과	27294979.0	주당FCF 음수; 배당감안점수<1; fs=2025:CFS,2024:CFS,2022:NA,2020:NA
141	375500	DL이앤씨	직접추가	메인	78600.0	890.0	8796.0	1844315983193.0	467317685812.0	444336959874.0	519274372386.0						판정불가	일반	일반	48258.513014689786	34838.3591979743	3.4494641865973414	4.975175170762358	N	N	61.010433827567276	-4.5977556239353845		130.52086765513457			1148061.5518945637			1360.638106736086			3년				1.1323155216284988	18.015189022877003	-1.0046314195032426		5614.431755408378	7.143042945812186	3년	-1.0046314195032426	불리(<1)	3년	-4.5977556239353845		판정불가	Y	통과	보류	배당감안점수 또는 린치PER배수 미산출	38693623.0	단기위험부채 존재; 1년 점수 과열 가능; 배당감안점수<1; fs=2025:CFS,2024:CFS,2022:CFS,2020:NA
142	006800	미래에셋증권	금융/증권	보정필요	35050.0	0.0	2680.0	1698057000000.0	128930885000000.0	9756730000000.0							판정불가	금융보정	보정주의	213146.27533903014	213146.27533903014	-66.45383408172766	-66.45383408172766	N	N	73.46278317152104			155.42556634304208			416540.51779935276			1088.4180251051434			1년	155.42556634304208	416540.51779935276	1088.4180251051434	0.0	-1.1054709511745173			-12193.31326010751	-34.788340257082766	1년	-1.1054709511745173	불리(<1)	1년	73.46278317152104		판정불가	N	주당FCF<=0 / 순현금차감PER<=0	제외	하드필터 미통과	567085734.0	린치식 단독판정 비중 낮춤; 주당FCF 음수; 배당감안점수<1; fs=2025:CFS,2024:CFS,2022:NA,2020:NA
143	003550	LG	직접추가	메인	118900.0	3100.0	4780.0	1511450000000.0	1839426000000.0	159829000000.0	0.0						판정불가	일반	일반	20691.31243852798	20691.31243852798	20.545750535872806	20.545750535872806	N	N	28.77155172413792	-27.26466268691552	-10.530872700659177	66.04310344827584			315686.03448275855			165.50549578028475			3년				2.607232968881413	1.5272639779321806	-1.200123094796772	-0.3856583247199034	5491.624275551311	4.618691569008672	3년	-1.200123094796772	불리(<1)	3년	-27.26466268691552		판정불가	Y	통과	보류	배당감안점수 또는 린치PER배수 미산출	154221585.0	1년 점수 과열 가능; 배당감안점수<1; fs=2025:CFS,2024:CFS,2022:CFS,2020:CFS
144	005300	롯데칠성음료	직접추가	메인	98500.0	3400.0	4697.0	213358325740.0	11845742299.0	168590223949.0	1587240348429.0						판정불가	일반	일반	5630.868480357551	-152237.61390908112	19.772010117019896	53.3825024290145	N	Y	-20.09186798230691	-28.321091651421646											3년				3.451776649746193	-0.8415983622341362	-1.2578040803381827		12123.245426933277	12.307863377597236	3년	-1.2578040803381827	불리(<1)	3년	-28.321091651421646		판정불가	Y	통과	보류	배당감안점수 또는 린치PER배수 미산출	10054194.0	주당순현금 음수(보수형); 단기위험부채 존재; 1년 점수 과열 가능; 배당감안점수<1; fs=2025:CFS,2024:CFS,2022:CFS,2020:CFS
145	139480	이마트	직접추가	메인	75900.0	2500.0	5084.0	1303365061491.0	1225715519294.0	5485558368112.0	3111389126654.0						판정불가	일반	일반	-107134.98980867355	-219883.5596791311	36.00216164608056	58.179299700851914	Y	Y	-122.85971223021583	-48.64098247110502	-16.302783941696873										3년				3.293807641633729	-3.3210757110635565	-1.2595681135832046	-0.36133875593215636	20093.231814609306	26.473296198431235	3년	-1.2595681135832046	불리(<1)	3년	-48.64098247110502		판정불가	N	주당순현금<=0	제외	하드필터 미통과	27595819.0	주당순현금 음수(린치식); 주당순현금 음수(보수형); 단기위험부채 존재; 1년 점수 과열 가능; 배당감안점수<1; fs=2025:CFS,2024:CFS,2022:CFS,2020:CFS
146	000990	DB하이텍	직접추가	메인	103400.0	810.0	6285.0	323054472680.0	132808839381.0	102572732928.0	231678525383.0						판정불가	일반	일반	8120.7660013468	2795.384563807385	15.15978265690584	16.007098716975754	N	N	13.858695652173903	-21.22701789143928	10.459461040450746	36.21739130434781		29.418922080901492	227626.30434782596		184897.92527846587	120.14149356656283		78.81810955364203	3년				0.7833655705996132	0.9658490200124022	-1.3485452122578307	0.7416218863750556	4658.664548185125	4.505478286445961	3년	-1.3485452122578307	불리(<1)	3년	-21.22701789143928		판정불가	Y	통과	보류	배당감안점수 또는 린치PER배수 미산출	43504588.0	단기위험부채 존재; 1년 점수 과열 가능; 배당감안점수<1; fs=2025:CFS,2024:CFS,2022:CFS,2020:CFS
147	003490	대한항공	직접추가	메인	30100.0	750.0	2133.0	1869988073408.0	3532702331766.0	5900725093281.0	2027009390000.0						판정불가	일반	일반	-1352.5441151358968	-6857.420958534969	14.745684067105437	17.326498339678842	Y	Y	-40.1850813236119	-23.620676172572395	-13.307685693628002										3년				2.4916943521594686	-2.5562318302708356	-1.4328926161891196	-0.7335021754329301	-599.9903851348527	-1.9933235386539956	3년	-1.4328926161891196	불리(<1)	3년	-23.620676172572395		판정불가	N	주당순현금<=0 / 주당FCF<=0	제외	하드필터 미통과	368220661.0	주당순현금 음수(린치식); 주당순현금 음수(보수형); 단기위험부채 존재; 주당FCF 음수; 1년 점수 과열 가능; 배당감안점수<1; fs=2025:CFS,2024:CFS,2022:CFS,2020:CFS
148	028050	삼성E&A	직접추가	메인	49150.0	790.0	3150.0	861796626374.0	2074000285556.0		0.0						판정불가	일반	일반	14978.555673112245	14978.555673112245	10.84807756409135	10.84807756409135	N	N	-18.4360435007768												1년				1.607324516785351	-1.5513088733525338			805.8218167704082	1.6395153952602406	1년	-1.5513088733525338	불리(<1)	1년	-18.4360435007768		판정불가	Y	통과	보류	배당감안점수 또는 린치PER배수 미산출	196000000.0	배당감안점수<1; fs=2025:CFS,2024:CFS,2022:CFS,2020:CFS
149	111770	영원무역	직접추가	메인	74900.0	2100.0	11558.0	1090560747187.0	439263571966.0	252626536541.0	76448105310.0						판정불가	일반	일반	28823.18822323828	27097.94397472907	3.98657309021991	4.135841497254796	N	N	17.387771683932552	-9.077711442871605	27.98342129695397	43.275543367865104		64.46684259390794	500178.73024578486		745107.7667003879	567.795367484359		894.8034268362991	3년				2.803738317757009	5.0648789184938146	-1.573776018432038	7.722712946174198	3279.956119440683	4.379113644113061	3년	-1.573776018432038	불리(<1)	3년	-9.077711442871605		판정불가	Y	통과	보류	배당감안점수 또는 린치PER배수 미산출	44311468.0	단기위험부채 존재; 1년 점수 과열 가능; 배당감안점수<1; fs=2025:CFS,2024:CFS,2022:CFS,2020:CFS
150	001450	현대해상	직접추가	메인	50300.0	2063.0	13006.0	1509674177483.0	19831696034080.0								판정불가	일반	일반	238717.78760137584	238717.78760137584	-14.486989666413642	-14.486989666413642	N	N	19.90412095510279			48.30824191020558			628296.9942841338			1149.0993922149776			1년	48.30824191020558	628296.9942841338	1149.0993922149776	4.101391650099403	-1.6570393958971414					1년	-1.6570393958971414	불리(<1)	1년	19.90412095510279		판정불가	N	주당FCF<=0 / 순현금차감PER<=0	제외	하드필터 미통과	89400000.0	배당감안점수<1; fs=2025:CFS,2024:CFS,2022:NA,2020:NA
151	035720	카카오	직접추가	메인	35400.0	75.0	1138.0	6373784263399.0	3754429416501.0	2787664614576.0	1144217904147.0						판정불가	일반	일반	16588.990645648104	14003.159539614913	16.529885197145777	18.802144517034346	N	N	803.1746031746031	-28.535770270641315	-8.670866917633225	1614.8492063492063			1837698.3968253967			5091.23840911129			3년				0.211864406779661	48.60205972392984	-1.7134968286865269	-0.5117399431373052	1786.2097378837223	5.045790220010515	3년	-1.7134968286865269	불리(<1)	3년	-28.535770270641315		판정불가	Y	통과	보류	배당감안점수 또는 린치PER배수 미산출	442495220.0	단기위험부채 존재; 1년 점수 과열 가능; 배당감안점수<1; fs=2025:CFS,2024:CFS,2022:CFS,2020:CFS
152	006650	대한유화	직접추가	메인	97100.0	1300.0	5134.0	151455436829.0	90052666000.0								판정불가	일반	일반	37155.09274292308	37155.09274292308	11.676062963980701	11.676062963980701	N	N	-471.7595944967415		-24.26352631533887										5년				1.3388259526261586	-40.289331257917055		-1.96339300613852	19148.828141846156	19.720729291293672	5년	-1.96339300613852	불리(<1)	5년	-24.26352631533887		판정불가	Y	통과	보류	배당감안점수 또는 린치PER배수 미산출	6500000.0	배당감안점수<1; fs=2025:CFS,2024:CFS,2022:CFS,2020:CFS
153	034220	LG디스플레이	직접추가	메인	8940.0		453.0	1572058000000.0	611000000.0	8934975000000.0							판정불가	일반	일반	-14724.612	-14724.612	52.239761589403976	52.239761589403976	Y	Y	-108.33026848105922												1년					-2.07371291876325			490.0	5.480984340044743	1년	-2.07371291876325	불리(<1)	1년	-108.33026848105922		판정불가	N	주당순현금<=0	제외	하드필터 미통과	500000000.0	주당순현금 음수(린치식); 주당순현금 음수(보수형); 배당감안점수<1; fs=2025:CFS,2024:CFS,2022:CFS,2020:CFS
154	078930	GS	직접추가	메인	124500.0	3000.0	8550.0	1610917000000.0	857643000000.0	104176000000.0							판정불가	일반	일반	25446.638122701283	25446.638122701283	11.585188523660667	11.585188523660667	N	N	41.60317986088109	-27.687155007765817		91.70635972176218			784089.3756210667			529.7906631494511			3년				2.4096385542168677	3.799059318301958	-2.181882185337266		3039.077126716312	2.441025804591415	3년	-2.181882185337266	불리(<1)	3년	-27.687155007765817		판정불가	Y	통과	보류	배당감안점수 또는 린치PER배수 미산출	92915378.0	1년 점수 과열 가능; 배당감안점수<1; fs=2025:CFS,2024:CFS,2022:CFS,2020:CFS
155	028670	팬오션	직접추가	메인	6080.0	150.0	564.0	839667000000.0									판정불가	일반	일반	1570.7349206252525	1570.7349206252525	7.995150849955225	7.995150849955225	N	N	12.350597609561742	-23.645583428215545	26.662075505745552	33.201195219123484		61.824151011491104	18725.474103585646		34868.82117048098	207.98477144055337		473.5003481987003	3년				2.4671052631578947	1.8533362472832666	-2.6489153941574792	3.6433559935978663	898.78863125288	14.782707750869736	3년	-2.6489153941574792	불리(<1)	3년	-23.645583428215545		판정불가	Y	통과	보류	배당감안점수 또는 린치PER배수 미산출	534569512.0	1년 점수 과열 가능; 배당감안점수<1; fs=2025:CFS,2024:CFS,2022:CFS,2020:CFS
156	007310	오뚜기	직접추가	메인	332500.0	9000.0	20279.0	412685029869.0	273077178893.0	186473980697.0	509239504017.0						판정불가	일반	일반	124578.19519914767	-2482.958596547259	10.253060052312852	16.518711898838564	N	Y	-49.363264083100276	-36.84393156790511	-8.312202484315046										3년				2.706766917293233	-4.55049486960553	-3.3294611049226543	-0.5467085473431277	8412.798855490377	2.530165069320414	3년	-3.3294611049226543	불리(<1)	3년	-36.84393156790511		판정불가	Y	통과	보류	배당감안점수 또는 린치PER배수 미산출	4007830.0	주당순현금 음수(보수형); 단기위험부채 존재; 1년 점수 과열 가능; 배당감안점수<1; fs=2025:CFS,2024:CFS,2022:CFS,2020:CFS
157	009970	영원무역홀딩스	직접추가	메인	171600.0	6576.0	31684.0	1464189666693.0	805803639244.0	195931585244.0	78827842676.0						판정불가	일반	일반	153642.88520106729	147803.45570768186	0.5667565584816536	0.7510587139350505	N	N	10.101817423636938	-5.869320927784449	28.52060357499411	28.703634847273875		65.54120714998822	909445.9665010255		2076607.6073402269	429.9801669586396		1110.1442933218107	3년				3.832167832167832	24.585485685660263	-3.5944058610881724	57.08407061725996	20832.48592605641	12.140143313552688	3년	-3.5944058610881724	불리(<1)	3년	-5.869320927784449		판정불가	Y	통과	보류	배당감안점수 또는 린치PER배수 미산출	13499237.0	단기위험부채 존재; 1년 점수 과열 가능; 배당감안점수<1; fs=2025:CFS,2024:CFS,2022:CFS,2020:CFS
158	011780	금호석유	석유화학	watchlist	123800.0	1700.0	11391.0	650436032913.0	82275660739.0								판정불가	일반	일반	28146.856005717942	28146.856005717942	8.397256078858929	8.397256078858929	N	N	-15.138195634358931	-32.65223990875862	-11.416304781151009										3년				1.3731825525040386	-1.639227499148194	-3.7249140746110214	-1.1960004713839443	19963.595148223274	16.12568267223205	3년	-3.7249140746110214	불리(<1)	3년	-32.65223990875862		판정불가	Y	통과	보류	배당감안점수 또는 린치PER배수 미산출	26031742.0	린치식 단독판정 비중 낮춤; 1년 점수 과열 가능; 배당감안점수<1; fs=2025:CFS,2024:CFS,2022:CFS,2020:CFS
159	007340	DN오토모티브	직접추가	메인	43500.0	1000.0	5440.0	387784364000.0	182678434000.0	166472358000.0	641674039000.0						판정불가	일반	일반	6904.537131693404	-4062.213043680007	6.727107144909301	8.74305386832353	N	Y	-12.568306010928964	-36.239823236398784	0.45844418153007105			9.416888363060142			51227.872695047176			17.765224586315355	3년				2.2988505747126435	-1.5265782475291287	-5.045403905506511	0.4098782280180094	1407.8963795869365	3.2365434013492798	3년	-5.045403905506511	불리(<1)	3년	-36.239823236398784		판정불가	Y	통과	보류	배당감안점수 또는 린치PER배수 미산출	58510865.0	주당순현금 음수(보수형); 단기위험부채 존재; 1년 점수 과열 가능; 배당감안점수<1; fs=2025:CFS,2024:CFS,2022:CFS,2020:CFS
160	011200	HMM	직접추가	메인	21150.0	700.0	1951.0	1760767000000.0	10915294000000.0	151318000000.0							판정불가	일반	일반	13278.45506473833	13278.45506473833	4.0346206741474475	4.0346206741474475	N	N	-60.97219443888777	-54.38515324967628	80.08768235294812			168.67536470589624			329085.6365412036			1455.9604564595916	3년				3.309692671394799	-14.291926410077593	-12.65929679723217	20.670437634627337	1809.1182228382938	8.553750462592406	3년	-12.65929679723217	불리(<1)	3년	-54.38515324967628		판정불가	Y	통과	보류	배당감안점수 또는 린치PER배수 미산출	943237970.0	1년 점수 과열 가능; 배당감안점수<1; fs=2025:CFS,2024:CFS,2022:CFS,2020:CFS
161	002790	아모레퍼시픽홀딩스	직접추가	메인	26100.0	400.0	1366.0	596631422270.0	1336881950600.0		256253631834.0						판정불가	일반	일반	24333.723385937104	21108.710783911738	1.2930282679816218	3.6539452533589034	N	N	-50.96913137114143												1년				1.532567049808429	-38.2331659295446			6579.082341427906	25.207212036122247	1년	-38.2331659295446	불리(<1)	1년	-50.96913137114143		판정불가	Y	통과	보류	배당감안점수 또는 린치PER배수 미산출	79458180.0	단기위험부채 존재; 배당감안점수<1; fs=2025:CFS,2024:CFS,2022:CFS,2020:CFS
162	003240	태광산업	직접추가	메인	909000.0	1750.0	165122.0	426476897621.0	483945901661.0	4773639440.0	862776693.0						판정불가	일반	일반	813408.6220962816	812633.7193721933	0.5789136390288295	0.5836065492654321	N	N	-35.9373969451137	-25.915466865090508	-1.6741276308672282			5.151744738265544			850666.3946718831			-6.417338319924848	3년				0.1925192519251925	-61.74474961956879	-44.43313454545218	-2.559290849370112	-250604.9826773846	-27.569305025014806	3년	-44.43313454545218	불리(<1)	3년	-25.915466865090508		판정불가	N	주당FCF<=0	제외	하드필터 미통과	1113400.0	단기위험부채 존재; 주당FCF 음수; 1년 점수 과열 가능; 배당감안점수<1; fs=2025:CFS,2024:CFS,2022:CFS,2020:CFS
163	278470	에이피알	직접추가	메인	377000.0	5090.0		154350192148.0	117891913354.0	78219359846.0	0.0						판정불가	일반	일반	5183.525259069071	5183.525259069071			N	N													판정불가				1.350132625994695						판정불가		판정불가	판정불가			판정불가	N	주당FCF<=0 / 순현금차감PER<=0	제외	하드필터 미통과	37430655.0	EPS 미추출; fs=2025:CFS,2024:CFS,2022:CFS,2020:CFS
164	097950	CJ제일제당	필수소비재	메인	183000.0	6000.0	-35668.0	1038957402000.0	243275982000.0	2029479364000.0	4904408060000.0						판정불가	일반	일반	-49637.08964403655	-375420.76602481195			Y	Y	-483.77447815795136												1년				3.278688524590164				48486.635145865745	26.495429041456692	판정불가		판정불가	1년	-483.77447815795136		판정불가	N	주당순현금<=0 / 순현금차감PER<=0	제외	하드필터 미통과	15054186.0	주당순현금 음수(린치식); 주당순현금 음수(보수형); 단기위험부채 존재; fs=2025:CFS,2024:CFS,2022:CFS,2020:CFS
165	005420	코스모화학	직접추가	메인	10160.0		-791.0	42470783114.0	0.0	359006489619.0	388905499282.0						판정불가	일반	일반	-8241.35147565256	-18366.929236803113			Y	Y	-53.084223013048636												1년								1735.2172172327241	17.078909618432327	판정불가		판정불가	1년	-53.084223013048636		판정불가	N	주당순현금<=0 / 순현금차감PER<=0	제외	하드필터 미통과	38408228.0	주당순현금 음수(린치식); 주당순현금 음수(보수형); 단기위험부채 존재; fs=2025:CFS,2024:CFS,2022:CFS,2020:CFS
166	001680	대상	직접추가	메인	18910.0	850.0	-8438.0	595682138976.0	95932724888.0	719633177987.0	369419425431.0						판정불가	일반	일반	-808.6554463926876	-11470.718447992345			Y	Y	-419.37925813777446												1년				4.49497620306716						판정불가		판정불가	1년	-419.37925813777446		판정불가	N	주당순현금<=0 / 주당FCF<=0 / 순현금차감PER<=0	제외	하드필터 미통과	34648025.0	주당순현금 음수(린치식); 주당순현금 음수(보수형); 단기위험부채 존재; fs=2025:CFS,2024:CFS,2022:CFS,2020:CFS
167	047040	대우건설	직접추가	메인	19970.0		-2220.0	1828879779729.0	434603860342.0	3056914611252.0	366055916900.0						판정불가	일반	일반	-1909.0176969162108	-2789.758742835851			Y	Y	-489.47368421052636												1년								846.7375999427635	4.240048071821549	판정불가		판정불가	1년	-489.47368421052636		판정불가	N	주당순현금<=0 / 순현금차감PER<=0	제외	하드필터 미통과	415622638.0	주당순현금 음수(린치식); 주당순현금 음수(보수형); 단기위험부채 존재; fs=2025:CFS,2024:CFS,2022:CFS,2020:CFS
168	000210	DL	직접추가	메인	53900.0	1000.0	-3845.0	1148320161495.0	191085453910.0	4026838230267.0	1422974217066.0						판정불가	일반	일반	-128242.38838418842	-196145.71410721686			Y	Y	-196.17308654327164												1년				1.855287569573284				13042.307430075487	24.197230853572332	판정불가		판정불가	1년	-196.17308654327164		판정불가	N	주당순현금<=0 / 순현금차감PER<=0	제외	하드필터 미통과	20955884.0	주당순현금 음수(린치식); 주당순현금 음수(보수형); 단기위험부채 존재; fs=2025:CFS,2024:CFS,2022:CFS,2020:CFS
169	454910	두산로보틱스	직접추가	메인	69300.0		-856.0	156738581281.0	40399292507.0	16815636710.0							판정불가	일반	일반	2781.8928219046043	2781.8928219046043			N	N													판정불가								-504.36322470324734	-0.7277968610436469	판정불가		판정불가	판정불가			판정불가	N	주당FCF<=0 / 순현금차감PER<=0	제외	하드필터 미통과	64819980.0	주당FCF 음수; fs=2025:CFS,2024:CFS,2022:NA,2020:NA
170	006280	녹십자	직접추가	메인	127000.0	1500.0		49372311054.0		105096001522.0							판정불가	일반	일반	-4768.194863868153	-4768.194863868153			Y	Y													판정불가				1.1811023622047243				-497.6412769975163	-0.39184352519489474	판정불가		판정불가	판정불가			판정불가	N	주당순현금<=0 / 주당FCF<=0 / 순현금차감PER<=0	제외	하드필터 미통과	11686538.0	주당순현금 음수(린치식); 주당순현금 음수(보수형); 주당FCF 음수; EPS 미추출; fs=2025:CFS,2024:CFS,2022:CFS,2020:CFS
171	005250	녹십자홀딩스	직접추가	메인	9810.0	300.0	0.0	79656808438.0		2117348227.0							판정불가	일반	일반	1648.7861266886407	1648.7861266886407			N	N	-100.0												1년				3.058103975535168				-2674.1633975649934	-27.259565724413797	판정불가		판정불가	1년	-100.0		판정불가	N	주당FCF<=0 / 순현금차감PER<=0	제외	하드필터 미통과	47028210.0	주당FCF 음수; fs=2025:CFS,2024:CFS,2022:CFS,2020:CFS
172	009420	한올바이오파마	직접추가	메인	54400.0		-109.0	24743015950.0	0.0	15000000000.0	15739600000.0						판정불가	일반	일반	186.5026217711966	-114.78772617593224			N	Y	202.77777777777777			414.05555555555554									1년	414.05555555555554							-315.0056843677905	-0.5790545668525561	판정불가		판정불가	1년	202.77777777777777		판정불가	N	주당FCF<=0 / 순현금차감PER<=0	제외	하드필터 미통과	52240638.0	주당순현금 음수(보수형); 단기위험부채 존재; 주당FCF 음수; fs=2025:CFS,2024:CFS,2022:CFS,2020:CFS
173	180640	한진칼	직접추가	메인	148400.0	360.0		110930322000.0	30600000000.0	366131984000.0	0.0						판정불가	일반	일반	-3364.2000447588075	-3364.2000447588075			Y	Y													판정불가				0.24258760107816713				1732.6632753204844	1.1675628539895448	판정불가		판정불가	판정불가			판정불가	N	주당순현금<=0 / 순현금차감PER<=0	제외	하드필터 미통과	66762279.0	주당순현금 음수(린치식); 주당순현금 음수(보수형); EPS 미추출; fs=2025:CFS,2024:CFS,2022:CFS,2020:CFS
174	018880	한온시스템	직접추가	메인	3450.0	316.0	-292.0	924789114632.0	12500000000.0	551438792860.0							판정불가	일반	일반	375.9762265709175	375.9762265709175			N	N	-55.69044006069803												1년				9.159420289855072				-358.42775774108145	-10.389210369306708	판정불가		판정불가	1년	-55.69044006069803		판정불가	N	주당FCF<=0 / 순현금차감PER<=0	제외	하드필터 미통과	1026262552.0	주당FCF 음수; fs=2025:CFS,2024:CFS,2022:CFS,2020:CFS
175	009830	한화솔루션	석유화학	watchlist	29150.0	300.0	-12.0	2470461000000.0		8369710000000.0							판정불가	일반	일반	-34319.40174528579	-34319.40174528579			Y	Y	-99.19893190921229												1년				1.0291595197255576				-15547.574445000917	-53.33644749571498	판정불가		판정불가	1년	-99.19893190921229		판정불가	N	주당순현금<=0 / 주당FCF<=0 / 순현금차감PER<=0	제외	하드필터 미통과	171892536.0	린치식 단독판정 비중 낮춤; 주당순현금 음수(린치식); 주당순현금 음수(보수형); 주당FCF 음수; fs=2025:CFS,2024:CFS,2022:CFS,2020:CFS
176	008770	호텔신라	직접추가	메인	42100.0	200.0	-4566.0	338290693972.0		739494888568.0	24083900000.0						판정불가	일반	일반	-10222.252285555276	-10835.884209488653			Y	Y													판정불가				0.4750593824228029				1275.405833262693	3.029467537441076	판정불가		판정불가	판정불가			판정불가	N	주당순현금<=0 / 순현금차감PER<=0	제외	하드필터 미통과	39248121.0	주당순현금 음수(린치식); 주당순현금 음수(보수형); 단기위험부채 존재; fs=2025:CFS,2024:CFS,2022:CFS,2020:CFS
177	298050	HS효성첨단소재	직접추가	메인	170800.0	2500.0	-4843.0	31544586945.0		554202076606.0							판정불가	일반	일반	-116665.97238650985	-116665.97238650985			Y	Y	-143.41940111170882												1년				1.4637002341920375				-3354.717829760524	-1.9641205092274732	판정불가		판정불가	1년	-143.41940111170882		판정불가	N	주당순현금<=0 / 주당FCF<=0 / 순현금차감PER<=0	제외	하드필터 미통과	4479948.0	주당순현금 음수(린치식); 주당순현금 음수(보수형); 주당FCF 음수; fs=2025:CFS,2024:CFS,2022:CFS,2020:CFS
178	352820	하이브	직접추가	메인	181400.0	500.0	-5690.0	534914956000.0	57033836000.0	1161573182000.0	0.0						판정불가	일반	일반	-13368.578698363612	-13368.578698363612			Y	Y	-2628.8888888888887												1년				0.27563395810363833				1088.4641428108619	0.6000353598736835	판정불가		판정불가	1년	-2628.8888888888887		판정불가	N	주당순현금<=0 / 순현금차감PER<=0	제외	하드필터 미통과	42609196.0	주당순현금 음수(린치식); 주당순현금 음수(보수형); fs=2025:CFS,2024:CFS,2022:CFS,2020:CFS
179	017800	현대엘리베이터	직접추가	메인	74800.0	14010.0		546026985679.0	858153283222.0	939270698991.0							판정불가	일반	일반	11892.58649504245	11892.58649504245			N	N													판정불가				18.72994652406417				5302.308441375475	7.088647648897693	판정불가		판정불가	판정불가			판정불가	N	순현금차감PER<=0	제외	하드필터 미통과	39092385.0	EPS 미추출; fs=2025:CFS,2024:CFS,2022:CFS,2020:CFS
180	004020	현대제철	철강	watchlist	32850.0	500.0	-53.0	1342926134232.0	805366237672.0	5816297925103.0	1215935236760.0						판정불가	일반	일반	-27486.85957521251	-36598.68904783317			Y	Y													판정불가				1.5220700152207				3999.7338333915905	12.175749873338175	판정불가		판정불가	판정불가			판정불가	N	주당순현금<=0 / 순현금차감PER<=0	제외	하드필터 미통과	133445785.0	린치식 단독판정 비중 낮춤; 주당순현금 음수(린치식); 주당순현금 음수(보수형); 단기위험부채 존재; fs=2025:CFS,2024:CFS,2022:CFS,2020:CFS
181	035250	강원랜드	직접추가	메인	14850.0	950.0		200357737326.0	3009244892731.0	0.0							판정불가	일반	일반	15002.314335326879	15002.314335326879			N	N													판정불가				6.397306397306397				808.0316694922186	5.441290703651304	판정불가		판정불가	판정불가			판정불가	N	순현금차감PER<=0	제외	하드필터 미통과	213940500.0	EPS 미추출; fs=2025:CFS,2024:CFS,2022:CFS,2020:CFS
182	002380	케이씨씨	직접추가	메인	500000.0	15000.0		1193612441434.0	36838546215.0	2949860953111.0	758686269704.0						판정불가	일반	일반	-193486.25179354099	-278861.68031899276			Y	Y													판정불가				3.0				51624.29856328795	10.32485971265759	판정불가		판정불가	판정불가			판정불가	N	주당순현금<=0 / 순현금차감PER<=0	제외	하드필터 미통과	8886471.0	주당순현금 음수(린치식); 주당순현금 음수(보수형); 단기위험부채 존재; EPS 미추출; fs=2025:CFS,2024:CFS,2022:CFS,2020:CFS
183	120110	코오롱인더	직접추가	메인	55100.0	1300.0		263843934948.0	219536778414.0	1102334698976.0	1502712536405.0						판정불가	일반	일반	-22491.80343980112	-77097.98706719637			Y	Y													판정불가				2.35934664246824				6217.225588737651	11.283531014042925	판정불가		판정불가	판정불가			판정불가	N	주당순현금<=0 / 순현금차감PER<=0	제외	하드필터 미통과	27519091.0	주당순현금 음수(린치식); 주당순현금 음수(보수형); 단기위험부채 존재; EPS 미추출; fs=2025:CFS,2024:CFS,2022:CFS,2020:CFS
184	036460	한국가스공사	유틸리티	메인	35400.0	1154.0		1147352000000.0	151248000000.0	21802116000000.0							판정불가	일반	일반	-222108.6520858384	-222108.6520858384			Y	Y													판정불가				3.2598870056497176				46549.424241439454	131.49554870463123	판정불가		판정불가	판정불가			판정불가	N	주당순현금<=0 / 순현금차감PER<=0	제외	하드필터 미통과	92313000.0	주당순현금 음수(린치식); 주당순현금 음수(보수형); EPS 미추출; fs=2025:CFS,2024:CFS,2022:CFS,2020:CFS
185	071050	한국금융지주	직접추가	메인	192500.0	8690.0	34592.0		111427682000000.0								판정불가	일반	일반	1999563.901886215	1999563.901886215	-52.23935886581334	-52.23935886581334	N	N													판정불가				4.514285714285714						판정불가		판정불가	판정불가			판정불가	N	주당FCF<=0 / 순현금차감PER<=0	제외	하드필터 미통과	55725992.0	fs=2025:CFS,2024:CFS,2022:NA,2020:NA
186	066970	엘앤에프	2차전지	메인	113700.0		-15508.0	382883140911.0	62183142824.0	390410933286.0	781033333338.0						판정불가	일반	일반	1358.2710122097233	-18051.629894608985			N	Y	37.65311556896857			83.80623113793715									1년	83.80623113793715							-4189.943890632833	-3.685086975050865	판정불가		판정불가	1년	37.65311556896857		판정불가	N	주당FCF<=0 / 순현금차감PER<=0	제외	하드필터 미통과	40238914.0	주당순현금 음수(보수형); 단기위험부채 존재; 주당FCF 음수; fs=2025:CFS,2024:CFS,2022:CFS,2020:CFS
187	051910	LG화학	석유화학	watchlist	270000.0	2000.0	-23244.0	9899926000000.0	245464000000.0	2407851000000.0							판정불가	일반	일반	109608.75742571683	109608.75742571683			N	N	163.35825968728756			335.2165193745751									1년	335.2165193745751			0.7407407407407408				-79651.86819199358	-29.500691922960588	판정불가		판정불가	1년	163.35825968728756		판정불가	N	주당FCF<=0 / 순현금차감PER<=0	제외	하드필터 미통과	70592343.0	린치식 단독판정 비중 낮춤; 주당FCF 음수; fs=2025:CFS,2024:CFS,2022:CFS,2020:CFS
188	373220	LG에너지솔루션	2차전지	메인	348500.0		-4585.0	3779307000000.0	46724000000.0	2407851000000.0							판정불가	일반	일반	6060.598290598291	6060.598290598291			N	N													판정불가								-28061.529914529914	-8.0520889281291	판정불가		판정불가	판정불가			판정불가	N	주당FCF<=0 / 순현금차감PER<=0	제외	하드필터 미통과	234000000.0	주당FCF 음수; fs=2025:CFS,2024:CFS,2022:CFS,2020:CFS
189	051900	LG생활건강	직접추가	메인	290000.0	2000.0	-5930.0	1086333734803.0	100697817600.0	120239309804.0	55803511595.0						판정불가	일반	일반	69713.77885077163	66067.07660540048			N	N	-152.33430412143676												1년				0.6896551724137931				22989.9067608023	7.927554055449069	판정불가		판정불가	1년	-152.33430412143676		판정불가	N	순현금차감PER<=0	제외	하드필터 미통과	15302459.0	단기위험부채 존재; fs=2025:CFS,2024:CFS,2022:CFS,2020:CFS
190	004990	롯데지주	직접추가	메인	24300.0	1250.0	-8978.0	1391291862106.0	1039362449959.0	5672138060606.0	3773429305995.0						판정불가	일반	일반	-30897.982305800204	-66866.49579327319			Y	Y	-37.605115018416846												1년				5.1440329218107				-1991.5043153635747	-8.195491009726645	판정불가		판정불가	1년	-37.605115018416846		판정불가	N	주당순현금<=0 / 주당FCF<=0 / 순현금차감PER<=0	제외	하드필터 미통과	104909237.0	주당순현금 음수(린치식); 주당순현금 음수(보수형); 단기위험부채 존재; 주당FCF 음수; fs=2025:CFS,2024:CFS,2022:CFS,2020:CFS
191	011170	롯데케미칼	석유화학	watchlist	57400.0	1000.0		1870312010924.0	824440281077.0	9399387662619.0							판정불가	일반	일반	-156740.37864171478	-156740.37864171478			Y	Y													판정불가				1.7421602787456445				-26783.67225319289	-46.66144991845451	판정불가		판정불가	판정불가			판정불가	N	주당순현금<=0 / 주당FCF<=0 / 순현금차감PER<=0	제외	하드필터 미통과	42775419.0	린치식 단독판정 비중 낮춤; 주당순현금 음수(린치식); 주당순현금 음수(보수형); 주당FCF 음수; EPS 미추출; fs=2025:CFS,2024:CFS,2022:CFS,2020:CFS
192	251270	넷마블	직접추가	메인	35350.0	876.0		688942929318.0	236601481356.0	377828444422.0	732523334222.0						판정불가	일반	일반	6372.235610039484	-2150.0853795346234			N	Y													판정불가				2.478076379066478				3193.167304922608	9.033005105863106	판정불가		판정불가	판정불가			판정불가	N	순현금차감PER<=0	제외	하드필터 미통과	85953502.0	주당순현금 음수(보수형); 단기위험부채 존재; EPS 미추출; fs=2025:CFS,2024:CFS,2022:CFS,2020:CFS
193	010060	OCI홀딩스	직접추가	메인	215500.0	1000.0	-4809.0	1034744959000.0									판정불가	일반	일반	55422.18002432964	55422.18002432964			N	N	-194.72129210163482												1년				0.46403712296983757				9707.740268037376	4.504751864518504	판정불가		판정불가	1년	-194.72129210163482		판정불가	N	순현금차감PER<=0	제외	하드필터 미통과	18670232.0	fs=2025:CFS,2024:CFS,2022:CFS,2020:CFS
194	006400	삼성SDI	2차전지	메인	530000.0	1000.0		1803994237947.0		5493341323030.0	5390568184387.0						판정불가	일반	일반	-45781.75616742857	-112674.26384699586			Y	Y													판정불가				0.18867924528301888				-28996.751032548895	-5.471085100480924	판정불가		판정불가	판정불가			판정불가	N	주당순현금<=0 / 주당FCF<=0 / 순현금차감PER<=0	제외	하드필터 미통과	80585530.0	주당순현금 음수(린치식); 주당순현금 음수(보수형); 단기위험부채 존재; 주당FCF 음수; EPS 미추출; fs=2025:CFS,2024:CFS,2022:CFS,2020:CFS
195	137310	에스디바이오센서	직접추가	메인	6140.0	200.0	-4279.0	366780003956.0	488796710916.0	899239816964.0							판정불가	일반	일반	-358.6318204794644	-358.6318204794644			Y	Y	431.55279503105584			871.6055900621117									1년	871.6055900621117			3.257328990228013				2464.3043924052927	40.13525069063994	판정불가		판정불가	1년	431.55279503105584		판정불가	N	주당순현금<=0 / 순현금차감PER<=0	제외	하드필터 미통과	121749102.0	주당순현금 음수(린치식); 주당순현금 음수(보수형); fs=2025:CFS,2024:CFS,2022:CFS,2020:NA
196	302440	SK바이오사이언스	헬스케어	메인	36750.0		-733.0	105552891515.0	800748039267.0	1496569133.0							판정불가	일반	일반	11535.766059068677	11535.766059068677			N	N	5.014326647564471			18.52865329512894									1년	18.52865329512894							-2012.819504379828	-5.477059875863477	판정불가		판정불가	1년	5.014326647564471		판정불가	N	주당FCF<=0 / 순현금차감PER<=0	제외	하드필터 미통과	78434701.0	주당FCF 음수; fs=2025:CFS,2024:CFS,2022:CFS,2020:OFS
197	361610	SK아이이테크놀로지	직접추가	메인	16250.0		-2800.0	408979015000.0	44693499000.0	1097240539000.0	169179804000.0						판정불가	일반	일반	-7868.820694217059	-9937.359669189884			Y	Y	-19.075144508670515												1년								-1892.9730116363094	-11.649064686992674	판정불가		판정불가	1년	-19.075144508670515		판정불가	N	주당순현금<=0 / 주당FCF<=0 / 순현금차감PER<=0	제외	하드필터 미통과	81787100.0	주당순현금 음수(린치식); 주당순현금 음수(보수형); 단기위험부채 존재; 주당FCF 음수; fs=2025:CFS,2024:CFS,2022:CFS,2020:NA
198	096770	SK이노베이션	에너지	메인	138000.0	2000.0		16091551855000.0	253291655000.0	22764517807000.0	7201712771000.0						판정불가	일반	일반	-37974.37695614934	-80574.75554913652			Y	Y													판정불가				1.4492753623188406				-19919.883669709132	-14.434698311383428	판정불가		판정불가	판정불가			판정불가	N	주당순현금<=0 / 주당FCF<=0 / 순현금차감PER<=0	제외	하드필터 미통과	169052788.0	주당순현금 음수(린치식); 주당순현금 음수(보수형); 단기위험부채 존재; 주당FCF 음수; EPS 미추출; fs=2025:CFS,2024:CFS,2022:CFS,2020:CFS
199	011790	SKC	석유화학	watchlist	86700.0		-25549.0	783286752410.0	262260000000.0	1840079753358.0	1176505206999.0						판정불가	일반	일반	-20981.481685498515	-52049.822993021764			Y	Y	53.32773210106223			115.15546420212446									1년	115.15546420212446							-22628.561644175294	-26.09984042004071	판정불가		판정불가	1년	53.32773210106223		판정불가	N	주당순현금<=0 / 주당FCF<=0 / 순현금차감PER<=0	제외	하드필터 미통과	37868298.0	린치식 단독판정 비중 낮춤; 주당순현금 음수(린치식); 주당순현금 음수(보수형); 단기위험부채 존재; 주당FCF 음수; fs=2025:CFS,2024:CFS,2022:CFS,2020:CFS
200	000670	영풍	직접추가	메인	39250.0	5.0	-464.0	137031350994.0	333746815114.0	234811309711.0	423217185895.0						판정불가	일반	일반	13052.744166069715	-10357.940446676752			N	Y	-99.68345363005008												1년				0.012738853503184712				-6139.559379575671	-15.642189502103621	판정불가		판정불가	1년	-99.68345363005008		판정불가	N	주당FCF<=0 / 순현금차감PER<=0	제외	하드필터 미통과	18077950.0	주당순현금 음수(보수형); 단기위험부채 존재; 주당FCF 음수; fs=2025:CFS,2024:CFS,2022:CFS,2020:CFS
