종목코드	종목명	그룹	판정구분	현재가	현금배당금(FY2025 DPS)	EPS(FY2025)	현금및현금성자산	유가증권성자산	장기부채	단기위험부채	주주지분	총부채	주주지분비중	부채비중	주주대부채배수	주주대부채판정	업종보정유형	업종보정판정	주당순현금(린치식)	주당순현금(보수형)	순현금차감PER(린치식)	순현금차감PER(보수형)	현금보다부채많음(린치형)	현금보다부채많음(보수형)	연간이익증가율(1년,%)	연간이익증가율(3년CAGR,%)	연간이익증가율(5년CAGR,%)	그레이엄적정PER(1년)	그레이엄적정PER(3년)	그레이엄적정PER(5년)	그레이엄내재가치(1년)	그레이엄내재가치(3년)	그레이엄내재가치(5년)	그레이엄괴리율(1년,%)	그레이엄괴리율(3년,%)	그레이엄괴리율(5년,%)	그레이엄사용기준	그레이엄적정PER(선택)	그레이엄내재가치(선택)	그레이엄괴리율(선택,%)	배당수익률(%)	배당감안이익성장률(1년)	배당감안이익성장률(3년)	배당감안이익성장률(5년)	주당잉여현금흐름	잉여현금흐름수익률(%)	배당감안점수기준	배당감안점수	배당감안점수판정	사용연성장률기준	사용연성장률(%)	린치PER배수	린치PER판정	하드필터통과	하드필터사유	종합판정	종합판정사유	발행주식수	비고
"=""090430"""	아모레퍼시픽	직접추가	메인	140800.0	1240.0	3421.0	524558265446.0	595819964751.0		256253631834.0						판정불가	일반	일반	19154.135475076495	14773.189248313625	35.558568992962144	36.83917297623103	N	N	-60.24866372298396	20.627708642947496	46.209846998093965		49.75541728589499	100.91969399618793		170213.28253504678	345246.2731609589		20.890115436823	145.20331900636285	3년	49.75541728589499	170213.28253504678	20.890115436823	0.8806818181818181	-1.6695829890272702	0.6048722170283714	1.3243088839035138	8421.099814611242	5.980894754695484	3년	0.6048722170283714	불리(<1)	3년	20.627708642947496	1.7238254431676505	보통	Y	통과	제외	배당감안점수<1	58492759.0	단기위험부채 존재; 배당감안점수<1; fs=2025:CFS,2024:CFS,2022:CFS,2020:CFS
"=""002790"""	아모레퍼시픽홀딩스	직접추가	메인	26450.0	400.0	1366.0	596631422270.0	1336881950600.0		256253631834.0						판정불가	일반	일반	24333.723385937104	21108.710783911738	1.5492508155658093	3.910167800943091	N	N	-50.96913137114143												1년				1.5122873345935728	-31.923071164229455			6579.082341427906	24.873657245474124	1년	-31.923071164229455	불리(<1)	1년	-50.96913137114143		판정불가	Y	통과	보류	배당감안점수 또는 린치PER배수 미산출	79458180.0	단기위험부채 존재; 배당감안점수<1; fs=2025:CFS,2024:CFS,2022:CFS,2020:CFS
"=""278470"""	에이피알	직접추가	메인	384000.0	5090.0		154350192148.0	117891913354.0	78219359846.0	0.0						판정불가	일반	일반	5183.525259069071	5183.525259069071			N	N													판정불가				1.3255208333333335						판정불가		판정불가	판정불가			판정불가	N	주당FCF<=0 / 순현금차감PER<=0	제외	하드필터 미통과	37430655.0	EPS 미추출; fs=2025:CFS,2024:CFS,2022:CFS,2020:CFS
"=""002030"""	아세아	직접추가	메인	207500.0	5600.0	18725.0	163716811000.0	12160000.0	658028958000.0	265707008000.0						판정불가	일반	일반	-238487.41512057534	-366684.4193364424	23.817752476399217	30.664054437193183	Y	Y	-50.09727367214776	-25.894534715298978	-3.336896679607082			1.826206640785836			34195.71934871478			-83.52013525363144	3년				2.6987951807228914	-1.9900483279600611	-0.9738844820711157	-0.02679100387479798	-24122.07535681443	-11.625096557500928	3년	-0.9738844820711157	불리(<1)	3년	-25.894534715298978		판정불가	N	주당순현금<=0 / 주당FCF<=0	제외	하드필터 미통과	2072646.0	주당순현금 음수(린치식); 주당순현금 음수(보수형); 단기위험부채 존재; 주당FCF 음수; 1년 점수 과열 가능; 배당감안점수<1; fs=2025:CFS,2024:CFS,2022:CFS,2020:CFS
"=""282330"""	BGF리테일	필수소비재	메인	150200.0	4100.0	11303.0	414042445266.0	56154402761.0		0.0						판정불가	일반	일반	27204.316433276137	27204.316433276137	10.88168482409306	10.88168482409306	N	N	0.017697548889472614	0.2966584171548048	9.736317603940137	8.535395097778945	9.09331683430961	27.972635207880273	96475.57079019542	102781.76017820151	316174.6957546707	-35.768594680296	-31.570066459253322	110.50246055570621	3년	9.09331683430961	102781.76017820151	-31.570066459253322	2.729693741677763	0.2524784842586376	0.2781143001065371	1.1455957002188664	30299.629909466068	20.172856131468752	3년	0.2781143001065371	불리(<1)	3년	0.2966584171548048	36.68085648287771	매우 불리	Y	통과	제외	배당감안점수<1	17283906.0	배당감안점수<1; PER>연성장률의 2배; fs=2025:CFS,2024:CFS,2022:CFS,2020:CFS
"=""138930"""	BNK금융지주	직접추가	메인	15800.0	735.0	2512.0		18192691866568.0	16445000245415.0							판정불가	일반	일반	5631.773694536628	5631.773694536628	4.0478607903914705	4.0478607903914705	N	N	15.547378104875808			39.594756209751615			99462.02759889606			529.5065037904815			1년	39.594756209751615	99462.02759889606	529.5065037904815	4.651898734177215	4.990111539161786					1년	4.990111539161786	안심(>=2)	1년	15.547378104875808	0.26035648989085963	매우 유망	N	주당FCF<=0	제외	하드필터 미통과	310327033.0	fs=2025:CFS,2024:CFS,2022:NA,2020:NA
"=""068270"""	셀트리온	헬스케어	메인	186300.0	750.0	4668.0	1119206211717.0									판정불가	일반	일반	4845.86731932615	4845.86731932615	38.87192216809637	38.87192216809637	N	N	127.9296875	6.22945826601542	3.8046169226709114	264.359375	20.95891653203084	16.109233845341823	1234029.5625	97836.22237151997	75197.90359005563	562.3883856682769	-47.48458273133658	-59.636122603298105	3년	20.95891653203084	97836.22237151997	-47.48458273133658	0.40257648953301123	3.301412866453516	0.17061247259317647	0.10823219376727716	1360.9075488767974	0.7304925114743948	3년	0.17061247259317647	불리(<1)	3년	6.22945826601542	6.240016468231389	매우 불리	Y	통과	제외	배당감안점수<1	230960969.0	1년 점수 과열 가능; 배당감안점수<1; PER>연성장률의 2배; fs=2025:CFS,2024:CFS,2022:CFS,2020:CFS
"=""030000"""	제일기획	직접추가	메인	19000.0	1230.0	2049.0	622369326472.0	216919787330.0	234763824456.0	4043255307.0						판정불가	일반	일반	5254.857894167939	5219.71175149604	6.708219670977091	6.725372498049761	N	N	0.0	2.315711686466715		8.5	13.13142337293343		17416.5	26906.286491140596		-8.334210526315788	41.612034163897874		3년	13.13142337293343	26906.286491140596	41.612034163897874	6.473684210526316	0.9650375998470226	1.310242706424789		1492.008099731205	7.852674209111606	3년	1.310242706424789	보통(1~1.5)	3년	2.315711686466715	2.8968285258396795	매우 불리	Y	통과	제외	린치PER배수>=2	115041225.0	단기위험부채 존재; PER>연성장률의 2배; fs=2025:CFS,2024:CFS,2022:CFS,2020:CFS
"=""185750"""	종근당	직접추가	메인	68400.0	500.0	5882.0	216235970816.0	108445557936.0		162832228224.0						판정불가	일반	일반	23522.90833817535	11725.848019601848	7.629563356311569	9.635183947704547	N	N	-28.564488705367985	-5.359713960632673	-7.035300955800583										3년				0.7309941520467835	-3.6481110718211545	-0.6066821379439459	-0.8262998168222238	-8097.876847707491	-11.839001239338437	3년	-0.6066821379439459	불리(<1)	3년	-5.359713960632673		판정불가	N	주당FCF<=0	제외	하드필터 미통과	13802780.0	단기위험부채 존재; 주당FCF 음수; 배당감안점수<1; fs=2025:CFS,2024:CFS,2022:CFS,2020:CFS
"=""001040"""	CJ	직접추가	메인	132700.0	3300.0	4321.0	2587324564000.0	1114436500000.0	6845375033000.0	4564809586000.0						판정불가	일반	일반	-107742.88598847626	-264195.22512220073	55.64519462820557	91.85263252075926	Y	Y	44.370197126628796	-10.479231651272991	10.856012353166022	97.24039425325759		30.212024706332045	420175.74356832606		130546.15875606076	216.63582785857275		-1.623090613367928	3년				2.4868123587038435	0.8420674920522543	-0.14363179688687674	0.2397839526129831	55371.62013720534	41.72691796322934	3년	-0.14363179688687674	불리(<1)	3년	-10.479231651272991		판정불가	N	주당순현금<=0	제외	하드필터 미통과	29176998.0	주당순현금 음수(린치식); 주당순현금 음수(보수형); 단기위험부채 존재; 1년 점수 과열 가능; 배당감안점수<1; fs=2025:CFS,2024:CFS,2022:CFS,2020:CFS
"=""097950"""	CJ제일제당	필수소비재	메인	182800.0	6000.0	-35668.0	1038957402000.0	243275982000.0	2029479364000.0	4904408060000.0						판정불가	일반	일반	-49637.08964403655	-375420.76602481195			Y	Y	-483.77447815795136												1년				3.282275711159737				48486.635145865745	26.52441747585653	판정불가		판정불가	1년	-483.77447815795136		판정불가	N	주당순현금<=0 / 순현금차감PER<=0	제외	하드필터 미통과	15054186.0	주당순현금 음수(린치식); 주당순현금 음수(보수형); 단기위험부채 존재; fs=2025:CFS,2024:CFS,2022:CFS,2020:CFS
"=""000120"""	CJ대한통운	직접추가	메인	73700.0	800.0	11347.0	307146405592.0	86460297519.0	237118568377.0							판정불가	일반	일반	6859.800761114246	6859.800761114246	5.890561314786794	5.890561314786794	N	N	-6.130046326935801	11.480536742818348			31.461073485636696			356988.8008415196			384.38100521237396		3년	31.461073485636696	356988.8008415196	384.38100521237396	1.0854816824966078	-0.8563809754048505	2.1332463501858614		12818.247147684604	17.392465600657538	3년	2.1332463501858614	안심(>=2)	3년	11.480536742818348	0.5130911077368953	헐값	Y	통과	양호	배당감안점수>=1.5 & 린치PER배수<1	22812344.0	fs=2025:CFS,2024:CFS,2022:CFS,2020:CFS
"=""192820"""	코스맥스	직접추가	메인	274000.0	3300.0	10847.0	192279928597.0									판정불가	일반	일반	16941.695768248654	16941.695768248654	23.69856220445758	23.69856220445758	N	N	43.4408886537953	80.71243772559032	38.50568621710888	95.3817773075906	169.92487545118064	85.51137243421776	1034606.1384554352	1843175.1240189564	927541.8567939601	277.593481188115	572.6916511018089	238.5189258372117	3년	169.92487545118064	1843175.1240189564	572.6916511018089	1.2043795620437956	1.8838808798046636	3.4566154934169795	1.6756318563361374	-9341.661092827891	-3.409365362345946	3년	3.4566154934169795	안심(>=2)	3년	80.71243772559032	0.2936172276821695	매우 유망	N	주당FCF<=0	제외	하드필터 미통과	11349509.0	주당FCF 음수; fs=2025:CFS,2024:CFS,2022:CFS,2020:CFS
"=""005420"""	코스모화학	직접추가	메인	10360.0		-791.0	42470783114.0	0.0	359006489619.0	388905499282.0						판정불가	일반	일반	-8241.35147565256	-18366.929236803113			Y	Y	-53.084223013048636												1년								1735.2172172327241	16.749200938539808	판정불가		판정불가	1년	-53.084223013048636		판정불가	N	주당순현금<=0 / 순현금차감PER<=0	제외	하드필터 미통과	38408228.0	주당순현금 음수(린치식); 주당순현금 음수(보수형); 단기위험부채 존재; fs=2025:CFS,2024:CFS,2022:CFS,2020:CFS
"=""021240"""	코웨이	직접추가	메인	97700.0	1940.0	8630.0	182190550994.0	2827952531.0	904957690609.0	910394928000.0						판정불가	일반	일반	-10011.790673154132	-22672.142564755995	12.481088142891556	13.94810458456037	Y	Y	10.06249202907792	10.977619808999673	9.097067548815364	28.62498405815584	30.455239617999347	26.694135097630728	247033.6124218849	262828.71790333436	230370.38589255317	152.8491427040787	169.01608792562368	135.7936396034321	3년	30.455239617999347	262828.71790333436	169.01608792562368	1.9856704196519959	0.9653134655243815	1.0386346190524056	0.8879624790390885	-2804.5647658552634	-2.8705882966788776	3년	1.0386346190524056	보통(1~1.5)	3년	10.977619808999673	1.1369575882614653	보통	N	주당순현금<=0 / 주당FCF<=0	제외	하드필터 미통과	71909133.0	주당순현금 음수(린치식); 주당순현금 음수(보수형); 단기위험부채 존재; 주당FCF 음수; fs=2025:CFS,2024:CFS,2022:CFS,2020:CFS
"=""112610"""	씨에스윈드	직접추가	메인	49000.0	1000.0	837.0	478878903508.0	28665354936.0	782993106603.0	242475043746.0						판정불가	일반	일반	-6531.6500890188545	-12281.40054778353	66.34605745402492	73.21553231515357	Y	Y	-75.62609202096681	371.20709785870895	-15.050492534791582		750.9141957174179			628515.1818154788			1182.6840445213854		3년	750.9141957174179	628515.1818154788	1182.6840445213854	2.0408163265306123	-1.109113013164765	5.625773836582302	-0.19608815817392222	10303.466412416965	21.027482474320337	3년	5.625773836582302	안심(>=2)	3년	371.20709785870895	0.17873057340966564	매우 유망	N	주당순현금<=0	제외	하드필터 미통과	42171403.0	주당순현금 음수(린치식); 주당순현금 음수(보수형); 단기위험부채 존재; fs=2025:CFS,2024:CFS,2022:CFS,2020:CFS
"=""001680"""	대상	직접추가	메인	18820.0	850.0	-8438.0	595682138976.0	95932724888.0	719633177987.0	369419425431.0						판정불가	일반	일반	-808.6554463926876	-11470.718447992345			Y	Y	-419.37925813777446												1년				4.5164718384697125						판정불가		판정불가	1년	-419.37925813777446		판정불가	N	주당순현금<=0 / 주당FCF<=0 / 순현금차감PER<=0	제외	하드필터 미통과	34648025.0	주당순현금 음수(린치식); 주당순현금 음수(보수형); 단기위험부채 존재; fs=2025:CFS,2024:CFS,2022:CFS,2020:CFS
"=""047040"""	대우건설	직접추가	메인	18410.0		-2220.0	1828879779729.0	434603860342.0	3056914611252.0	366055916900.0						판정불가	일반	일반	-1909.0176969162108	-2789.758742835851			Y	Y	-489.47368421052636												1년								846.7375999427635	4.59933514363261	판정불가		판정불가	1년	-489.47368421052636		판정불가	N	주당순현금<=0 / 순현금차감PER<=0	제외	하드필터 미통과	415622638.0	주당순현금 음수(린치식); 주당순현금 음수(보수형); 단기위험부채 존재; fs=2025:CFS,2024:CFS,2022:CFS,2020:CFS
"=""003090"""	대웅	직접추가	메인	16930.0	200.0	4280.0	255917494906.0	69412115604.0	668965344648.0	118388808025.0						판정불가	일반	일반	-5910.286064182885	-7946.487927707312	5.336515435556748	5.812263534511055	Y	Y	202.2598870056497	20.159526008317698	12.806544500421424	413.0197740112994	48.819052016635396	34.11308900084285	1767724.6327683614	208945.5426311995	146004.0209236074	10341.37408605057	1134.1733173727082	762.3982334530856	3년	48.819052016635396	208945.5426311995	1134.1733173727082	1.1813349084465445	38.1224835514547	3.9990254266992094	2.621163487257606	-1554.3945053642824	-9.181302453421633	3년	3.9990254266992094	안심(>=2)	3년	20.159526008317698	0.2647143307513745	매우 유망	N	주당순현금<=0 / 주당FCF<=0	제외	하드필터 미통과	58141980.0	주당순현금 음수(린치식); 주당순현금 음수(보수형); 단기위험부채 존재; 주당FCF 음수; 1년 점수 과열 가능; fs=2025:CFS,2024:CFS,2022:CFS,2020:CFS
"=""069620"""	대웅제약	직접추가	메인	116600.0	600.0	17022.0	168941641596.0	50139032546.0	550560567693.0	70828808025.0						판정불가	일반	일반	-28608.962834228405	-34721.96931155238	8.530664013290354	8.889787881068758	Y	Y	691.7209302325581	64.61424206621207	70.08103158930474	1391.9418604651162	137.72848413242414	148.6620631786095	23693634.348837208	2344414.256902124	2530525.6394262905	20220.441122501892	1910.6468755592828	2070.2621264376417	3년	137.72848413242414	2344414.256902124	1910.6468755592828	0.5145797598627788	81.14673241308672	7.634672016692647	8.275511875650365	-7954.179962240783	-6.821766691458647	3년	7.634672016692647	안심(>=2)	3년	64.61424206621207	0.13202451565629658	매우 유망	N	주당순현금<=0 / 주당FCF<=0	제외	하드필터 미통과	11586575.0	주당순현금 음수(린치식); 주당순현금 음수(보수형); 단기위험부채 존재; 주당FCF 음수; 1년 점수 과열 가능; fs=2025:CFS,2024:CFS,2022:CFS,2020:CFS
"=""005830"""	DB손해보험	직접추가	메인	192400.0	7600.0	29597.0	1713419000000.0	38577437000000.0								판정불가	일반	일반	580693.762250663	580693.762250663	-13.119362173553503	-13.119362173553503	N	N	-4.024255788313125			0.4514884233737497			13362.70286659287			-93.0547282398166			1년	0.4514884233737497	13362.70286659287	-93.0547282398166	3.9501039501039505	0.005652091712099588					1년	0.005652091712099588	불리(<1)	1년	-4.024255788313125		판정불가	N	주당FCF<=0 / 순현금차감PER<=0	제외	하드필터 미통과	69384000.0	배당감안점수<1; fs=2025:CFS,2024:CFS,2022:NA,2020:NA
"=""000210"""	DL	직접추가	메인	53800.0	1000.0	-3845.0	1148320161495.0	191085453910.0	4026838230267.0	1422974217066.0						판정불가	일반	일반	-128242.38838418842	-196145.71410721686			Y	Y	-196.17308654327164												1년				1.858736059479554				13042.307430075487	24.24220711909942	판정불가		판정불가	1년	-196.17308654327164		판정불가	N	주당순현금<=0 / 순현금차감PER<=0	제외	하드필터 미통과	20955884.0	주당순현금 음수(린치식); 주당순현금 음수(보수형); 단기위험부채 존재; fs=2025:CFS,2024:CFS,2022:CFS,2020:CFS
"=""375500"""	DL이앤씨	직접추가	메인	78000.0	890.0	8796.0	1844315983193.0	467317685812.0	444336959874.0	519274372386.0						판정불가	일반	일반	48258.513014689786	34838.3591979743	3.3812513625864273	4.906962346751444	N	N	61.010433827567276	-4.5977556239353845		130.52086765513457			1148061.5518945637			1371.87378448021			3년				1.1410256410256412	18.381200568611757	-1.022322688327312		5614.431755408378	7.197989430010741	3년	-1.022322688327312	불리(<1)	3년	-4.5977556239353845		판정불가	Y	통과	보류	배당감안점수 또는 린치PER배수 미산출	38693623.0	단기위험부채 존재; 1년 점수 과열 가능; 배당감안점수<1; fs=2025:CFS,2024:CFS,2022:CFS,2020:NA
"=""007340"""	DN오토모티브	직접추가	메인	45500.0	1000.0	5440.0	387784364000.0	182678434000.0	166472358000.0	641674039000.0						판정불가	일반	일반	6904.537131693404	-4062.213043680007	7.094754203732831	9.110700927147061	N	Y	-12.568306010928964	-36.239823236398784	0.45844418153007105			9.416888363060142			51227.872695047176			12.58873119790589	3년				2.197802197802198	-1.4617143195278612	-4.798195971424314	0.37439582867221993	1407.8963795869365	3.094277757333926	3년	-4.798195971424314	불리(<1)	3년	-36.239823236398784		판정불가	Y	통과	보류	배당감안점수 또는 린치PER배수 미산출	58510865.0	주당순현금 음수(보수형); 단기위험부채 존재; 1년 점수 과열 가능; 배당감안점수<1; fs=2025:CFS,2024:CFS,2022:CFS,2020:CFS
"=""026960"""	동서	직접추가	메인	25500.0	1140.0	1468.0	38923278454.0	723123250000.0	100000000.0	1896791452.0						판정불가	일반	일반	7642.392461925778	7623.367472437312	12.164582791603694	12.177542593707553	N	N	-7.90464240903388	-4.791896569068244	4.358606974752632			17.217213949505265			25274.87007787373			-0.8828624397108631	3년				4.470588235294118	-0.28229937948303774	-0.02641342816918481	0.7258115926623383	1043.7561603209629	4.093161413023384	3년	-0.02641342816918481	불리(<1)	3년	-4.791896569068244		판정불가	Y	통과	보류	배당감안점수 또는 린치PER배수 미산출	99700000.0	단기위험부채 존재; 배당감안점수<1; fs=2025:CFS,2024:CFS,2022:CFS,2020:CFS
"=""006040"""	동원산업	직접추가	메인	37800.0	1150.0	8793.0	462412200801.0	2315664040.0	920658109908.0	869187931428.0						판정불가	일반	일반	-10327.316971310991	-30015.370950217297	5.4733671069385865	7.712427038578108	Y	Y	362.7894736842105	15.223245686790676	-33.98325939665047	734.078947368421	38.94649137358135		6454756.184210526	342456.4986479008		16976.074561403508	805.9695731425948		3년	38.94649137358135	342456.4986479008	805.9695731425948	3.0423280423280423	66.83852820008613	3.3371731463002825	-5.652997642913192	2047.1984446583815	5.41586890121265	3년	3.3371731463002825	안심(>=2)	3년	15.223245686790676	0.35954008885817745	매우 유망	N	주당순현금<=0	제외	하드필터 미통과	44147986.0	주당순현금 음수(린치식); 주당순현금 음수(보수형); 단기위험부채 존재; 1년 점수 과열 가능; fs=2025:CFS,2024:CFS,2022:CFS,2020:CFS
"=""014820"""	동원시스템즈	직접추가	메인	21800.0	600.0	1884.0	158748112816.0	38387113087.0	134729679435.0	120000000000.0						판정불가	일반	일반	2152.5625002716333	-1986.6128559613196	10.428576167584058	12.625590687877558	N	Y	-25.386138613861387	-8.631888523856201	-1.217505302346611			6.064989395306778			11426.44002075797			-47.585137519458854	3년				2.7522935779816518	-2.1703677157994252	-0.5637965194280831	0.1471714116070553	2395.320646013515	10.987709385383097	3년	-0.5637965194280831	불리(<1)	3년	-8.631888523856201		판정불가	Y	통과	보류	배당감안점수 또는 린치PER배수 미산출	28991282.0	주당순현금 음수(보수형); 단기위험부채 존재; 배당감안점수<1; fs=2025:CFS,2024:CFS,2022:CFS,2020:CFS
"=""000150"""	두산	직접추가	메인	1271000.0	4000.0	4194.0	4927903000000.0	175670000000.0	4309343000000.0	3985915000000.0						판정불가	일반	일반	49045.20763611584	-197092.59727544463	291.35784271909495	350.0459220971494	N	Y	-133.60576923076923												1년				0.3147128245476003	-0.45748230135933127			5159.062075166259	0.4059057494229944	1년	-0.45748230135933127	불리(<1)	1년	-133.60576923076923		판정불가	Y	통과	보류	배당감안점수 또는 린치PER배수 미산출	16193835.0	주당순현금 음수(보수형); 단기위험부채 존재; 배당감안점수<1; fs=2025:CFS,2024:CFS,2022:CFS,2020:CFS
"=""241560"""	두산밥캣	직접추가	메인	63700.0	1700.0	2.95	1389744000.0	5896000.0	976095000.0	54294000.0						판정불가	일반	일반	4.376822687223808	3.810410953130613	21591.736670275513	21591.928674253173	N	N	-28.743961352657	-92.28374718011123	-73.96450801980052										3년				2.6687598116169546	-0.00120764725594939	-0.004150429802706129	-0.0033019922990415863	6.059063659665145	0.009511873877025345	3년	-0.004150429802706129	불리(<1)	3년	-92.28374718011123		판정불가	Y	통과	보류	배당감안점수 또는 린치PER배수 미산출	95856065.0	단기위험부채 존재; 1년 점수 과열 가능; 배당감안점수<1; fs=2025:CFS,2024:CFS,2022:CFS,2020:CFS
"=""034020"""	두산에너빌리티	전력/에너지설비	메인	87900.0		132.0	3080997000000.0	107870000000.0	3096393000000.0	1883572000000.0						판정불가	일반	일반	144.364047956165	-2796.1389965416356	664.81542387912	687.0919620950124	N	Y	-24.13793103448276												1년					-0.03630771815377081			83.81713492188614	0.09535510230021177	1년	-0.03630771815377081	불리(<1)	1년	-24.13793103448276		판정불가	Y	통과	보류	배당감안점수 또는 린치PER배수 미산출	640561146.0	주당순현금 음수(보수형); 단기위험부채 존재; 배당감안점수<1; fs=2025:CFS,2024:CFS,2022:CFS,2020:CFS
"=""454910"""	두산로보틱스	직접추가	메인	70400.0		-856.0	156738581281.0	40399292507.0	16815636710.0							판정불가	일반	일반	2781.8928219046043	2781.8928219046043			N	N													판정불가								-504.36322470324734	-0.7164250350898399	판정불가		판정불가	판정불가			판정불가	N	주당FCF<=0 / 순현금차감PER<=0	제외	하드필터 미통과	64819980.0	주당FCF 음수; fs=2025:CFS,2024:CFS,2022:NA,2020:NA
"=""192080"""	더블유게임즈	직접추가	메인	56300.0	1200.0	6651.0	569919505893.0	290204328298.0	53240025218.0							판정불가	일반	일반	37536.62715928326	37536.62715928326	2.821135594755185	2.821135594755185	N	N	-29.55195424213537		0.05119867759955099			8.602397355199102			57214.54480942923			1.6244135158600903	5년	8.602397355199102	57214.54480942923	1.6244135158600903	2.1314387211367674	-9.719673018190436		0.773673340194669	10978.50357230814	19.50000634512991	5년	0.773673340194669	불리(<1)	5년	0.05119867759955099	55.10172775985773	매우 불리	Y	통과	제외	배당감안점수<1	21495906.0	배당감안점수<1; PER>연성장률의 2배; fs=2025:CFS,2024:CFS,2022:CFS,2020:CFS
"=""450080"""	에코프로머티	직접추가	메인	36500.0		345.0	45037598354.0	777438041.0								판정불가	일반	일반	649.3175374808915	649.3175374808915	103.91502163049017	103.91502163049017	N	N	-155.8252427184466	5.476875138059767			19.453750276119536			6711.54384526124			-81.61220864311989		3년	19.453750276119536	6711.54384526124	-81.61220864311989		-1.499544919237405	0.05270532644967253		-2943.2049268330334	-8.063575142008311	3년	0.05270532644967253	불리(<1)	3년	5.476875138059767	18.973414403473697	매우 불리	N	주당FCF<=0	제외	하드필터 미통과	70558754.0	주당FCF 음수; 배당감안점수<1; PER>연성장률의 2배; fs=2025:OFS,2024:OFS,2022:OFS,2020:NA
"=""139480"""	이마트	직접추가	메인	74200.0	2500.0	5084.0	1303365061491.0	1225715519294.0	5485558368112.0	3111389126654.0						판정불가	일반	일반	-107134.98980867355	-219883.5596791311	35.66777926999873	57.84491732477009	Y	Y	-122.85971223021583	-48.64098247110502	-16.302783941696873										3년				3.3692722371967654	-3.3500947476571987	-1.269260692997158	-0.3626105120421355	20093.231814609306	27.079827243408765	3년	-1.269260692997158	불리(<1)	3년	-48.64098247110502		판정불가	N	주당순현금<=0	제외	하드필터 미통과	27595819.0	주당순현금 음수(린치식); 주당순현금 음수(보수형); 단기위험부채 존재; 1년 점수 과열 가능; 배당감안점수<1; fs=2025:CFS,2024:CFS,2022:CFS,2020:CFS
"=""383220"""	F&F	직접추가	메인	65600.0	2700.0	10611.0	325383761882.0	16380800000.0	136145710441.0	186267116479.0						판정불가	일반	일반	5367.64687570116	505.17391270411537	5.67640685367061	6.134655177390998	N	N	11.64772727272727	-2.8457492223840752		31.79545454545454	2.8085015552318495		337381.5681818181	29801.010002565155		414.30117100886906	-54.57163109365069		3년	2.8085015552318495	29801.010002565155	-54.57163109365069	4.115853658536586	2.7770350747622055	0.22375148027509797		8579.832305807739	13.079012661292284	3년	0.22375148027509797	불리(<1)	3년	-2.8457492223840752		판정불가	Y	통과	보류	배당감안점수 또는 린치PER배수 미산출	38307075.0	단기위험부채 존재; 1년 점수 과열 가능; 배당감안점수<1; fs=2025:CFS,2024:CFS,2022:CFS,2020:NA
"=""093370"""	후성	직접추가	메인	12900.0		50.0	67697035372.0	6532556311.0	163041804446.0	95387151720.0						판정불가	일반	일반	-828.0447485733343	-1717.3912427755338	274.5608949714667	292.3478248555107	Y	Y	-107.48502994011977	-63.71940165586019	-5.111991994525078										3년					-0.39147974787629525	-0.23207748380366447	-0.018618791270535204	3.33571650938	0.025858267514573645	3년	-0.23207748380366447	불리(<1)	3년	-63.71940165586019		판정불가	N	주당순현금<=0	제외	하드필터 미통과	107255330.0	주당순현금 음수(린치식); 주당순현금 음수(보수형); 단기위험부채 존재; 1년 점수 과열 가능; 배당감안점수<1; fs=2025:CFS,2024:CFS,2022:CFS,2020:CFS
"=""114090"""	GKL	직접추가	메인	9420.0	414.0	761.0	213092869283.0		30375090489.0							판정불가	일반	일반	2953.9374287595624	2953.9374287595624	8.496797071275214	8.496797071275214	N	N	42.509363295880156			93.51872659176031			71167.7509363296			655.4962944408662			1년	93.51872659176031	71167.7509363296	655.4962944408662	4.394904458598726	5.520229253567357			1553.3159719230266	16.489553842070347	1년	5.520229253567357	안심(>=2)	1년	42.509363295880156	0.19988060070753144	매우 유망	Y	통과	매우 유망	배당감안점수>=2 & 린치PER배수<=0.5	61855670.0	fs=2025:CFS,2024:CFS,2022:CFS,2020:CFS
"=""006280"""	녹십자	직접추가	메인	127300.0	1500.0		49372311054.0		105096001522.0							판정불가	일반	일반	-4768.194863868153	-4768.194863868153			Y	Y													판정불가				1.178318931657502				-497.6412769975163	-0.3909200919069256	판정불가		판정불가	판정불가			판정불가	N	주당순현금<=0 / 주당FCF<=0 / 순현금차감PER<=0	제외	하드필터 미통과	11686538.0	주당순현금 음수(린치식); 주당순현금 음수(보수형); 주당FCF 음수; EPS 미추출; fs=2025:CFS,2024:CFS,2022:CFS,2020:CFS
"=""005250"""	녹십자홀딩스	직접추가	메인	9820.0	300.0	0.0	79656808438.0		2117348227.0							판정불가	일반	일반	1648.7861266886407	1648.7861266886407			N	N	-100.0												1년				3.054989816700611				-2674.1633975649934	-27.231806492515208	판정불가		판정불가	1년	-100.0		판정불가	N	주당FCF<=0 / 순현금차감PER<=0	제외	하드필터 미통과	47028210.0	주당FCF 음수; fs=2025:CFS,2024:CFS,2022:CFS,2020:CFS
"=""078930"""	GS	직접추가	메인	125600.0	3000.0	8550.0	1610917000000.0	857643000000.0	104176000000.0							판정불가	일반	일반	25446.638122701283	25446.638122701283	11.713843494420901	11.713843494420901	N	N	41.60317986088109	-27.687155007765817		91.70635972176218			784089.3756210667			524.2749805900212			3년				2.388535031847134	3.7555320688449276	-2.1597198210790483		3039.077126716312	2.419647393882414	3년	-2.1597198210790483	불리(<1)	3년	-27.687155007765817		판정불가	Y	통과	보류	배당감안점수 또는 린치PER배수 미산출	92915378.0	1년 점수 과열 가능; 배당감안점수<1; fs=2025:CFS,2024:CFS,2022:CFS,2020:CFS
"=""006360"""	GS건설	직접추가	메인	35200.0	500.0	1073.0	3015810000000.0	301590000000.0								판정불가	일반	일반	38763.054954990854	38763.054954990854	-3.320647674735185	-3.320647674735185	N	N	-62.91047355686139	-35.490770024369326	-22.823533314849886										3년				1.4204545454545454	18.517477623190043	10.260141639878075	6.445453075988313	3464.721168093708	9.84295786390258	3년	10.260141639878075	안심(>=2)	3년	-35.490770024369326		판정불가	N	순현금차감PER<=0	제외	하드필터 미통과	85581490.0	fs=2025:CFS,2024:CFS,2022:CFS,2020:CFS
"=""007070"""	GS리테일	직접추가	메인	25100.0	600.0	585.0	294440001357.0	139922954133.0	2214168472527.0							판정불가	일반	일반	-21287.651544267934	-21287.651544267934	79.29513084490246	79.29513084490246	Y	Y	-345.7983193277311	17.566734386037865	-23.182279339928648		43.63346877207573			25525.579231664302			1.6955347875071691		3년	43.63346877207573	25525.579231664302	1.6955347875071691	2.3904382470119523	-4.330756219475933	0.2516821956203731	-0.2622082954069974	8424.851248528614	33.56514441644866	3년	0.2516821956203731	불리(<1)	3년	17.566734386037865	4.513936916352914	매우 불리	N	주당순현금<=0	제외	하드필터 미통과	83607415.0	주당순현금 음수(린치식); 주당순현금 음수(보수형); 배당감안점수<1; PER>연성장률의 2배; fs=2025:CFS,2024:CFS,2022:CFS,2020:CFS
"=""086790"""	하나금융지주	직접추가	메인	138900.0	4105.0	13954.0		73098647000000.0	72812888000000.0							판정불가	일반	일반	1026.7067789838566	1026.7067789838566	9.880557060413942	9.880557060413942	N	N	10.491725393934592			29.483450787869184			411412.0722939266			196.19299661189822			1년	29.483450787869184	411412.0722939266	196.19299661189822	2.955363570914327	1.360964658432483			-14044.963863826157	-10.111565056750294	1년	1.360964658432483	보통(1~1.5)	1년	10.491725393934592	0.9417475857808884	헐값	N	주당FCF<=0	제외	하드필터 미통과	278325814.0	주당FCF 음수; fs=2025:CFS,2024:CFS,2022:NA,2020:NA
"=""009420"""	한올바이오파마	직접추가	메인	55500.0		-109.0	24743015950.0	0.0	15000000000.0	15739600000.0						판정불가	일반	일반	186.5026217711966	-114.78772617593224			N	Y	202.77777777777777			414.05555555555554									1년	414.05555555555554							-315.0056843677905	-0.5675778096716946	판정불가		판정불가	1년	202.77777777777777		판정불가	N	주당FCF<=0 / 순현금차감PER<=0	제외	하드필터 미통과	52240638.0	주당순현금 음수(보수형); 단기위험부채 존재; 주당FCF 음수; fs=2025:CFS,2024:CFS,2022:CFS,2020:CFS
"=""300720"""	한일시멘트	직접추가	메인	16770.0	1000.0	1061.0	129285266021.0		337958155586.0	209542035372.0						판정불가	일반	일반	-2837.341716779947	-5686.501277561126	18.480058168501365	21.16541119468532	Y	Y	-60.067745577719236	-2.308290966967641	-43.43181980026135		3.883418066064718			4120.306568094666			-75.43049154386009		3년	3.883418066064718	4120.306568094666	-75.43049154386009	5.963029218843173	-2.9277351762396355	0.19776659892255694	-2.0275255759358193	83.57535581957487	0.49836228872733973	3년	0.19776659892255694	불리(<1)	3년	-2.308290966967641		판정불가	N	주당순현금<=0	제외	하드필터 미통과	73545209.0	주당순현금 음수(린치식); 주당순현금 음수(보수형); 단기위험부채 존재; 배당감안점수<1; fs=2025:CFS,2024:CFS,2022:CFS,2020:CFS
"=""180640"""	한진칼	직접추가	메인	148900.0	360.0		110930322000.0	30600000000.0	366131984000.0	0.0						판정불가	일반	일반	-3364.2000447588075	-3364.2000447588075			Y	Y													판정불가				0.241773002014775				1732.6632753204844	1.1636422265416284	판정불가		판정불가	판정불가			판정불가	N	주당순현금<=0 / 순현금차감PER<=0	제외	하드필터 미통과	66762279.0	주당순현금 음수(린치식); 주당순현금 음수(보수형); EPS 미추출; fs=2025:CFS,2024:CFS,2022:CFS,2020:CFS
"=""161390"""	한국타이어앤테크놀로지	직접추가	메인	65400.0	2300.0	8931.0	2603079747970.0	489388296676.0								판정불가	일반	일반	24964.41026923666	24964.41026923666	4.527554555006533	4.527554555006533	N	N	-2.2545693334792616	16.43379388057411	24.1178312692236	3.990861333041477	41.36758776114822	56.7356625384472	35642.38256539343	369453.9262948148	506706.20213087194	-45.50094408961248	464.91426038962504	674.780125582373	3년	41.36758776114822	369453.9262948148	464.91426038962504	3.5168195718654434	0.27879293845071307	4.4064876988347566	6.103659382862847	-5650.2614211339005	-8.639543457391285	3년	4.4064876988347566	안심(>=2)	3년	16.43379388057411	0.27550269815410167	매우 유망	N	주당FCF<=0	제외	하드필터 미통과	123875069.0	주당FCF 음수; fs=2025:CFS,2024:CFS,2022:CFS,2020:CFS
"=""000240"""	한국앤컴퍼니	직접추가	메인	24550.0	1100.0	3666.0	87970654737.0	34240766097.0	15178888600.0	83728229501.0						판정불가	일반	일반	1127.4267830786544	245.4757867889732	6.389136174828518	6.629712005785877	N	N	-0.9991898460707582	28.543628944993937	19.90708834889714	6.5016203078584835	65.58725788998788	48.31417669779428	23834.9400486092	240442.88742469557	177119.77177411385	-2.912667826439097	879.4007634407151	621.4654654750054	3년	65.58725788998788	240442.88742469557	879.4007634407151	4.480651731160896	0.5449033781446331	5.168817782638855	3.817063748952353	2176.2560889928754	8.864586920541244	3년	5.168817782638855	안심(>=2)	3년	28.543628944993937	0.22383755713546236	매우 유망	Y	통과	매우 유망	배당감안점수>=2 & 린치PER배수<=0.5	94935240.0	단기위험부채 존재; fs=2025:CFS,2024:CFS,2022:CFS,2020:CFS
"=""128940"""	한미약품	헬스케어	메인	475500.0	2000.0	13372.0	108273819495.0		91812500000.0	319500000000.0						판정불가	일반	일반	1284.9372460725326	-23654.585387266292	35.46328617663233	37.32834171307705	N	Y	39.77213337514372	26.231706206675454	68.07388619564503	88.04426675028743	60.96341241335091	144.64777239129006	1177327.9349848435	815202.7507913284	1934230.0124163306	147.5978832775696	71.44116735884928	306.77813089723037	3년	60.96341241335091	815202.7507913284	71.44116735884928	0.4206098843322818	1.1333620651872929	0.7515467111045573	1.9314198841818018	7534.569419649112	1.5845571860460803	3년	0.7515467111045573	불리(<1)	3년	26.231706206675454	1.351924495388242	보통	Y	통과	제외	배당감안점수<1	12810991.0	주당순현금 음수(보수형); 단기위험부채 존재; 배당감안점수<1; fs=2025:CFS,2024:CFS,2022:CFS,2020:CFS
"=""008930"""	한미사이언스	직접추가	메인	54200.0	300.0	1748.0	127389343692.0	0.0	0.0	199600000000.0						판정불가	일반	일반	1862.6474131965133	-1055.8417861270873	29.941277223571788	31.61089347032442	N	Y	99.08883826879271	20.062307210120522	38.49990058066466	206.67767653758543	48.624614420241045	85.49980116132932	361272.57858769933	84995.82600658135	149453.65243000365	566.5545730400357	56.8188671708143	175.74474618081854	3년	48.624614420241045	84995.82600658135	56.8188671708143	0.5535055350553505	3.3279256278821303	0.6885415271779294	1.3043333396938237	667.8946648379807	1.2322779794058685	3년	0.6885415271779294	불리(<1)	3년	20.062307210120522	1.492414452135783	보통	Y	통과	제외	배당감안점수<1	68391550.0	주당순현금 음수(보수형); 단기위험부채 존재; 1년 점수 과열 가능; 배당감안점수<1; fs=2025:CFS,2024:CFS,2022:CFS,2020:CFS
"=""042700"""	한미반도체	반도체소부장	메인	240500.0	800.0	2256.0	276235377529.0	1620849416.0	1700783956.0							판정불가	일반	일반	2897.3777017947336	2897.3777017947336	105.32031130239595	105.32031130239595	N	N	41.97608558842039	33.93410123050573	17.576648487156234	92.45217117684078	76.36820246101146	43.65329697431247	208572.0981749528	172286.66475204186	98481.83797404893	-13.275634854489482	-28.363133159234156	-59.05121082160127	3년	76.36820246101146	172286.66475204186	-28.363133159234156	0.33264033264033266	0.4017147822473084	0.3253573896563912	0.1700459161042106	1415.2619637779844	0.5884665130053989	3년	0.3253573896563912	불리(<1)	3년	33.93410123050573	3.10367174857474	매우 불리	Y	통과	제외	배당감안점수<1	95312200.0	배당감안점수<1; PER>연성장률의 2배; fs=2025:CFS,2024:CFS,2022:CFS,2020:CFS
"=""018880"""	한온시스템	직접추가	메인	3555.0	316.0	-292.0	924789114632.0	12500000000.0	551438792860.0							판정불가	일반	일반	375.9762265709175	375.9762265709175			N	N	-55.69044006069803												1년				8.88888888888889				-358.42775774108145	-10.082356054601448	판정불가		판정불가	1년	-55.69044006069803		판정불가	N	주당FCF<=0 / 순현금차감PER<=0	제외	하드필터 미통과	1026262552.0	주당FCF 음수; fs=2025:CFS,2024:CFS,2022:CFS,2020:CFS
"=""014680"""	한솔케미칼	직접추가	메인	202000.0	2600.0	13428.0	112551479633.0	97254225348.0	138153315888.0	52809626645.0						판정불가	일반	일반	6321.231270657452	1662.3236254868134	14.572443307219434	14.919398002272356	N	N	22.295081967213104	-1.612254890420728	3.943248256290177	53.09016393442621	5.275490219158544	16.386496512580354	712894.7213114752	70839.28266286093	220037.875170929	252.9181788670669	-64.9310481867025	8.929641173727232	3년	5.275490219158544	70839.28266286093	-64.9310481867025	1.2871287128712872	1.6182743128876245	-0.022311027100607606	0.35892244415665336	10281.03332708436	5.089620458952654	3년	-0.022311027100607606	불리(<1)	3년	-1.612254890420728		판정불가	Y	통과	보류	배당감안점수 또는 린치PER배수 미산출	11335195.0	단기위험부채 존재; 1년 점수 과열 가능; 배당감안점수<1; fs=2025:CFS,2024:CFS,2022:CFS,2020:CFS
"=""009240"""	한샘	직접추가	메인	38200.0	8530.0	2808.0	98241927402.0	251054722982.0	161476119968.0	96981921492.0						판정불가	일반	일반	7980.840700116019	3859.9000100620688	10.76180886748005	12.229380338296984	N	N	-69.38174681059863		-5.701809832138416										5년				22.329842931937172	-4.372118521900396		1.5450964893127972	2308.508445254018	6.0432158252722985	5년	1.5450964893127972	양호(>=1.5)	5년	-5.701809832138416		판정불가	Y	통과	보류	배당감안점수 또는 린치PER배수 미산출	23533928.0	단기위험부채 존재; fs=2025:CFS,2024:CFS,2022:CFS,2020:CFS
"=""000880"""	한화	직접추가	메인	139000.0	1100.0	4122.0	14684582000000.0	103264989000000.0	60168760000000.0							판정불가	일반	일반	770834.9267100092	770834.9267100092	-153.283582413879	-153.283582413879	N	N	-50.52808449351897	-33.7392629586393	7.803689278908865			24.107378557817732			99370.61441532469			-28.510349341493036	3년				0.7913669064748201	0.3244751773399364	0.21494732529934155	-0.05607290780937182	29660.332448246358	21.338368667803135	3년	0.21494732529934155	불리(<1)	3년	-33.7392629586393		판정불가	N	순현금차감PER<=0	제외	하드필터 미통과	74958735.0	배당감안점수<1; fs=2025:CFS,2024:CFS,2022:CFS,2020:CFS
"=""012450"""	한화에어로스페이스	우주항공/방산	메인	1039000.0	7000.0	28530.0	7713355500000.0		12463889065000.0							판정불가	일반	일반	-92129.95017531911	-92129.95017531911	39.64703645900172	39.64703645900172	Y	Y	-37.89049744203766	93.07351740567623	64.20288154253949		194.64703481135246	136.90576308507897		5553279.903167886	3905921.420817303		434.4831475618754	275.9308393471899	3년	194.64703481135246	5553279.903167886	434.4831475618754	0.6737247353224254	-0.9387025117299859	2.3645460168994212	1.636354493858567	39867.85493454941	3.8371371448074503	3년	2.3645460168994212	안심(>=2)	3년	93.07351740567623	0.4259754822222265	매우 유망	N	주당순현금<=0	제외	하드필터 미통과	51563401.0	주당순현금 음수(린치식); 주당순현금 음수(보수형); fs=2025:CFS,2024:CFS,2022:CFS,2020:CFS
"=""082740"""	한화엔진	직접추가	메인	45900.0		2071.0	276708027934.0	133988650000.0	53947006810.0	30000000000.0						판정불가	일반	일반	4275.157453852644	3915.6484367553294	20.098909969168204	20.27250196197232	N	N	113.94628099173553		62.28278611303117	236.39256198347107		133.06557222606233	489568.9958677686		275578.8000801751	966.5991195376222		500.3895426583336	5년	133.06557222606233	275578.8000801751	500.3895426583336		5.669276650650683		3.0988141251726176	3492.7128128726085	7.609396106476271	5년	3.0988141251726176	안심(>=2)	5년	62.28278611303117	0.3227040924709531	매우 유망	Y	통과	매우 유망	배당감안점수>=2 & 린치PER배수<=0.5	83447142.0	단기위험부채 존재; fs=2025:CFS,2024:OFS,2022:CFS,2020:CFS
"=""088350"""	한화생명	직접추가	메인	5890.0	150.0	693.0	3103115000000.0	104518986000000.0								판정불가	일반	일반	123912.9344985205	123912.9344985205	-170.30726478862985	-170.30726478862985	N	N	-25.96153846153846												1년				2.5466893039049237	0.13748590928692297					1년	0.13748590928692297	불리(<1)	1년	-25.96153846153846		판정불가	N	주당FCF<=0 / 순현금차감PER<=0	제외	하드필터 미통과	868530000.0	배당감안점수<1; fs=2025:CFS,2024:CFS,2022:NA,2020:NA
"=""042660"""	한화오션	직접추가	메인	87300.0		4007.0	778471159631.0		5646344947762.0							판정불가	일반	일반	-15886.622071524067	-15886.622071524067	25.751590234969818	25.751590234969818	Y	Y	143.14320388349512		47.03819321855338	294.78640776699024		102.57638643710676	1181209.13592233		411023.5804534868	1253.0459747105726		370.8173888356092	5년	102.57638643710676	411023.5804534868	370.8173888356092		5.558616092341797		1.8266131446390077	1951.772804089628	2.2357076793695625	5년	1.8266131446390077	양호(>=1.5)	5년	47.03819321855338	0.547461296298527	헐값	N	주당순현금<=0	제외	하드필터 미통과	306413394.0	주당순현금 음수(린치식); 주당순현금 음수(보수형); fs=2025:CFS,2024:CFS,2022:CFS,2020:CFS
"=""009830"""	한화솔루션	석유화학	watchlist	29650.0	300.0	-12.0	2470461000000.0		8369710000000.0							판정불가	일반	일반	-34319.40174528579	-34319.40174528579			Y	Y	-99.19893190921229												1년				1.0118043844856661				-15547.574445000917	-52.43701330523075	판정불가		판정불가	1년	-99.19893190921229		판정불가	N	주당순현금<=0 / 주당FCF<=0 / 순현금차감PER<=0	제외	하드필터 미통과	171892536.0	린치식 단독판정 비중 낮춤; 주당순현금 음수(린치식); 주당순현금 음수(보수형); 주당FCF 음수; fs=2025:CFS,2024:CFS,2022:CFS,2020:CFS
"=""272210"""	한화시스템	우주항공/방산	메인	70600.0	500.0	1243.0	325483658125.0	164123075536.0	1615285782454.0	1474436243190.0						판정불가	일반	일반	-5958.515188681878	-13763.093908709392	61.59172581551237	67.87055020813305	Y	Y	-52.02624469316866		7.897266078384502			24.294532156769			30198.10347086387			-57.22648233588687	5년	24.294532156769	30198.10347086387	-57.22648233588687	0.708215297450425	-0.8331968087634488		0.13971814008932296	-1268.1431386537038	-1.7962367403026966	5년	0.13971814008932296	불리(<1)	5년	7.897266078384502	7.799119999779953	매우 불리	N	주당순현금<=0 / 주당FCF<=0	제외	하드필터 미통과	188919389.0	주당순현금 음수(린치식); 주당순현금 음수(보수형); 단기위험부채 존재; 주당FCF 음수; 배당감안점수<1; PER>연성장률의 2배; fs=2025:CFS,2024:CFS,2022:CFS,2020:CFS
"=""267250"""	HD현대	직접추가	메인	243500.0	4000.0	13623.0	6367475266000.0		1596736136000.0							판정불가	일반	일반	60394.38933167378	60394.38933167378	13.44091688088719	13.44091688088719	N	N	89.12952936276552	-11.915391188425783		186.75905872553105			2544218.6570179095			944.853657912899			3년				1.642710472279261	6.753426171701258	-0.764284223106397		64511.54397881789	26.49344721922706	3년	-0.764284223106397	불리(<1)	3년	-11.915391188425783		판정불가	Y	통과	보류	배당감안점수 또는 린치PER배수 미산출	78993085.0	1년 점수 과열 가능; 배당감안점수<1; fs=2025:CFS,2024:CFS,2022:CFS,2020:CFS
"=""267260"""	HD현대일렉트릭	전력설비	메인	763000.0	7100.0	20354.0	950781542257.0		55346966947.0							판정불가	일반	일반	24840.658635145344	24840.658635145344	36.26605784439691	36.26605784439691	N	N	46.06386795837818	65.20736528007924		100.62773591675636	138.9147305601585		2048176.936849659	2827470.425821466		168.43734427911653	270.57279499626026		3년	138.9147305601585	2827470.425821466	270.57279499626026	0.9305373525557011	1.2958233705071558	1.823686018381323		19908.873951397247	2.6092888533941343	3년	1.823686018381323	양호(>=1.5)	3년	65.20736528007924	0.5561650541871554	헐값	Y	통과	양호	배당감안점수>=1.5 & 린치PER배수<1	36047135.0	fs=2025:CFS,2024:CFS,2022:CFS,2020:CFS
"=""329180"""	HD현대중공업	직접추가	메인	449000.0	5661.0	15702.0	1869917695000.0		20593805000.0							판정불가	일반	일반	17619.114963644908	17619.114963644908	27.472989748844423	27.472989748844423	N	N	124.2822453935152			257.0644907870304			4036426.634337952			798.9814330374057			1년	257.0644907870304	4036426.634337952	798.9814330374057	1.260801781737194	4.569690023654343					1년	4.569690023654343	안심(>=2)	1년	124.2822453935152	0.22105321368998945	매우 유망	N	주당FCF<=0	제외	하드필터 미통과	104961225.0	fs=2025:CFS,2024:CFS,2022:CFS,2020:CFS
"=""071970"""	HD현대마린엔진	직접추가	메인	51200.0		4867.0	94276230277.0	247003276789.0								판정불가	일반	일반	10060.862797055377	10060.862797055377	8.452668420576252	8.452668420576252	N	N	97.52435064935065	113.65854515790357	162.5665198099373	203.5487012987013	235.81709031580715	333.6330396198746	990671.5292207792	1147721.7785670334	1623792.0038299295	1834.9053305093341	2141.644098763737	3071.468757480331	3년	235.81709031580715	1147721.7785670334	2141.644098763737		11.53769978861918	13.446469150644267	19.232567956197492			3년	13.446469150644267	안심(>=2)	3년	113.65854515790357	0.07436896547314702	매우 유망	N	주당FCF<=0	제외	하드필터 미통과	33921495.0	fs=2025:CFS,2024:CFS,2022:CFS,2020:CFS
"=""443060"""	HD현대마린솔루션	직접추가	메인	212000.0	3950.0	6013.0	377924043510.0		9931501625.0							판정불가	일반	일반	8208.377954504365	8208.377954504365	33.89183802519469	33.89183802519469	N	N	13.36726998491704			35.23453996983408			211865.28883861232			-0.06354300065456453			1년	35.23453996983408	211865.28883861232	-0.06354300065456453	1.8632075471698113	0.44938482004914404			6828.081523113242	3.220793171279831	1년	0.44938482004914404	불리(<1)	1년	13.36726998491704	2.535434539994819	매우 불리	Y	통과	제외	배당감안점수<1	44831335.0	배당감안점수<1; PER>연성장률의 2배; fs=2025:CFS,2024:CFS,2022:NA,2020:NA
"=""009540"""	HD한국조선해양	직접추가	메인	351500.0	12300.0	30664.0	3742015549000.0		398797408000.0							판정불가	일반	일반	47238.53250999998	47238.53250999998	9.922432412274981	9.922432412274981	N	N	84.96802991916998			178.43605983833996			5471563.338882856			1456.6325288429177			1년	178.43605983833996	5471563.338882856	1456.6325288429177	3.499288762446657	8.915890278292473					1년	8.915890278292473	안심(>=2)	1년	84.96802991916998	0.11677842150411376	매우 유망	N	주당FCF<=0	제외	하드필터 미통과	70773116.0	fs=2025:CFS,2024:CFS,2022:CFS,2020:CFS
"=""017960"""	한국카본	조선/LNG사이클	watchlist	22600.0	320.0	2043.0	57866929673.0	27093215744.0	98920898088.0	81871440000.0						판정불가	일반	일반	-268.94950885840325	-1846.1770478341368	11.193807884903771	11.965823322483669	Y	Y	394.6731234866828	63.08567663703022	8.209872487827186	797.8462469733656	134.67135327406044	24.91974497565437	1629999.882566586	275133.5747389055	50911.03898526188	7112.388860914096	1117.4051979597587	125.27008400558356	3년	134.67135327406044	275133.5747389055	1117.4051979597587	1.415929203539823	35.384657014204926	5.762257714602946	0.8599220024446362	2529.43380973873	11.192184998843938	3년	5.762257714602946	안심(>=2)	3년	63.08567663703022	0.17743818377836335	매우 유망	N	주당순현금<=0	제외	하드필터 미통과	51908452.0	린치식 단독판정 비중 낮춤; 주당순현금 음수(린치식); 주당순현금 음수(보수형); 단기위험부채 존재; 1년 점수 과열 가능; fs=2025:CFS,2024:CFS,2022:CFS,2020:CFS
"=""000080"""	하이트진로	직접추가	메인	15500.0	700.0	596.0	243639082453.0	11534336304.0								판정불가	일반	일반	3638.389855001192	3638.389855001192	19.902030444628874	19.902030444628874	N	N	-56.748911465892604	-21.8770293860485	-13.71294563046288										3년				4.516129032258064	-2.624495152841605	-0.8723180482560142	-0.4621044382276501	1956.0991773402343	12.619994692517642	3년	-0.8723180482560142	불리(<1)	3년	-21.8770293860485		판정불가	Y	통과	보류	배당감안점수 또는 린치PER배수 미산출	70133611.0	배당감안점수<1; fs=2025:CFS,2024:CFS,2022:CFS,2020:CFS
"=""204320"""	HL만도	직접추가	메인	50200.0	750.0	2130.0	799652317531.0		965892545521.0	659326263869.0						판정불가	일반	일반	-3540.256046154449	-17581.28462433386	25.23016715781899	31.82219935414735	Y	Y	-23.021322732200943	0.5378148348890388	76.60035963530261		9.575629669778078	161.70071927060522		20396.091196627305	344422.5320463891		-59.3703362616986	586.1006614469903	3년	9.575629669778078	20396.091196627305	-59.3703362616986	1.4940239043824701	-0.8532364725592801	0.08053211564402296	3.0952780871879058	6770.8428804833	13.487734821679881	3년	0.08053211564402296	불리(<1)	3년	0.5378148348890388	46.91236745640243	매우 불리	N	주당순현금<=0	제외	하드필터 미통과	46957120.0	주당순현금 음수(린치식); 주당순현금 음수(보수형); 단기위험부채 존재; 배당감안점수<1; PER>연성장률의 2배; fs=2025:CFS,2024:CFS,2022:CFS,2020:CFS
"=""011200"""	HMM	직접추가	메인	21450.0	700.0	1951.0	1760767000000.0	10915294000000.0	151318000000.0							판정불가	일반	일반	13278.45506473833	13278.45506473833	4.188387972968565	4.188387972968565	N	N	-60.97219443888777	-54.38515324967628	80.08768235294812			168.67536470589624			329085.6365412036			1434.198771753863	3년				3.263403263403263	-13.778282133348497	-12.205590866034296	19.9005168943973	1809.1182228382938	8.434117588989714	3년	-12.205590866034296	불리(<1)	3년	-54.38515324967628		판정불가	Y	통과	보류	배당감안점수 또는 린치PER배수 미산출	943237970.0	1년 점수 과열 가능; 배당감안점수<1; fs=2025:CFS,2024:CFS,2022:CFS,2020:CFS
"=""008770"""	호텔신라	직접추가	메인	42650.0	200.0	-4566.0	338290693972.0		739494888568.0	24083900000.0						판정불가	일반	일반	-10222.252285555276	-10835.884209488653			Y	Y													판정불가				0.4689331770222743				1275.405833262693	2.9904005469230786	판정불가		판정불가	판정불가			판정불가	N	주당순현금<=0 / 순현금차감PER<=0	제외	하드필터 미통과	39248121.0	주당순현금 음수(린치식); 주당순현금 음수(보수형); 단기위험부채 존재; fs=2025:CFS,2024:CFS,2022:CFS,2020:CFS
"=""298050"""	HS효성첨단소재	직접추가	메인	172000.0	2500.0	-4843.0	31544586945.0		554202076606.0							판정불가	일반	일반	-116665.97238650985	-116665.97238650985			Y	Y	-143.41940111170882												1년				1.4534883720930232				-3354.717829760524	-1.950417342884026	판정불가		판정불가	1년	-143.41940111170882		판정불가	N	주당순현금<=0 / 주당FCF<=0 / 순현금차감PER<=0	제외	하드필터 미통과	4479948.0	주당순현금 음수(린치식); 주당순현금 음수(보수형); 주당FCF 음수; fs=2025:CFS,2024:CFS,2022:CFS,2020:CFS
"=""352820"""	하이브	직접추가	메인	180800.0	500.0	-5690.0	534914956000.0	57033836000.0	1161573182000.0	0.0						판정불가	일반	일반	-13368.578698363612	-13368.578698363612			Y	Y	-2628.8888888888887												1년				0.27654867256637167				1088.4641428108619	0.602026627660875	판정불가		판정불가	1년	-2628.8888888888887		판정불가	N	주당순현금<=0 / 순현금차감PER<=0	제외	하드필터 미통과	42609196.0	주당순현금 음수(린치식); 주당순현금 음수(보수형); fs=2025:CFS,2024:CFS,2022:CFS,2020:CFS
"=""298040"""	효성중공업	전력설비	메인	2965000.0	7500.0	55832.0	216772513676.0		637432979185.0							판정불가	일반	일반	-45113.22859928438	-45113.22859928438	53.913763228959816	53.913763228959816	Y	Y	133.51875862645866	270.5887113046113		275.5375172529173	549.6774226092226		15383810.66326488	30689589.85911812		418.84690263962494	935.0620525840849		3년	549.6774226092226	30689589.85911812	935.0620525840849	0.25295109612141653	2.4812163297613123	5.023608929885457		33728.061849754005	1.1375400286594943	3년	5.023608929885457	안심(>=2)	3년	270.5887113046113	0.19924616577321727	매우 유망	N	주당순현금<=0	제외	하드필터 미통과	9324548.0	주당순현금 음수(린치식); 주당순현금 음수(보수형); fs=2025:CFS,2024:CFS,2022:CFS,2020:CFS
"=""298020"""	효성티앤씨	직접추가	메인	348000.0	10100.0	2517.0	78332153321.0		1022720440533.0							판정불가	일반	일반	-218220.35149809992	-218220.35149809992	224.9584233206595	224.9584233206595	Y	Y	-91.92622293504411	-2.1428862261368864	-39.74816600029081		4.214227547726227			10607.210737626914			-96.95195093746352		3년	4.214227547726227	10607.210737626914	-96.95195093746352	2.902298850574713	-0.3957350108094117	0.003375791016081879	-0.1637896754690327	-681.4700322251034	-0.19582472190376538	3년	0.003375791016081879	불리(<1)	3년	-2.1428862261368864		판정불가	N	주당순현금<=0 / 주당FCF<=0	제외	하드필터 미통과	4327682.0	주당순현금 음수(린치식); 주당순현금 음수(보수형); 주당FCF 음수; 배당감안점수<1; fs=2025:CFS,2024:CFS,2022:CFS,2020:CFS
"=""307950"""	현대오토에버	직접추가	메인	402000.0	1900.0	6654.0	301124937000.0	503550000000.0	137177596000.0							판정불가	일반	일반	24339.913182556786	24339.913182556786	56.7568510395917	56.7568510395917	N	N	6.840077071290951	17.005273141647017	18.824559086735636	22.1801541425819	42.51054628329403	46.14911817347127	147586.74566473998	282865.1749690385	307076.2323262778	-63.286879187875634	-29.635528614667038	-23.612877530776665	3년	42.51054628329403	282865.1749690385	-29.635528614667038	0.47263681592039797	0.12884284017290248	0.3079436162759524	0.33999764872781524	6801.802196340414	1.6919905961045807	3년	0.3079436162759524	불리(<1)	3년	17.005273141647017	3.337603022711261	매우 불리	Y	통과	제외	배당감안점수<1	27423982.0	배당감안점수<1; PER>연성장률의 2배; fs=2025:CFS,2024:CFS,2022:CFS,2020:CFS
"=""069960"""	현대백화점	직접추가	메인	97700.0	2150.0	9572.0	279878097000.0	1384271000.0	850398528000.0	925684884000.0						판정불가	일반	일반	-25150.950692818045	-66058.30557705347	12.834407719684293	17.10805532564286	Y	Y	-681.8844984802432	13.23304981191371	24.719368231601415		34.96609962382742	57.93873646320283		334695.50559927605	554589.5854257775		242.57472425719143	467.6454303232114	3년	34.96609962382742	334695.50559927605	242.57472425719143	2.200614124872057	-52.957947043628	1.202522490626113	2.0974853646877647	17816.28700542092	18.23570829623431	3년	1.202522490626113	보통(1~1.5)	3년	13.23304981191371	0.9698752670098377	헐값	N	주당순현금<=0	제외	하드필터 미통과	22628813.0	주당순현금 음수(린치식); 주당순현금 음수(보수형); 단기위험부채 존재; fs=2025:CFS,2024:CFS,2022:CFS,2020:CFS
"=""000720"""	현대건설	직접추가	메인	126900.0	800.0	3319.0	4812659000000.0	700784000000.0	579678000000.0	1194728000000.0						판정불가	일반	일반	44306.32756193628	33577.399427860786	24.88510769450549	28.117686222398074	N	N	-321.1192538307795	-3.003815607902416	24.7843511038494		2.4923687841951683	58.0687022076988		8272.171994743763	192730.0226273523		-93.4813459458284	51.87551034464326	3년	2.4923687841951683	8272.171994743763	-93.4813459458284	0.6304176516942475	-12.878740173177857	-0.09537422884981941	1.0212842583419923	-7760.002367187725	-6.115053086830359	3년	-0.09537422884981941	불리(<1)	3년	-3.003815607902416		판정불가	N	주당FCF<=0	제외	하드필터 미통과	111355765.0	단기위험부채 존재; 주당FCF 음수; 배당감안점수<1; fs=2025:CFS,2024:CFS,2022:CFS,2020:CFS
"=""017800"""	현대엘리베이터	직접추가	메인	75500.0	14010.0		546026985679.0	858153283222.0	939270698991.0							판정불가	일반	일반	11892.58649504245	11892.58649504245			N	N													판정불가				18.55629139072848				5302.308441375475	7.022925087914536	판정불가		판정불가	판정불가			판정불가	N	순현금차감PER<=0	제외	하드필터 미통과	39092385.0	EPS 미추출; fs=2025:CFS,2024:CFS,2022:CFS,2020:CFS
"=""086280"""	현대글로비스	직접추가	메인	210000.0	5800.0	23117.0	2644639919844.0	1773253190103.0	2551475394576.0	800732226936.0						판정불가	일반	일반	24885.56953828	14209.1398458	8.00771858207034	8.469561801020893	N	N	58.49845731916352	-10.017436249066701	7.416538424274255	125.49691463832704		23.333076848548508	2901112.1756942063		539390.7375078959	1281.4819884258125		156.85273214661711	3년				2.761904761904762	7.650164207597546	-0.906067241599551	1.2710790322937962	25034.3648264	11.921126107809524	3년	-0.906067241599551	불리(<1)	3년	-10.017436249066701		판정불가	Y	통과	보류	배당감안점수 또는 린치PER배수 미산출	75000000.0	단기위험부채 존재; 1년 점수 과열 가능; 배당감안점수<1; fs=2025:CFS,2024:CFS,2022:CFS,2020:CFS
"=""001450"""	현대해상	직접추가	메인	51000.0	2063.0	13006.0	1509674177483.0	19831696034080.0								판정불가	일반	일반	238717.78760137584	238717.78760137584	-14.433168353173599	-14.433168353173599	N	N	19.90412095510279			48.30824191020558			628296.9942841338			1131.9548907532035			1년	48.30824191020558	628296.9942841338	1131.9548907532035	4.045098039215686	-1.659318204311839					1년	-1.659318204311839	불리(<1)	1년	19.90412095510279		판정불가	N	주당FCF<=0 / 순현금차감PER<=0	제외	하드필터 미통과	89400000.0	배당감안점수<1; fs=2025:CFS,2024:CFS,2022:NA,2020:NA
"=""012330"""	현대모비스	직접추가	메인	432000.0	6500.0	40861.0	4922378000000.0			2945574000000.0						판정불가	일반	일반	54251.49199158146	21787.145638739283	9.244720100056742	10.039226997901684	N	N	-9.074523242617772	14.580422448898144	20.046998821740058		37.66084489779629	48.593997643480115		1538859.783368854	1985599.337710241		256.217542446494	359.62947632181505	3년	37.66084489779629	1538859.783368854	256.217542446494	1.5046296296296295	-0.818834267674765	1.739917694039114	2.3312364482768286	32588.711819214936	7.543683291484939	3년	1.739917694039114	양호(>=1.5)	3년	14.580422448898144	0.6340502226501246	헐값	Y	통과	양호	배당감안점수>=1.5 & 린치PER배수<1	90732583.0	단기위험부채 존재; fs=2025:CFS,2024:CFS,2022:CFS,2020:CFS
"=""005380"""	현대자동차	직접추가	메인	393000.0	10000.0	36088.0	18360566000000.0	5857507000000.0	131240462000000.0	10388351000000.0						판정불가	일반	일반	-522678.0458231802	-573412.8785132379	25.373477217445693	26.779341568201005	Y	Y	-24.20875774440827	8.159836431248424	45.92494426173537		24.819672862496848	100.34988852347074		895692.3542617862	3621426.777035012		127.91154052462753	821.4826404669241	3년	24.819672862496848	895692.3542617862	127.91154052462753	2.5445292620865136	-0.853813937154281	0.4218722409073315	1.9102416711926418	-83323.46231986141	-21.20189880912504	3년	0.4218722409073315	불리(<1)	3년	8.159836431248424	3.1095570887030206	매우 불리	N	주당순현금<=0 / 주당FCF<=0	제외	하드필터 미통과	204757766.0	주당순현금 음수(린치식); 주당순현금 음수(보수형); 단기위험부채 존재; 주당FCF 음수; 배당감안점수<1; PER>연성장률의 2배; fs=2025:CFS,2024:CFS,2022:CFS,2020:CFS
"=""064350"""	현대로템	방산	메인	127200.0	600.0	7055.0	908414081000.0		60775088000.0	49136977000.0						판정불가	일반	일반	7766.386844661084	7316.175404518884	16.92893170167809	16.992746221896684	N	N	89.24356223175967	57.31843168250532	84.95065921728904	186.98712446351934	123.13686336501064	178.4013184345781	1319194.163090129	868730.57104015	1258621.3015559483	937.1023294733718	582.9642854089229	889.4821553112802	3년	123.13686336501064	868730.57104015	582.9642854089229	0.4716981132075472	5.299522847981846	3.4136902915134564	5.0459390371354065	6852.009336460757	5.386799792815061	3년	3.4136902915134564	안심(>=2)	3년	57.31843168250532	0.29534882942104507	매우 유망	Y	통과	매우 유망	배당감안점수>=2 & 린치PER배수<=0.5	109142000.0	단기위험부채 존재; fs=2025:CFS,2024:CFS,2022:CFS,2020:CFS
"=""004020"""	현대제철	철강	watchlist	32400.0	500.0	-53.0	1342926134232.0	805366237672.0	5816297925103.0	1215935236760.0						판정불가	일반	일반	-27486.85957521251	-36598.68904783317			Y	Y													판정불가				1.5432098765432098				3999.7338333915905	12.344857510467872	판정불가		판정불가	판정불가			판정불가	N	주당순현금<=0 / 순현금차감PER<=0	제외	하드필터 미통과	133445785.0	린치식 단독판정 비중 낮춤; 주당순현금 음수(린치식); 주당순현금 음수(보수형); 단기위험부채 존재; fs=2025:CFS,2024:CFS,2022:CFS,2020:CFS
"=""011210"""	현대위아	직접추가	메인	58500.0	1200.0	5351.0	1116473000000.0	572468000000.0	739686000000.0	71245000000.0						판정불가	일반	일반	34905.39080171221	32285.615748994038	4.409383143017715	4.898969211550357	N	N	46.32212195788898	29.51602682110046	18.44874189552963	101.14424391577796	67.53205364220092	45.39748379105926	541222.8491933278	361364.01903941715	242921.9357659581	825.1672635783383	517.7162718622516	315.251172249501	3년	67.53205364220092	361364.01903941715	517.7162718622516	2.051282051282051	10.97056038003198	7.159121321169274	4.649181820199407	5543.207939464645	9.475569127289992	3년	7.159121321169274	안심(>=2)	3년	29.51602682110046	0.1493894544053446	매우 유망	Y	통과	매우 유망	배당감안점수>=2 & 린치PER배수<=0.5	27195083.0	단기위험부채 존재; fs=2025:CFS,2024:CFS,2022:CFS,2020:CFS
"=""139130"""	iM금융지주	직접추가	메인	18650.0	700.0	2511.0		10012037000000.0	9824584000000.0							판정불가	일반	일반	1167.025597818984	1167.025597818984	6.962554520980094	6.962554520980094	N	N	123.9964317573595			256.49286351471903			644053.5802854595			3353.370403675386			1년	256.49286351471903	644053.5802854595	3353.370403675386	3.753351206434316	18.348119584392272					1년	18.348119584392272	안심(>=2)	1년	123.9964317573595	0.05615124905049414	매우 유망	N	주당FCF<=0	제외	하드필터 미통과	160624583.0	fs=2025:CFS,2024:CFS,2022:NA,2020:NA
"=""024110"""	IBK기업은행	금융/은행	보정필요	20900.0	1048.0	3183.0			203390126000000.0							판정불가	금융보정	보정보류	-255058.34950533815	-255058.34950533815	86.69756503466482	86.69756503466482	Y	Y	2.4790727623953623			13.458145524790725			42837.27720540888			104.96304882970757			1년	13.458145524790725	42837.27720540888	104.96304882970757	5.014354066985646	0.08643180262773084					1년	0.08643180262773084	불리(<1)	1년	2.4790727623953623	34.971771038658325	매우 불리	N	주당순현금<=0 / 주당FCF<=0	제외	하드필터 미통과	797425869.0	린치식 단독판정 비중 낮춤; 주당순현금 음수(린치식); 주당순현금 음수(보수형); 배당감안점수<1; PER>연성장률의 2배; fs=2025:CFS,2024:CFS,2022:NA,2020:NA
"=""007660"""	이수페타시스	직접추가	메인	111900.0	230.0	2278.0	162780032068.0	175712986992.0	105628209085.0							판정불가	일반	일반	3172.1466751335415	3172.1466751335415	47.729522969651654	47.729522969651654	N	N	94.53458582408199	12.033069515911986		197.56917164816397	32.56613903182397		450062.57301451755	74185.66471449501		302.20069080832667	-33.7036061532663		3년	32.56613903182397	74185.66471449501	-33.7036061532663	0.2055406613047364	1.9849376358868347	0.25641593327883294		185.87558603504556	0.16610865597412472	3년	0.25641593327883294	불리(<1)	3년	12.033069515911986	3.966529313782846	매우 불리	Y	통과	제외	배당감안점수<1	73409219.0	1년 점수 과열 가능; 배당감안점수<1; PER>연성장률의 2배; fs=2025:CFS,2024:CFS,2022:CFS,2020:CFS
"=""457190"""	이수스페셜티케미컬	직접추가	메인	65900.0		26.0	26339571000.0	550236000.0	1431768000.0							판정불가	일반	일반	842.7503651316791	842.7503651316791	2502.201909033397	2502.201909033397	N	N	-92.73743016759776												1년					-0.03706232891630329			-1474.6892904859199	-2.237768270843581	1년	-0.03706232891630329	불리(<1)	1년	-92.73743016759776		판정불가	N	주당FCF<=0	제외	하드필터 미통과	30208280.0	주당FCF 음수; 배당감안점수<1; fs=2025:CFS,2024:OFS,2022:NA,2020:NA
"=""175330"""	JB금융지주	직접추가	메인	31400.0	1140.0	3619.0		3918901000000.0	14183144000000.0							판정불가	일반	일반	-54055.16269326126	-54055.16269326126	23.612921440525355	23.612921440525355	Y	Y	5.2340796743239215			18.968159348647845			68645.76868275655			118.61709771578516			1년	18.968159348647845	68645.76868275655	118.61709771578516	3.6305732484076434	0.37541533965033763					1년	0.37541533965033763	불리(<1)	1년	5.2340796743239215	4.5113798241092695	매우 불리	N	주당순현금<=0 / 주당FCF<=0	제외	하드필터 미통과	189884601.0	주당순현금 음수(린치식); 주당순현금 음수(보수형); 배당감안점수<1; PER>연성장률의 2배; fs=2025:CFS,2024:CFS,2022:NA,2020:NA
"=""035720"""	카카오	직접추가	메인	36550.0	75.0	1138.0	6373784263399.0	3754429416501.0	2787664614576.0	1144217904147.0						판정불가	일반	일반	16588.990645648104	14003.159539614913	17.54043001261151	19.812689332500078	N	N	803.1746031746031	-28.535770270641315	-8.670866917633225	1614.8492063492063			1837698.3968253967			4927.902590493562			3년				0.2051983584131327	45.801602409712245	-1.6151583451408318	-0.4826374583253264	1786.2097378837223	4.887030746603891	3년	-1.6151583451408318	불리(<1)	3년	-28.535770270641315		판정불가	Y	통과	보류	배당감안점수 또는 린치PER배수 미산출	442495220.0	단기위험부채 존재; 1년 점수 과열 가능; 배당감안점수<1; fs=2025:CFS,2024:CFS,2022:CFS,2020:CFS
"=""323410"""	카카오뱅크	직접추가	메인	22050.0	460.0	1008.0		5031536000000.0								판정불가	일반	일반	10548.040591320245	10548.040591320245	11.410674016547377	11.410674016547377	N	N	9.090909090909083			26.681818181818166			26895.27272727271			21.974025974025892			1년	26.681818181818166	26895.27272727271	21.974025974025892	2.0861678004535147	0.9795281922131834			12444.320071931525	56.43682572304546	1년	0.9795281922131834	불리(<1)	1년	9.090909090909083	1.2551741418202127	보통	Y	통과	제외	배당감안점수<1	477011437.0	배당감안점수<1; fs=2025:OFS,2024:OFS,2022:NA,2020:NA
"=""377300"""	카카오페이	직접추가	메인	46750.0		335.0	1631491473258.0	2303511051026.0	95911725899.0	38914909706.0						판정불가	일반	일반	28407.16665292835	28119.217661003742	54.7547264091691	55.6142756387948	N	N	-428.4313725490196	-6.283340638970736											3년					-7.82455507762843	-0.11475430617654482		721.2173895844579	1.5427109937635464	3년	-0.11475430617654482	불리(<1)	3년	-6.283340638970736		판정불가	Y	통과	보류	배당감안점수 또는 린치PER배수 미산출	135145150.0	단기위험부채 존재; 배당감안점수<1; fs=2025:CFS,2024:CFS,2022:CFS,2020:NA
"=""035250"""	강원랜드	직접추가	메인	14790.0	950.0		200357737326.0	3009244892731.0	0.0							판정불가	일반	일반	15002.314335326879	15002.314335326879			N	N													판정불가				6.423258958755916				808.0316694922186	5.4633649052888344	판정불가		판정불가	판정불가			판정불가	N	순현금차감PER<=0	제외	하드필터 미통과	213940500.0	EPS 미추출; fs=2025:CFS,2024:CFS,2022:CFS,2020:CFS
"=""105560"""	KB금융	금융/은행	보정필요	175900.0	4367.0	15410.0		89862530000000.0	80049270000000.0							판정불가	금융보정	보정양호	25725.386408830236	25725.386408830236	9.745270187616468	9.745270187616468	N	N	19.64285714285714			47.78571428571428			736377.857142857			318.6343701778608			1년	47.78571428571428	736377.857142857	318.6343701778608	2.4826606026151223	2.270385255566095					1년	2.270385255566095	안심(>=2)	1년	19.64285714285714	0.49612284591502026	매우 유망	N	주당FCF<=0	제외	하드필터 미통과	381462103.0	린치식 단독판정 비중 낮춤; fs=2025:CFS,2024:CFS,2022:NA,2020:NA
"=""002380"""	케이씨씨	직접추가	메인	498500.0	15000.0		1193612441434.0	36838546215.0	2949860953111.0	758686269704.0						판정불가	일반	일반	-193486.25179354099	-278861.68031899276			Y	Y													판정불가				3.009027081243731				51624.29856328795	10.35592749514302	판정불가		판정불가	판정불가			판정불가	N	주당순현금<=0 / 순현금차감PER<=0	제외	하드필터 미통과	8886471.0	주당순현금 음수(린치식); 주당순현금 음수(보수형); 단기위험부채 존재; EPS 미추출; fs=2025:CFS,2024:CFS,2022:CFS,2020:CFS
"=""015760"""	한국전력	유틸리티	메인	32750.0	1542.0	13311.0	2240811000000.0	4250164000000.0	83995702000000.0							판정불가	일반	일반	-120730.62929345189	-120730.62929345189	11.530360550931704	11.530360550931704	Y	Y	144.73248758963044			297.9649751792609			3966211.7846111413			12010.570334690507			1년	297.9649751792609	3966211.7846111413	12010.570334690507	4.708396946564886	12.960642806969279			7699.067871674695	23.50860418831968	1년	12.960642806969279	안심(>=2)	1년	144.73248758963044	0.07966670609313711	매우 유망	N	주당순현금<=0	제외	하드필터 미통과	641964077.0	주당순현금 음수(린치식); 주당순현금 음수(보수형); fs=2025:CFS,2024:CFS,2022:CFS,2020:CFS
"=""052690"""	한전기술	원전/유틸리티	메인	122300.0	1347.0	2244.0	27327763423.0	143766317133.0	10000000.0							판정불가	일반	일반	4476.297241130298	4476.297241130298	52.506106398783295	52.506106398783295	N	N	45.90377113133941	68.14874025084036	33.4594702358408	100.30754226267882	144.79748050168072	75.4189404716816	225090.12483745127	324925.5462457715	169240.1024184535	84.04752644108852	165.6791056792899	38.38111399710016	3년	144.79748050168072	324925.5462457715	165.6791056792899	1.1013900245298447	0.8952322763921129	1.318896696498808	0.6582255404329791	565.6546605965464	0.4625140315589095	3년	1.318896696498808	보통(1~1.5)	3년	68.14874025084036	0.7704633454047718	헐값	Y	통과	보류	중간구간(보류)	38220000.0	fs=2025:CFS,2024:CFS,2022:CFS,2020:CFS
"=""051600"""	한전KPS	원전/유틸리티	메인	47350.0	1651.0	2761.0	145552915316.0	253105895590.0								판정불가	일반	일반	8859.0846868	8859.0846868	13.940932746541108	13.940932746541108	N	N	-27.94885177453027	7.4435664015639835	7.368549852889328		23.38713280312797	23.237099705778654		64571.873669436325	64157.632287654866		36.3714333039838	35.49658350085505	3년	23.38713280312797	64571.873669436325	36.3714333039838	3.4868004223864837	-1.7546925874248318	0.7840484580676574	0.7786674301236506	1565.3651230222222	3.305945349571747	3년	0.7840484580676574	불리(<1)	3년	7.4435664015639835	1.872883506972135	보통	Y	통과	제외	배당감안점수<1	45000000.0	배당감안점수<1; fs=2025:CFS,2024:CFS,2022:CFS,2020:CFS
"=""000270"""	기아	직접추가	메인	128400.0	6800.0	19382.0	13998106000000.0	7661873000000.0	978970000000.0	211292000000.0						판정불가	일반	일반	52972.13234688462	52430.93110337479	3.8916452199522955	3.919568099093242	N	N	-22.138753866548832	12.82583771622907	39.189006811542605		34.15167543245814	86.87801362308521		661927.7732319037	1683869.6600426375		415.5200726105169	1211.4249688805587	3년	34.15167543245814	661927.7732319037	415.5200726105169	5.29595015576324	-4.327939151398815	4.656587856231779	11.43088705497444	10401.987179740363	8.101236121293118	3년	4.656587856231779	안심(>=2)	3년	12.82583771622907	0.3034223031707343	매우 유망	Y	통과	매우 유망	배당감안점수>=2 & 린치PER배수<=0.5	390412998.0	단기위험부채 존재; fs=2025:CFS,2024:CFS,2022:CFS,2020:CFS
"=""039490"""	키움증권	직접추가	메인	272500.0	11500.0	42059.0		62457765152889.0								판정불가	일반	일반	2288251.0791779323	2288251.0791779323	-47.92674764445023	-47.92674764445023	N	N	43.20394960844398			94.90789921688796			3991731.3331630905			1364.8555351057214			1년	94.90789921688796	3991731.3331630905	1364.8555351057214	4.220183486238533	-0.989512859218063			-250622.40952773768	-91.97152643219731	1년	-0.989512859218063	불리(<1)	1년	43.20394960844398		판정불가	N	주당FCF<=0 / 순현금차감PER<=0	제외	하드필터 미통과	27294979.0	주당FCF 음수; 배당감안점수<1; fs=2025:CFS,2024:CFS,2022:NA,2020:NA
"=""161890"""	한국콜마	직접추가	메인	144300.0	864.0	5299.0	225316644282.0	284826044.0	476529423888.0	829915405830.0						판정불가	일반	일반	-10630.253549352963	-45788.59706291151	29.237639847018862	35.87254143478232	Y	Y	38.35509138381201		-5.429179724160593	85.21018276762402			451528.7584856397			212.90974254029086			5년				0.5987525987525988	1.3323183467059647		-0.16521262149347243	4731.724715873624	3.2790885071889284	5년	-0.16521262149347243	불리(<1)	5년	-5.429179724160593		판정불가	N	주당순현금<=0	제외	하드필터 미통과	23605077.0	주당순현금 음수(린치식); 주당순현금 음수(보수형); 단기위험부채 존재; 배당감안점수<1; fs=2025:CFS,2024:CFS,2022:CFS,2020:CFS
"=""120110"""	코오롱인더	직접추가	메인	55200.0	1300.0		263843934948.0	219536778414.0	1102334698976.0	1502712536405.0						판정불가	일반	일반	-22491.80343980112	-77097.98706719637			Y	Y													판정불가				2.355072463768116				6217.225588737651	11.263089834669659	판정불가		판정불가	판정불가			판정불가	N	주당순현금<=0 / 순현금차감PER<=0	제외	하드필터 미통과	27519091.0	주당순현금 음수(린치식); 주당순현금 음수(보수형); 단기위험부채 존재; EPS 미추출; fs=2025:CFS,2024:CFS,2022:CFS,2020:CFS
"=""047810"""	한국항공우주	우주항공/방산	메인	129400.0	500.0	1907.0	60938581663.0	200000.0	1487227060504.0	492840000000.0						판정불가	일반	일반	-14632.333554052933	-19688.393661788952	75.5282294462784	78.17954570623438	Y	Y	8.045325779036826	16.21391673368946	20.01192023737235	24.590651558073652	40.92783346737892	48.5238404747447	46894.372521246456	78049.3784222916	92534.96378533814	-63.76014488311712	-39.68363336762627	-28.489208821222455	3년	40.92783346737892	78049.3784222916	-39.68363336762627	0.38639876352395675	0.11163672979462715	0.219789549138324	0.27007542941815144	-11214.27678311756	-8.666365365624081	3년	0.219789549138324	불리(<1)	3년	16.21391673368946	4.658234693492967	매우 불리	N	주당순현금<=0 / 주당FCF<=0	제외	하드필터 미통과	97475107.0	주당순현금 음수(린치식); 주당순현금 음수(보수형); 단기위험부채 존재; 주당FCF 음수; 배당감안점수<1; PER>연성장률의 2배; fs=2025:CFS,2024:CFS,2022:CFS,2020:CFS
"=""071320"""	지역난방공사	유틸리티	메인	75700.0	6157.0	28102.0	13136000000.0	14472000000.0	3000419000000.0							판정불가	일반	일반	-256747.27759763927	-256747.27759763927	11.830021976999475	11.830021976999475	Y	Y	66.77744807121661		65.27173293436219	142.05489614243322		139.04346586872438	3992026.6913946583		3907399.4778428925	5173.483079781583		5061.6901953010465	5년	139.04346586872438	3907399.4778428925	5061.6901953010465	8.1334214002642	6.332267988776884		6.204988839187652	29663.925551856057	39.186163212491486	5년	6.204988839187652	안심(>=2)	5년	65.27173293436219	0.18124265198988734	매우 유망	N	주당순현금<=0	제외	하드필터 미통과	11578744.0	주당순현금 음수(린치식); 주당순현금 음수(보수형); fs=2025:CFS,2024:CFS,2022:CFS,2020:CFS
"=""036460"""	한국가스공사	유틸리티	메인	35100.0	1154.0		1147352000000.0	151248000000.0	21802116000000.0							판정불가	일반	일반	-222108.6520858384	-222108.6520858384			Y	Y													판정불가				3.2877492877492878				46549.424241439454	132.6194422833033	판정불가		판정불가	판정불가			판정불가	N	주당순현금<=0 / 순현금차감PER<=0	제외	하드필터 미통과	92313000.0	주당순현금 음수(린치식); 주당순현금 음수(보수형); EPS 미추출; fs=2025:CFS,2024:CFS,2022:CFS,2020:CFS
"=""071050"""	한국금융지주	직접추가	메인	190900.0	8690.0	34592.0		111427682000000.0								판정불가	일반	일반	1999563.901886215	1999563.901886215	-52.28561233482351	-52.28561233482351	N	N													판정불가				4.552121529596648						판정불가		판정불가	판정불가			판정불가	N	주당FCF<=0 / 순현금차감PER<=0	제외	하드필터 미통과	55725992.0	fs=2025:CFS,2024:CFS,2022:NA,2020:NA
"=""006650"""	대한유화	직접추가	메인	97500.0	1300.0	5134.0	151455436829.0	90052666000.0								판정불가	일반	일반	37155.09274292308	37155.09274292308	11.753974923466483	11.753974923466483	N	N	-471.7595944967415		-24.26352631533887										5년				1.3333333333333335	-40.02273819933164		-1.9508458314153831	19148.828141846156	19.639823735226827	5년	-1.9508458314153831	불리(<1)	5년	-24.26352631533887		판정불가	Y	통과	보류	배당감안점수 또는 린치PER배수 미산출	6500000.0	배당감안점수<1; fs=2025:CFS,2024:CFS,2022:CFS,2020:CFS
"=""010130"""	고려아연	소재	메인	1224000.0	20000.0	42566.0	3451069963536.0	1038402532013.0	2668945939951.0	3128688084125.0						판정불가	일반	일반	87219.33882994796	-62672.518151442666	26.706306939107552	30.22770563716212	N	Y	184.74145427787812	8.708371766163726	5.597910450753152	377.98290855575624	25.91674353232745	19.695820901506302	16089220.48558432	1103172.1051970504	838372.3124935173	1214.4787978418562	-9.871560032920723	-31.50553002503944	3년	25.91674353232745	1103172.1051970504	-9.871560032920723	1.6339869281045754	6.9787051287522885	0.3872627809546891	0.27079361423303544	-75274.78704653852	-6.149900902494977	3년	0.3872627809546891	불리(<1)	3년	8.708371766163726	3.0667394153835494	매우 불리	N	주당FCF<=0	제외	하드필터 미통과	20872969.0	주당순현금 음수(보수형); 단기위험부채 존재; 주당FCF 음수; 1년 점수 과열 가능; 배당감안점수<1; PER>연성장률의 2배; fs=2025:CFS,2024:CFS,2022:CFS,2020:CFS
"=""003490"""	대한항공	직접추가	메인	30350.0	750.0	2133.0	1869988073408.0	3532702331766.0	5900725093281.0	2027009390000.0						판정불가	일반	일반	-1352.5441151358968	-6857.420958534969	14.862889880513782	17.443704153087186	Y	Y	-40.1850813236119	-23.620676172572395	-13.307685693628002										3년				2.471169686985173	-2.5374548247223525	-1.4229740417652965	-0.7290988558591294	-599.9903851348527	-1.9769040696370765	3년	-1.4229740417652965	불리(<1)	3년	-23.620676172572395		판정불가	N	주당순현금<=0 / 주당FCF<=0	제외	하드필터 미통과	368220661.0	주당순현금 음수(린치식); 주당순현금 음수(보수형); 단기위험부채 존재; 주당FCF 음수; 1년 점수 과열 가능; 배당감안점수<1; fs=2025:CFS,2024:CFS,2022:CFS,2020:CFS
"=""259960"""	크래프톤	직접추가	메인	218000.0	2240.0	16454.0	596725775511.0	2771628277288.0	232600090556.0	253882981026.0						판정불가	일반	일반	66149.80047167496	60794.052303852826	9.228771090818345	9.554269338528453	N	N	-42.45444689259609	15.546458229987593			39.592916459975186			651461.8474324316			198.83570983139066		3년	39.592916459975186	651461.8474324316	198.83570983139066	1.0275229357798166	-4.488888449951013	1.7959033768056916		19894.79976593031	9.126054938500143	3년	1.7959033768056916	양호(>=1.5)	3년	15.546458229987593	0.5936253102984544	헐값	Y	통과	양호	배당감안점수>=1.5 & 린치PER배수<1	47403831.0	단기위험부채 존재; fs=2025:CFS,2024:CFS,2022:CFS,2020:NA
"=""030200"""	KT	통신	보정필요	54900.0	2400.0	7119.0	3506971000000.0									판정불가	통신보정	보정양호	13915.354148989203	13915.354148989203	5.757079063212642	5.757079063212642	N	N	273.1132075471698	10.974077918572789	21.542256858726816	554.7264150943396	30.448155837145578	51.58451371745363	3949097.3490566034	216760.42140463938	367230.1531545524	7093.2556449118465	294.8277256915107	568.9073827951775	3년	30.448155837145578	216760.42140463938	294.8277256915107	4.371584699453552	48.19888509430641	2.665529246607732	4.501213423273638	17845.761962904104	32.50594164463407	3년	2.665529246607732	안심(>=2)	3년	10.974077918572789	0.5246070882610762	헐값	Y	통과	양호	배당감안점수>=1.5 & 린치PER배수<1	252021685.0	린치식 단독판정 비중 낮춤; 1년 점수 과열 가능; fs=2025:CFS,2024:CFS,2022:CFS,2020:CFS
"=""033780"""	KT&G	필수소비재	메인	170300.0	6000.0	10228.0	913503000000.0		1062456000000.0	332978000000.0						판정불가	일반	일반	-1262.563450588038	-4084.9695293504915	16.773813399549084	17.04976237087901	Y	Y	-10.146710006149517	6.408926515670932	1.8767217197089403		21.317853031341862	12.25344343941788		218039.00080456457	125328.21949836609		28.032296420766034	-26.407387258739824	3년	21.317853031341862	218039.00080456457	28.032296420766034	3.523194362889019	-0.3948723814608879	0.5921206252853002	0.3219253698591354	-776.4757168675206	-0.45594581143130986	3년	0.5921206252853002	불리(<1)	3년	6.408926515670932	2.61725787595383	매우 불리	N	주당순현금<=0 / 주당FCF<=0	제외	하드필터 미통과	117976645.0	주당순현금 음수(린치식); 주당순현금 음수(보수형); 단기위험부채 존재; 주당FCF 음수; 배당감안점수<1; PER>연성장률의 2배; fs=2025:CFS,2024:CFS,2022:CFS,2020:CFS
"=""011780"""	금호석유	석유화학	watchlist	126000.0	1700.0	11391.0	650436032913.0	82275660739.0								판정불가	일반	일반	28146.856005717942	28146.856005717942	8.590391009944874	8.590391009944874	N	N	-15.138195634358931	-32.65223990875862	-11.416304781151009										3년				1.3492063492063493	-1.605164336430021	-3.643959107718561	-1.1719022359157156	19963.595148223274	15.844123133510536	3년	-3.643959107718561	불리(<1)	3년	-32.65223990875862		판정불가	Y	통과	보류	배당감안점수 또는 린치PER배수 미산출	26031742.0	린치식 단독판정 비중 낮춤; 1년 점수 과열 가능; 배당감안점수<1; fs=2025:CFS,2024:CFS,2022:CFS,2020:CFS
"=""073240"""	금호타이어	직접추가	메인	7350.0		1209.0	574762190002.0	23370402051.0	732635884134.0	995816495352.0						판정불가	일반	일반	-468.2279387996295	-3934.8278846250682	6.466689775682076	9.334018101426857	Y	Y	6.896551724137923			22.293103448275843			26952.362068965496			266.6988036593945			1년	22.293103448275843	26952.362068965496	266.6988036593945		1.066473259637773			2095.5020502990724	28.51023197685813	1년	1.066473259637773	보통(1~1.5)	1년	6.896551724137923	0.9376700174739021	헐값	N	주당순현금<=0	제외	하드필터 미통과	287260287.0	주당순현금 음수(린치식); 주당순현금 음수(보수형); 단기위험부채 존재; fs=2025:CFS,2024:CFS,2022:CFS,2020:CFS
"=""066970"""	엘앤에프	2차전지	메인	114500.0		-15508.0	382883140911.0	62183142824.0	390410933286.0	781033333338.0						판정불가	일반	일반	1358.2710122097233	-18051.629894608985			N	Y	37.65311556896857			83.80623113793715									1년	83.80623113793715							-4189.943890632833	-3.65933964247409	판정불가		판정불가	1년	37.65311556896857		판정불가	N	주당FCF<=0 / 순현금차감PER<=0	제외	하드필터 미통과	40238914.0	주당순현금 음수(보수형); 단기위험부채 존재; 주당FCF 음수; fs=2025:CFS,2024:CFS,2022:CFS,2020:CFS
"=""003550"""	LG	직접추가	메인	124500.0	3100.0	4780.0	1511450000000.0	1839426000000.0	159829000000.0	0.0						판정불가	일반	일반	20691.31243852798	20691.31243852798	21.71729865302762	21.71729865302762	N	N	28.77155172413792	-27.26466268691552	-10.530872700659177	66.04310344827584			315686.03448275855			153.56307990583016			3년				2.4899598393574296	1.439475142049362	-1.140781974930581	-0.37025382345058655	5491.624275551311	4.410943193213904	3년	-1.140781974930581	불리(<1)	3년	-27.26466268691552		판정불가	Y	통과	보류	배당감안점수 또는 린치PER배수 미산출	154221585.0	1년 점수 과열 가능; 배당감안점수<1; fs=2025:CFS,2024:CFS,2022:CFS,2020:CFS
"=""051910"""	LG화학	석유화학	watchlist	279500.0	2000.0	-23244.0	9899926000000.0	245464000000.0	2407851000000.0							판정불가	일반	일반	109608.75742571683	109608.75742571683			N	N	163.35825968728756			335.2165193745751									1년	335.2165193745751			0.7155635062611807				-79651.86819199358	-28.497985041858165	판정불가		판정불가	1년	163.35825968728756		판정불가	N	주당FCF<=0 / 순현금차감PER<=0	제외	하드필터 미통과	70592343.0	린치식 단독판정 비중 낮춤; 주당FCF 음수; fs=2025:CFS,2024:CFS,2022:CFS,2020:CFS
"=""064400"""	LG씨엔에스	직접추가	메인	76300.0	1850.0	4549.0	1140987852000.0	602021775000.0	159828598000.0	0.0						판정불가	일반	일반	16340.667162589976	16340.667162589976	13.180772221897126	13.180772221897126	N	N	8.827751196172251			26.155502392344502			118981.38038277514			55.93889958424003			1년	26.155502392344502	118981.38038277514	55.93889958424003	2.4246395806028835	0.8536973848984065			3767.269821212876	4.937444064499182	1년	0.8536973848984065	불리(<1)	1년	8.827751196172251	1.4931064468165305	보통	Y	통과	제외	배당감안점수<1	96885948.0	배당감안점수<1; fs=2025:CFS,2024:CFS,2022:NA,2020:NA
"=""034220"""	LG디스플레이	직접추가	메인	9210.0		453.0	1572058000000.0	611000000.0	8934975000000.0							판정불가	일반	일반	-14724.612	-14724.612	52.8357880794702	52.8357880794702	Y	Y	-108.33026848105922												1년					-2.050319914186193			490.0	5.320304017372422	1년	-2.050319914186193	불리(<1)	1년	-108.33026848105922		판정불가	N	주당순현금<=0	제외	하드필터 미통과	500000000.0	주당순현금 음수(린치식); 주당순현금 음수(보수형); 배당감안점수<1; fs=2025:CFS,2024:CFS,2022:CFS,2020:CFS
"=""066570"""	LG전자	직접추가	메인	214000.0	1350.0	5380.0	8769841000000.0	226864000000.0								판정불가	일반	일반	55233.007286238106	55233.007286238106	29.510593441219683	29.510593441219683	N	N	157.90987535953977	-6.773782148657093	-13.211093618974335	324.31975071907954			1744840.258868648			715.3459153591813			3년				0.6308411214953271	5.372332372672291	-0.2081605386688515	-0.42629615438052204	2290.6763841474362	1.0704095253025403	3년	-0.2081605386688515	불리(<1)	3년	-6.773782148657093		판정불가	Y	통과	보류	배당감안점수 또는 린치PER배수 미산출	162886387.0	1년 점수 과열 가능; 배당감안점수<1; fs=2025:CFS,2024:CFS,2022:CFS,2020:CFS
"=""373220"""	LG에너지솔루션	2차전지	메인	362500.0		-4585.0	3779307000000.0	46724000000.0	2407851000000.0							판정불가	일반	일반	6060.598290598291	6060.598290598291			N	N													판정불가								-28061.529914529914	-7.741111700559975	판정불가		판정불가	판정불가			판정불가	N	주당FCF<=0 / 순현금차감PER<=0	제외	하드필터 미통과	234000000.0	주당FCF 음수; fs=2025:CFS,2024:CFS,2022:CFS,2020:CFS
"=""051900"""	LG생활건강	직접추가	메인	293000.0	2000.0	-5930.0	1086333734803.0	100697817600.0	120239309804.0	55803511595.0						판정불가	일반	일반	69713.77885077163	66067.07660540048			N	N	-152.33430412143676												1년				0.6825938566552902				22989.9067608023	7.846384560000786	판정불가		판정불가	1년	-152.33430412143676		판정불가	N	순현금차감PER<=0	제외	하드필터 미통과	15302459.0	단기위험부채 존재; fs=2025:CFS,2024:CFS,2022:CFS,2020:CFS
"=""011070"""	LG이노텍	직접추가	메인	586000.0	1880.0	14421.0	1406403000000.0	72896000000.0								판정불가	일반	일반	62504.42861478592	62504.42861478592	36.300920281895436	36.300920281895436	N	N	-24.040031603897816	-29.57093933979966	0.6187699510769251			9.73753990215385			140425.0629289607			-76.03667868106473	3년				0.32081911262798635	-0.6534052665077873	-0.8057680080843502	0.025883340047814656	24374.504243378797	4.159471713887167	3년	-0.8057680080843502	불리(<1)	3년	-29.57093933979966		판정불가	Y	통과	보류	배당감안점수 또는 린치PER배수 미산출	23667107.0	1년 점수 과열 가능; 배당감안점수<1; fs=2025:CFS,2024:CFS,2022:CFS,2020:CFS
"=""032640"""	LG유플러스	통신	보정필요	15090.0	660.0	1221.0	794318000000.0	96103000000.0	6032435000000.0	0.0						판정불가	통신보정	보정주의	-11962.94739559469	-11962.94739559469	22.156386073378123	22.156386073378123	Y	Y	40.18369690011481	-7.505357255026945	16.093370483592317	88.86739380022962		40.68674096718463	108507.08783008037		49678.510720932434	619.0661884034486		229.21478277622555	3년				4.3737574552683895	2.0110434169099873	-0.14134073081175055	0.9237575058981693	2279.814694868141	15.108115936833274	3년	-0.14134073081175055	불리(<1)	3년	-7.505357255026945		판정불가	N	주당순현금<=0	제외	하드필터 미통과	429828355.0	린치식 단독판정 비중 낮춤; 주당순현금 음수(린치식); 주당순현금 음수(보수형); 1년 점수 과열 가능; 배당감안점수<1; fs=2025:CFS,2024:CFS,2022:CFS,2020:CFS
"=""079550"""	LIG넥스원	우주항공/방산	메인	659000.0	2950.0	11604.0	125190009682.0	74459447021.0	923361958512.0	603656788627.0						판정불가	일반	일반	-32896.0228095	-60334.96774709091	59.62564829451051	61.99025919916329	Y	Y	14.066647006782663	27.179527397785485	34.219216690902975	36.633294013565326	62.85905479557097	76.93843338180595	425092.74373341206	729416.4718478055	892793.5809624762	-35.49427257459604	10.685352328953801	35.477022907811254	3년	62.85905479557097	729416.4718478055	10.685352328953801	0.4476479514415782	0.2434236838236694	0.4633438149429829	0.5814085990497514	-39377.47379822727	-5.97533745041385	3년	0.4633438149429829	불리(<1)	3년	27.179527397785485	2.1937706061573627	매우 불리	N	주당순현금<=0 / 주당FCF<=0	제외	하드필터 미통과	22000000.0	주당순현금 음수(린치식); 주당순현금 음수(보수형); 단기위험부채 존재; 주당FCF 음수; 배당감안점수<1; PER>연성장률의 2배; fs=2025:CFS,2024:CFS,2022:CFS,2020:CFS
"=""004990"""	롯데지주	직접추가	메인	24850.0	1250.0	-8978.0	1391291862106.0	1039362449959.0	5672138060606.0	3773429305995.0						판정불가	일반	일반	-30897.982305800204	-66866.49579327319			Y	Y	-37.605115018416846												1년				5.030181086519115				-1991.5043153635747	-8.014101872690443	판정불가		판정불가	1년	-37.605115018416846		판정불가	N	주당순현금<=0 / 주당FCF<=0 / 순현금차감PER<=0	제외	하드필터 미통과	104909237.0	주당순현금 음수(린치식); 주당순현금 음수(보수형); 단기위험부채 존재; 주당FCF 음수; fs=2025:CFS,2024:CFS,2022:CFS,2020:CFS
"=""011170"""	롯데케미칼	석유화학	watchlist	58800.0	1000.0		1870312010924.0	824440281077.0	9399387662619.0							판정불가	일반	일반	-156740.37864171478	-156740.37864171478			Y	Y													판정불가				1.7006802721088436				-26783.67225319289	-45.550463015634165	판정불가		판정불가	판정불가			판정불가	N	주당순현금<=0 / 주당FCF<=0 / 순현금차감PER<=0	제외	하드필터 미통과	42775419.0	린치식 단독판정 비중 낮춤; 주당순현금 음수(린치식); 주당순현금 음수(보수형); 주당FCF 음수; EPS 미추출; fs=2025:CFS,2024:CFS,2022:CFS,2020:CFS
"=""005300"""	롯데칠성음료	직접추가	메인	98700.0	3400.0	4697.0	213358325740.0	11845742299.0	168590223949.0	1587240348429.0						판정불가	일반	일반	5630.868480357551	-152237.61390908112	19.81459048746912	53.42508279946372	N	Y	-20.09186798230691	-28.321091651421646											3년				3.4447821681864235	-0.840142814187768	-1.2554541310842215		12123.245426933277	12.282923431543342	3년	-1.2554541310842215	불리(<1)	3년	-28.321091651421646		판정불가	Y	통과	보류	배당감안점수 또는 린치PER배수 미산출	10054194.0	주당순현금 음수(보수형); 단기위험부채 존재; 1년 점수 과열 가능; 배당감안점수<1; fs=2025:CFS,2024:CFS,2022:CFS,2020:CFS
"=""004000"""	롯데정밀화학	직접추가	메인	45800.0	1500.0	4165.0	172038879703.0	562065025.0	45301437028.0	842860000.0						판정불가	일반	일반	4934.089445736434	4901.420453488372	9.811743230315383	9.819586925933162	N	N		-10.129293888244783	-11.804095268565707										3년				3.2751091703056767		-0.6985695158391125	-0.869263075689546	1136.2980498449613	2.4810001088317932	3년	-0.6985695158391125	불리(<1)	3년	-10.129293888244783		판정불가	Y	통과	보류	배당감안점수 또는 린치PER배수 미산출	25800000.0	단기위험부채 존재; 배당감안점수<1; fs=2025:CFS,2024:CFS,2022:CFS,2020:CFS
"=""023530"""	롯데쇼핑	직접추가	메인	112300.0	4000.0	1824.0	571525104252.0		9833740433980.0							판정불가	일반	일반	-327416.85979916755	-327416.85979916755	241.0728398021752	241.0728398021752	Y	Y	-105.26042567918326												1년				3.561887800534283	-0.42185813201563055			36267.714863697605	32.295382781565095	1년	-0.42185813201563055	불리(<1)	1년	-105.26042567918326		판정불가	N	주당순현금<=0	제외	하드필터 미통과	28288755.0	주당순현금 음수(린치식); 주당순현금 음수(보수형); 배당감안점수<1; fs=2025:CFS,2024:CFS,2022:CFS,2020:CFS
"=""280360"""	롯데웰푸드	직접추가	메인	138600.0	3300.0	8176.0	465769787384.0	60447985569.0	1114724963974.0							판정불가	일반	일반	-63249.23537832038	-63249.23537832038	24.68801802572412	24.68801802572412	Y	Y	-14.575279490126425		5.046315298946524			18.59263059789305			152013.34776837355			9.677740092621612	5년	18.59263059789305	152013.34776837355	9.677740092621612	2.380952380952381	-0.4939370627673695		0.3008450363313868	-12931.762180407184	-9.330275743439527	5년	0.3008450363313868	불리(<1)	5년	5.046315298946524	4.892286066801657	매우 불리	N	주당순현금<=0 / 주당FCF<=0	제외	하드필터 미통과	9304574.0	주당순현금 음수(린치식); 주당순현금 음수(보수형); 주당FCF 음수; 배당감안점수<1; PER>연성장률의 2배; fs=2025:CFS,2024:CFS,2022:CFS,2020:CFS
"=""006260"""	LS	직접추가	메인	316500.0	2500.0	9903.0	2086611000000.0	856757000000.0	2796384000000.0	5804770000000.0						판정불가	일반	일반	4636.719242902208	-178479.05362776027	31.49179852136704	49.982737920605906	N	Y	14.129307364296405	-15.509731147342876	16.589235636822398	36.75861472859281		41.678471273644796	364020.5616572546		412741.90102290444	15.01439546832688		30.40818357753694	3년				0.7898894154818324	0.47374864187752347	-0.4674182619920453	0.5518619408323907	-31030.6309148265	-9.804306766137914	3년	-0.4674182619920453	불리(<1)	3년	-15.509731147342876		판정불가	N	주당FCF<=0	제외	하드필터 미통과	31700000.0	주당순현금 음수(보수형); 단기위험부채 존재; 주당FCF 음수; 1년 점수 과열 가능; 배당감안점수<1; fs=2025:CFS,2024:CFS,2022:CFS,2020:CFS
"=""010120"""	LS ELECTRIC	전력설비	메인	207000.0	3000.0	9647.0	762716704001.0	205184236697.0	773010797653.0	302192853551.0						판정불가	일반	일반	6496.3381015	-3576.7570168666666	20.784042904374417	21.828211570111606	N	Y	19.423124535776193	45.94979891928113	27.235637161019888	47.346249071552386	100.39959783856226	62.971274322039775	456749.26479326584	968554.9203486101	607483.8833847177	120.65181874070814	367.9009277046425	193.47047506508105	3년	100.39959783856226	968554.9203486101	367.9009277046425	1.4492753623188406	1.0042511937704872	2.280551214202117	1.3801411330469018	3012.7272868333334	1.4554238100644121	3년	2.280551214202117	안심(>=2)	3년	45.94979891928113	0.45232064977879943	매우 유망	Y	통과	매우 유망	배당감안점수>=2 & 린치PER배수<=0.5	30000000.0	주당순현금 음수(보수형); 단기위험부채 존재; fs=2025:CFS,2024:CFS,2022:CFS,2020:CFS
"=""138040"""	메리츠금융지주	직접추가	메인	133700.0	1350.0	12903.0		57255930460341.0								판정불가	일반	일반	326762.6475868441	326762.6475868441	-14.962617033778509	-14.962617033778509	N	N	5.253283302063783			19.006566604127563			245241.72889305794			83.42687276967683			1년	19.006566604127563	245241.72889305794	83.42687276967683	1.0097232610321616	-0.4185769473987765					1년	-0.4185769473987765	불리(<1)	1년	5.253283302063783		판정불가	N	주당FCF<=0 / 순현금차감PER<=0	제외	하드필터 미통과	175221773.0	배당감안점수<1; fs=2025:CFS,2024:CFS,2022:NA,2020:NA
"=""006800"""	미래에셋증권	금융/증권	보정필요	34700.0	0.0	2680.0	1698057000000.0	128930885000000.0	9756730000000.0							판정불가	금융보정	보정주의	213146.27533903014	213146.27533903014	-66.58443109665303	-66.58443109665303	N	N	73.46278317152104			155.42556634304208			416540.51779935276			1100.4049504304114			1년	155.42556634304208	416540.51779935276	1100.4049504304114	0.0	-1.1033027084797569			-12193.31326010751	-35.1392312971398	1년	-1.1033027084797569	불리(<1)	1년	73.46278317152104		판정불가	N	주당FCF<=0 / 순현금차감PER<=0	제외	하드필터 미통과	567085734.0	린치식 단독판정 비중 낮춤; 주당FCF 음수; 배당감안점수<1; fs=2025:CFS,2024:CFS,2022:NA,2020:NA
"=""081660"""	미스토홀딩스	직접추가	메인	40600.0	1980.0	4061.0	625567094487.0	7474935386.0	1662319967352.0							판정불가	일반	일반	-19386.744506858304	-19386.744506858304	14.771421942097588	14.771421942097588	Y	Y	186.591390261115	-10.790250426997183	11.983680556282028	381.68278052223		32.467361112564056	1550013.7717007762		131849.95347812262	3717.7679105930442		224.75357999537593	3년				4.876847290640394	12.962072189278098	-0.4003272778705194	1.1414288964876849	5893.732083819284	14.516581487239616	3년	-0.4003272778705194	불리(<1)	3년	-10.790250426997183		판정불가	N	주당순현금<=0	제외	하드필터 미통과	53091840.0	주당순현금 음수(린치식); 주당순현금 음수(보수형); 1년 점수 과열 가능; 배당감안점수<1; fs=2025:CFS,2024:CFS,2022:CFS,2020:CFS
"=""002840"""	미원상사	직접추가	메인	131800.0	2400.0	9449.0	26488253934.0	2869800000.0		56542234.0						판정불가	일반	일반	6180.642933473684	6168.739305263158	13.294460479048187	13.295720255554752	N	N	-12.428174235403155	-13.799130124356108	-1.8410746860862304			4.817850627827539			45523.87058234242			-65.45988574936084	3년				1.8209408194233687	-0.7978686636209557	-0.9009910047730131	-0.0015144553398456627	4071.338190526316	3.0890274586694355	3년	-0.9009910047730131	불리(<1)	3년	-13.799130124356108		판정불가	Y	통과	보류	배당감안점수 또는 린치PER배수 미산출	4750000.0	단기위험부채 존재; 1년 점수 과열 가능; 배당감안점수<1; fs=2025:CFS,2024:CFS,2022:CFS,2020:CFS
"=""268280"""	미원에스씨	직접추가	메인	133100.0	3200.0	12662.0	58959811112.0			34836825379.0						판정불가	일반	일반	11791.9622224	4824.5971466	9.580480001389985	10.13073786553467	N	N	13.418129702615555	-0.7008484463701614	13.343223272870098	35.33625940523111	7.098303107259677	35.186446545740196	447427.71658903634	89878.71394412204	445530.7861621624	236.15906580693942	-32.4727919277821	234.73387390094845	3년	7.098303107259677	89878.71394412204	-32.4727919277821	2.404207362885049	1.6515181977526199	0.17779473640858867	1.6436995467315239	6279.6343486	4.717982230353117	3년	0.17779473640858867	불리(<1)	3년	-0.7008484463701614		판정불가	Y	통과	보류	배당감안점수 또는 린치PER배수 미산출	5000000.0	단기위험부채 존재; 1년 점수 과열 가능; 배당감안점수<1; fs=2025:CFS,2024:CFS,2022:CFS,2020:CFS
"=""035420"""	NAVER	직접추가	메인	218000.0	2630.0	13009.0	5984018799741.0	5235312755210.0	1256361590806.0	132159574017.0						판정불가	일반	일반	63518.0261625246	62675.45458896267	11.875007597622831	11.93977595595644	N	N	2.416942213824602		10.610774201816863	13.333884427649204		29.721548403633726	173460.5025192885		386647.62318287115	-20.430962147115363		77.36129503801428	5년	29.721548403633726	386647.62318287115	77.36129503801428	1.2064220183486238	0.3051252138060577		0.9951316765920287	11325.425174978569	5.195149162834206	5년	0.9951316765920287	불리(<1)	5년	10.610774201816863	1.1191461972293686	보통	Y	통과	제외	배당감안점수<1	156852638.0	단기위험부채 존재; 배당감안점수<1; fs=2025:CFS,2024:CFS,2022:CFS,2020:CFS
"=""036570"""	NC	직접추가	메인	223000.0	1150.0	17876.0	503522487163.0	1499844872739.0	177813001472.0							판정불가	일반	일반	84736.00511687186	84736.00511687186	7.73461595900247	7.73461595900247	N	N	278.087986463621	-5.903415055311056	-8.909537463398499	564.675972927242			10094147.692047378			4426.523628720797			3년				0.515695067264574	36.0203639078697	-0.6965723982424247	-1.0852306618228624	2177.512866910366	0.9764631690181014	3년	-0.6965723982424247	불리(<1)	3년	-5.903415055311056		판정불가	Y	통과	보류	배당감안점수 또는 린치PER배수 미산출	21544022.0	1년 점수 과열 가능; 배당감안점수<1; fs=2025:CFS,2024:CFS,2022:CFS,2020:CFS
"=""251270"""	넷마블	직접추가	메인	36300.0	876.0		688942929318.0	236601481356.0	377828444422.0	732523334222.0						판정불가	일반	일반	6372.235610039484	-2150.0853795346234			N	Y													판정불가				2.4132231404958677				3193.167304922608	8.796604145792308	판정불가		판정불가	판정불가			판정불가	N	순현금차감PER<=0	제외	하드필터 미통과	85953502.0	주당순현금 음수(보수형); 단기위험부채 존재; EPS 미추출; fs=2025:CFS,2024:CFS,2022:CFS,2020:CFS
"=""005940"""	NH투자증권	직접추가	메인	26900.0	1300.0	2932.0	2630830000000.0	68236691000000.0	4707188000000.0							판정불가	일반	일반	185664.03388290948	185664.03388290948	-54.1487155125885	-54.1487155125885	N	N	45.43650793650793			99.37301587301586			291361.6825396825			983.1289313742843			1년	99.37301587301586	291361.6825396825	983.1289313742843	4.83271375464684	-0.9283548319713728			-15292.555387622808	-56.849648281125674	1년	-0.9283548319713728	불리(<1)	1년	45.43650793650793		판정불가	N	주당FCF<=0 / 순현금차감PER<=0	제외	하드필터 미통과	356344369.0	주당FCF 음수; 배당감안점수<1; fs=2025:CFS,2024:CFS,2022:NA,2020:NA
"=""004370"""	농심	필수소비재	메인	415000.0	6000.0	29342.0	253539960716.0	745596630000.0	125972160319.0	27652497602.0						판정불가	일반	일반	143550.1925638563	139004.05987973648	9.251237387913015	9.40617340741134	N	N	7.867068597897209	13.475331168715332	2.7004092516118794	24.234137195794418	35.450662337430664	13.900818503223759	711078.0535989997	1040193.3343048906	407877.8165215915	71.3441093009638	150.6489962180459	-1.716188789977946	3년	35.450662337430664	1040193.3343048906	150.6489962180459	1.4457831325301205	1.0066601190663225	1.6128776806376497	0.4481770611095884	33019.471789396775	7.95649922636067	3년	1.6128776806376497	양호(>=1.5)	3년	13.475331168715332	0.6865313566015299	헐값	Y	통과	양호	배당감안점수>=1.5 & 린치PER배수<1	6082642.0	단기위험부채 존재; fs=2025:CFS,2024:CFS,2022:CFS,2020:CFS
"=""010060"""	OCI홀딩스	직접추가	메인	222000.0	1000.0	-4809.0	1034744959000.0									판정불가	일반	일반	55422.18002432964	55422.18002432964			N	N	-194.72129210163482												1년				0.45045045045045046				9707.740268037376	4.372855976593413	판정불가		판정불가	1년	-194.72129210163482		판정불가	N	순현금차감PER<=0	제외	하드필터 미통과	18670232.0	fs=2025:CFS,2024:CFS,2022:CFS,2020:CFS
"=""271560"""	오리온	필수소비재	메인	123000.0	3500.0	9682.0	311390944459.0	31192701875.0	22097727513.0							판정불가	일반	일반	8106.152590268567	8106.152590268567	11.866747305281082	11.866747305281082	N	N	-27.04393037450079	-0.8262042047842644	7.4207333275822185		6.847591590431471	23.34146665516444		66298.38177855751	225992.0801553021		-46.098876602798775	83.73339850024561	3년	6.847591590431471	66298.38177855751	-46.098876602798775	2.8455284552845526	-2.039177315964854	0.17016661757022702	0.8651285410196571	9890.016867456836	8.040664119883607	3년	0.17016661757022702	불리(<1)	3년	-0.8262042047842644		판정불가	Y	통과	보류	배당감안점수 또는 린치PER배수 미산출	39536132.0	배당감안점수<1; fs=2025:CFS,2024:CFS,2022:CFS,2020:CFS
"=""001800"""	오리온홀딩스	직접추가	메인	25550.0	1100.0	2011.0	353427526408.0	40225597539.0	23781543774.0							판정불가	일반	일반	5904.20765579646	5904.20765579646	9.769165760419462	9.769165760419462	N	N	-24.681647940074903	5.512222260013111	9.302936730683564		19.524444520026222	27.10587346136713		39263.65792977273	54509.911530809295		53.673807944315975	113.34603338868607	3년	19.524444520026222	39263.65792977273	53.673807944315975	4.305283757338552	-2.0857834417441032	1.0049482482043712	1.3929767210171502	5198.228152968624	20.345315667196182	3년	1.0049482482043712	보통(1~1.5)	3년	5.512222260013111	1.772273558576759	보통	Y	통과	보류	중간구간(보류)	62645422.0	fs=2025:CFS,2024:CFS,2022:CFS,2020:CFS
"=""007310"""	오뚜기	직접추가	메인	332000.0	9000.0	20279.0	412685029869.0	273077178893.0	186473980697.0	509239504017.0						판정불가	일반	일반	124578.19519914767	-2482.958596547259	10.228404004184245	16.49405585070996	N	Y	-49.363264083100276	-36.84393156790511	-8.312202484315046										3년				2.710843373493976	-4.561065508413794	-3.337088384507293	-0.5476278712230824	8412.798855490377	2.5339755588826436	3년	-3.337088384507293	불리(<1)	3년	-36.84393156790511		판정불가	Y	통과	보류	배당감안점수 또는 린치PER배수 미산출	4007830.0	주당순현금 음수(보수형); 단기위험부채 존재; 1년 점수 과열 가능; 배당감안점수<1; fs=2025:CFS,2024:CFS,2022:CFS,2020:CFS
"=""028670"""	팬오션	직접추가	메인	6060.0	150.0	564.0	839667000000.0									판정불가	일반	일반	1570.7349206252525	1570.7349206252525	7.959689857047424	7.959689857047424	N	N	12.350597609561742	-23.645583428215545	26.662075505745552	33.201195219123484		61.824151011491104	18725.474103585646		34868.82117048098	209.0012228314463		475.39308862179837	3년				2.4752475247524752	1.8626159310953019	-2.6596935664169226	3.6606103445978055	898.78863125288	14.831495565229044	3년	-2.6596935664169226	불리(<1)	3년	-23.645583428215545		판정불가	Y	통과	보류	배당감안점수 또는 린치PER배수 미산출	534569512.0	1년 점수 과열 가능; 배당감안점수<1; fs=2025:CFS,2024:CFS,2022:CFS,2020:CFS
"=""034230"""	파라다이스	직접추가	메인	10030.0	150.0	1087.0	341761126505.0	5000000000.0	796472209722.0	137240950000.0						판정불가	일반	일반	-4866.710272452332	-6351.912585875921	13.7044252736452	15.0707567487359	Y	Y	24.22857142857142	54.2810589168254		56.95714285714284	117.0621178336508		61912.414285714265	127246.52208517843		517.2723258795041	1168.6592431224171		3년	117.0621178336508	127246.52208517843	1168.6592431224171	1.4955134596211366	1.8770641142946876	4.069968003963634		1428.3554813839717	14.24083231688905	3년	4.069968003963634	안심(>=2)	3년	54.2810589168254	0.25247159040586187	매우 유망	N	주당순현금<=0	제외	하드필터 미통과	92405559.0	주당순현금 음수(린치식); 주당순현금 음수(보수형); 단기위험부채 존재; fs=2025:CFS,2024:CFS,2022:CFS,2020:CFS
"=""103140"""	풍산	직접추가	메인	76500.0	1700.0	5388.0	239069532140.0	18564061989.0	421550501295.0	535368466545.0						판정불가	일반	일반	-5849.103665257674	-24952.841736404414	15.283798007657326	18.82940640987461	Y	Y	-37.65332099051145	-5.551366378147627	15.984603902585516			40.46920780517103			218048.09165426152			185.0301851689693	3년				2.2222222222222223	-2.3182129697433793	-0.217821784497379	1.1912501143816443			3년	-0.217821784497379	불리(<1)	3년	-5.551366378147627		판정불가	N	주당순현금<=0 / 주당FCF<=0	제외	하드필터 미통과	28024278.0	주당순현금 음수(린치식); 주당순현금 음수(보수형); 단기위험부채 존재; 배당감안점수<1; fs=2025:CFS,2024:CFS,2022:CFS,2020:CFS
"=""005490"""	POSCO홀딩스	철강	watchlist	335500.0	10000.0	8697.0	7049800440769.0		16374578210992.0							판정불가	일반	일반	-115216.08368150219	-115216.08368150219	51.824316854260346	51.824316854260346	Y	Y	-39.817313680714136	-40.58072367872994	-15.48101970257214										3년				2.9806259314456036	-0.7107992924028343	-0.7255300219976432	-0.24120711144692902	-20625.34356158169	-6.147643386462501	3년	-0.7255300219976432	불리(<1)	3년	-40.58072367872994		판정불가	N	주당순현금<=0 / 주당FCF<=0	제외	하드필터 미통과	80932952.0	린치식 단독판정 비중 낮춤; 주당순현금 음수(린치식); 주당순현금 음수(보수형); 주당FCF 음수; 1년 점수 과열 가능; 배당감안점수<1; fs=2025:CFS,2024:CFS,2022:CFS,2020:CFS
"=""022100"""	포스코DX	직접추가	메인	22050.0	125.0	343.0	246949912811.0	5459116668.0	1166279518.0							판정불가	일반	일반	1652.5352570003922	1652.5352570003922	59.46782723906591	59.46782723906591	N	N	-40.86206896551724		43.180492810132876			94.86098562026575			32537.318067751152			47.56153318708005	5년	94.86098562026575	32537.318067751152	47.56153318708005	0.5668934240362812	-0.6775962299663446		0.7356479674009411	902.5027073978604	4.092982799990297	5년	0.7356479674009411	불리(<1)	5년	43.180492810132876	1.377191953332941	보통	Y	통과	제외	배당감안점수<1	152034729.0	배당감안점수<1; fs=2025:CFS,2024:CFS,2022:CFS,2020:CFS
"=""003670"""	포스코퓨처엠	2차전지	메인	182600.0	250.0	51.0	319841457995.0	455490703002.0	75416813902.0	2985898850806.0						판정불가	일반	일반	7868.972364368042	-25700.738083203534	3426.098581090823	4084.328197709873	N	Y	-101.85319767441861	-67.79595834778358	-36.26680545246004										3년				0.13691128148959475	-0.02968866306250416	-0.019748132012229573	-0.010545491706040515	-17346.109652439416	-9.499512405498036	3년	-0.019748132012229573	불리(<1)	3년	-67.79595834778358		판정불가	N	주당FCF<=0	제외	하드필터 미통과	88946220.0	주당순현금 음수(보수형); 단기위험부채 존재; 주당FCF 음수; 1년 점수 과열 가능; 배당감안점수<1; fs=2025:CFS,2024:CFS,2022:CFS,2020:CFS
"=""047050"""	포스코인터내셔널	에너지/상사	watchlist	54700.0	1850.0	3603.0	1171465925000.0	32399478000.0	3152207468000.0	2325933168000.0						판정불가	일반	일반	-11074.984015146463	-24296.313636184528	18.25561587986302	21.925149496581884	Y	Y	19.344153693275913	-8.992163844445855	13.250872999134566	47.18830738655183		35.00174599826913	170019.47151374622		126111.29083176368	210.8217029501759		130.55080590816027	3년				3.3820840950639854	1.2448902265416435	-0.30730706574353955	0.9111145416104887	5016.375456714567	9.17070467406685	3년	-0.30730706574353955	불리(<1)	3년	-8.992163844445855		판정불가	N	주당순현금<=0	제외	하드필터 미통과	175922788.0	린치식 단독판정 비중 낮춤; 주당순현금 음수(린치식); 주당순현금 음수(보수형); 단기위험부채 존재; 1년 점수 과열 가능; 배당감안점수<1; fs=2025:CFS,2024:CFS,2022:CFS,2020:CFS
"=""012750"""	에스원	직접추가	메인	79100.0	3200.0	5281.0	217937111676.0	27694386215.0	36737106943.0							판정불가	일반	일반	5497.339730559434	5497.339730559434	13.9372581460785	13.9372581460785	N	N	1.033097378993686	5.738563246263584	4.672200779142521	10.566194757987372	19.97712649252717	17.844401558285043	55800.07451693131	105499.20500703598	94236.2846293033	-29.456290117659535	33.374469035443724	19.135631642608473	3년	19.97712649252717	105499.20500703598	33.374469035443724	4.0455120101137805	0.36439085334273047	0.7020086127292038	0.6254969734997115	4591.768535203577	5.805017111508947	3년	0.7020086127292038	불리(<1)	3년	5.738563246263584	2.4287016711287692	매우 불리	Y	통과	제외	배당감안점수<1	37999178.0	배당감안점수<1; PER>연성장률의 2배; fs=2025:CFS,2024:CFS,2022:CFS,2020:CFS
"=""062040"""	산일전기	직접추가	메인	198900.0	1250.0	4901.0	108606384509.0	126933410833.0	741366607.0	520000000.0						판정불가	일반	일반	7712.165751415659	7695.085883324793	39.00996413968259	39.01344911582844	N	N	60.1110748121529			128.7221496243058			630867.2553087228			217.17810724420454			1년	128.7221496243058	630867.2553087228	217.17810724420454	0.628456510809452	1.5570260742991948			3251.520036754562	1.6347511497006344	1년	1.5570260742991948	양호(>=1.5)	1년	60.1110748121529	0.6489646751715673	헐값	Y	통과	양호	배당감안점수>=1.5 & 린치PER배수<1	30445200.0	단기위험부채 존재; fs=2025:CFS,2024:OFS,2022:NA,2020:NA
"=""207940"""	삼성바이오로직스	헬스케어	메인	1466000.0		24091.0	148851266520.0	1307174500000.0	918724421281.0							판정불가	일반	일반	11607.049188490424	11607.049188490424	60.37080033255197	60.37080033255197	N	N	58.274751987385855	28.169383318294948	45.91602063406175	125.04950397477171	64.8387666365899	100.3320412681235	3012567.600256225	1562030.7270420871	2417099.2061903635	105.49574353725957	6.550527083362012	64.87716276878332	3년	64.8387666365899	1562030.7270420871	6.550527083362012		0.965280428060916	0.46660609372617506	0.7605667041207635	16692.97982791496	1.1386752952193016	3년	0.46660609372617506	불리(<1)	3년	28.169383318294948	2.143135320017582	매우 불리	Y	통과	제외	배당감안점수<1	46290951.0	배당감안점수<1; PER>연성장률의 2배; fs=2025:CFS,2024:CFS,2022:CFS,2020:CFS
"=""028260"""	삼성물산	직접추가	메인	384000.0	2800.0	14955.0	3458217651048.0	2068618122746.0	1611322967337.0	981336899188.0						판정불가	일반	일반	23035.606644979205	17262.240061011005	24.136702999332716	24.522752252690672	N	N	9.328167263688858	6.272963576271873	18.957826688295864	27.156334527377716	21.045927152543747	46.41565337659173	406122.9828569337	314741.84056629176	694146.0962469293	5.761193452326485	-18.035979019194848	80.7672125643045	3년	21.045927152543747	314741.84056629176	-18.035979019194848	0.7291666666666666	0.4166821761295886	0.2901030121277177	0.8156455069901966	6578.623290328812	1.7131831485231281	3년	0.2901030121277177	불리(<1)	3년	6.272963576271873	3.8477352380352197	매우 불리	Y	통과	제외	배당감안점수<1	169976544.0	단기위험부채 존재; 배당감안점수<1; PER>연성장률의 2배; fs=2025:CFS,2024:CFS,2022:CFS,2020:CFS
"=""029780"""	삼성카드	직접추가	메인	46650.0	2800.0	6053.0		29504306000000.0	18053189000000.0							판정불가	일반	일반	98836.75651616586	98836.75651616586	-8.62163497706358	-8.62163497706358	N	N	-2.8098908156711677			2.8802183686576646			17433.961785484844			-62.628163375166466			1년	2.8802183686576646	17433.961785484844	-62.628163375166466	6.002143622722401	-0.3702607238120946					1년	-0.3702607238120946	불리(<1)	1년	-2.8098908156711677		판정불가	N	주당FCF<=0 / 순현금차감PER<=0	제외	하드필터 미통과	115858891.0	배당감안점수<1; fs=2025:CFS,2024:CFS,2022:NA,2020:NA
"=""028050"""	삼성E&A	직접추가	메인	48000.0	790.0	3150.0	861796626374.0	2074000285556.0		0.0						판정불가	일반	일반	14978.555673112245	14978.555673112245	10.482998199011984	10.482998199011984	N	N	-18.4360435007768												1년				1.6458333333333333	-1.6016610752662284			805.8218167704082	1.6787954516050172	1년	-1.6016610752662284	불리(<1)	1년	-18.4360435007768		판정불가	Y	통과	보류	배당감안점수 또는 린치PER배수 미산출	196000000.0	배당감안점수<1; fs=2025:CFS,2024:CFS,2022:CFS,2020:CFS
"=""009150"""	삼성전기	직접추가	메인	1454000.0	2350.0	9395.0	2701205916236.0		249136193271.0	2003354614634.0						판정불가	일반	일반	32828.335646491505	6007.402663954398	151.26893713182633	154.12374639021243	N	N	4.528259902091669	-10.207342192334501	3.285033400534343	17.55651980418334		15.070066801068686	164943.50356030246		141583.2775960403	-88.65588008526117		-90.2624981020605	3년				0.16162310866574967	0.03100360919882928	-0.0664096626455054	0.02278495885904477			3년	-0.0664096626455054	불리(<1)	3년	-10.207342192334501		판정불가	N	주당FCF<=0	제외	하드필터 미통과	74693696.0	단기위험부채 존재; 1년 점수 과열 가능; 배당감안점수<1; fs=2025:CFS,2024:CFS,2022:CFS,2020:CFS
"=""005930"""	삼성전자	반도체	메인	270000.0	1668.0	6605.0	57856378000000.0	67965021000000.0	6486651000000.0	17574980000000.0						판정불가	일반	일반	20159.129590764183	17190.201384077154	37.82602125802208	38.275518337005735	N	N	33.43434343434344	-6.409201466872028	11.451444833603809	75.36868686868688		31.402889667207617	497810.17676767684		207416.08625190632	84.37413954358402		-23.179227314108775	3년				0.6177777777777778	0.9002300553854709	-0.15310686919962577	0.3190719565521834	5602.031650745953	2.074826537313316	3년	-0.15310686919962577	불리(<1)	3년	-6.409201466872028		판정불가	Y	통과	보류	배당감안점수 또는 린치PER배수 미산출	5919637922.0	단기위험부채 존재; 1년 점수 과열 가능; 배당감안점수<1; fs=2025:CFS,2024:CFS,2022:CFS,2020:CFS
"=""000810"""	삼성화재해상보험	직접추가	메인	656000.0	19500.0	47478.0		11734007737216.0								판정불가	일반	일반	255025.28109142228	255025.28109142228	8.44548462253207	8.44548462253207	N	N	-2.667131347506102			3.165737304987796			150302.87576621058			-77.08797625515082			1년	3.165737304987796	150302.87576621058	-77.08797625515082	2.972560975609756	0.03616484331624799			72732.0784920961	11.087207087209771	1년	0.03616484331624799	불리(<1)	1년	-2.667131347506102		판정불가	Y	통과	보류	배당감안점수 또는 린치PER배수 미산출	46011155.0	배당감안점수<1; fs=2025:CFS,2024:CFS,2022:NA,2020:NA
"=""010140"""	삼성중공업	직접추가	메인	21400.0		639.0	772614649370.0	311797002761.0	592438711867.0	1454489650793.0						판정불가	일반	일반	559.0601593909091	-1093.7689892375	32.61492932802675	35.20151641508216	N	Y	752.0			1512.5			966487.5			4416.296728971963			1년	1512.5	966487.5	4416.296728971963		23.056925631716435			1530.2205002727273	7.150563085386577	1년	23.056925631716435	안심(>=2)	1년	752.0	0.043370916659610036	매우 유망	Y	통과	매우 유망	배당감안점수>=2 & 린치PER배수<=0.5	880000000.0	주당순현금 음수(보수형); 단기위험부채 존재; fs=2025:CFS,2024:CFS,2022:CFS,2020:CFS
"=""032830"""	삼성생명	직접추가	메인	312000.0	5300.0	12824.0	4537833000000.0	132160246000000.0								판정불가	일반	일반	683490.395	683490.395	-28.96837141297567	-28.96837141297567	N	N	9.307875894988072			27.115751789976144			347732.4009546541			11.45269261367119			1년	27.115751789976144	347732.4009546541	11.45269261367119	1.6987179487179487	-0.37995211007187957					1년	-0.37995211007187957	불리(<1)	1년	9.307875894988072		판정불가	N	주당FCF<=0 / 순현금차감PER<=0	제외	하드필터 미통과	200000000.0	배당감안점수<1; fs=2025:CFS,2024:CFS,2022:NA,2020:NA
"=""006400"""	삼성SDI	2차전지	메인	541000.0	1000.0		1803994237947.0		5493341323030.0	5390568184387.0						판정불가	일반	일반	-45781.75616742857	-112674.26384699586			Y	Y													판정불가				0.18484288354898337				-28996.751032548895	-5.359843074408299	판정불가		판정불가	판정불가			판정불가	N	주당순현금<=0 / 주당FCF<=0 / 순현금차감PER<=0	제외	하드필터 미통과	80585530.0	주당순현금 음수(린치식); 주당순현금 음수(보수형); 단기위험부채 존재; 주당FCF 음수; EPS 미추출; fs=2025:CFS,2024:CFS,2022:CFS,2020:CFS
"=""018260"""	삼성에스디에스	직접추가	메인	242500.0	3190.0	9819.0	1558981444019.0	4845117385939.0								판정불가	일반	일반	82764.03348192893	82764.03348192893	16.268048326517068	16.268048326517068	N	N	0.3269643404516298	-11.608687356751402	11.36201067352738	9.15392868090326		31.22402134705476	89882.42571778911		306588.6656067307	-62.9350821782313		26.428315714115747	3년				1.3154639175257732	0.1009603749025155	-0.6327263868799541	0.779286755030642	10905.769354957107	4.497224476270971	3년	-0.6327263868799541	불리(<1)	3년	-11.608687356751402		판정불가	Y	통과	보류	배당감안점수 또는 린치PER배수 미산출	77377800.0	1년 점수 과열 가능; 배당감안점수<1; fs=2025:CFS,2024:CFS,2022:CFS,2020:CFS
"=""016360"""	삼성증권	직접추가	메인	87700.0	4000.0	11279.0	3379830380886.0	70613319064436.0	4076142290150.0							판정불가	일반	일반	782945.2089045016	782945.2089045016	-61.64067815449079	-61.64067815449079	N	N	12.028208184346445			32.556416368692894			367203.82022248715			318.70447003704345			1년	32.556416368692894	367203.82022248715	318.70447003704345	4.561003420752566	-0.2691276621506542					1년	-0.2691276621506542	불리(<1)	1년	12.028208184346445		판정불가	N	주당FCF<=0 / 순현금차감PER<=0	제외	하드필터 미통과	89300000.0	배당감안점수<1; fs=2025:CFS,2024:CFS,2022:NA,2020:NA
"=""003230"""	삼양식품	직접추가	메인	1330000.0	4800.0	52156.0	332840576772.0	3879418399.0	340183053989.0	92341086958.0						판정불가	일반	일반	-459.7174993014085	-12717.901899305922	25.509236089794104	25.744265317495703	Y	Y	43.018536799385764	69.73880446754251	42.35358590359803	94.53707359877153	147.97760893508502	93.20717180719606	4930675.610617528	7717920.171618294	4861313.252776118	270.7274895201149	480.2947497457364	265.5122746448209	3년	147.97760893508502	7717920.171618294	480.2947497457364	0.3609022556390977	1.7005385383680847	2.748012777663207	1.6744714741311524	-20189.147647522273	-1.5179810261294941	3년	2.748012777663207	안심(>=2)	3년	69.73880446754251	0.3657825264507723	매우 유망	N	주당순현금<=0 / 주당FCF<=0	제외	하드필터 미통과	7533015.0	주당순현금 음수(린치식); 주당순현금 음수(보수형); 단기위험부채 존재; 주당FCF 음수; fs=2025:CFS,2024:CFS,2022:CFS,2020:CFS
"=""137310"""	에스디바이오센서	직접추가	메인	6170.0	200.0	-4279.0	366780003956.0	488796710916.0	899239816964.0							판정불가	일반	일반	-358.6318204794644	-358.6318204794644			Y	Y	431.55279503105584			871.6055900621117									1년	871.6055900621117			3.2414910858995136				2464.3043924052927	39.940103604623864	판정불가		판정불가	1년	431.55279503105584		판정불가	N	주당순현금<=0 / 순현금차감PER<=0	제외	하드필터 미통과	121749102.0	주당순현금 음수(린치식); 주당순현금 음수(보수형); fs=2025:CFS,2024:CFS,2022:CFS,2020:NA
"=""001430"""	세아베스틸지주	철강	watchlist	40050.0	1200.0	1567.0	232872225511.0	13022996803.0	1004860666577.0	664568218048.0						판정불가	일반	일반	-21163.42997643279	-39694.63327894818	39.064090603977526	50.89000209250044	Y	Y	177.83687943262413	-15.225348963483798		364.17375886524826			570660.2801418441			1324.8696133379378			3년				2.9962546816479403	4.629139737246553	-0.313052066303335		-2464.44276371399	-6.1534151403595265	3년	-0.313052066303335	불리(<1)	3년	-15.225348963483798		판정불가	N	주당순현금<=0 / 주당FCF<=0	제외	하드필터 미통과	35862119.0	린치식 단독판정 비중 낮춤; 주당순현금 음수(린치식); 주당순현금 음수(보수형); 단기위험부채 존재; 주당FCF 음수; 1년 점수 과열 가능; 배당감안점수<1; fs=2025:CFS,2024:CFS,2022:CFS,2020:CFS
"=""003030"""	세아제강지주	직접추가	메인	105500.0	1800.0	15656.0	657858846224.0	16603582224.0	0.0							판정불가	일반	일반	162848.45134399107	162848.45134399107	-3.6630334276948817	-3.6630334276948817	N	N	47.712048306444	-38.977007618002915	29.936065767104946	103.924096612888		68.3721315342099	1627035.6565713745		1070434.0912995902	1442.2138924847152		914.6294704261518	3년				1.7061611374407581	-13.491061553042734	10.17485841072884	-8.638257752525591	-147158.44666591173	-139.48667930418173	3년	10.17485841072884	안심(>=2)	3년	-38.977007618002915		판정불가	N	주당FCF<=0 / 순현금차감PER<=0	제외	하드필터 미통과	4141657.0	주당FCF 음수; fs=2025:CFS,2024:CFS,2022:CFS,2020:CFS
"=""004490"""	세방전지	직접추가	메인	64300.0	2650.0	10646.0	227178088991.0	123000000000.0	162095437595.0	251228623014.0						판정불가	일반	일반	13434.475099714286	-4510.426544142857	4.777900140924828	6.4635005207723895	N	Y	-17.389617443935744	48.94307252053962	16.711840434713388		106.38614504107925	41.923680869426775		1132586.9001073297	446319.50653591746		1661.4104200736076	594.120538936108	3년	106.38614504107925	1132586.9001073297	1661.4104200736076	4.121306376360809	-2.7770172410942586	11.10621346862831	4.360314405198443	11070.1328675	17.21638082037325	3년	11.10621346862831	안심(>=2)	3년	48.94307252053962	0.09762158145914762	매우 유망	Y	통과	매우 유망	배당감안점수>=2 & 린치PER배수<=0.5	14000000.0	주당순현금 음수(보수형); 단기위험부채 존재; fs=2025:CFS,2024:CFS,2022:CFS,2020:CFS
"=""055550"""	신한지주	직접추가	메인	113900.0	2590.0	9812.0		78053377000000.0	92991422000000.0							판정불가	일반	일반	-30768.6938706553	-30768.6938706553	14.7440576712857	14.7440576712857	Y	Y	16.242151403862092			40.984302807724184			402137.9791493897			253.06231707584698			1년	40.984302807724184	402137.9791493897	253.06231707584698	2.2739244951712028	1.255833116760908					1년	1.255833116760908	보통(1~1.5)	1년	16.242151403862092	0.9077650678579334	헐값	N	주당순현금<=0 / 주당FCF<=0	제외	하드필터 미통과	485494934.0	주당순현금 음수(린치식); 주당순현금 음수(보수형); fs=2025:CFS,2024:CFS,2022:NA,2020:NA
"=""004170"""	신세계	직접추가	메인	396500.0	5200.0	1590.0	845128179533.0	3188808721.0	2404267280398.0	2154639015848.0						판정불가	일반	일반	-161318.93140667863	-384709.14210858254	350.82951660797397	491.32650447080664	Y	Y	-86.49796195652173	-66.22887992742359											3년				1.3114754098360655	-0.24281447972313933	-0.18503974564411557		50780.68871201069	12.807235488527285	3년	-0.18503974564411557	불리(<1)	3년	-66.22887992742359		판정불가	N	주당순현금<=0	제외	하드필터 미통과	9645181.0	주당순현금 음수(린치식); 주당순현금 음수(보수형); 단기위험부채 존재; 1년 점수 과열 가능; 배당감안점수<1; fs=2025:CFS,2024:CFS,2022:CFS,2020:CFS
"=""034730"""	SK	직접추가	메인	611000.0	8000.0	29050.0	25214132000000.0	3449044000000.0	45546013000000.0	11714166000000.0						판정불가	일반	일반	-231053.85910201556	-391370.70990508975	28.986363480275926	34.50501583150051	Y	Y	-223.85418887230867	14.11831256779157	52.31072476454839		36.73662513558314	113.12144952909678		1067198.96018869	3286178.1088202614		74.6643142698347	437.8360243568349	3년	36.73662513558314	1067198.96018869	74.6643142698347	1.309328968903437	-7.67757087069022	0.5322379106710956	1.84983720948432	-54497.63687223273	-8.919416836699302	3년	0.5322379106710956	불리(<1)	3년	14.11831256779157	2.053103962749995	매우 불리	N	주당순현금<=0 / 주당FCF<=0	제외	하드필터 미통과	73068838.0	주당순현금 음수(린치식); 주당순현금 음수(보수형); 단기위험부채 존재; 주당FCF 음수; 배당감안점수<1; PER>연성장률의 2배; fs=2025:CFS,2024:CFS,2022:CFS,2020:CFS
"=""326030"""	에스케이바이오팜	직접추가	메인	85000.0		3409.0	307770519305.0	1711367837.0	0.0	0.0						판정불가	일반	일반	3951.8457878072995	3951.8457878072995	23.774759229155972	23.774759229155972	N	N	10.897852960312292			30.295705920624584			103278.06148340921			21.503601745187307			1년	30.295705920624584	103278.06148340921	21.503601745187307		0.4583791093433158			1874.8221177897738	2.205673079752675	1년	0.4583791093433158	불리(<1)	1년	10.897852960312292	2.181600294639567	매우 불리	Y	통과	제외	배당감안점수<1	78313250.0	배당감안점수<1; PER>연성장률의 2배; fs=2025:CFS,2024:CFS,2022:CFS,2020:CFS
"=""302440"""	SK바이오사이언스	헬스케어	메인	37600.0		-733.0	105552891515.0	800748039267.0	1496569133.0							판정불가	일반	일반	11535.766059068677	11535.766059068677			N	N	5.014326647564471			18.52865329512894									1년	18.52865329512894							-2012.819504379828	-5.353243362712309	판정불가		판정불가	1년	5.014326647564471		판정불가	N	주당FCF<=0 / 순현금차감PER<=0	제외	하드필터 미통과	78434701.0	주당FCF 음수; fs=2025:CFS,2024:CFS,2022:CFS,2020:OFS
"=""285130"""	SK케미칼	직접추가	메인	54800.0	1150.0	2306.0	567555999965.0	950748039267.0	341978345417.0	477883213809.0						판정불가	일반	일반	68000.55528903044	40375.277635757375	-5.724438546847545	6.255300244684573	N	N	92.16666666666666	-38.59552986089414	-34.69934418185778	192.83333333333331			444673.6666666666			711.448296836983			3년				2.0985401459854014	-16.467153248516226	6.375645299748683	5.695022100259191	-13324.604357906223	-24.314971456033252	3년	6.375645299748683	안심(>=2)	3년	-38.59552986089414		판정불가	N	주당FCF<=0 / 순현금차감PER<=0	제외	하드필터 미통과	17298766.0	단기위험부채 존재; 주당FCF 음수; fs=2025:CFS,2024:CFS,2022:CFS,2020:CFS
"=""000660"""	SK하이닉스	반도체	메인	1783000.0	3000.0	62044.0	14923766000000.0	20018487000000.0								판정불가	일반	일반	47997.4443489617	47997.4443489617	27.964066721214596	27.964066721214596	N	N	115.94041486843936	167.48263503477668	54.92375157287208	240.38082973687872	343.46527006955336	118.34750314574416	14914188.200194903	21309959.216195367	7342752.485174551	736.4659674814865	1095.1743811663134	311.8201057304851	3년	343.46527006955336	21309959.216195367	1095.1743811663134	0.16825574873808188	4.152066713855071	5.995225674966956	1.970099981195342	34057.28359137954	1.910111250217585	3년	5.995225674966956	안심(>=2)	3년	167.48263503477668	0.16696696177133852	매우 유망	Y	통과	매우 유망	배당감안점수>=2 & 린치PER배수<=0.5	728002365.0	fs=2025:CFS,2024:CFS,2022:CFS,2020:CFS
"=""361610"""	SK아이이테크놀로지	직접추가	메인	16390.0		-2800.0	408979015000.0	44693499000.0	1097240539000.0	169179804000.0						판정불가	일반	일반	-7868.820694217059	-9937.359669189884			Y	Y	-19.075144508670515												1년								-1892.9730116363094	-11.549560778745024	판정불가		판정불가	1년	-19.075144508670515		판정불가	N	주당순현금<=0 / 주당FCF<=0 / 순현금차감PER<=0	제외	하드필터 미통과	81787100.0	주당순현금 음수(린치식); 주당순현금 음수(보수형); 단기위험부채 존재; 주당FCF 음수; fs=2025:CFS,2024:CFS,2022:CFS,2020:NA
"=""096770"""	SK이노베이션	에너지	메인	137900.0	2000.0		16091551855000.0	253291655000.0	22764517807000.0	7201712771000.0						판정불가	일반	일반	-37974.37695614934	-80574.75554913652			Y	Y													판정불가				1.4503263234227701				-19919.883669709132	-14.445165822849262	판정불가		판정불가	판정불가			판정불가	N	주당순현금<=0 / 주당FCF<=0 / 순현금차감PER<=0	제외	하드필터 미통과	169052788.0	주당순현금 음수(린치식); 주당순현금 음수(보수형); 단기위험부채 존재; 주당FCF 음수; EPS 미추출; fs=2025:CFS,2024:CFS,2022:CFS,2020:CFS
"=""402340"""	SK스퀘어	직접추가	메인	1125000.0		66713.0	1310718000000.0	317762000000.0	86661000000.0	0.0						판정불가	일반	일반	11672.743401201547	11672.743401201547	16.688310473203103	16.688310473203103	N	N	140.21676508713813			288.93353017427626			19275622.59851649			1613.388675423688			1년	288.93353017427626	19275622.59851649	1613.388675423688		8.402094706488604			2638.92507607574	0.2345711178733991	1년	8.402094706488604	안심(>=2)	1년	140.21676508713813	0.11901793956544428	매우 유망	Y	통과	매우 유망	배당감안점수>=2 & 린치PER배수<=0.5	132087115.0	fs=2025:CFS,2024:CFS,2022:NA,2020:NA
"=""017670"""	SK텔레콤	통신	보정필요	93800.0	1660.0	1825.0	1490024000000.0	186643000000.0	8712284000000.0	130000000000.0						판정불가	통신보정	보정주의	-32755.78594880276	-33361.02812917505	69.34563613633028	69.67727568721921	Y	Y	-68.42560553633218	-23.75836950489595	-38.33216341204368										3년				1.7697228144989339	-0.9612123622428222	-0.31708767725727344	-0.527249335858203	7451.904674561442	7.944461273519661	3년	-0.31708767725727344	불리(<1)	3년	-23.75836950489595		판정불가	N	주당순현금<=0	제외	하드필터 미통과	214790053.0	린치식 단독판정 비중 낮춤; 주당순현금 음수(린치식); 주당순현금 음수(보수형); 단기위험부채 존재; 배당감안점수<1; fs=2025:CFS,2024:CFS,2022:CFS,2020:CFS
"=""011790"""	SKC	석유화학	watchlist	88000.0		-25549.0	783286752410.0	262260000000.0	1840079753358.0	1176505206999.0						판정불가	일반	일반	-20981.481685498515	-52049.822993021764			Y	Y	53.32773210106223			115.15546420212446									1년	115.15546420212446							-22628.561644175294	-25.71427459565374	판정불가		판정불가	1년	53.32773210106223		판정불가	N	주당순현금<=0 / 주당FCF<=0 / 순현금차감PER<=0	제외	하드필터 미통과	37868298.0	린치식 단독판정 비중 낮춤; 주당순현금 음수(린치식); 주당순현금 음수(보수형); 단기위험부채 존재; 주당FCF 음수; fs=2025:CFS,2024:CFS,2022:CFS,2020:CFS
"=""005850"""	에스엘	직접추가	메인	51900.0	2770.0	6749.0	477732627030.0	395471183250.0	5459184760.0							판정불가	일반	일반	18681.85736639187	18681.85736639187	4.9219354917184965	4.9219354917184965	N	N	-15.61640410102526	26.173083545484687	36.58097754545193		60.846167090969374	81.66195509090386		410650.7816969523	551136.5349085102		691.234646814937	961.9201057967441	3년	60.846167090969374	410650.7816969523	691.234646814937	5.33718689788054	-2.08845020834593	6.402008010138182	8.516601754302295	6628.339203100551	12.771366479962525	3년	6.402008010138182	안심(>=2)	3년	26.173083545484687	0.1880533290303739	매우 유망	Y	통과	매우 유망	배당감안점수>=2 & 린치PER배수<=0.5	46448520.0	fs=2025:CFS,2024:CFS,2022:CFS,2020:CFS
"=""010950"""	S-Oil	에너지	메인	157600.0	330.0	1519.0	1834658000000.0									판정불가	일반	일반	16296.078356273132	16296.078356273132	93.02430654623231	93.02430654623231	N	N	-191.56118143459918	-56.19807916164843											3년				0.20939086294416245	-2.0570085139689245	-0.6018716008474447		299.21979550835795	0.18986027633779057	3년	-0.6018716008474447	불리(<1)	3년	-56.19807916164843		판정불가	Y	통과	보류	배당감안점수 또는 린치PER배수 미산출	112582792.0	배당감안점수<1; fs=2025:CFS,2024:CFS,2022:CFS,2020:CFS
"=""003240"""	태광산업	직접추가	메인	912000.0	1750.0	165122.0	426476897621.0	483945901661.0	4773639440.0	862776693.0						판정불가	일반	일반	813408.6220962816	812633.7193721933	0.5970820236171944	0.601774933853797	N	N	-35.9373969451137	-25.915466865090508	-1.6741276308672282			5.151744738265544			850666.3946718831			-6.725176022819834	3년				0.1918859649122807	-59.86700246584352	-43.08215602329089	-2.4824757861162023	-250604.9826773846	-27.478616521643044	3년	-43.08215602329089	불리(<1)	3년	-25.915466865090508		판정불가	N	주당FCF<=0	제외	하드필터 미통과	1113400.0	단기위험부채 존재; 주당FCF 음수; 1년 점수 과열 가능; 배당감안점수<1; fs=2025:CFS,2024:CFS,2022:CFS,2020:CFS
"=""001440"""	대한전선	직접추가	메인	28650.0		453.0	438856642626.0	245247440000.0	6781981976.0	210000000000.0						판정불가	일반	일반	3632.780419185475	2506.4567877893646	55.225650288773785	57.71201592099478	N	N	10.757946210268955	193.05011690585698	172.76923736437072	30.01589242053791	394.60023381171396	354.03847472874145	13597.199266503672	178753.90591670643	160379.42905211987	-52.540316696322265	523.9228827808251	459.7885830789524	3년	394.60023381171396	178753.90591670643	523.9228827808251		0.19479981048690012	3.49566036608717	3.128423775201631	-1780.5372383992687	-6.214789662824673	3년	3.49566036608717	안심(>=2)	3년	193.05011690585698	0.28606898132936737	매우 유망	N	주당FCF<=0	제외	하드필터 미통과	186447300.0	단기위험부채 존재; 주당FCF 음수; fs=2025:CFS,2024:CFS,2022:CFS,2020:CFS
"=""069260"""	티케이지휴켐스	직접추가	메인	16460.0	1000.0	1561.0	171952696150.0	96497220778.0	5482000000.0	34682173632.0						판정불가	일반	일반	6432.901178680633	5584.482108237203	6.423509815066859	6.967019789726327	N	N	-22.875494071146242	-9.82716016983225	3.8551596973951163			16.210319394790233			25304.308575267554			53.732129861892794	3년				6.075334143377885	-2.615417491596608	-0.584077262193039	1.5459607172203942	2212.3194254165533	13.44057974129133	3년	-0.584077262193039	불리(<1)	3년	-9.82716016983225		판정불가	Y	통과	보류	배당감안점수 또는 린치PER배수 미산출	40878588.0	단기위험부채 존재; 배당감안점수<1; fs=2025:CFS,2024:CFS,2022:OFS,2020:CFS
"=""316140"""	우리금융지주	금융/은행	보정필요	34200.0	1360.0	4052.0	38499679000000.0	34245475000000.0	55583392000000.0							판정불가	금융보정	보정양호	23378.716262091115	23378.716262091115	2.670603094251946	2.670603094251946	N	N	2.5822784810126675			13.664556962025335			55368.78481012666			61.897031608557484			1년	13.664556962025335	55368.78481012666	61.897031608557484	3.976608187134503	2.455957114055677			17894.539902880944	52.323216090295155	1년	2.455957114055677	안심(>=2)	1년	2.5822784810126675	1.0342041394407009	보통	Y	통과	보류	중간구간(보류)	734076320.0	린치식 단독판정 비중 낮춤; fs=2025:CFS,2024:CFS,2022:NA,2020:NA
"=""008730"""	율촌화학	직접추가	메인	16110.0	250.0	168.0	23775188232.0	161779800.0	131712944797.0	113904302896.0						판정불가	일반	일반	-4345.805514717742	-8938.72095407258	121.76074711141514	149.09952948852728	Y	Y	-82.87461773700306		-27.064834063200415										5년				1.5518311607697082	-0.6678900097567593		-0.20953388926798763	-316.2289210887097	-1.9629355747281794	5년	-0.20953388926798763	불리(<1)	5년	-27.064834063200415		판정불가	N	주당순현금<=0 / 주당FCF<=0	제외	하드필터 미통과	24800000.0	주당순현금 음수(린치식); 주당순현금 음수(보수형); 단기위험부채 존재; 주당FCF 음수; 배당감안점수<1; fs=2025:CFS,2024:CFS,2022:CFS,2020:CFS
"=""000670"""	영풍	직접추가	메인	39450.0	5.0	-464.0	137031350994.0	333746815114.0	234811309711.0	423217185895.0						판정불가	일반	일반	13052.744166069715	-10357.940446676752			N	Y	-99.68345363005008												1년				0.012674271229404309				-6139.559379575671	-15.562888161155062	판정불가		판정불가	1년	-99.68345363005008		판정불가	N	주당FCF<=0 / 순현금차감PER<=0	제외	하드필터 미통과	18077950.0	주당순현금 음수(보수형); 단기위험부채 존재; 주당FCF 음수; fs=2025:CFS,2024:CFS,2022:CFS,2020:CFS
"=""111770"""	영원무역	직접추가	메인	75100.0	2100.0	11558.0	1090560747187.0	439263571966.0	252626536541.0	76448105310.0						판정불가	일반	일반	28823.18822323828	27097.94397472907	4.003877122059329	4.153145529094214	N	N	17.387771683932552	-9.077711442871605	27.98342129695397	43.275543367865104		64.46684259390794	500178.73024578486		745107.7667003879	566.0169510596337		892.1541500670944	3년				2.796271637816245	5.04112456662193	-1.5688393058937342	7.68747191695513	3279.956119440683	4.367451557178007	3년	-1.5688393058937342	불리(<1)	3년	-9.077711442871605		판정불가	Y	통과	보류	배당감안점수 또는 린치PER배수 미산출	44311468.0	단기위험부채 존재; 1년 점수 과열 가능; 배당감안점수<1; fs=2025:CFS,2024:CFS,2022:CFS,2020:CFS
"=""009970"""	영원무역홀딩스	직접추가	메인	170700.0	6576.0	31684.0	1464189666693.0	805803639244.0	195931585244.0	78827842676.0						판정불가	일반	일반	153642.88520106729	147803.45570768186	0.538351054126143	0.7226532095795398	N	N	10.101817423636938	-5.869320927784449	28.52060357499411	28.703634847273875		65.54120714998822	909445.9665010255		2076607.6073402269	432.77443848917716		1116.5246674518025	3년				3.8523725834797893	25.920242748975966	-3.746529943325905	60.133579957453684	20832.48592605641	12.204151099037148	3년	-3.746529943325905	불리(<1)	3년	-5.869320927784449		판정불가	Y	통과	보류	배당감안점수 또는 린치PER배수 미산출	13499237.0	단기위험부채 존재; 1년 점수 과열 가능; 배당감안점수<1; fs=2025:CFS,2024:CFS,2022:CFS,2020:CFS
"=""000100"""	유한양행	헬스케어	메인	80700.0	600.0	2599.0	348564938250.0	29513907780.0	105262499518.0	199841800000.0						판정불가	일반	일반	3411.5503159327723	912.5418633854255	29.737764403257877	30.699291318435773	N	N	175.60975609756096	25.052899606383704	-2.455406441809782	359.7195121951219	58.60579921276741	3.589187116380436	934911.0121951218	152316.4721539825	9328.297315472753	1058.5018738477347	88.74407949688042	-88.44077160412299	3년	58.60579921276741	152316.4721539825	88.74407949688042	0.7434944237918215	5.930279362292367	0.8674624521320587	-0.05756693727220512	-353.25969258346265	-0.437744352643696	3년	0.8674624521320587	불리(<1)	3년	25.052899606383704	1.186998905135932	보통	N	주당FCF<=0	제외	하드필터 미통과	79968437.0	단기위험부채 존재; 주당FCF 음수; 1년 점수 과열 가능; 배당감안점수<1; fs=2025:CFS,2024:CFS,2022:CFS,2020:CFS
"=""000990"""	DB하이텍	직접추가	메인	100800.0	810.0	6285.0	323054472680.0	132808839381.0	102572732928.0	231678525383.0						판정불가	일반	일반	8120.7660013468	2795.384563807385	14.746099283795258	15.593415343865173	N	N	13.858695652173903	-21.22701789143928	10.459461040450746	36.21739130434781		29.418922080901492	227626.30434782596		184897.92527846587	125.81974637681145		83.43048142704947	3년				0.8035714285714285	0.9943149573703162	-1.3850067105754218	0.7637974119297647	4658.664548185125	4.621691020024925	3년	-1.3850067105754218	불리(<1)	3년	-21.22701789143928		판정불가	Y	통과	보류	배당감안점수 또는 린치PER배수 미산출	43504588.0	단기위험부채 존재; 1년 점수 과열 가능; 배당감안점수<1; fs=2025:CFS,2024:CFS,2022:CFS,2020:CFS
